Carton;Estado;Bingo;Fecha;Organizador
0001;NO ACTIVO;AMIGOS DEL FUTBOL ANTA;30/10/26;LIGA ANTEÑA
0002;NO ACTIVO;AMIGOS DEL FUTBOL ANTA;30/10/26;LIGA ANTEÑA
0003;NO ACTIVO;AMIGOS DEL FUTBOL ANTA;30/10/26;LIGA ANTEÑA
0004;NO ACTIVO;AMIGOS DEL FUTBOL ANTA;30/10/26;LIGA ANTEÑA
0005;NO ACTIVO;AMIGOS DEL FUTBOL ANTA;30/10/26;LIGA ANTEÑA
0006;NO ACTIVO;AMIGOS DEL FUTBOL ANTA;30/10/26;LIGA ANTEÑA
0007;NO ACTIVO;AMIGOS DEL FUTBOL ANTA;30/10/26;LIGA ANTEÑA
0008;NO ACTIVO;AMIGOS DEL FUTBOL ANTA;30/10/26;LIGA ANTEÑA
0009;NO ACTIVO;AMIGOS DEL FUTBOL ANTA;30/10/26;LIGA ANTEÑA
0010;NO ACTIVO;AMIGOS DEL FUTBOL ANTA;30/10/26;LIGA ANTEÑA
0011;NO ACTIVO;AMIGOS DEL FUTBOL ANTA;30/10/26;LIGA ANTEÑA
0012;NO ACTIVO;AMIGOS DEL FUTBOL ANTA;30/10/26;LIGA ANTEÑA
0013;NO ACTIVO;AMIGOS DEL FUTBOL ANTA;30/10/26;LIGA ANTEÑA
0014;NO ACTIVO;AMIGOS DEL FUTBOL ANTA;30/10/26;LIGA ANTEÑA
0015;NO ACTIVO;AMIGOS DEL FUTBOL ANTA;30/10/26;LIGA ANTEÑA
0016;NO ACTIVO;AMIGOS DEL FUTBOL ANTA;30/10/26;LIGA ANTEÑA
0017;NO ACTIVO;AMIGOS DEL FUTBOL ANTA;30/10/26;LIGA ANTEÑA
0018;NO ACTIVO;AMIGOS DEL FUTBOL ANTA;30/10/26;LIGA ANTEÑA
0019;NO ACTIVO;AMIGOS DEL FUTBOL ANTA;30/10/26;LIGA ANTEÑA
0020;NO ACTIVO;AMIGOS DEL FUTBOL ANTA;30/10/26;LIGA ANTEÑA
0021;NO ACTIVO;AMIGOS DEL FUTBOL ANTA;30/10/26;LIGA ANTEÑA
0022;NO ACTIVO;AMIGOS DEL FUTBOL ANTA;30/10/26;LIGA ANTEÑA
0023;NO ACTIVO;AMIGOS DEL FUTBOL ANTA;30/10/26;LIGA ANTEÑA
0024;NO ACTIVO;AMIGOS DEL FUTBOL ANTA;30/10/26;LIGA ANTEÑA
0025;NO ACTIVO;AMIGOS DEL FUTBOL ANTA;30/10/26;LIGA ANTEÑA
0026;NO ACTIVO;AMIGOS DEL FUTBOL ANTA;30/10/26;LIGA ANTEÑA
0027;NO ACTIVO;AMIGOS DEL FUTBOL ANTA;30/10/26;LIGA ANTEÑA
0028;NO ACTIVO;AMIGOS DEL FUTBOL ANTA;30/10/26;LIGA ANTEÑA
0029;NO ACTIVO;AMIGOS DEL FUTBOL ANTA;30/10/26;LIGA ANTEÑA
0030;NO ACTIVO;AMIGOS DEL FUTBOL ANTA;30/10/26;LIGA ANTEÑA
0031;NO ACTIVO;AMIGOS DEL FUTBOL ANTA;30/10/26;LIGA ANTEÑA
0032;NO ACTIVO;AMIGOS DEL FUTBOL ANTA;30/10/26;LIGA ANTEÑA
0033;NO ACTIVO;AMIGOS DEL FUTBOL ANTA;30/10/26;LIGA ANTEÑA
0034;NO ACTIVO;AMIGOS DEL FUTBOL ANTA;30/10/26;LIGA ANTEÑA
0035;NO ACTIVO;AMIGOS DEL FUTBOL ANTA;30/10/26;LIGA ANTEÑA
0036;NO ACTIVO;AMIGOS DEL FUTBOL ANTA;30/10/26;LIGA ANTEÑA
0037;NO ACTIVO;AMIGOS DEL FUTBOL ANTA;30/10/26;LIGA ANTEÑA
0038;NO ACTIVO;AMIGOS DEL FUTBOL ANTA;30/10/26;LIGA ANTEÑA
0039;NO ACTIVO;AMIGOS DEL FUTBOL ANTA;30/10/26;LIGA ANTEÑA
0040;NO ACTIVO;AMIGOS DEL FUTBOL ANTA;30/10/26;LIGA ANTEÑA
0041;NO ACTIVO;AMIGOS DEL FUTBOL ANTA;30/10/26;LIGA ANTEÑA
0042;NO ACTIVO;AMIGOS DEL FUTBOL ANTA;30/10/26;LIGA ANTEÑA
0043;NO ACTIVO;AMIGOS DEL FUTBOL ANTA;30/10/26;LIGA ANTEÑA
0044;NO ACTIVO;AMIGOS DEL FUTBOL ANTA;30/10/26;LIGA ANTEÑA
0045;NO ACTIVO;AMIGOS DEL FUTBOL ANTA;30/10/26;LIGA ANTEÑA
0046;NO ACTIVO;AMIGOS DEL FUTBOL ANTA;30/10/26;LIGA ANTEÑA
0047;NO ACTIVO;AMIGOS DEL FUTBOL ANTA;30/10/26;LIGA ANTEÑA
0048;NO ACTIVO;AMIGOS DEL FUTBOL ANTA;30/10/26;LIGA ANTEÑA
0049;NO ACTIVO;AMIGOS DEL FUTBOL ANTA;30/10/26;LIGA ANTEÑA
0050;NO ACTIVO;AMIGOS DEL FUTBOL ANTA;30/10/26;LIGA ANTEÑA
0051;NO ACTIVO;AMIGOS DEL FUTBOL ANTA;30/10/26;LIGA ANTEÑA
0052;NO ACTIVO;AMIGOS DEL FUTBOL ANTA;30/10/26;LIGA ANTEÑA
0053;NO ACTIVO;AMIGOS DEL FUTBOL ANTA;30/10/26;LIGA ANTEÑA
0054;NO ACTIVO;AMIGOS DEL FUTBOL ANTA;30/10/26;LIGA ANTEÑA
0055;NO ACTIVO;AMIGOS DEL FUTBOL ANTA;30/10/26;LIGA ANTEÑA
0056;NO ACTIVO;AMIGOS DEL FUTBOL ANTA;30/10/26;LIGA ANTEÑA
0057;NO ACTIVO;AMIGOS DEL FUTBOL ANTA;30/10/26;LIGA ANTEÑA
0058;NO ACTIVO;AMIGOS DEL FUTBOL ANTA;30/10/26;LIGA ANTEÑA
0059;NO ACTIVO;AMIGOS DEL FUTBOL ANTA;30/10/26;LIGA ANTEÑA
0060;NO ACTIVO;AMIGOS DEL FUTBOL ANTA;30/10/26;LIGA ANTEÑA
0061;NO ACTIVO;AMIGOS DEL FUTBOL ANTA;30/10/26;LIGA ANTEÑA
0062;NO ACTIVO;AMIGOS DEL FUTBOL ANTA;30/10/26;LIGA ANTEÑA
0063;NO ACTIVO;AMIGOS DEL FUTBOL ANTA;30/10/26;LIGA ANTEÑA
0064;NO ACTIVO;AMIGOS DEL FUTBOL ANTA;30/10/26;LIGA ANTEÑA
0065;NO ACTIVO;AMIGOS DEL FUTBOL ANTA;30/10/26;LIGA ANTEÑA
0066;NO ACTIVO;AMIGOS DEL FUTBOL ANTA;30/10/26;LIGA ANTEÑA
0067;NO ACTIVO;AMIGOS DEL FUTBOL ANTA;30/10/26;LIGA ANTEÑA
0068;NO ACTIVO;AMIGOS DEL FUTBOL ANTA;30/10/26;LIGA ANTEÑA
0069;NO ACTIVO;AMIGOS DEL FUTBOL ANTA;30/10/26;LIGA ANTEÑA
0070;NO ACTIVO;AMIGOS DEL FUTBOL ANTA;30/10/26;LIGA ANTEÑA
0071;NO ACTIVO;AMIGOS DEL FUTBOL ANTA;30/10/26;LIGA ANTEÑA
0072;NO ACTIVO;AMIGOS DEL FUTBOL ANTA;30/10/26;LIGA ANTEÑA
0073;NO ACTIVO;AMIGOS DEL FUTBOL ANTA;30/10/26;LIGA ANTEÑA
0074;NO ACTIVO;AMIGOS DEL FUTBOL ANTA;30/10/26;LIGA ANTEÑA
0075;NO ACTIVO;AMIGOS DEL FUTBOL ANTA;30/10/26;LIGA ANTEÑA
0076;NO ACTIVO;AMIGOS DEL FUTBOL ANTA;30/10/26;LIGA ANTEÑA
0077;NO ACTIVO;AMIGOS DEL FUTBOL ANTA;30/10/26;LIGA ANTEÑA
0078;NO ACTIVO;AMIGOS DEL FUTBOL ANTA;30/10/26;LIGA ANTEÑA
0079;NO ACTIVO;AMIGOS DEL FUTBOL ANTA;30/10/26;LIGA ANTEÑA
0080;NO ACTIVO;AMIGOS DEL FUTBOL ANTA;30/10/26;LIGA ANTEÑA
0081;NO ACTIVO;AMIGOS DEL FUTBOL ANTA;30/10/26;LIGA ANTEÑA
0082;NO ACTIVO;AMIGOS DEL FUTBOL ANTA;30/10/26;LIGA ANTEÑA
0083;NO ACTIVO;AMIGOS DEL FUTBOL ANTA;30/10/26;LIGA ANTEÑA
0084;NO ACTIVO;AMIGOS DEL FUTBOL ANTA;30/10/26;LIGA ANTEÑA
0085;NO ACTIVO;AMIGOS DEL FUTBOL ANTA;30/10/26;LIGA ANTEÑA
0086;NO ACTIVO;AMIGOS DEL FUTBOL ANTA;30/10/26;LIGA ANTEÑA
0087;NO ACTIVO;AMIGOS DEL FUTBOL ANTA;30/10/26;LIGA ANTEÑA
0088;NO ACTIVO;AMIGOS DEL FUTBOL ANTA;30/10/26;LIGA ANTEÑA
0089;NO ACTIVO;AMIGOS DEL FUTBOL ANTA;30/10/26;LIGA ANTEÑA
0090;NO ACTIVO;AMIGOS DEL FUTBOL ANTA;30/10/26;LIGA ANTEÑA
0091;NO ACTIVO;AMIGOS DEL FUTBOL ANTA;30/10/26;LIGA ANTEÑA
0092;NO ACTIVO;AMIGOS DEL FUTBOL ANTA;30/10/26;LIGA ANTEÑA
0093;NO ACTIVO;AMIGOS DEL FUTBOL ANTA;30/10/26;LIGA ANTEÑA
0094;NO ACTIVO;AMIGOS DEL FUTBOL ANTA;30/10/26;LIGA ANTEÑA
0095;NO ACTIVO;AMIGOS DEL FUTBOL ANTA;30/10/26;LIGA ANTEÑA
0096;NO ACTIVO;AMIGOS DEL FUTBOL ANTA;30/10/26;LIGA ANTEÑA
0097;NO ACTIVO;AMIGOS DEL FUTBOL ANTA;30/10/26;LIGA ANTEÑA
0098;NO ACTIVO;AMIGOS DEL FUTBOL ANTA;30/10/26;LIGA ANTEÑA
0099;NO ACTIVO;AMIGOS DEL FUTBOL ANTA;30/10/26;LIGA ANTEÑA
0100;NO ACTIVO;AMIGOS DEL FUTBOL ANTA;30/10/26;LIGA ANTEÑA
0101;NO ACTIVO;AMIGOS DEL FUTBOL ANTA;30/10/26;LIGA ANTEÑA
0102;NO ACTIVO;AMIGOS DEL FUTBOL ANTA;30/10/26;LIGA ANTEÑA
0103;NO ACTIVO;AMIGOS DEL FUTBOL ANTA;30/10/26;LIGA ANTEÑA
0104;NO ACTIVO;AMIGOS DEL FUTBOL ANTA;30/10/26;LIGA ANTEÑA
0105;NO ACTIVO;AMIGOS DEL FUTBOL ANTA;30/10/26;LIGA ANTEÑA
0106;NO ACTIVO;AMIGOS DEL FUTBOL ANTA;30/10/26;LIGA ANTEÑA
0107;NO ACTIVO;AMIGOS DEL FUTBOL ANTA;30/10/26;LIGA ANTEÑA
0108;NO ACTIVO;AMIGOS DEL FUTBOL ANTA;30/10/26;LIGA ANTEÑA
0109;NO ACTIVO;AMIGOS DEL FUTBOL ANTA;30/10/26;LIGA ANTEÑA
0110;NO ACTIVO;AMIGOS DEL FUTBOL ANTA;30/10/26;LIGA ANTEÑA
0111;NO ACTIVO;AMIGOS DEL FUTBOL ANTA;30/10/26;LIGA ANTEÑA
0112;NO ACTIVO;AMIGOS DEL FUTBOL ANTA;30/10/26;LIGA ANTEÑA
0113;NO ACTIVO;AMIGOS DEL FUTBOL ANTA;30/10/26;LIGA ANTEÑA
0114;NO ACTIVO;AMIGOS DEL FUTBOL ANTA;30/10/26;LIGA ANTEÑA
0115;NO ACTIVO;AMIGOS DEL FUTBOL ANTA;30/10/26;LIGA ANTEÑA
0116;NO ACTIVO;AMIGOS DEL FUTBOL ANTA;30/10/26;LIGA ANTEÑA
0117;NO ACTIVO;AMIGOS DEL FUTBOL ANTA;30/10/26;LIGA ANTEÑA
0118;NO ACTIVO;AMIGOS DEL FUTBOL ANTA;30/10/26;LIGA ANTEÑA
0119;NO ACTIVO;AMIGOS DEL FUTBOL ANTA;30/10/26;LIGA ANTEÑA
0120;NO ACTIVO;AMIGOS DEL FUTBOL ANTA;30/10/26;LIGA ANTEÑA
0121;NO ACTIVO;AMIGOS DEL FUTBOL ANTA;30/10/26;LIGA ANTEÑA
0122;NO ACTIVO;AMIGOS DEL FUTBOL ANTA;30/10/26;LIGA ANTEÑA
0123;NO ACTIVO;AMIGOS DEL FUTBOL ANTA;30/10/26;LIGA ANTEÑA
0124;NO ACTIVO;AMIGOS DEL FUTBOL ANTA;30/10/26;LIGA ANTEÑA
0125;NO ACTIVO;AMIGOS DEL FUTBOL ANTA;30/10/26;LIGA ANTEÑA
0126;NO ACTIVO;AMIGOS DEL FUTBOL ANTA;30/10/26;LIGA ANTEÑA
0127;NO ACTIVO;AMIGOS DEL FUTBOL ANTA;30/10/26;LIGA ANTEÑA
0128;NO ACTIVO;AMIGOS DEL FUTBOL ANTA;30/10/26;LIGA ANTEÑA
0129;NO ACTIVO;AMIGOS DEL FUTBOL ANTA;30/10/26;LIGA ANTEÑA
0130;NO ACTIVO;AMIGOS DEL FUTBOL ANTA;30/10/26;LIGA ANTEÑA
0131;NO ACTIVO;AMIGOS DEL FUTBOL ANTA;30/10/26;LIGA ANTEÑA
0132;NO ACTIVO;AMIGOS DEL FUTBOL ANTA;30/10/26;LIGA ANTEÑA
0133;NO ACTIVO;AMIGOS DEL FUTBOL ANTA;30/10/26;LIGA ANTEÑA
0134;NO ACTIVO;AMIGOS DEL FUTBOL ANTA;30/10/26;LIGA ANTEÑA
0135;NO ACTIVO;AMIGOS DEL FUTBOL ANTA;30/10/26;LIGA ANTEÑA
0136;NO ACTIVO;AMIGOS DEL FUTBOL ANTA;30/10/26;LIGA ANTEÑA
0137;NO ACTIVO;AMIGOS DEL FUTBOL ANTA;30/10/26;LIGA ANTEÑA
0138;NO ACTIVO;AMIGOS DEL FUTBOL ANTA;30/10/26;LIGA ANTEÑA
0139;NO ACTIVO;AMIGOS DEL FUTBOL ANTA;30/10/26;LIGA ANTEÑA
0140;NO ACTIVO;AMIGOS DEL FUTBOL ANTA;30/10/26;LIGA ANTEÑA
0141;NO ACTIVO;AMIGOS DEL FUTBOL ANTA;30/10/26;LIGA ANTEÑA
0142;NO ACTIVO;AMIGOS DEL FUTBOL ANTA;30/10/26;LIGA ANTEÑA
0143;NO ACTIVO;AMIGOS DEL FUTBOL ANTA;30/10/26;LIGA ANTEÑA
0144;NO ACTIVO;AMIGOS DEL FUTBOL ANTA;30/10/26;LIGA ANTEÑA
0145;NO ACTIVO;AMIGOS DEL FUTBOL ANTA;30/10/26;LIGA ANTEÑA
0146;NO ACTIVO;AMIGOS DEL FUTBOL ANTA;30/10/26;LIGA ANTEÑA
0147;NO ACTIVO;AMIGOS DEL FUTBOL ANTA;30/10/26;LIGA ANTEÑA
0148;NO ACTIVO;AMIGOS DEL FUTBOL ANTA;30/10/26;LIGA ANTEÑA
0149;NO ACTIVO;AMIGOS DEL FUTBOL ANTA;30/10/26;LIGA ANTEÑA
0150;NO ACTIVO;AMIGOS DEL FUTBOL ANTA;30/10/26;LIGA ANTEÑA
0151;NO ACTIVO;AMIGOS DEL FUTBOL ANTA;30/10/26;LIGA ANTEÑA
0152;NO ACTIVO;AMIGOS DEL FUTBOL ANTA;30/10/26;LIGA ANTEÑA
0153;NO ACTIVO;AMIGOS DEL FUTBOL ANTA;30/10/26;LIGA ANTEÑA
0154;NO ACTIVO;AMIGOS DEL FUTBOL ANTA;30/10/26;LIGA ANTEÑA
0155;NO ACTIVO;AMIGOS DEL FUTBOL ANTA;30/10/26;LIGA ANTEÑA
0156;NO ACTIVO;AMIGOS DEL FUTBOL ANTA;30/10/26;LIGA ANTEÑA
0157;NO ACTIVO;AMIGOS DEL FUTBOL ANTA;30/10/26;LIGA ANTEÑA
0158;NO ACTIVO;AMIGOS DEL FUTBOL ANTA;30/10/26;LIGA ANTEÑA
0159;NO ACTIVO;AMIGOS DEL FUTBOL ANTA;30/10/26;LIGA ANTEÑA
0160;NO ACTIVO;AMIGOS DEL FUTBOL ANTA;30/10/26;LIGA ANTEÑA
0161;NO ACTIVO;AMIGOS DEL FUTBOL ANTA;30/10/26;LIGA ANTEÑA
0162;NO ACTIVO;AMIGOS DEL FUTBOL ANTA;30/10/26;LIGA ANTEÑA
0163;NO ACTIVO;AMIGOS DEL FUTBOL ANTA;30/10/26;LIGA ANTEÑA
0164;NO ACTIVO;AMIGOS DEL FUTBOL ANTA;30/10/26;LIGA ANTEÑA
0165;NO ACTIVO;AMIGOS DEL FUTBOL ANTA;30/10/26;LIGA ANTEÑA
0166;NO ACTIVO;AMIGOS DEL FUTBOL ANTA;30/10/26;LIGA ANTEÑA
0167;NO ACTIVO;AMIGOS DEL FUTBOL ANTA;30/10/26;LIGA ANTEÑA
0168;NO ACTIVO;AMIGOS DEL FUTBOL ANTA;30/10/26;LIGA ANTEÑA
0169;NO ACTIVO;AMIGOS DEL FUTBOL ANTA;30/10/26;LIGA ANTEÑA
0170;NO ACTIVO;AMIGOS DEL FUTBOL ANTA;30/10/26;LIGA ANTEÑA
0171;NO ACTIVO;AMIGOS DEL FUTBOL ANTA;30/10/26;LIGA ANTEÑA
0172;NO ACTIVO;AMIGOS DEL FUTBOL ANTA;30/10/26;LIGA ANTEÑA
0173;NO ACTIVO;AMIGOS DEL FUTBOL ANTA;30/10/26;LIGA ANTEÑA
0174;NO ACTIVO;AMIGOS DEL FUTBOL ANTA;30/10/26;LIGA ANTEÑA
0175;NO ACTIVO;AMIGOS DEL FUTBOL ANTA;30/10/26;LIGA ANTEÑA
0176;NO ACTIVO;AMIGOS DEL FUTBOL ANTA;30/10/26;LIGA ANTEÑA
0177;NO ACTIVO;AMIGOS DEL FUTBOL ANTA;30/10/26;LIGA ANTEÑA
0178;NO ACTIVO;AMIGOS DEL FUTBOL ANTA;30/10/26;LIGA ANTEÑA
0179;NO ACTIVO;AMIGOS DEL FUTBOL ANTA;30/10/26;LIGA ANTEÑA
0180;NO ACTIVO;AMIGOS DEL FUTBOL ANTA;30/10/26;LIGA ANTEÑA
0181;NO ACTIVO;AMIGOS DEL FUTBOL ANTA;30/10/26;LIGA ANTEÑA
0182;NO ACTIVO;AMIGOS DEL FUTBOL ANTA;30/10/26;LIGA ANTEÑA
0183;NO ACTIVO;AMIGOS DEL FUTBOL ANTA;30/10/26;LIGA ANTEÑA
0184;NO ACTIVO;AMIGOS DEL FUTBOL ANTA;30/10/26;LIGA ANTEÑA
0185;NO ACTIVO;AMIGOS DEL FUTBOL ANTA;30/10/26;LIGA ANTEÑA
0186;NO ACTIVO;AMIGOS DEL FUTBOL ANTA;30/10/26;LIGA ANTEÑA
0187;NO ACTIVO;AMIGOS DEL FUTBOL ANTA;30/10/26;LIGA ANTEÑA
0188;NO ACTIVO;AMIGOS DEL FUTBOL ANTA;30/10/26;LIGA ANTEÑA
0189;NO ACTIVO;AMIGOS DEL FUTBOL ANTA;30/10/26;LIGA ANTEÑA
0190;NO ACTIVO;AMIGOS DEL FUTBOL ANTA;30/10/26;LIGA ANTEÑA
0191;NO ACTIVO;AMIGOS DEL FUTBOL ANTA;30/10/26;LIGA ANTEÑA
0192;NO ACTIVO;AMIGOS DEL FUTBOL ANTA;30/10/26;LIGA ANTEÑA
0193;NO ACTIVO;AMIGOS DEL FUTBOL ANTA;30/10/26;LIGA ANTEÑA
0194;NO ACTIVO;AMIGOS DEL FUTBOL ANTA;30/10/26;LIGA ANTEÑA
0195;NO ACTIVO;AMIGOS DEL FUTBOL ANTA;30/10/26;LIGA ANTEÑA
0196;NO ACTIVO;AMIGOS DEL FUTBOL ANTA;30/10/26;LIGA ANTEÑA
0197;NO ACTIVO;AMIGOS DEL FUTBOL ANTA;30/10/26;LIGA ANTEÑA
0198;NO ACTIVO;AMIGOS DEL FUTBOL ANTA;30/10/26;LIGA ANTEÑA
0199;NO ACTIVO;AMIGOS DEL FUTBOL ANTA;30/10/26;LIGA ANTEÑA
0200;NO ACTIVO;AMIGOS DEL FUTBOL ANTA;30/10/26;LIGA ANTEÑA
0201;NO ACTIVO;AMIGOS DEL FUTBOL ANTA;30/10/26;LIGA ANTEÑA
0202;NO ACTIVO;AMIGOS DEL FUTBOL ANTA;30/10/26;LIGA ANTEÑA
0203;NO ACTIVO;AMIGOS DEL FUTBOL ANTA;30/10/26;LIGA ANTEÑA
0204;NO ACTIVO;AMIGOS DEL FUTBOL ANTA;30/10/26;LIGA ANTEÑA
0205;NO ACTIVO;AMIGOS DEL FUTBOL ANTA;30/10/26;LIGA ANTEÑA
0206;NO ACTIVO;AMIGOS DEL FUTBOL ANTA;30/10/26;LIGA ANTEÑA
0207;NO ACTIVO;AMIGOS DEL FUTBOL ANTA;30/10/26;LIGA ANTEÑA
0208;NO ACTIVO;AMIGOS DEL FUTBOL ANTA;30/10/26;LIGA ANTEÑA
0209;NO ACTIVO;AMIGOS DEL FUTBOL ANTA;30/10/26;LIGA ANTEÑA
0210;NO ACTIVO;AMIGOS DEL FUTBOL ANTA;30/10/26;LIGA ANTEÑA
0211;NO ACTIVO;AMIGOS DEL FUTBOL ANTA;30/10/26;LIGA ANTEÑA
0212;NO ACTIVO;AMIGOS DEL FUTBOL ANTA;30/10/26;LIGA ANTEÑA
0213;NO ACTIVO;AMIGOS DEL FUTBOL ANTA;30/10/26;LIGA ANTEÑA
0214;NO ACTIVO;AMIGOS DEL FUTBOL ANTA;30/10/26;LIGA ANTEÑA
0215;NO ACTIVO;AMIGOS DEL FUTBOL ANTA;30/10/26;LIGA ANTEÑA
0216;NO ACTIVO;AMIGOS DEL FUTBOL ANTA;30/10/26;LIGA ANTEÑA
0217;NO ACTIVO;AMIGOS DEL FUTBOL ANTA;30/10/26;LIGA ANTEÑA
0218;NO ACTIVO;AMIGOS DEL FUTBOL ANTA;30/10/26;LIGA ANTEÑA
0219;NO ACTIVO;AMIGOS DEL FUTBOL ANTA;30/10/26;LIGA ANTEÑA
0220;NO ACTIVO;AMIGOS DEL FUTBOL ANTA;30/10/26;LIGA ANTEÑA
0221;NO ACTIVO;AMIGOS DEL FUTBOL ANTA;30/10/26;LIGA ANTEÑA
0222;NO ACTIVO;AMIGOS DEL FUTBOL ANTA;30/10/26;LIGA ANTEÑA
0223;NO ACTIVO;AMIGOS DEL FUTBOL ANTA;30/10/26;LIGA ANTEÑA
0224;NO ACTIVO;AMIGOS DEL FUTBOL ANTA;30/10/26;LIGA ANTEÑA
0225;NO ACTIVO;AMIGOS DEL FUTBOL ANTA;30/10/26;LIGA ANTEÑA
0226;NO ACTIVO;AMIGOS DEL FUTBOL ANTA;30/10/26;LIGA ANTEÑA
0227;NO ACTIVO;AMIGOS DEL FUTBOL ANTA;30/10/26;LIGA ANTEÑA
0228;NO ACTIVO;AMIGOS DEL FUTBOL ANTA;30/10/26;LIGA ANTEÑA
0229;NO ACTIVO;AMIGOS DEL FUTBOL ANTA;30/10/26;LIGA ANTEÑA
0230;NO ACTIVO;AMIGOS DEL FUTBOL ANTA;30/10/26;LIGA ANTEÑA
0231;NO ACTIVO;AMIGOS DEL FUTBOL ANTA;30/10/26;LIGA ANTEÑA
0232;NO ACTIVO;AMIGOS DEL FUTBOL ANTA;30/10/26;LIGA ANTEÑA
0233;NO ACTIVO;AMIGOS DEL FUTBOL ANTA;30/10/26;LIGA ANTEÑA
0234;NO ACTIVO;AMIGOS DEL FUTBOL ANTA;30/10/26;LIGA ANTEÑA
0235;NO ACTIVO;AMIGOS DEL FUTBOL ANTA;30/10/26;LIGA ANTEÑA
0236;NO ACTIVO;AMIGOS DEL FUTBOL ANTA;30/10/26;LIGA ANTEÑA
0237;NO ACTIVO;AMIGOS DEL FUTBOL ANTA;30/10/26;LIGA ANTEÑA
0238;NO ACTIVO;AMIGOS DEL FUTBOL ANTA;30/10/26;LIGA ANTEÑA
0239;NO ACTIVO;AMIGOS DEL FUTBOL ANTA;30/10/26;LIGA ANTEÑA
0240;NO ACTIVO;AMIGOS DEL FUTBOL ANTA;30/10/26;LIGA ANTEÑA
0241;NO ACTIVO;AMIGOS DEL FUTBOL ANTA;30/10/26;LIGA ANTEÑA
0242;NO ACTIVO;AMIGOS DEL FUTBOL ANTA;30/10/26;LIGA ANTEÑA
0243;NO ACTIVO;AMIGOS DEL FUTBOL ANTA;30/10/26;LIGA ANTEÑA
0244;NO ACTIVO;AMIGOS DEL FUTBOL ANTA;30/10/26;LIGA ANTEÑA
0245;NO ACTIVO;AMIGOS DEL FUTBOL ANTA;30/10/26;LIGA ANTEÑA
0246;NO ACTIVO;AMIGOS DEL FUTBOL ANTA;30/10/26;LIGA ANTEÑA
0247;NO ACTIVO;AMIGOS DEL FUTBOL ANTA;30/10/26;LIGA ANTEÑA
0248;NO ACTIVO;AMIGOS DEL FUTBOL ANTA;30/10/26;LIGA ANTEÑA
0249;NO ACTIVO;AMIGOS DEL FUTBOL ANTA;30/10/26;LIGA ANTEÑA
0250;NO ACTIVO;AMIGOS DEL FUTBOL ANTA;30/10/26;LIGA ANTEÑA
0251;NO ACTIVO;AMIGOS DEL FUTBOL ANTA;30/10/26;LIGA ANTEÑA
0252;NO ACTIVO;AMIGOS DEL FUTBOL ANTA;30/10/26;LIGA ANTEÑA
0253;NO ACTIVO;AMIGOS DEL FUTBOL ANTA;30/10/26;LIGA ANTEÑA
0254;NO ACTIVO;AMIGOS DEL FUTBOL ANTA;30/10/26;LIGA ANTEÑA
0255;NO ACTIVO;AMIGOS DEL FUTBOL ANTA;30/10/26;LIGA ANTEÑA
0256;NO ACTIVO;AMIGOS DEL FUTBOL ANTA;30/10/26;LIGA ANTEÑA
0257;NO ACTIVO;AMIGOS DEL FUTBOL ANTA;30/10/26;LIGA ANTEÑA
0258;NO ACTIVO;AMIGOS DEL FUTBOL ANTA;30/10/26;LIGA ANTEÑA
0259;NO ACTIVO;AMIGOS DEL FUTBOL ANTA;30/10/26;LIGA ANTEÑA
0260;NO ACTIVO;AMIGOS DEL FUTBOL ANTA;30/10/26;LIGA ANTEÑA
0261;NO ACTIVO;AMIGOS DEL FUTBOL ANTA;30/10/26;LIGA ANTEÑA
0262;NO ACTIVO;AMIGOS DEL FUTBOL ANTA;30/10/26;LIGA ANTEÑA
0263;NO ACTIVO;AMIGOS DEL FUTBOL ANTA;30/10/26;LIGA ANTEÑA
0264;NO ACTIVO;AMIGOS DEL FUTBOL ANTA;30/10/26;LIGA ANTEÑA
0265;NO ACTIVO;AMIGOS DEL FUTBOL ANTA;30/10/26;LIGA ANTEÑA
0266;NO ACTIVO;AMIGOS DEL FUTBOL ANTA;30/10/26;LIGA ANTEÑA
0267;NO ACTIVO;AMIGOS DEL FUTBOL ANTA;30/10/26;LIGA ANTEÑA
0268;NO ACTIVO;AMIGOS DEL FUTBOL ANTA;30/10/26;LIGA ANTEÑA
0269;NO ACTIVO;AMIGOS DEL FUTBOL ANTA;30/10/26;LIGA ANTEÑA
0270;NO ACTIVO;AMIGOS DEL FUTBOL ANTA;30/10/26;LIGA ANTEÑA
0271;NO ACTIVO;AMIGOS DEL FUTBOL ANTA;30/10/26;LIGA ANTEÑA
0272;NO ACTIVO;AMIGOS DEL FUTBOL ANTA;30/10/26;LIGA ANTEÑA
0273;NO ACTIVO;AMIGOS DEL FUTBOL ANTA;30/10/26;LIGA ANTEÑA
0274;NO ACTIVO;AMIGOS DEL FUTBOL ANTA;30/10/26;LIGA ANTEÑA
0275;NO ACTIVO;AMIGOS DEL FUTBOL ANTA;30/10/26;LIGA ANTEÑA
0276;NO ACTIVO;AMIGOS DEL FUTBOL ANTA;30/10/26;LIGA ANTEÑA
0277;NO ACTIVO;AMIGOS DEL FUTBOL ANTA;30/10/26;LIGA ANTEÑA
0278;NO ACTIVO;AMIGOS DEL FUTBOL ANTA;30/10/26;LIGA ANTEÑA
0279;NO ACTIVO;AMIGOS DEL FUTBOL ANTA;30/10/26;LIGA ANTEÑA
0280;NO ACTIVO;AMIGOS DEL FUTBOL ANTA;30/10/26;LIGA ANTEÑA
0281;NO ACTIVO;AMIGOS DEL FUTBOL ANTA;30/10/26;LIGA ANTEÑA
0282;NO ACTIVO;AMIGOS DEL FUTBOL ANTA;30/10/26;LIGA ANTEÑA
0283;NO ACTIVO;AMIGOS DEL FUTBOL ANTA;30/10/26;LIGA ANTEÑA
0284;NO ACTIVO;AMIGOS DEL FUTBOL ANTA;30/10/26;LIGA ANTEÑA
0285;NO ACTIVO;AMIGOS DEL FUTBOL ANTA;30/10/26;LIGA ANTEÑA
0286;NO ACTIVO;AMIGOS DEL FUTBOL ANTA;30/10/26;LIGA ANTEÑA
0287;NO ACTIVO;AMIGOS DEL FUTBOL ANTA;30/10/26;LIGA ANTEÑA
0288;NO ACTIVO;AMIGOS DEL FUTBOL ANTA;30/10/26;LIGA ANTEÑA
0289;NO ACTIVO;AMIGOS DEL FUTBOL ANTA;30/10/26;LIGA ANTEÑA
0290;NO ACTIVO;AMIGOS DEL FUTBOL ANTA;30/10/26;LIGA ANTEÑA
0291;NO ACTIVO;AMIGOS DEL FUTBOL ANTA;30/10/26;LIGA ANTEÑA
0292;NO ACTIVO;AMIGOS DEL FUTBOL ANTA;30/10/26;LIGA ANTEÑA
0293;NO ACTIVO;AMIGOS DEL FUTBOL ANTA;30/10/26;LIGA ANTEÑA
0294;NO ACTIVO;AMIGOS DEL FUTBOL ANTA;30/10/26;LIGA ANTEÑA
0295;NO ACTIVO;AMIGOS DEL FUTBOL ANTA;30/10/26;LIGA ANTEÑA
0296;NO ACTIVO;AMIGOS DEL FUTBOL ANTA;30/10/26;LIGA ANTEÑA
0297;NO ACTIVO;AMIGOS DEL FUTBOL ANTA;30/10/26;LIGA ANTEÑA
0298;NO ACTIVO;AMIGOS DEL FUTBOL ANTA;30/10/26;LIGA ANTEÑA
0299;NO ACTIVO;AMIGOS DEL FUTBOL ANTA;30/10/26;LIGA ANTEÑA
0300;NO ACTIVO;AMIGOS DEL FUTBOL ANTA;30/10/26;LIGA ANTEÑA
0301;NO ACTIVO;AMIGOS DEL FUTBOL ANTA;30/10/26;LIGA ANTEÑA
0302;NO ACTIVO;AMIGOS DEL FUTBOL ANTA;30/10/26;LIGA ANTEÑA
0303;NO ACTIVO;AMIGOS DEL FUTBOL ANTA;30/10/26;LIGA ANTEÑA
0304;NO ACTIVO;AMIGOS DEL FUTBOL ANTA;30/10/26;LIGA ANTEÑA
0305;NO ACTIVO;AMIGOS DEL FUTBOL ANTA;30/10/26;LIGA ANTEÑA
0306;NO ACTIVO;AMIGOS DEL FUTBOL ANTA;30/10/26;LIGA ANTEÑA
0307;NO ACTIVO;AMIGOS DEL FUTBOL ANTA;30/10/26;LIGA ANTEÑA
0308;NO ACTIVO;AMIGOS DEL FUTBOL ANTA;30/10/26;LIGA ANTEÑA
0309;NO ACTIVO;AMIGOS DEL FUTBOL ANTA;30/10/26;LIGA ANTEÑA
0310;NO ACTIVO;AMIGOS DEL FUTBOL ANTA;30/10/26;LIGA ANTEÑA
0311;NO ACTIVO;AMIGOS DEL FUTBOL ANTA;30/10/26;LIGA ANTEÑA
0312;NO ACTIVO;AMIGOS DEL FUTBOL ANTA;30/10/26;LIGA ANTEÑA
0313;NO ACTIVO;AMIGOS DEL FUTBOL ANTA;30/10/26;LIGA ANTEÑA
0314;NO ACTIVO;AMIGOS DEL FUTBOL ANTA;30/10/26;LIGA ANTEÑA
0315;NO ACTIVO;AMIGOS DEL FUTBOL ANTA;30/10/26;LIGA ANTEÑA
0316;NO ACTIVO;AMIGOS DEL FUTBOL ANTA;30/10/26;LIGA ANTEÑA
0317;NO ACTIVO;AMIGOS DEL FUTBOL ANTA;30/10/26;LIGA ANTEÑA
0318;NO ACTIVO;AMIGOS DEL FUTBOL ANTA;30/10/26;LIGA ANTEÑA
0319;NO ACTIVO;AMIGOS DEL FUTBOL ANTA;30/10/26;LIGA ANTEÑA
0320;NO ACTIVO;AMIGOS DEL FUTBOL ANTA;30/10/26;LIGA ANTEÑA
0321;NO ACTIVO;AMIGOS DEL FUTBOL ANTA;30/10/26;LIGA ANTEÑA
0322;NO ACTIVO;AMIGOS DEL FUTBOL ANTA;30/10/26;LIGA ANTEÑA
0323;NO ACTIVO;AMIGOS DEL FUTBOL ANTA;30/10/26;LIGA ANTEÑA
0324;NO ACTIVO;AMIGOS DEL FUTBOL ANTA;30/10/26;LIGA ANTEÑA
0325;NO ACTIVO;AMIGOS DEL FUTBOL ANTA;30/10/26;LIGA ANTEÑA
0326;NO ACTIVO;AMIGOS DEL FUTBOL ANTA;30/10/26;LIGA ANTEÑA
0327;NO ACTIVO;AMIGOS DEL FUTBOL ANTA;30/10/26;LIGA ANTEÑA
0328;NO ACTIVO;AMIGOS DEL FUTBOL ANTA;30/10/26;LIGA ANTEÑA
0329;NO ACTIVO;AMIGOS DEL FUTBOL ANTA;30/10/26;LIGA ANTEÑA
0330;NO ACTIVO;AMIGOS DEL FUTBOL ANTA;30/10/26;LIGA ANTEÑA
0331;NO ACTIVO;AMIGOS DEL FUTBOL ANTA;30/10/26;LIGA ANTEÑA
0332;NO ACTIVO;AMIGOS DEL FUTBOL ANTA;30/10/26;LIGA ANTEÑA
0333;NO ACTIVO;AMIGOS DEL FUTBOL ANTA;30/10/26;LIGA ANTEÑA
0334;NO ACTIVO;AMIGOS DEL FUTBOL ANTA;30/10/26;LIGA ANTEÑA
0335;NO ACTIVO;AMIGOS DEL FUTBOL ANTA;30/10/26;LIGA ANTEÑA
0336;NO ACTIVO;AMIGOS DEL FUTBOL ANTA;30/10/26;LIGA ANTEÑA
0337;NO ACTIVO;AMIGOS DEL FUTBOL ANTA;30/10/26;LIGA ANTEÑA
0338;NO ACTIVO;AMIGOS DEL FUTBOL ANTA;30/10/26;LIGA ANTEÑA
0339;NO ACTIVO;AMIGOS DEL FUTBOL ANTA;30/10/26;LIGA ANTEÑA
0340;NO ACTIVO;AMIGOS DEL FUTBOL ANTA;30/10/26;LIGA ANTEÑA
0341;NO ACTIVO;AMIGOS DEL FUTBOL ANTA;30/10/26;LIGA ANTEÑA
0342;NO ACTIVO;AMIGOS DEL FUTBOL ANTA;30/10/26;LIGA ANTEÑA
0343;NO ACTIVO;AMIGOS DEL FUTBOL ANTA;30/10/26;LIGA ANTEÑA
0344;NO ACTIVO;AMIGOS DEL FUTBOL ANTA;30/10/26;LIGA ANTEÑA
0345;NO ACTIVO;AMIGOS DEL FUTBOL ANTA;30/10/26;LIGA ANTEÑA
0346;NO ACTIVO;AMIGOS DEL FUTBOL ANTA;30/10/26;LIGA ANTEÑA
0347;NO ACTIVO;AMIGOS DEL FUTBOL ANTA;30/10/26;LIGA ANTEÑA
0348;NO ACTIVO;AMIGOS DEL FUTBOL ANTA;30/10/26;LIGA ANTEÑA
0349;NO ACTIVO;AMIGOS DEL FUTBOL ANTA;30/10/26;LIGA ANTEÑA
0350;NO ACTIVO;AMIGOS DEL FUTBOL ANTA;30/10/26;LIGA ANTEÑA
0351;NO ACTIVO;AMIGOS DEL FUTBOL ANTA;30/10/26;LIGA ANTEÑA
0352;NO ACTIVO;AMIGOS DEL FUTBOL ANTA;30/10/26;LIGA ANTEÑA
0353;NO ACTIVO;AMIGOS DEL FUTBOL ANTA;30/10/26;LIGA ANTEÑA
0354;NO ACTIVO;AMIGOS DEL FUTBOL ANTA;30/10/26;LIGA ANTEÑA
0355;NO ACTIVO;AMIGOS DEL FUTBOL ANTA;30/10/26;LIGA ANTEÑA
0356;NO ACTIVO;AMIGOS DEL FUTBOL ANTA;30/10/26;LIGA ANTEÑA
0357;NO ACTIVO;AMIGOS DEL FUTBOL ANTA;30/10/26;LIGA ANTEÑA
0358;NO ACTIVO;AMIGOS DEL FUTBOL ANTA;30/10/26;LIGA ANTEÑA
0359;NO ACTIVO;AMIGOS DEL FUTBOL ANTA;30/10/26;LIGA ANTEÑA
0360;NO ACTIVO;AMIGOS DEL FUTBOL ANTA;30/10/26;LIGA ANTEÑA
0361;NO ACTIVO;AMIGOS DEL FUTBOL ANTA;30/10/26;LIGA ANTEÑA
0362;NO ACTIVO;AMIGOS DEL FUTBOL ANTA;30/10/26;LIGA ANTEÑA
0363;NO ACTIVO;AMIGOS DEL FUTBOL ANTA;30/10/26;LIGA ANTEÑA
0364;NO ACTIVO;AMIGOS DEL FUTBOL ANTA;30/10/26;LIGA ANTEÑA
0365;NO ACTIVO;AMIGOS DEL FUTBOL ANTA;30/10/26;LIGA ANTEÑA
0366;NO ACTIVO;AMIGOS DEL FUTBOL ANTA;30/10/26;LIGA ANTEÑA
0367;NO ACTIVO;AMIGOS DEL FUTBOL ANTA;30/10/26;LIGA ANTEÑA
0368;NO ACTIVO;AMIGOS DEL FUTBOL ANTA;30/10/26;LIGA ANTEÑA
0369;NO ACTIVO;AMIGOS DEL FUTBOL ANTA;30/10/26;LIGA ANTEÑA
0370;NO ACTIVO;AMIGOS DEL FUTBOL ANTA;30/10/26;LIGA ANTEÑA
0371;NO ACTIVO;AMIGOS DEL FUTBOL ANTA;30/10/26;LIGA ANTEÑA
0372;NO ACTIVO;AMIGOS DEL FUTBOL ANTA;30/10/26;LIGA ANTEÑA
0373;NO ACTIVO;AMIGOS DEL FUTBOL ANTA;30/10/26;LIGA ANTEÑA
0374;NO ACTIVO;AMIGOS DEL FUTBOL ANTA;30/10/26;LIGA ANTEÑA
0375;NO ACTIVO;AMIGOS DEL FUTBOL ANTA;30/10/26;LIGA ANTEÑA
0376;NO ACTIVO;AMIGOS DEL FUTBOL ANTA;30/10/26;LIGA ANTEÑA
0377;NO ACTIVO;AMIGOS DEL FUTBOL ANTA;30/10/26;LIGA ANTEÑA
0378;NO ACTIVO;AMIGOS DEL FUTBOL ANTA;30/10/26;LIGA ANTEÑA
0379;NO ACTIVO;AMIGOS DEL FUTBOL ANTA;30/10/26;LIGA ANTEÑA
0380;NO ACTIVO;AMIGOS DEL FUTBOL ANTA;30/10/26;LIGA ANTEÑA
0381;NO ACTIVO;AMIGOS DEL FUTBOL ANTA;30/10/26;LIGA ANTEÑA
0382;NO ACTIVO;AMIGOS DEL FUTBOL ANTA;30/10/26;LIGA ANTEÑA
0383;NO ACTIVO;AMIGOS DEL FUTBOL ANTA;30/10/26;LIGA ANTEÑA
0384;NO ACTIVO;AMIGOS DEL FUTBOL ANTA;30/10/26;LIGA ANTEÑA
0385;NO ACTIVO;AMIGOS DEL FUTBOL ANTA;30/10/26;LIGA ANTEÑA
0386;NO ACTIVO;AMIGOS DEL FUTBOL ANTA;30/10/26;LIGA ANTEÑA
0387;NO ACTIVO;AMIGOS DEL FUTBOL ANTA;30/10/26;LIGA ANTEÑA
0388;NO ACTIVO;AMIGOS DEL FUTBOL ANTA;30/10/26;LIGA ANTEÑA
0389;NO ACTIVO;AMIGOS DEL FUTBOL ANTA;30/10/26;LIGA ANTEÑA
0390;NO ACTIVO;AMIGOS DEL FUTBOL ANTA;30/10/26;LIGA ANTEÑA
0391;NO ACTIVO;AMIGOS DEL FUTBOL ANTA;30/10/26;LIGA ANTEÑA
0392;NO ACTIVO;AMIGOS DEL FUTBOL ANTA;30/10/26;LIGA ANTEÑA
0393;NO ACTIVO;AMIGOS DEL FUTBOL ANTA;30/10/26;LIGA ANTEÑA
0394;NO ACTIVO;AMIGOS DEL FUTBOL ANTA;30/10/26;LIGA ANTEÑA
0395;NO ACTIVO;AMIGOS DEL FUTBOL ANTA;30/10/26;LIGA ANTEÑA
0396;NO ACTIVO;AMIGOS DEL FUTBOL ANTA;30/10/26;LIGA ANTEÑA
0397;NO ACTIVO;AMIGOS DEL FUTBOL ANTA;30/10/26;LIGA ANTEÑA
0398;NO ACTIVO;AMIGOS DEL FUTBOL ANTA;30/10/26;LIGA ANTEÑA
0399;NO ACTIVO;AMIGOS DEL FUTBOL ANTA;30/10/26;LIGA ANTEÑA
0400;NO ACTIVO;AMIGOS DEL FUTBOL ANTA;30/10/26;LIGA ANTEÑA
0401;NO ACTIVO;AMIGOS DEL FUTBOL ANTA;30/10/26;LIGA ANTEÑA
0402;NO ACTIVO;AMIGOS DEL FUTBOL ANTA;30/10/26;LIGA ANTEÑA
0403;NO ACTIVO;AMIGOS DEL FUTBOL ANTA;30/10/26;LIGA ANTEÑA
0404;NO ACTIVO;AMIGOS DEL FUTBOL ANTA;30/10/26;LIGA ANTEÑA
0405;NO ACTIVO;AMIGOS DEL FUTBOL ANTA;30/10/26;LIGA ANTEÑA
0406;NO ACTIVO;AMIGOS DEL FUTBOL ANTA;30/10/26;LIGA ANTEÑA
0407;NO ACTIVO;AMIGOS DEL FUTBOL ANTA;30/10/26;LIGA ANTEÑA
0408;NO ACTIVO;AMIGOS DEL FUTBOL ANTA;30/10/26;LIGA ANTEÑA
0409;NO ACTIVO;AMIGOS DEL FUTBOL ANTA;30/10/26;LIGA ANTEÑA
0410;NO ACTIVO;AMIGOS DEL FUTBOL ANTA;30/10/26;LIGA ANTEÑA
0411;NO ACTIVO;AMIGOS DEL FUTBOL ANTA;30/10/26;LIGA ANTEÑA
0412;NO ACTIVO;AMIGOS DEL FUTBOL ANTA;30/10/26;LIGA ANTEÑA
0413;NO ACTIVO;AMIGOS DEL FUTBOL ANTA;30/10/26;LIGA ANTEÑA
0414;NO ACTIVO;AMIGOS DEL FUTBOL ANTA;30/10/26;LIGA ANTEÑA
0415;NO ACTIVO;AMIGOS DEL FUTBOL ANTA;30/10/26;LIGA ANTEÑA
0416;NO ACTIVO;AMIGOS DEL FUTBOL ANTA;30/10/26;LIGA ANTEÑA
0417;NO ACTIVO;AMIGOS DEL FUTBOL ANTA;30/10/26;LIGA ANTEÑA
0418;NO ACTIVO;AMIGOS DEL FUTBOL ANTA;30/10/26;LIGA ANTEÑA
0419;NO ACTIVO;AMIGOS DEL FUTBOL ANTA;30/10/26;LIGA ANTEÑA
0420;NO ACTIVO;AMIGOS DEL FUTBOL ANTA;30/10/26;LIGA ANTEÑA
0421;NO ACTIVO;AMIGOS DEL FUTBOL ANTA;30/10/26;LIGA ANTEÑA
0422;NO ACTIVO;AMIGOS DEL FUTBOL ANTA;30/10/26;LIGA ANTEÑA
0423;NO ACTIVO;AMIGOS DEL FUTBOL ANTA;30/10/26;LIGA ANTEÑA
0424;NO ACTIVO;AMIGOS DEL FUTBOL ANTA;30/10/26;LIGA ANTEÑA
0425;NO ACTIVO;AMIGOS DEL FUTBOL ANTA;30/10/26;LIGA ANTEÑA
0426;NO ACTIVO;AMIGOS DEL FUTBOL ANTA;30/10/26;LIGA ANTEÑA
0427;NO ACTIVO;AMIGOS DEL FUTBOL ANTA;30/10/26;LIGA ANTEÑA
0428;NO ACTIVO;AMIGOS DEL FUTBOL ANTA;30/10/26;LIGA ANTEÑA
0429;NO ACTIVO;AMIGOS DEL FUTBOL ANTA;30/10/26;LIGA ANTEÑA
0430;NO ACTIVO;AMIGOS DEL FUTBOL ANTA;30/10/26;LIGA ANTEÑA
0431;NO ACTIVO;AMIGOS DEL FUTBOL ANTA;30/10/26;LIGA ANTEÑA
0432;NO ACTIVO;AMIGOS DEL FUTBOL ANTA;30/10/26;LIGA ANTEÑA
0433;NO ACTIVO;AMIGOS DEL FUTBOL ANTA;30/10/26;LIGA ANTEÑA
0434;NO ACTIVO;AMIGOS DEL FUTBOL ANTA;30/10/26;LIGA ANTEÑA
0435;NO ACTIVO;AMIGOS DEL FUTBOL ANTA;30/10/26;LIGA ANTEÑA
0436;NO ACTIVO;AMIGOS DEL FUTBOL ANTA;30/10/26;LIGA ANTEÑA
0437;NO ACTIVO;AMIGOS DEL FUTBOL ANTA;30/10/26;LIGA ANTEÑA
0438;NO ACTIVO;AMIGOS DEL FUTBOL ANTA;30/10/26;LIGA ANTEÑA
0439;NO ACTIVO;AMIGOS DEL FUTBOL ANTA;30/10/26;LIGA ANTEÑA
0440;NO ACTIVO;AMIGOS DEL FUTBOL ANTA;30/10/26;LIGA ANTEÑA
0441;NO ACTIVO;AMIGOS DEL FUTBOL ANTA;30/10/26;LIGA ANTEÑA
0442;NO ACTIVO;AMIGOS DEL FUTBOL ANTA;30/10/26;LIGA ANTEÑA
0443;NO ACTIVO;AMIGOS DEL FUTBOL ANTA;30/10/26;LIGA ANTEÑA
0444;NO ACTIVO;AMIGOS DEL FUTBOL ANTA;30/10/26;LIGA ANTEÑA
0445;NO ACTIVO;AMIGOS DEL FUTBOL ANTA;30/10/26;LIGA ANTEÑA
0446;NO ACTIVO;AMIGOS DEL FUTBOL ANTA;30/10/26;LIGA ANTEÑA
0447;NO ACTIVO;AMIGOS DEL FUTBOL ANTA;30/10/26;LIGA ANTEÑA
0448;NO ACTIVO;AMIGOS DEL FUTBOL ANTA;30/10/26;LIGA ANTEÑA
0449;NO ACTIVO;AMIGOS DEL FUTBOL ANTA;30/10/26;LIGA ANTEÑA
0450;NO ACTIVO;AMIGOS DEL FUTBOL ANTA;30/10/26;LIGA ANTEÑA
0451;NO ACTIVO;AMIGOS DEL FUTBOL ANTA;30/10/26;LIGA ANTEÑA
0452;NO ACTIVO;AMIGOS DEL FUTBOL ANTA;30/10/26;LIGA ANTEÑA
0453;NO ACTIVO;AMIGOS DEL FUTBOL ANTA;30/10/26;LIGA ANTEÑA
0454;NO ACTIVO;AMIGOS DEL FUTBOL ANTA;30/10/26;LIGA ANTEÑA
0455;NO ACTIVO;AMIGOS DEL FUTBOL ANTA;30/10/26;LIGA ANTEÑA
0456;NO ACTIVO;AMIGOS DEL FUTBOL ANTA;30/10/26;LIGA ANTEÑA
0457;NO ACTIVO;AMIGOS DEL FUTBOL ANTA;30/10/26;LIGA ANTEÑA
0458;NO ACTIVO;AMIGOS DEL FUTBOL ANTA;30/10/26;LIGA ANTEÑA
0459;NO ACTIVO;AMIGOS DEL FUTBOL ANTA;30/10/26;LIGA ANTEÑA
0460;NO ACTIVO;AMIGOS DEL FUTBOL ANTA;30/10/26;LIGA ANTEÑA
0461;NO ACTIVO;AMIGOS DEL FUTBOL ANTA;30/10/26;LIGA ANTEÑA
0462;NO ACTIVO;AMIGOS DEL FUTBOL ANTA;30/10/26;LIGA ANTEÑA
0463;NO ACTIVO;AMIGOS DEL FUTBOL ANTA;30/10/26;LIGA ANTEÑA
0464;NO ACTIVO;AMIGOS DEL FUTBOL ANTA;30/10/26;LIGA ANTEÑA
0465;NO ACTIVO;AMIGOS DEL FUTBOL ANTA;30/10/26;LIGA ANTEÑA
0466;NO ACTIVO;AMIGOS DEL FUTBOL ANTA;30/10/26;LIGA ANTEÑA
0467;NO ACTIVO;AMIGOS DEL FUTBOL ANTA;30/10/26;LIGA ANTEÑA
0468;NO ACTIVO;AMIGOS DEL FUTBOL ANTA;30/10/26;LIGA ANTEÑA
0469;NO ACTIVO;AMIGOS DEL FUTBOL ANTA;30/10/26;LIGA ANTEÑA
0470;NO ACTIVO;AMIGOS DEL FUTBOL ANTA;30/10/26;LIGA ANTEÑA
0471;NO ACTIVO;AMIGOS DEL FUTBOL ANTA;30/10/26;LIGA ANTEÑA
0472;NO ACTIVO;AMIGOS DEL FUTBOL ANTA;30/10/26;LIGA ANTEÑA
0473;NO ACTIVO;AMIGOS DEL FUTBOL ANTA;30/10/26;LIGA ANTEÑA
0474;NO ACTIVO;AMIGOS DEL FUTBOL ANTA;30/10/26;LIGA ANTEÑA
0475;NO ACTIVO;AMIGOS DEL FUTBOL ANTA;30/10/26;LIGA ANTEÑA
0476;NO ACTIVO;AMIGOS DEL FUTBOL ANTA;30/10/26;LIGA ANTEÑA
0477;NO ACTIVO;AMIGOS DEL FUTBOL ANTA;30/10/26;LIGA ANTEÑA
0478;NO ACTIVO;AMIGOS DEL FUTBOL ANTA;30/10/26;LIGA ANTEÑA
0479;NO ACTIVO;AMIGOS DEL FUTBOL ANTA;30/10/26;LIGA ANTEÑA
0480;NO ACTIVO;AMIGOS DEL FUTBOL ANTA;30/10/26;LIGA ANTEÑA
0481;NO ACTIVO;AMIGOS DEL FUTBOL ANTA;30/10/26;LIGA ANTEÑA
0482;NO ACTIVO;AMIGOS DEL FUTBOL ANTA;30/10/26;LIGA ANTEÑA
0483;NO ACTIVO;AMIGOS DEL FUTBOL ANTA;30/10/26;LIGA ANTEÑA
0484;NO ACTIVO;AMIGOS DEL FUTBOL ANTA;30/10/26;LIGA ANTEÑA
0485;NO ACTIVO;AMIGOS DEL FUTBOL ANTA;30/10/26;LIGA ANTEÑA
0486;NO ACTIVO;AMIGOS DEL FUTBOL ANTA;30/10/26;LIGA ANTEÑA
0487;NO ACTIVO;AMIGOS DEL FUTBOL ANTA;30/10/26;LIGA ANTEÑA
0488;NO ACTIVO;AMIGOS DEL FUTBOL ANTA;30/10/26;LIGA ANTEÑA
0489;NO ACTIVO;AMIGOS DEL FUTBOL ANTA;30/10/26;LIGA ANTEÑA
0490;NO ACTIVO;AMIGOS DEL FUTBOL ANTA;30/10/26;LIGA ANTEÑA
0491;NO ACTIVO;AMIGOS DEL FUTBOL ANTA;30/10/26;LIGA ANTEÑA
0492;NO ACTIVO;AMIGOS DEL FUTBOL ANTA;30/10/26;LIGA ANTEÑA
0493;NO ACTIVO;AMIGOS DEL FUTBOL ANTA;30/10/26;LIGA ANTEÑA
0494;NO ACTIVO;AMIGOS DEL FUTBOL ANTA;30/10/26;LIGA ANTEÑA
0495;NO ACTIVO;AMIGOS DEL FUTBOL ANTA;30/10/26;LIGA ANTEÑA
0496;NO ACTIVO;AMIGOS DEL FUTBOL ANTA;30/10/26;LIGA ANTEÑA
0497;NO ACTIVO;AMIGOS DEL FUTBOL ANTA;30/10/26;LIGA ANTEÑA
0498;NO ACTIVO;AMIGOS DEL FUTBOL ANTA;30/10/26;LIGA ANTEÑA
0499;NO ACTIVO;AMIGOS DEL FUTBOL ANTA;30/10/26;LIGA ANTEÑA
0500;NO ACTIVO;AMIGOS DEL FUTBOL ANTA;30/10/26;LIGA ANTEÑA
0501;NO ACTIVO;AMIGOS DEL FUTBOL ANTA;30/10/26;LIGA ANTEÑA
0502;NO ACTIVO;AMIGOS DEL FUTBOL ANTA;30/10/26;LIGA ANTEÑA
0503;NO ACTIVO;AMIGOS DEL FUTBOL ANTA;30/10/26;LIGA ANTEÑA
0504;NO ACTIVO;AMIGOS DEL FUTBOL ANTA;30/10/26;LIGA ANTEÑA
0505;NO ACTIVO;AMIGOS DEL FUTBOL ANTA;30/10/26;LIGA ANTEÑA
0506;NO ACTIVO;AMIGOS DEL FUTBOL ANTA;30/10/26;LIGA ANTEÑA
0507;NO ACTIVO;AMIGOS DEL FUTBOL ANTA;30/10/26;LIGA ANTEÑA
0508;NO ACTIVO;AMIGOS DEL FUTBOL ANTA;30/10/26;LIGA ANTEÑA
0509;NO ACTIVO;AMIGOS DEL FUTBOL ANTA;30/10/26;LIGA ANTEÑA
0510;NO ACTIVO;AMIGOS DEL FUTBOL ANTA;30/10/26;LIGA ANTEÑA
0511;NO ACTIVO;AMIGOS DEL FUTBOL ANTA;30/10/26;LIGA ANTEÑA
0512;NO ACTIVO;AMIGOS DEL FUTBOL ANTA;30/10/26;LIGA ANTEÑA
0513;NO ACTIVO;AMIGOS DEL FUTBOL ANTA;30/10/26;LIGA ANTEÑA
0514;NO ACTIVO;AMIGOS DEL FUTBOL ANTA;30/10/26;LIGA ANTEÑA
0515;NO ACTIVO;AMIGOS DEL FUTBOL ANTA;30/10/26;LIGA ANTEÑA
0516;NO ACTIVO;AMIGOS DEL FUTBOL ANTA;30/10/26;LIGA ANTEÑA
0517;NO ACTIVO;AMIGOS DEL FUTBOL ANTA;30/10/26;LIGA ANTEÑA
0518;NO ACTIVO;AMIGOS DEL FUTBOL ANTA;30/10/26;LIGA ANTEÑA
0519;NO ACTIVO;AMIGOS DEL FUTBOL ANTA;30/10/26;LIGA ANTEÑA
0520;NO ACTIVO;AMIGOS DEL FUTBOL ANTA;30/10/26;LIGA ANTEÑA
0521;NO ACTIVO;AMIGOS DEL FUTBOL ANTA;30/10/26;LIGA ANTEÑA
0522;NO ACTIVO;AMIGOS DEL FUTBOL ANTA;30/10/26;LIGA ANTEÑA
0523;NO ACTIVO;AMIGOS DEL FUTBOL ANTA;30/10/26;LIGA ANTEÑA
0524;NO ACTIVO;AMIGOS DEL FUTBOL ANTA;30/10/26;LIGA ANTEÑA
0525;NO ACTIVO;AMIGOS DEL FUTBOL ANTA;30/10/26;LIGA ANTEÑA
0526;NO ACTIVO;AMIGOS DEL FUTBOL ANTA;30/10/26;LIGA ANTEÑA
0527;NO ACTIVO;AMIGOS DEL FUTBOL ANTA;30/10/26;LIGA ANTEÑA
0528;NO ACTIVO;AMIGOS DEL FUTBOL ANTA;30/10/26;LIGA ANTEÑA
0529;NO ACTIVO;AMIGOS DEL FUTBOL ANTA;30/10/26;LIGA ANTEÑA
0530;NO ACTIVO;AMIGOS DEL FUTBOL ANTA;30/10/26;LIGA ANTEÑA
0531;NO ACTIVO;AMIGOS DEL FUTBOL ANTA;30/10/26;LIGA ANTEÑA
0532;NO ACTIVO;AMIGOS DEL FUTBOL ANTA;30/10/26;LIGA ANTEÑA
0533;NO ACTIVO;AMIGOS DEL FUTBOL ANTA;30/10/26;LIGA ANTEÑA
0534;NO ACTIVO;AMIGOS DEL FUTBOL ANTA;30/10/26;LIGA ANTEÑA
0535;NO ACTIVO;AMIGOS DEL FUTBOL ANTA;30/10/26;LIGA ANTEÑA
0536;NO ACTIVO;AMIGOS DEL FUTBOL ANTA;30/10/26;LIGA ANTEÑA
0537;NO ACTIVO;AMIGOS DEL FUTBOL ANTA;30/10/26;LIGA ANTEÑA
0538;NO ACTIVO;AMIGOS DEL FUTBOL ANTA;30/10/26;LIGA ANTEÑA
0539;NO ACTIVO;AMIGOS DEL FUTBOL ANTA;30/10/26;LIGA ANTEÑA
0540;NO ACTIVO;AMIGOS DEL FUTBOL ANTA;30/10/26;LIGA ANTEÑA
0541;NO ACTIVO;AMIGOS DEL FUTBOL ANTA;30/10/26;LIGA ANTEÑA
0542;NO ACTIVO;AMIGOS DEL FUTBOL ANTA;30/10/26;LIGA ANTEÑA
0543;NO ACTIVO;AMIGOS DEL FUTBOL ANTA;30/10/26;LIGA ANTEÑA
0544;NO ACTIVO;AMIGOS DEL FUTBOL ANTA;30/10/26;LIGA ANTEÑA
0545;NO ACTIVO;AMIGOS DEL FUTBOL ANTA;30/10/26;LIGA ANTEÑA
0546;NO ACTIVO;AMIGOS DEL FUTBOL ANTA;30/10/26;LIGA ANTEÑA
0547;NO ACTIVO;AMIGOS DEL FUTBOL ANTA;30/10/26;LIGA ANTEÑA
0548;NO ACTIVO;AMIGOS DEL FUTBOL ANTA;30/10/26;LIGA ANTEÑA
0549;NO ACTIVO;AMIGOS DEL FUTBOL ANTA;30/10/26;LIGA ANTEÑA
0550;NO ACTIVO;AMIGOS DEL FUTBOL ANTA;30/10/26;LIGA ANTEÑA
0551;NO ACTIVO;AMIGOS DEL FUTBOL ANTA;30/10/26;LIGA ANTEÑA
0552;NO ACTIVO;AMIGOS DEL FUTBOL ANTA;30/10/26;LIGA ANTEÑA
0553;NO ACTIVO;AMIGOS DEL FUTBOL ANTA;30/10/26;LIGA ANTEÑA
0554;NO ACTIVO;AMIGOS DEL FUTBOL ANTA;30/10/26;LIGA ANTEÑA
0555;NO ACTIVO;AMIGOS DEL FUTBOL ANTA;30/10/26;LIGA ANTEÑA
0556;NO ACTIVO;AMIGOS DEL FUTBOL ANTA;30/10/26;LIGA ANTEÑA
0557;NO ACTIVO;AMIGOS DEL FUTBOL ANTA;30/10/26;LIGA ANTEÑA
0558;NO ACTIVO;AMIGOS DEL FUTBOL ANTA;30/10/26;LIGA ANTEÑA
0559;NO ACTIVO;AMIGOS DEL FUTBOL ANTA;30/10/26;LIGA ANTEÑA
0560;NO ACTIVO;AMIGOS DEL FUTBOL ANTA;30/10/26;LIGA ANTEÑA
0561;NO ACTIVO;AMIGOS DEL FUTBOL ANTA;30/10/26;LIGA ANTEÑA
0562;NO ACTIVO;AMIGOS DEL FUTBOL ANTA;30/10/26;LIGA ANTEÑA
0563;NO ACTIVO;AMIGOS DEL FUTBOL ANTA;30/10/26;LIGA ANTEÑA
0564;NO ACTIVO;AMIGOS DEL FUTBOL ANTA;30/10/26;LIGA ANTEÑA
0565;NO ACTIVO;AMIGOS DEL FUTBOL ANTA;30/10/26;LIGA ANTEÑA
0566;NO ACTIVO;AMIGOS DEL FUTBOL ANTA;30/10/26;LIGA ANTEÑA
0567;NO ACTIVO;AMIGOS DEL FUTBOL ANTA;30/10/26;LIGA ANTEÑA
0568;NO ACTIVO;AMIGOS DEL FUTBOL ANTA;30/10/26;LIGA ANTEÑA
0569;NO ACTIVO;AMIGOS DEL FUTBOL ANTA;30/10/26;LIGA ANTEÑA
0570;NO ACTIVO;AMIGOS DEL FUTBOL ANTA;30/10/26;LIGA ANTEÑA
0571;NO ACTIVO;AMIGOS DEL FUTBOL ANTA;30/10/26;LIGA ANTEÑA
0572;NO ACTIVO;AMIGOS DEL FUTBOL ANTA;30/10/26;LIGA ANTEÑA
0573;NO ACTIVO;AMIGOS DEL FUTBOL ANTA;30/10/26;LIGA ANTEÑA
0574;NO ACTIVO;AMIGOS DEL FUTBOL ANTA;30/10/26;LIGA ANTEÑA
0575;NO ACTIVO;AMIGOS DEL FUTBOL ANTA;30/10/26;LIGA ANTEÑA
0576;NO ACTIVO;AMIGOS DEL FUTBOL ANTA;30/10/26;LIGA ANTEÑA
0577;NO ACTIVO;AMIGOS DEL FUTBOL ANTA;30/10/26;LIGA ANTEÑA
0578;NO ACTIVO;AMIGOS DEL FUTBOL ANTA;30/10/26;LIGA ANTEÑA
0579;NO ACTIVO;AMIGOS DEL FUTBOL ANTA;30/10/26;LIGA ANTEÑA
0580;NO ACTIVO;AMIGOS DEL FUTBOL ANTA;30/10/26;LIGA ANTEÑA
0581;NO ACTIVO;AMIGOS DEL FUTBOL ANTA;30/10/26;LIGA ANTEÑA
0582;NO ACTIVO;AMIGOS DEL FUTBOL ANTA;30/10/26;LIGA ANTEÑA
0583;NO ACTIVO;AMIGOS DEL FUTBOL ANTA;30/10/26;LIGA ANTEÑA
0584;NO ACTIVO;AMIGOS DEL FUTBOL ANTA;30/10/26;LIGA ANTEÑA
0585;NO ACTIVO;AMIGOS DEL FUTBOL ANTA;30/10/26;LIGA ANTEÑA
0586;NO ACTIVO;AMIGOS DEL FUTBOL ANTA;30/10/26;LIGA ANTEÑA
0587;NO ACTIVO;AMIGOS DEL FUTBOL ANTA;30/10/26;LIGA ANTEÑA
0588;NO ACTIVO;AMIGOS DEL FUTBOL ANTA;30/10/26;LIGA ANTEÑA
0589;NO ACTIVO;AMIGOS DEL FUTBOL ANTA;30/10/26;LIGA ANTEÑA
0590;NO ACTIVO;AMIGOS DEL FUTBOL ANTA;30/10/26;LIGA ANTEÑA
0591;NO ACTIVO;AMIGOS DEL FUTBOL ANTA;30/10/26;LIGA ANTEÑA
0592;NO ACTIVO;AMIGOS DEL FUTBOL ANTA;30/10/26;LIGA ANTEÑA
0593;NO ACTIVO;AMIGOS DEL FUTBOL ANTA;30/10/26;LIGA ANTEÑA
0594;NO ACTIVO;AMIGOS DEL FUTBOL ANTA;30/10/26;LIGA ANTEÑA
0595;NO ACTIVO;AMIGOS DEL FUTBOL ANTA;30/10/26;LIGA ANTEÑA
0596;NO ACTIVO;AMIGOS DEL FUTBOL ANTA;30/10/26;LIGA ANTEÑA
0597;NO ACTIVO;AMIGOS DEL FUTBOL ANTA;30/10/26;LIGA ANTEÑA
0598;NO ACTIVO;AMIGOS DEL FUTBOL ANTA;30/10/26;LIGA ANTEÑA
0599;NO ACTIVO;AMIGOS DEL FUTBOL ANTA;30/10/26;LIGA ANTEÑA
0600;NO ACTIVO;AMIGOS DEL FUTBOL ANTA;30/10/26;LIGA ANTEÑA
0601;NO ACTIVO;AMIGOS DEL FUTBOL ANTA;30/10/26;LIGA ANTEÑA
0602;NO ACTIVO;AMIGOS DEL FUTBOL ANTA;30/10/26;LIGA ANTEÑA
0603;NO ACTIVO;AMIGOS DEL FUTBOL ANTA;30/10/26;LIGA ANTEÑA
0604;NO ACTIVO;AMIGOS DEL FUTBOL ANTA;30/10/26;LIGA ANTEÑA
0605;NO ACTIVO;AMIGOS DEL FUTBOL ANTA;30/10/26;LIGA ANTEÑA
0606;NO ACTIVO;AMIGOS DEL FUTBOL ANTA;30/10/26;LIGA ANTEÑA
0607;NO ACTIVO;AMIGOS DEL FUTBOL ANTA;30/10/26;LIGA ANTEÑA
0608;NO ACTIVO;AMIGOS DEL FUTBOL ANTA;30/10/26;LIGA ANTEÑA
0609;NO ACTIVO;AMIGOS DEL FUTBOL ANTA;30/10/26;LIGA ANTEÑA
0610;NO ACTIVO;AMIGOS DEL FUTBOL ANTA;30/10/26;LIGA ANTEÑA
0611;NO ACTIVO;AMIGOS DEL FUTBOL ANTA;30/10/26;LIGA ANTEÑA
0612;NO ACTIVO;AMIGOS DEL FUTBOL ANTA;30/10/26;LIGA ANTEÑA
0613;NO ACTIVO;AMIGOS DEL FUTBOL ANTA;30/10/26;LIGA ANTEÑA
0614;NO ACTIVO;AMIGOS DEL FUTBOL ANTA;30/10/26;LIGA ANTEÑA
0615;NO ACTIVO;AMIGOS DEL FUTBOL ANTA;30/10/26;LIGA ANTEÑA
0616;NO ACTIVO;AMIGOS DEL FUTBOL ANTA;30/10/26;LIGA ANTEÑA
0617;NO ACTIVO;AMIGOS DEL FUTBOL ANTA;30/10/26;LIGA ANTEÑA
0618;NO ACTIVO;AMIGOS DEL FUTBOL ANTA;30/10/26;LIGA ANTEÑA
0619;NO ACTIVO;AMIGOS DEL FUTBOL ANTA;30/10/26;LIGA ANTEÑA
0620;NO ACTIVO;AMIGOS DEL FUTBOL ANTA;30/10/26;LIGA ANTEÑA
0621;NO ACTIVO;AMIGOS DEL FUTBOL ANTA;30/10/26;LIGA ANTEÑA
0622;NO ACTIVO;AMIGOS DEL FUTBOL ANTA;30/10/26;LIGA ANTEÑA
0623;NO ACTIVO;AMIGOS DEL FUTBOL ANTA;30/10/26;LIGA ANTEÑA
0624;NO ACTIVO;AMIGOS DEL FUTBOL ANTA;30/10/26;LIGA ANTEÑA
0625;NO ACTIVO;AMIGOS DEL FUTBOL ANTA;30/10/26;LIGA ANTEÑA
0626;NO ACTIVO;AMIGOS DEL FUTBOL ANTA;30/10/26;LIGA ANTEÑA
0627;NO ACTIVO;AMIGOS DEL FUTBOL ANTA;30/10/26;LIGA ANTEÑA
0628;NO ACTIVO;AMIGOS DEL FUTBOL ANTA;30/10/26;LIGA ANTEÑA
0629;NO ACTIVO;AMIGOS DEL FUTBOL ANTA;30/10/26;LIGA ANTEÑA
0630;NO ACTIVO;AMIGOS DEL FUTBOL ANTA;30/10/26;LIGA ANTEÑA
0631;NO ACTIVO;AMIGOS DEL FUTBOL ANTA;30/10/26;LIGA ANTEÑA
0632;NO ACTIVO;AMIGOS DEL FUTBOL ANTA;30/10/26;LIGA ANTEÑA
0633;NO ACTIVO;AMIGOS DEL FUTBOL ANTA;30/10/26;LIGA ANTEÑA
0634;NO ACTIVO;AMIGOS DEL FUTBOL ANTA;30/10/26;LIGA ANTEÑA
0635;NO ACTIVO;AMIGOS DEL FUTBOL ANTA;30/10/26;LIGA ANTEÑA
0636;NO ACTIVO;AMIGOS DEL FUTBOL ANTA;30/10/26;LIGA ANTEÑA
0637;NO ACTIVO;AMIGOS DEL FUTBOL ANTA;30/10/26;LIGA ANTEÑA
0638;NO ACTIVO;AMIGOS DEL FUTBOL ANTA;30/10/26;LIGA ANTEÑA
0639;NO ACTIVO;AMIGOS DEL FUTBOL ANTA;30/10/26;LIGA ANTEÑA
0640;NO ACTIVO;AMIGOS DEL FUTBOL ANTA;30/10/26;LIGA ANTEÑA
0641;NO ACTIVO;AMIGOS DEL FUTBOL ANTA;30/10/26;LIGA ANTEÑA
0642;NO ACTIVO;AMIGOS DEL FUTBOL ANTA;30/10/26;LIGA ANTEÑA
0643;NO ACTIVO;AMIGOS DEL FUTBOL ANTA;30/10/26;LIGA ANTEÑA
0644;NO ACTIVO;AMIGOS DEL FUTBOL ANTA;30/10/26;LIGA ANTEÑA
0645;NO ACTIVO;AMIGOS DEL FUTBOL ANTA;30/10/26;LIGA ANTEÑA
0646;NO ACTIVO;AMIGOS DEL FUTBOL ANTA;30/10/26;LIGA ANTEÑA
0647;NO ACTIVO;AMIGOS DEL FUTBOL ANTA;30/10/26;LIGA ANTEÑA
0648;NO ACTIVO;AMIGOS DEL FUTBOL ANTA;30/10/26;LIGA ANTEÑA
0649;NO ACTIVO;AMIGOS DEL FUTBOL ANTA;30/10/26;LIGA ANTEÑA
0650;NO ACTIVO;AMIGOS DEL FUTBOL ANTA;30/10/26;LIGA ANTEÑA
0651;NO ACTIVO;AMIGOS DEL FUTBOL ANTA;30/10/26;LIGA ANTEÑA
0652;NO ACTIVO;AMIGOS DEL FUTBOL ANTA;30/10/26;LIGA ANTEÑA
0653;NO ACTIVO;AMIGOS DEL FUTBOL ANTA;30/10/26;LIGA ANTEÑA
0654;NO ACTIVO;AMIGOS DEL FUTBOL ANTA;30/10/26;LIGA ANTEÑA
0655;NO ACTIVO;AMIGOS DEL FUTBOL ANTA;30/10/26;LIGA ANTEÑA
0656;NO ACTIVO;AMIGOS DEL FUTBOL ANTA;30/10/26;LIGA ANTEÑA
0657;NO ACTIVO;AMIGOS DEL FUTBOL ANTA;30/10/26;LIGA ANTEÑA
0658;NO ACTIVO;AMIGOS DEL FUTBOL ANTA;30/10/26;LIGA ANTEÑA
0659;NO ACTIVO;AMIGOS DEL FUTBOL ANTA;30/10/26;LIGA ANTEÑA
0660;NO ACTIVO;AMIGOS DEL FUTBOL ANTA;30/10/26;LIGA ANTEÑA
0661;NO ACTIVO;AMIGOS DEL FUTBOL ANTA;30/10/26;LIGA ANTEÑA
0662;NO ACTIVO;AMIGOS DEL FUTBOL ANTA;30/10/26;LIGA ANTEÑA
0663;NO ACTIVO;AMIGOS DEL FUTBOL ANTA;30/10/26;LIGA ANTEÑA
0664;NO ACTIVO;AMIGOS DEL FUTBOL ANTA;30/10/26;LIGA ANTEÑA
0665;NO ACTIVO;AMIGOS DEL FUTBOL ANTA;30/10/26;LIGA ANTEÑA
0666;NO ACTIVO;AMIGOS DEL FUTBOL ANTA;30/10/26;LIGA ANTEÑA
0667;NO ACTIVO;AMIGOS DEL FUTBOL ANTA;30/10/26;LIGA ANTEÑA
0668;NO ACTIVO;AMIGOS DEL FUTBOL ANTA;30/10/26;LIGA ANTEÑA
0669;NO ACTIVO;AMIGOS DEL FUTBOL ANTA;30/10/26;LIGA ANTEÑA
0670;NO ACTIVO;AMIGOS DEL FUTBOL ANTA;30/10/26;LIGA ANTEÑA
0671;NO ACTIVO;AMIGOS DEL FUTBOL ANTA;30/10/26;LIGA ANTEÑA
0672;NO ACTIVO;AMIGOS DEL FUTBOL ANTA;30/10/26;LIGA ANTEÑA
0673;NO ACTIVO;AMIGOS DEL FUTBOL ANTA;30/10/26;LIGA ANTEÑA
0674;NO ACTIVO;AMIGOS DEL FUTBOL ANTA;30/10/26;LIGA ANTEÑA
0675;NO ACTIVO;AMIGOS DEL FUTBOL ANTA;30/10/26;LIGA ANTEÑA
0676;NO ACTIVO;AMIGOS DEL FUTBOL ANTA;30/10/26;LIGA ANTEÑA
0677;NO ACTIVO;AMIGOS DEL FUTBOL ANTA;30/10/26;LIGA ANTEÑA
0678;NO ACTIVO;AMIGOS DEL FUTBOL ANTA;30/10/26;LIGA ANTEÑA
0679;NO ACTIVO;AMIGOS DEL FUTBOL ANTA;30/10/26;LIGA ANTEÑA
0680;NO ACTIVO;AMIGOS DEL FUTBOL ANTA;30/10/26;LIGA ANTEÑA
0681;NO ACTIVO;AMIGOS DEL FUTBOL ANTA;30/10/26;LIGA ANTEÑA
0682;NO ACTIVO;AMIGOS DEL FUTBOL ANTA;30/10/26;LIGA ANTEÑA
0683;NO ACTIVO;AMIGOS DEL FUTBOL ANTA;30/10/26;LIGA ANTEÑA
0684;NO ACTIVO;AMIGOS DEL FUTBOL ANTA;30/10/26;LIGA ANTEÑA
0685;NO ACTIVO;AMIGOS DEL FUTBOL ANTA;30/10/26;LIGA ANTEÑA
0686;NO ACTIVO;AMIGOS DEL FUTBOL ANTA;30/10/26;LIGA ANTEÑA
0687;NO ACTIVO;AMIGOS DEL FUTBOL ANTA;30/10/26;LIGA ANTEÑA
0688;NO ACTIVO;AMIGOS DEL FUTBOL ANTA;30/10/26;LIGA ANTEÑA
0689;NO ACTIVO;AMIGOS DEL FUTBOL ANTA;30/10/26;LIGA ANTEÑA
0690;NO ACTIVO;AMIGOS DEL FUTBOL ANTA;30/10/26;LIGA ANTEÑA
0691;NO ACTIVO;AMIGOS DEL FUTBOL ANTA;30/10/26;LIGA ANTEÑA
0692;NO ACTIVO;AMIGOS DEL FUTBOL ANTA;30/10/26;LIGA ANTEÑA
0693;NO ACTIVO;AMIGOS DEL FUTBOL ANTA;30/10/26;LIGA ANTEÑA
0694;NO ACTIVO;AMIGOS DEL FUTBOL ANTA;30/10/26;LIGA ANTEÑA
0695;NO ACTIVO;AMIGOS DEL FUTBOL ANTA;30/10/26;LIGA ANTEÑA
0696;NO ACTIVO;AMIGOS DEL FUTBOL ANTA;30/10/26;LIGA ANTEÑA
0697;NO ACTIVO;AMIGOS DEL FUTBOL ANTA;30/10/26;LIGA ANTEÑA
0698;NO ACTIVO;AMIGOS DEL FUTBOL ANTA;30/10/26;LIGA ANTEÑA
0699;NO ACTIVO;AMIGOS DEL FUTBOL ANTA;30/10/26;LIGA ANTEÑA
0700;NO ACTIVO;AMIGOS DEL FUTBOL ANTA;30/10/26;LIGA ANTEÑA
0701;NO ACTIVO;AMIGOS DEL FUTBOL ANTA;30/10/26;LIGA ANTEÑA
0702;NO ACTIVO;AMIGOS DEL FUTBOL ANTA;30/10/26;LIGA ANTEÑA
0703;NO ACTIVO;AMIGOS DEL FUTBOL ANTA;30/10/26;LIGA ANTEÑA
0704;NO ACTIVO;AMIGOS DEL FUTBOL ANTA;30/10/26;LIGA ANTEÑA
0705;NO ACTIVO;AMIGOS DEL FUTBOL ANTA;30/10/26;LIGA ANTEÑA
0706;NO ACTIVO;AMIGOS DEL FUTBOL ANTA;30/10/26;LIGA ANTEÑA
0707;NO ACTIVO;AMIGOS DEL FUTBOL ANTA;30/10/26;LIGA ANTEÑA
0708;NO ACTIVO;AMIGOS DEL FUTBOL ANTA;30/10/26;LIGA ANTEÑA
0709;NO ACTIVO;AMIGOS DEL FUTBOL ANTA;30/10/26;LIGA ANTEÑA
0710;NO ACTIVO;AMIGOS DEL FUTBOL ANTA;30/10/26;LIGA ANTEÑA
0711;NO ACTIVO;AMIGOS DEL FUTBOL ANTA;30/10/26;LIGA ANTEÑA
0712;NO ACTIVO;AMIGOS DEL FUTBOL ANTA;30/10/26;LIGA ANTEÑA
0713;NO ACTIVO;AMIGOS DEL FUTBOL ANTA;30/10/26;LIGA ANTEÑA
0714;NO ACTIVO;AMIGOS DEL FUTBOL ANTA;30/10/26;LIGA ANTEÑA
0715;NO ACTIVO;AMIGOS DEL FUTBOL ANTA;30/10/26;LIGA ANTEÑA
0716;NO ACTIVO;AMIGOS DEL FUTBOL ANTA;30/10/26;LIGA ANTEÑA
0717;NO ACTIVO;AMIGOS DEL FUTBOL ANTA;30/10/26;LIGA ANTEÑA
0718;NO ACTIVO;AMIGOS DEL FUTBOL ANTA;30/10/26;LIGA ANTEÑA
0719;NO ACTIVO;AMIGOS DEL FUTBOL ANTA;30/10/26;LIGA ANTEÑA
0720;NO ACTIVO;AMIGOS DEL FUTBOL ANTA;30/10/26;LIGA ANTEÑA
0721;NO ACTIVO;AMIGOS DEL FUTBOL ANTA;30/10/26;LIGA ANTEÑA
0722;NO ACTIVO;AMIGOS DEL FUTBOL ANTA;30/10/26;LIGA ANTEÑA
0723;NO ACTIVO;AMIGOS DEL FUTBOL ANTA;30/10/26;LIGA ANTEÑA
0724;NO ACTIVO;AMIGOS DEL FUTBOL ANTA;30/10/26;LIGA ANTEÑA
0725;NO ACTIVO;AMIGOS DEL FUTBOL ANTA;30/10/26;LIGA ANTEÑA
0726;NO ACTIVO;AMIGOS DEL FUTBOL ANTA;30/10/26;LIGA ANTEÑA
0727;NO ACTIVO;AMIGOS DEL FUTBOL ANTA;30/10/26;LIGA ANTEÑA
0728;NO ACTIVO;AMIGOS DEL FUTBOL ANTA;30/10/26;LIGA ANTEÑA
0729;NO ACTIVO;AMIGOS DEL FUTBOL ANTA;30/10/26;LIGA ANTEÑA
0730;NO ACTIVO;AMIGOS DEL FUTBOL ANTA;30/10/26;LIGA ANTEÑA
0731;NO ACTIVO;AMIGOS DEL FUTBOL ANTA;30/10/26;LIGA ANTEÑA
0732;NO ACTIVO;AMIGOS DEL FUTBOL ANTA;30/10/26;LIGA ANTEÑA
0733;NO ACTIVO;AMIGOS DEL FUTBOL ANTA;30/10/26;LIGA ANTEÑA
0734;NO ACTIVO;AMIGOS DEL FUTBOL ANTA;30/10/26;LIGA ANTEÑA
0735;NO ACTIVO;AMIGOS DEL FUTBOL ANTA;30/10/26;LIGA ANTEÑA
0736;NO ACTIVO;AMIGOS DEL FUTBOL ANTA;30/10/26;LIGA ANTEÑA
0737;NO ACTIVO;AMIGOS DEL FUTBOL ANTA;30/10/26;LIGA ANTEÑA
0738;NO ACTIVO;AMIGOS DEL FUTBOL ANTA;30/10/26;LIGA ANTEÑA
0739;NO ACTIVO;AMIGOS DEL FUTBOL ANTA;30/10/26;LIGA ANTEÑA
0740;NO ACTIVO;AMIGOS DEL FUTBOL ANTA;30/10/26;LIGA ANTEÑA
0741;NO ACTIVO;AMIGOS DEL FUTBOL ANTA;30/10/26;LIGA ANTEÑA
0742;NO ACTIVO;AMIGOS DEL FUTBOL ANTA;30/10/26;LIGA ANTEÑA
0743;NO ACTIVO;AMIGOS DEL FUTBOL ANTA;30/10/26;LIGA ANTEÑA
0744;NO ACTIVO;AMIGOS DEL FUTBOL ANTA;30/10/26;LIGA ANTEÑA
0745;NO ACTIVO;AMIGOS DEL FUTBOL ANTA;30/10/26;LIGA ANTEÑA
0746;NO ACTIVO;AMIGOS DEL FUTBOL ANTA;30/10/26;LIGA ANTEÑA
0747;NO ACTIVO;AMIGOS DEL FUTBOL ANTA;30/10/26;LIGA ANTEÑA
0748;NO ACTIVO;AMIGOS DEL FUTBOL ANTA;30/10/26;LIGA ANTEÑA
0749;NO ACTIVO;AMIGOS DEL FUTBOL ANTA;30/10/26;LIGA ANTEÑA
0750;NO ACTIVO;AMIGOS DEL FUTBOL ANTA;30/10/26;LIGA ANTEÑA
0751;NO ACTIVO;AMIGOS DEL FUTBOL ANTA;30/10/26;LIGA ANTEÑA
0752;NO ACTIVO;AMIGOS DEL FUTBOL ANTA;30/10/26;LIGA ANTEÑA
0753;NO ACTIVO;AMIGOS DEL FUTBOL ANTA;30/10/26;LIGA ANTEÑA
0754;NO ACTIVO;AMIGOS DEL FUTBOL ANTA;30/10/26;LIGA ANTEÑA
0755;NO ACTIVO;AMIGOS DEL FUTBOL ANTA;30/10/26;LIGA ANTEÑA
0756;NO ACTIVO;AMIGOS DEL FUTBOL ANTA;30/10/26;LIGA ANTEÑA
0757;NO ACTIVO;AMIGOS DEL FUTBOL ANTA;30/10/26;LIGA ANTEÑA
0758;NO ACTIVO;AMIGOS DEL FUTBOL ANTA;30/10/26;LIGA ANTEÑA
0759;NO ACTIVO;AMIGOS DEL FUTBOL ANTA;30/10/26;LIGA ANTEÑA
0760;NO ACTIVO;AMIGOS DEL FUTBOL ANTA;30/10/26;LIGA ANTEÑA
0761;NO ACTIVO;AMIGOS DEL FUTBOL ANTA;30/10/26;LIGA ANTEÑA
0762;NO ACTIVO;AMIGOS DEL FUTBOL ANTA;30/10/26;LIGA ANTEÑA
0763;NO ACTIVO;AMIGOS DEL FUTBOL ANTA;30/10/26;LIGA ANTEÑA
0764;NO ACTIVO;AMIGOS DEL FUTBOL ANTA;30/10/26;LIGA ANTEÑA
0765;NO ACTIVO;AMIGOS DEL FUTBOL ANTA;30/10/26;LIGA ANTEÑA
0766;NO ACTIVO;AMIGOS DEL FUTBOL ANTA;30/10/26;LIGA ANTEÑA
0767;NO ACTIVO;AMIGOS DEL FUTBOL ANTA;30/10/26;LIGA ANTEÑA
0768;NO ACTIVO;AMIGOS DEL FUTBOL ANTA;30/10/26;LIGA ANTEÑA
0769;NO ACTIVO;AMIGOS DEL FUTBOL ANTA;30/10/26;LIGA ANTEÑA
0770;NO ACTIVO;AMIGOS DEL FUTBOL ANTA;30/10/26;LIGA ANTEÑA
0771;NO ACTIVO;AMIGOS DEL FUTBOL ANTA;30/10/26;LIGA ANTEÑA
0772;NO ACTIVO;AMIGOS DEL FUTBOL ANTA;30/10/26;LIGA ANTEÑA
0773;NO ACTIVO;AMIGOS DEL FUTBOL ANTA;30/10/26;LIGA ANTEÑA
0774;NO ACTIVO;AMIGOS DEL FUTBOL ANTA;30/10/26;LIGA ANTEÑA
0775;NO ACTIVO;AMIGOS DEL FUTBOL ANTA;30/10/26;LIGA ANTEÑA
0776;NO ACTIVO;AMIGOS DEL FUTBOL ANTA;30/10/26;LIGA ANTEÑA
0777;NO ACTIVO;AMIGOS DEL FUTBOL ANTA;30/10/26;LIGA ANTEÑA
0778;NO ACTIVO;AMIGOS DEL FUTBOL ANTA;30/10/26;LIGA ANTEÑA
0779;NO ACTIVO;AMIGOS DEL FUTBOL ANTA;30/10/26;LIGA ANTEÑA
0780;NO ACTIVO;AMIGOS DEL FUTBOL ANTA;30/10/26;LIGA ANTEÑA
0781;NO ACTIVO;AMIGOS DEL FUTBOL ANTA;30/10/26;LIGA ANTEÑA
0782;NO ACTIVO;AMIGOS DEL FUTBOL ANTA;30/10/26;LIGA ANTEÑA
0783;NO ACTIVO;AMIGOS DEL FUTBOL ANTA;30/10/26;LIGA ANTEÑA
0784;NO ACTIVO;AMIGOS DEL FUTBOL ANTA;30/10/26;LIGA ANTEÑA
0785;NO ACTIVO;AMIGOS DEL FUTBOL ANTA;30/10/26;LIGA ANTEÑA
0786;NO ACTIVO;AMIGOS DEL FUTBOL ANTA;30/10/26;LIGA ANTEÑA
0787;NO ACTIVO;AMIGOS DEL FUTBOL ANTA;30/10/26;LIGA ANTEÑA
0788;NO ACTIVO;AMIGOS DEL FUTBOL ANTA;30/10/26;LIGA ANTEÑA
0789;NO ACTIVO;AMIGOS DEL FUTBOL ANTA;30/10/26;LIGA ANTEÑA
0790;NO ACTIVO;AMIGOS DEL FUTBOL ANTA;30/10/26;LIGA ANTEÑA
0791;NO ACTIVO;AMIGOS DEL FUTBOL ANTA;30/10/26;LIGA ANTEÑA
0792;NO ACTIVO;AMIGOS DEL FUTBOL ANTA;30/10/26;LIGA ANTEÑA
0793;NO ACTIVO;AMIGOS DEL FUTBOL ANTA;30/10/26;LIGA ANTEÑA
0794;NO ACTIVO;AMIGOS DEL FUTBOL ANTA;30/10/26;LIGA ANTEÑA
0795;NO ACTIVO;AMIGOS DEL FUTBOL ANTA;30/10/26;LIGA ANTEÑA
0796;NO ACTIVO;AMIGOS DEL FUTBOL ANTA;30/10/26;LIGA ANTEÑA
0797;NO ACTIVO;AMIGOS DEL FUTBOL ANTA;30/10/26;LIGA ANTEÑA
0798;NO ACTIVO;AMIGOS DEL FUTBOL ANTA;30/10/26;LIGA ANTEÑA
0799;NO ACTIVO;AMIGOS DEL FUTBOL ANTA;30/10/26;LIGA ANTEÑA
0800;NO ACTIVO;AMIGOS DEL FUTBOL ANTA;30/10/26;LIGA ANTEÑA
0801;NO ACTIVO;AMIGOS DEL FUTBOL ANTA;30/10/26;LIGA ANTEÑA
0802;NO ACTIVO;AMIGOS DEL FUTBOL ANTA;30/10/26;LIGA ANTEÑA
0803;NO ACTIVO;AMIGOS DEL FUTBOL ANTA;30/10/26;LIGA ANTEÑA
0804;NO ACTIVO;AMIGOS DEL FUTBOL ANTA;30/10/26;LIGA ANTEÑA
0805;NO ACTIVO;AMIGOS DEL FUTBOL ANTA;30/10/26;LIGA ANTEÑA
0806;NO ACTIVO;AMIGOS DEL FUTBOL ANTA;30/10/26;LIGA ANTEÑA
0807;NO ACTIVO;AMIGOS DEL FUTBOL ANTA;30/10/26;LIGA ANTEÑA
0808;NO ACTIVO;AMIGOS DEL FUTBOL ANTA;30/10/26;LIGA ANTEÑA
0809;NO ACTIVO;AMIGOS DEL FUTBOL ANTA;30/10/26;LIGA ANTEÑA
0810;NO ACTIVO;AMIGOS DEL FUTBOL ANTA;30/10/26;LIGA ANTEÑA
0811;NO ACTIVO;AMIGOS DEL FUTBOL ANTA;30/10/26;LIGA ANTEÑA
0812;NO ACTIVO;AMIGOS DEL FUTBOL ANTA;30/10/26;LIGA ANTEÑA
0813;NO ACTIVO;AMIGOS DEL FUTBOL ANTA;30/10/26;LIGA ANTEÑA
0814;NO ACTIVO;AMIGOS DEL FUTBOL ANTA;30/10/26;LIGA ANTEÑA
0815;NO ACTIVO;AMIGOS DEL FUTBOL ANTA;30/10/26;LIGA ANTEÑA
0816;NO ACTIVO;AMIGOS DEL FUTBOL ANTA;30/10/26;LIGA ANTEÑA
0817;NO ACTIVO;AMIGOS DEL FUTBOL ANTA;30/10/26;LIGA ANTEÑA
0818;NO ACTIVO;AMIGOS DEL FUTBOL ANTA;30/10/26;LIGA ANTEÑA
0819;NO ACTIVO;AMIGOS DEL FUTBOL ANTA;30/10/26;LIGA ANTEÑA
0820;NO ACTIVO;AMIGOS DEL FUTBOL ANTA;30/10/26;LIGA ANTEÑA
0821;NO ACTIVO;AMIGOS DEL FUTBOL ANTA;30/10/26;LIGA ANTEÑA
0822;NO ACTIVO;AMIGOS DEL FUTBOL ANTA;30/10/26;LIGA ANTEÑA
0823;NO ACTIVO;AMIGOS DEL FUTBOL ANTA;30/10/26;LIGA ANTEÑA
0824;NO ACTIVO;AMIGOS DEL FUTBOL ANTA;30/10/26;LIGA ANTEÑA
0825;NO ACTIVO;AMIGOS DEL FUTBOL ANTA;30/10/26;LIGA ANTEÑA
0826;NO ACTIVO;AMIGOS DEL FUTBOL ANTA;30/10/26;LIGA ANTEÑA
0827;NO ACTIVO;AMIGOS DEL FUTBOL ANTA;30/10/26;LIGA ANTEÑA
0828;NO ACTIVO;AMIGOS DEL FUTBOL ANTA;30/10/26;LIGA ANTEÑA
0829;NO ACTIVO;AMIGOS DEL FUTBOL ANTA;30/10/26;LIGA ANTEÑA
0830;NO ACTIVO;AMIGOS DEL FUTBOL ANTA;30/10/26;LIGA ANTEÑA
0831;NO ACTIVO;AMIGOS DEL FUTBOL ANTA;30/10/26;LIGA ANTEÑA
0832;NO ACTIVO;AMIGOS DEL FUTBOL ANTA;30/10/26;LIGA ANTEÑA
0833;NO ACTIVO;AMIGOS DEL FUTBOL ANTA;30/10/26;LIGA ANTEÑA
0834;NO ACTIVO;AMIGOS DEL FUTBOL ANTA;30/10/26;LIGA ANTEÑA
0835;NO ACTIVO;AMIGOS DEL FUTBOL ANTA;30/10/26;LIGA ANTEÑA
0836;NO ACTIVO;AMIGOS DEL FUTBOL ANTA;30/10/26;LIGA ANTEÑA
0837;NO ACTIVO;AMIGOS DEL FUTBOL ANTA;30/10/26;LIGA ANTEÑA
0838;NO ACTIVO;AMIGOS DEL FUTBOL ANTA;30/10/26;LIGA ANTEÑA
0839;NO ACTIVO;AMIGOS DEL FUTBOL ANTA;30/10/26;LIGA ANTEÑA
0840;NO ACTIVO;AMIGOS DEL FUTBOL ANTA;30/10/26;LIGA ANTEÑA
0841;NO ACTIVO;AMIGOS DEL FUTBOL ANTA;30/10/26;LIGA ANTEÑA
0842;NO ACTIVO;AMIGOS DEL FUTBOL ANTA;30/10/26;LIGA ANTEÑA
0843;NO ACTIVO;AMIGOS DEL FUTBOL ANTA;30/10/26;LIGA ANTEÑA
0844;NO ACTIVO;AMIGOS DEL FUTBOL ANTA;30/10/26;LIGA ANTEÑA
0845;NO ACTIVO;AMIGOS DEL FUTBOL ANTA;30/10/26;LIGA ANTEÑA
0846;NO ACTIVO;AMIGOS DEL FUTBOL ANTA;30/10/26;LIGA ANTEÑA
0847;NO ACTIVO;AMIGOS DEL FUTBOL ANTA;30/10/26;LIGA ANTEÑA
0848;NO ACTIVO;AMIGOS DEL FUTBOL ANTA;30/10/26;LIGA ANTEÑA
0849;NO ACTIVO;AMIGOS DEL FUTBOL ANTA;30/10/26;LIGA ANTEÑA
0850;NO ACTIVO;AMIGOS DEL FUTBOL ANTA;30/10/26;LIGA ANTEÑA
0851;NO ACTIVO;AMIGOS DEL FUTBOL ANTA;30/10/26;LIGA ANTEÑA
0852;NO ACTIVO;AMIGOS DEL FUTBOL ANTA;30/10/26;LIGA ANTEÑA
0853;NO ACTIVO;AMIGOS DEL FUTBOL ANTA;30/10/26;LIGA ANTEÑA
0854;NO ACTIVO;AMIGOS DEL FUTBOL ANTA;30/10/26;LIGA ANTEÑA
0855;NO ACTIVO;AMIGOS DEL FUTBOL ANTA;30/10/26;LIGA ANTEÑA
0856;NO ACTIVO;AMIGOS DEL FUTBOL ANTA;30/10/26;LIGA ANTEÑA
0857;NO ACTIVO;AMIGOS DEL FUTBOL ANTA;30/10/26;LIGA ANTEÑA
0858;NO ACTIVO;AMIGOS DEL FUTBOL ANTA;30/10/26;LIGA ANTEÑA
0859;NO ACTIVO;AMIGOS DEL FUTBOL ANTA;30/10/26;LIGA ANTEÑA
0860;NO ACTIVO;AMIGOS DEL FUTBOL ANTA;30/10/26;LIGA ANTEÑA
0861;NO ACTIVO;AMIGOS DEL FUTBOL ANTA;30/10/26;LIGA ANTEÑA
0862;NO ACTIVO;AMIGOS DEL FUTBOL ANTA;30/10/26;LIGA ANTEÑA
0863;NO ACTIVO;AMIGOS DEL FUTBOL ANTA;30/10/26;LIGA ANTEÑA
0864;NO ACTIVO;AMIGOS DEL FUTBOL ANTA;30/10/26;LIGA ANTEÑA
0865;NO ACTIVO;AMIGOS DEL FUTBOL ANTA;30/10/26;LIGA ANTEÑA
0866;NO ACTIVO;AMIGOS DEL FUTBOL ANTA;30/10/26;LIGA ANTEÑA
0867;NO ACTIVO;AMIGOS DEL FUTBOL ANTA;30/10/26;LIGA ANTEÑA
0868;NO ACTIVO;AMIGOS DEL FUTBOL ANTA;30/10/26;LIGA ANTEÑA
0869;NO ACTIVO;AMIGOS DEL FUTBOL ANTA;30/10/26;LIGA ANTEÑA
0870;NO ACTIVO;AMIGOS DEL FUTBOL ANTA;30/10/26;LIGA ANTEÑA
0871;NO ACTIVO;AMIGOS DEL FUTBOL ANTA;30/10/26;LIGA ANTEÑA
0872;NO ACTIVO;AMIGOS DEL FUTBOL ANTA;30/10/26;LIGA ANTEÑA
0873;NO ACTIVO;AMIGOS DEL FUTBOL ANTA;30/10/26;LIGA ANTEÑA
0874;NO ACTIVO;AMIGOS DEL FUTBOL ANTA;30/10/26;LIGA ANTEÑA
0875;NO ACTIVO;AMIGOS DEL FUTBOL ANTA;30/10/26;LIGA ANTEÑA
0876;NO ACTIVO;AMIGOS DEL FUTBOL ANTA;30/10/26;LIGA ANTEÑA
0877;NO ACTIVO;AMIGOS DEL FUTBOL ANTA;30/10/26;LIGA ANTEÑA
0878;NO ACTIVO;AMIGOS DEL FUTBOL ANTA;30/10/26;LIGA ANTEÑA
0879;NO ACTIVO;AMIGOS DEL FUTBOL ANTA;30/10/26;LIGA ANTEÑA
0880;NO ACTIVO;AMIGOS DEL FUTBOL ANTA;30/10/26;LIGA ANTEÑA
0881;NO ACTIVO;AMIGOS DEL FUTBOL ANTA;30/10/26;LIGA ANTEÑA
0882;NO ACTIVO;AMIGOS DEL FUTBOL ANTA;30/10/26;LIGA ANTEÑA
0883;NO ACTIVO;AMIGOS DEL FUTBOL ANTA;30/10/26;LIGA ANTEÑA
0884;NO ACTIVO;AMIGOS DEL FUTBOL ANTA;30/10/26;LIGA ANTEÑA
0885;NO ACTIVO;AMIGOS DEL FUTBOL ANTA;30/10/26;LIGA ANTEÑA
0886;NO ACTIVO;AMIGOS DEL FUTBOL ANTA;30/10/26;LIGA ANTEÑA
0887;NO ACTIVO;AMIGOS DEL FUTBOL ANTA;30/10/26;LIGA ANTEÑA
0888;NO ACTIVO;AMIGOS DEL FUTBOL ANTA;30/10/26;LIGA ANTEÑA
0889;NO ACTIVO;AMIGOS DEL FUTBOL ANTA;30/10/26;LIGA ANTEÑA
0890;NO ACTIVO;AMIGOS DEL FUTBOL ANTA;30/10/26;LIGA ANTEÑA
0891;NO ACTIVO;AMIGOS DEL FUTBOL ANTA;30/10/26;LIGA ANTEÑA
0892;NO ACTIVO;AMIGOS DEL FUTBOL ANTA;30/10/26;LIGA ANTEÑA
0893;NO ACTIVO;AMIGOS DEL FUTBOL ANTA;30/10/26;LIGA ANTEÑA
0894;NO ACTIVO;AMIGOS DEL FUTBOL ANTA;30/10/26;LIGA ANTEÑA
0895;NO ACTIVO;AMIGOS DEL FUTBOL ANTA;30/10/26;LIGA ANTEÑA
0896;NO ACTIVO;AMIGOS DEL FUTBOL ANTA;30/10/26;LIGA ANTEÑA
0897;NO ACTIVO;AMIGOS DEL FUTBOL ANTA;30/10/26;LIGA ANTEÑA
0898;NO ACTIVO;AMIGOS DEL FUTBOL ANTA;30/10/26;LIGA ANTEÑA
0899;NO ACTIVO;AMIGOS DEL FUTBOL ANTA;30/10/26;LIGA ANTEÑA
0900;NO ACTIVO;AMIGOS DEL FUTBOL ANTA;30/10/26;LIGA ANTEÑA
0901;NO ACTIVO;AMIGOS DEL FUTBOL ANTA;30/10/26;LIGA ANTEÑA
0902;NO ACTIVO;AMIGOS DEL FUTBOL ANTA;30/10/26;LIGA ANTEÑA
0903;NO ACTIVO;AMIGOS DEL FUTBOL ANTA;30/10/26;LIGA ANTEÑA
0904;NO ACTIVO;AMIGOS DEL FUTBOL ANTA;30/10/26;LIGA ANTEÑA
0905;NO ACTIVO;AMIGOS DEL FUTBOL ANTA;30/10/26;LIGA ANTEÑA
0906;NO ACTIVO;AMIGOS DEL FUTBOL ANTA;30/10/26;LIGA ANTEÑA
0907;NO ACTIVO;AMIGOS DEL FUTBOL ANTA;30/10/26;LIGA ANTEÑA
0908;NO ACTIVO;AMIGOS DEL FUTBOL ANTA;30/10/26;LIGA ANTEÑA
0909;NO ACTIVO;AMIGOS DEL FUTBOL ANTA;30/10/26;LIGA ANTEÑA
0910;NO ACTIVO;AMIGOS DEL FUTBOL ANTA;30/10/26;LIGA ANTEÑA
0911;NO ACTIVO;AMIGOS DEL FUTBOL ANTA;30/10/26;LIGA ANTEÑA
0912;NO ACTIVO;AMIGOS DEL FUTBOL ANTA;30/10/26;LIGA ANTEÑA
0913;NO ACTIVO;AMIGOS DEL FUTBOL ANTA;30/10/26;LIGA ANTEÑA
0914;NO ACTIVO;AMIGOS DEL FUTBOL ANTA;30/10/26;LIGA ANTEÑA
0915;NO ACTIVO;AMIGOS DEL FUTBOL ANTA;30/10/26;LIGA ANTEÑA
0916;NO ACTIVO;AMIGOS DEL FUTBOL ANTA;30/10/26;LIGA ANTEÑA
0917;NO ACTIVO;AMIGOS DEL FUTBOL ANTA;30/10/26;LIGA ANTEÑA
0918;NO ACTIVO;AMIGOS DEL FUTBOL ANTA;30/10/26;LIGA ANTEÑA
0919;NO ACTIVO;AMIGOS DEL FUTBOL ANTA;30/10/26;LIGA ANTEÑA
0920;NO ACTIVO;AMIGOS DEL FUTBOL ANTA;30/10/26;LIGA ANTEÑA
0921;NO ACTIVO;AMIGOS DEL FUTBOL ANTA;30/10/26;LIGA ANTEÑA
0922;NO ACTIVO;AMIGOS DEL FUTBOL ANTA;30/10/26;LIGA ANTEÑA
0923;NO ACTIVO;AMIGOS DEL FUTBOL ANTA;30/10/26;LIGA ANTEÑA
0924;NO ACTIVO;AMIGOS DEL FUTBOL ANTA;30/10/26;LIGA ANTEÑA
0925;NO ACTIVO;AMIGOS DEL FUTBOL ANTA;30/10/26;LIGA ANTEÑA
0926;NO ACTIVO;AMIGOS DEL FUTBOL ANTA;30/10/26;LIGA ANTEÑA
0927;NO ACTIVO;AMIGOS DEL FUTBOL ANTA;30/10/26;LIGA ANTEÑA
0928;NO ACTIVO;AMIGOS DEL FUTBOL ANTA;30/10/26;LIGA ANTEÑA
0929;NO ACTIVO;AMIGOS DEL FUTBOL ANTA;30/10/26;LIGA ANTEÑA
0930;NO ACTIVO;AMIGOS DEL FUTBOL ANTA;30/10/26;LIGA ANTEÑA
0931;NO ACTIVO;AMIGOS DEL FUTBOL ANTA;30/10/26;LIGA ANTEÑA
0932;NO ACTIVO;AMIGOS DEL FUTBOL ANTA;30/10/26;LIGA ANTEÑA
0933;NO ACTIVO;AMIGOS DEL FUTBOL ANTA;30/10/26;LIGA ANTEÑA
0934;NO ACTIVO;AMIGOS DEL FUTBOL ANTA;30/10/26;LIGA ANTEÑA
0935;NO ACTIVO;AMIGOS DEL FUTBOL ANTA;30/10/26;LIGA ANTEÑA
0936;NO ACTIVO;AMIGOS DEL FUTBOL ANTA;30/10/26;LIGA ANTEÑA
0937;NO ACTIVO;AMIGOS DEL FUTBOL ANTA;30/10/26;LIGA ANTEÑA
0938;NO ACTIVO;AMIGOS DEL FUTBOL ANTA;30/10/26;LIGA ANTEÑA
0939;NO ACTIVO;AMIGOS DEL FUTBOL ANTA;30/10/26;LIGA ANTEÑA
0940;NO ACTIVO;AMIGOS DEL FUTBOL ANTA;30/10/26;LIGA ANTEÑA
0941;NO ACTIVO;AMIGOS DEL FUTBOL ANTA;30/10/26;LIGA ANTEÑA
0942;NO ACTIVO;AMIGOS DEL FUTBOL ANTA;30/10/26;LIGA ANTEÑA
0943;NO ACTIVO;AMIGOS DEL FUTBOL ANTA;30/10/26;LIGA ANTEÑA
0944;NO ACTIVO;AMIGOS DEL FUTBOL ANTA;30/10/26;LIGA ANTEÑA
0945;NO ACTIVO;AMIGOS DEL FUTBOL ANTA;30/10/26;LIGA ANTEÑA
0946;NO ACTIVO;AMIGOS DEL FUTBOL ANTA;30/10/26;LIGA ANTEÑA
0947;NO ACTIVO;AMIGOS DEL FUTBOL ANTA;30/10/26;LIGA ANTEÑA
0948;NO ACTIVO;AMIGOS DEL FUTBOL ANTA;30/10/26;LIGA ANTEÑA
0949;NO ACTIVO;AMIGOS DEL FUTBOL ANTA;30/10/26;LIGA ANTEÑA
0950;NO ACTIVO;AMIGOS DEL FUTBOL ANTA;30/10/26;LIGA ANTEÑA
0951;NO ACTIVO;AMIGOS DEL FUTBOL ANTA;30/10/26;LIGA ANTEÑA
0952;NO ACTIVO;AMIGOS DEL FUTBOL ANTA;30/10/26;LIGA ANTEÑA
0953;NO ACTIVO;AMIGOS DEL FUTBOL ANTA;30/10/26;LIGA ANTEÑA
0954;NO ACTIVO;AMIGOS DEL FUTBOL ANTA;30/10/26;LIGA ANTEÑA
0955;NO ACTIVO;AMIGOS DEL FUTBOL ANTA;30/10/26;LIGA ANTEÑA
0956;NO ACTIVO;AMIGOS DEL FUTBOL ANTA;30/10/26;LIGA ANTEÑA
0957;NO ACTIVO;AMIGOS DEL FUTBOL ANTA;30/10/26;LIGA ANTEÑA
0958;NO ACTIVO;AMIGOS DEL FUTBOL ANTA;30/10/26;LIGA ANTEÑA
0959;NO ACTIVO;AMIGOS DEL FUTBOL ANTA;30/10/26;LIGA ANTEÑA
0960;NO ACTIVO;AMIGOS DEL FUTBOL ANTA;30/10/26;LIGA ANTEÑA
0961;NO ACTIVO;AMIGOS DEL FUTBOL ANTA;30/10/26;LIGA ANTEÑA
0962;NO ACTIVO;AMIGOS DEL FUTBOL ANTA;30/10/26;LIGA ANTEÑA
0963;NO ACTIVO;AMIGOS DEL FUTBOL ANTA;30/10/26;LIGA ANTEÑA
0964;NO ACTIVO;AMIGOS DEL FUTBOL ANTA;30/10/26;LIGA ANTEÑA
0965;NO ACTIVO;AMIGOS DEL FUTBOL ANTA;30/10/26;LIGA ANTEÑA
0966;NO ACTIVO;AMIGOS DEL FUTBOL ANTA;30/10/26;LIGA ANTEÑA
0967;NO ACTIVO;AMIGOS DEL FUTBOL ANTA;30/10/26;LIGA ANTEÑA
0968;NO ACTIVO;AMIGOS DEL FUTBOL ANTA;30/10/26;LIGA ANTEÑA
0969;NO ACTIVO;AMIGOS DEL FUTBOL ANTA;30/10/26;LIGA ANTEÑA
0970;NO ACTIVO;AMIGOS DEL FUTBOL ANTA;30/10/26;LIGA ANTEÑA
0971;NO ACTIVO;AMIGOS DEL FUTBOL ANTA;30/10/26;LIGA ANTEÑA
0972;NO ACTIVO;AMIGOS DEL FUTBOL ANTA;30/10/26;LIGA ANTEÑA
0973;NO ACTIVO;AMIGOS DEL FUTBOL ANTA;30/10/26;LIGA ANTEÑA
0974;NO ACTIVO;AMIGOS DEL FUTBOL ANTA;30/10/26;LIGA ANTEÑA
0975;NO ACTIVO;AMIGOS DEL FUTBOL ANTA;30/10/26;LIGA ANTEÑA
0976;NO ACTIVO;AMIGOS DEL FUTBOL ANTA;30/10/26;LIGA ANTEÑA
0977;NO ACTIVO;AMIGOS DEL FUTBOL ANTA;30/10/26;LIGA ANTEÑA
0978;NO ACTIVO;AMIGOS DEL FUTBOL ANTA;30/10/26;LIGA ANTEÑA
0979;NO ACTIVO;AMIGOS DEL FUTBOL ANTA;30/10/26;LIGA ANTEÑA
0980;NO ACTIVO;AMIGOS DEL FUTBOL ANTA;30/10/26;LIGA ANTEÑA
0981;NO ACTIVO;AMIGOS DEL FUTBOL ANTA;30/10/26;LIGA ANTEÑA
0982;NO ACTIVO;AMIGOS DEL FUTBOL ANTA;30/10/26;LIGA ANTEÑA
0983;NO ACTIVO;AMIGOS DEL FUTBOL ANTA;30/10/26;LIGA ANTEÑA
0984;NO ACTIVO;AMIGOS DEL FUTBOL ANTA;30/10/26;LIGA ANTEÑA
0985;NO ACTIVO;AMIGOS DEL FUTBOL ANTA;30/10/26;LIGA ANTEÑA
0986;NO ACTIVO;AMIGOS DEL FUTBOL ANTA;30/10/26;LIGA ANTEÑA
0987;NO ACTIVO;AMIGOS DEL FUTBOL ANTA;30/10/26;LIGA ANTEÑA
0988;NO ACTIVO;AMIGOS DEL FUTBOL ANTA;30/10/26;LIGA ANTEÑA
0989;NO ACTIVO;AMIGOS DEL FUTBOL ANTA;30/10/26;LIGA ANTEÑA
0990;NO ACTIVO;AMIGOS DEL FUTBOL ANTA;30/10/26;LIGA ANTEÑA
0991;NO ACTIVO;AMIGOS DEL FUTBOL ANTA;30/10/26;LIGA ANTEÑA
0992;NO ACTIVO;AMIGOS DEL FUTBOL ANTA;30/10/26;LIGA ANTEÑA
0993;NO ACTIVO;AMIGOS DEL FUTBOL ANTA;30/10/26;LIGA ANTEÑA
0994;NO ACTIVO;AMIGOS DEL FUTBOL ANTA;30/10/26;LIGA ANTEÑA
0995;NO ACTIVO;AMIGOS DEL FUTBOL ANTA;30/10/26;LIGA ANTEÑA
0996;NO ACTIVO;AMIGOS DEL FUTBOL ANTA;30/10/26;LIGA ANTEÑA
0997;NO ACTIVO;AMIGOS DEL FUTBOL ANTA;30/10/26;LIGA ANTEÑA
0998;NO ACTIVO;AMIGOS DEL FUTBOL ANTA;30/10/26;LIGA ANTEÑA
0999;NO ACTIVO;AMIGOS DEL FUTBOL ANTA;30/10/26;LIGA ANTEÑA
1000;NO ACTIVO;AMIGOS DEL FUTBOL ANTA;30/10/26;LIGA ANTEÑA
1001;NO ACTIVO;AMIGOS DEL FUTBOL ANTA;30/10/26;LIGA ANTEÑA
1002;NO ACTIVO;AMIGOS DEL FUTBOL ANTA;30/10/26;LIGA ANTEÑA
1003;NO ACTIVO;AMIGOS DEL FUTBOL ANTA;30/10/26;LIGA ANTEÑA
1004;NO ACTIVO;AMIGOS DEL FUTBOL ANTA;30/10/26;LIGA ANTEÑA
1005;NO ACTIVO;AMIGOS DEL FUTBOL ANTA;30/10/26;LIGA ANTEÑA
1006;NO ACTIVO;AMIGOS DEL FUTBOL ANTA;30/10/26;LIGA ANTEÑA
1007;NO ACTIVO;AMIGOS DEL FUTBOL ANTA;30/10/26;LIGA ANTEÑA
1008;NO ACTIVO;AMIGOS DEL FUTBOL ANTA;30/10/26;LIGA ANTEÑA
1009;NO ACTIVO;AMIGOS DEL FUTBOL ANTA;30/10/26;LIGA ANTEÑA
1010;NO ACTIVO;AMIGOS DEL FUTBOL ANTA;30/10/26;LIGA ANTEÑA
1011;NO ACTIVO;AMIGOS DEL FUTBOL ANTA;30/10/26;LIGA ANTEÑA
1012;NO ACTIVO;AMIGOS DEL FUTBOL ANTA;30/10/26;LIGA ANTEÑA
1013;NO ACTIVO;AMIGOS DEL FUTBOL ANTA;30/10/26;LIGA ANTEÑA
1014;NO ACTIVO;AMIGOS DEL FUTBOL ANTA;30/10/26;LIGA ANTEÑA
1015;NO ACTIVO;AMIGOS DEL FUTBOL ANTA;30/10/26;LIGA ANTEÑA
1016;NO ACTIVO;AMIGOS DEL FUTBOL ANTA;30/10/26;LIGA ANTEÑA
1017;NO ACTIVO;AMIGOS DEL FUTBOL ANTA;30/10/26;LIGA ANTEÑA
1018;NO ACTIVO;AMIGOS DEL FUTBOL ANTA;30/10/26;LIGA ANTEÑA
1019;NO ACTIVO;AMIGOS DEL FUTBOL ANTA;30/10/26;LIGA ANTEÑA
1020;NO ACTIVO;AMIGOS DEL FUTBOL ANTA;30/10/26;LIGA ANTEÑA
1021;NO ACTIVO;AMIGOS DEL FUTBOL ANTA;30/10/26;LIGA ANTEÑA
1022;NO ACTIVO;AMIGOS DEL FUTBOL ANTA;30/10/26;LIGA ANTEÑA
1023;NO ACTIVO;AMIGOS DEL FUTBOL ANTA;30/10/26;LIGA ANTEÑA
1024;NO ACTIVO;AMIGOS DEL FUTBOL ANTA;30/10/26;LIGA ANTEÑA
1025;NO ACTIVO;AMIGOS DEL FUTBOL ANTA;30/10/26;LIGA ANTEÑA
1026;NO ACTIVO;AMIGOS DEL FUTBOL ANTA;30/10/26;LIGA ANTEÑA
1027;NO ACTIVO;AMIGOS DEL FUTBOL ANTA;30/10/26;LIGA ANTEÑA
1028;NO ACTIVO;AMIGOS DEL FUTBOL ANTA;30/10/26;LIGA ANTEÑA
1029;NO ACTIVO;AMIGOS DEL FUTBOL ANTA;30/10/26;LIGA ANTEÑA
1030;NO ACTIVO;AMIGOS DEL FUTBOL ANTA;30/10/26;LIGA ANTEÑA
1031;NO ACTIVO;AMIGOS DEL FUTBOL ANTA;30/10/26;LIGA ANTEÑA
1032;NO ACTIVO;AMIGOS DEL FUTBOL ANTA;30/10/26;LIGA ANTEÑA
1033;NO ACTIVO;AMIGOS DEL FUTBOL ANTA;30/10/26;LIGA ANTEÑA
1034;NO ACTIVO;AMIGOS DEL FUTBOL ANTA;30/10/26;LIGA ANTEÑA
1035;NO ACTIVO;AMIGOS DEL FUTBOL ANTA;30/10/26;LIGA ANTEÑA
1036;NO ACTIVO;AMIGOS DEL FUTBOL ANTA;30/10/26;LIGA ANTEÑA
1037;NO ACTIVO;AMIGOS DEL FUTBOL ANTA;30/10/26;LIGA ANTEÑA
1038;NO ACTIVO;AMIGOS DEL FUTBOL ANTA;30/10/26;LIGA ANTEÑA
1039;NO ACTIVO;AMIGOS DEL FUTBOL ANTA;30/10/26;LIGA ANTEÑA
1040;NO ACTIVO;AMIGOS DEL FUTBOL ANTA;30/10/26;LIGA ANTEÑA
1041;NO ACTIVO;AMIGOS DEL FUTBOL ANTA;30/10/26;LIGA ANTEÑA
1042;NO ACTIVO;AMIGOS DEL FUTBOL ANTA;30/10/26;LIGA ANTEÑA
1043;NO ACTIVO;AMIGOS DEL FUTBOL ANTA;30/10/26;LIGA ANTEÑA
1044;NO ACTIVO;AMIGOS DEL FUTBOL ANTA;30/10/26;LIGA ANTEÑA
1045;NO ACTIVO;AMIGOS DEL FUTBOL ANTA;30/10/26;LIGA ANTEÑA
1046;NO ACTIVO;AMIGOS DEL FUTBOL ANTA;30/10/26;LIGA ANTEÑA
1047;NO ACTIVO;AMIGOS DEL FUTBOL ANTA;30/10/26;LIGA ANTEÑA
1048;NO ACTIVO;AMIGOS DEL FUTBOL ANTA;30/10/26;LIGA ANTEÑA
1049;NO ACTIVO;AMIGOS DEL FUTBOL ANTA;30/10/26;LIGA ANTEÑA
1050;NO ACTIVO;AMIGOS DEL FUTBOL ANTA;30/10/26;LIGA ANTEÑA
1051;NO ACTIVO;AMIGOS DEL FUTBOL ANTA;30/10/26;LIGA ANTEÑA
1052;NO ACTIVO;AMIGOS DEL FUTBOL ANTA;30/10/26;LIGA ANTEÑA
1053;NO ACTIVO;AMIGOS DEL FUTBOL ANTA;30/10/26;LIGA ANTEÑA
1054;NO ACTIVO;AMIGOS DEL FUTBOL ANTA;30/10/26;LIGA ANTEÑA
1055;NO ACTIVO;AMIGOS DEL FUTBOL ANTA;30/10/26;LIGA ANTEÑA
1056;NO ACTIVO;AMIGOS DEL FUTBOL ANTA;30/10/26;LIGA ANTEÑA
1057;NO ACTIVO;AMIGOS DEL FUTBOL ANTA;30/10/26;LIGA ANTEÑA
1058;NO ACTIVO;AMIGOS DEL FUTBOL ANTA;30/10/26;LIGA ANTEÑA
1059;NO ACTIVO;AMIGOS DEL FUTBOL ANTA;30/10/26;LIGA ANTEÑA
1060;NO ACTIVO;AMIGOS DEL FUTBOL ANTA;30/10/26;LIGA ANTEÑA
1061;NO ACTIVO;AMIGOS DEL FUTBOL ANTA;30/10/26;LIGA ANTEÑA
1062;NO ACTIVO;AMIGOS DEL FUTBOL ANTA;30/10/26;LIGA ANTEÑA
1063;NO ACTIVO;AMIGOS DEL FUTBOL ANTA;30/10/26;LIGA ANTEÑA
1064;NO ACTIVO;AMIGOS DEL FUTBOL ANTA;30/10/26;LIGA ANTEÑA
1065;NO ACTIVO;AMIGOS DEL FUTBOL ANTA;30/10/26;LIGA ANTEÑA
1066;NO ACTIVO;AMIGOS DEL FUTBOL ANTA;30/10/26;LIGA ANTEÑA
1067;NO ACTIVO;AMIGOS DEL FUTBOL ANTA;30/10/26;LIGA ANTEÑA
1068;NO ACTIVO;AMIGOS DEL FUTBOL ANTA;30/10/26;LIGA ANTEÑA
1069;NO ACTIVO;AMIGOS DEL FUTBOL ANTA;30/10/26;LIGA ANTEÑA
1070;NO ACTIVO;AMIGOS DEL FUTBOL ANTA;30/10/26;LIGA ANTEÑA
1071;NO ACTIVO;AMIGOS DEL FUTBOL ANTA;30/10/26;LIGA ANTEÑA
1072;NO ACTIVO;AMIGOS DEL FUTBOL ANTA;30/10/26;LIGA ANTEÑA
1073;NO ACTIVO;AMIGOS DEL FUTBOL ANTA;30/10/26;LIGA ANTEÑA
1074;NO ACTIVO;AMIGOS DEL FUTBOL ANTA;30/10/26;LIGA ANTEÑA
1075;NO ACTIVO;AMIGOS DEL FUTBOL ANTA;30/10/26;LIGA ANTEÑA
1076;NO ACTIVO;AMIGOS DEL FUTBOL ANTA;30/10/26;LIGA ANTEÑA
1077;NO ACTIVO;AMIGOS DEL FUTBOL ANTA;30/10/26;LIGA ANTEÑA
1078;NO ACTIVO;AMIGOS DEL FUTBOL ANTA;30/10/26;LIGA ANTEÑA
1079;NO ACTIVO;AMIGOS DEL FUTBOL ANTA;30/10/26;LIGA ANTEÑA
1080;NO ACTIVO;AMIGOS DEL FUTBOL ANTA;30/10/26;LIGA ANTEÑA
1081;NO ACTIVO;AMIGOS DEL FUTBOL ANTA;30/10/26;LIGA ANTEÑA
1082;NO ACTIVO;AMIGOS DEL FUTBOL ANTA;30/10/26;LIGA ANTEÑA
1083;NO ACTIVO;AMIGOS DEL FUTBOL ANTA;30/10/26;LIGA ANTEÑA
1084;NO ACTIVO;AMIGOS DEL FUTBOL ANTA;30/10/26;LIGA ANTEÑA
1085;NO ACTIVO;AMIGOS DEL FUTBOL ANTA;30/10/26;LIGA ANTEÑA
1086;NO ACTIVO;AMIGOS DEL FUTBOL ANTA;30/10/26;LIGA ANTEÑA
1087;NO ACTIVO;AMIGOS DEL FUTBOL ANTA;30/10/26;LIGA ANTEÑA
1088;NO ACTIVO;AMIGOS DEL FUTBOL ANTA;30/10/26;LIGA ANTEÑA
1089;NO ACTIVO;AMIGOS DEL FUTBOL ANTA;30/10/26;LIGA ANTEÑA
1090;NO ACTIVO;AMIGOS DEL FUTBOL ANTA;30/10/26;LIGA ANTEÑA
1091;NO ACTIVO;AMIGOS DEL FUTBOL ANTA;30/10/26;LIGA ANTEÑA
1092;NO ACTIVO;AMIGOS DEL FUTBOL ANTA;30/10/26;LIGA ANTEÑA
1093;NO ACTIVO;AMIGOS DEL FUTBOL ANTA;30/10/26;LIGA ANTEÑA
1094;NO ACTIVO;AMIGOS DEL FUTBOL ANTA;30/10/26;LIGA ANTEÑA
1095;NO ACTIVO;AMIGOS DEL FUTBOL ANTA;30/10/26;LIGA ANTEÑA
1096;NO ACTIVO;AMIGOS DEL FUTBOL ANTA;30/10/26;LIGA ANTEÑA
1097;NO ACTIVO;AMIGOS DEL FUTBOL ANTA;30/10/26;LIGA ANTEÑA
1098;NO ACTIVO;AMIGOS DEL FUTBOL ANTA;30/10/26;LIGA ANTEÑA
1099;NO ACTIVO;AMIGOS DEL FUTBOL ANTA;30/10/26;LIGA ANTEÑA
1100;NO ACTIVO;AMIGOS DEL FUTBOL ANTA;30/10/26;LIGA ANTEÑA
1101;NO ACTIVO;AMIGOS DEL FUTBOL ANTA;30/10/26;LIGA ANTEÑA
1102;NO ACTIVO;AMIGOS DEL FUTBOL ANTA;30/10/26;LIGA ANTEÑA
1103;NO ACTIVO;AMIGOS DEL FUTBOL ANTA;30/10/26;LIGA ANTEÑA
1104;NO ACTIVO;AMIGOS DEL FUTBOL ANTA;30/10/26;LIGA ANTEÑA
1105;NO ACTIVO;AMIGOS DEL FUTBOL ANTA;30/10/26;LIGA ANTEÑA
1106;NO ACTIVO;AMIGOS DEL FUTBOL ANTA;30/10/26;LIGA ANTEÑA
1107;NO ACTIVO;AMIGOS DEL FUTBOL ANTA;30/10/26;LIGA ANTEÑA
1108;NO ACTIVO;AMIGOS DEL FUTBOL ANTA;30/10/26;LIGA ANTEÑA
1109;NO ACTIVO;AMIGOS DEL FUTBOL ANTA;30/10/26;LIGA ANTEÑA
1110;NO ACTIVO;AMIGOS DEL FUTBOL ANTA;30/10/26;LIGA ANTEÑA
1111;NO ACTIVO;AMIGOS DEL FUTBOL ANTA;30/10/26;LIGA ANTEÑA
1112;NO ACTIVO;AMIGOS DEL FUTBOL ANTA;30/10/26;LIGA ANTEÑA
1113;NO ACTIVO;AMIGOS DEL FUTBOL ANTA;30/10/26;LIGA ANTEÑA
1114;NO ACTIVO;AMIGOS DEL FUTBOL ANTA;30/10/26;LIGA ANTEÑA
1115;NO ACTIVO;AMIGOS DEL FUTBOL ANTA;30/10/26;LIGA ANTEÑA
1116;NO ACTIVO;AMIGOS DEL FUTBOL ANTA;30/10/26;LIGA ANTEÑA
1117;NO ACTIVO;AMIGOS DEL FUTBOL ANTA;30/10/26;LIGA ANTEÑA
1118;NO ACTIVO;AMIGOS DEL FUTBOL ANTA;30/10/26;LIGA ANTEÑA
1119;NO ACTIVO;AMIGOS DEL FUTBOL ANTA;30/10/26;LIGA ANTEÑA
1120;NO ACTIVO;AMIGOS DEL FUTBOL ANTA;30/10/26;LIGA ANTEÑA
1121;NO ACTIVO;AMIGOS DEL FUTBOL ANTA;30/10/26;LIGA ANTEÑA
1122;NO ACTIVO;AMIGOS DEL FUTBOL ANTA;30/10/26;LIGA ANTEÑA
1123;NO ACTIVO;AMIGOS DEL FUTBOL ANTA;30/10/26;LIGA ANTEÑA
1124;NO ACTIVO;AMIGOS DEL FUTBOL ANTA;30/10/26;LIGA ANTEÑA
1125;NO ACTIVO;AMIGOS DEL FUTBOL ANTA;30/10/26;LIGA ANTEÑA
1126;NO ACTIVO;AMIGOS DEL FUTBOL ANTA;30/10/26;LIGA ANTEÑA
1127;NO ACTIVO;AMIGOS DEL FUTBOL ANTA;30/10/26;LIGA ANTEÑA
1128;NO ACTIVO;AMIGOS DEL FUTBOL ANTA;30/10/26;LIGA ANTEÑA
1129;NO ACTIVO;AMIGOS DEL FUTBOL ANTA;30/10/26;LIGA ANTEÑA
1130;NO ACTIVO;AMIGOS DEL FUTBOL ANTA;30/10/26;LIGA ANTEÑA
1131;NO ACTIVO;AMIGOS DEL FUTBOL ANTA;30/10/26;LIGA ANTEÑA
1132;NO ACTIVO;AMIGOS DEL FUTBOL ANTA;30/10/26;LIGA ANTEÑA
1133;NO ACTIVO;AMIGOS DEL FUTBOL ANTA;30/10/26;LIGA ANTEÑA
1134;NO ACTIVO;AMIGOS DEL FUTBOL ANTA;30/10/26;LIGA ANTEÑA
1135;NO ACTIVO;AMIGOS DEL FUTBOL ANTA;30/10/26;LIGA ANTEÑA
1136;NO ACTIVO;AMIGOS DEL FUTBOL ANTA;30/10/26;LIGA ANTEÑA
1137;NO ACTIVO;AMIGOS DEL FUTBOL ANTA;30/10/26;LIGA ANTEÑA
1138;NO ACTIVO;AMIGOS DEL FUTBOL ANTA;30/10/26;LIGA ANTEÑA
1139;NO ACTIVO;AMIGOS DEL FUTBOL ANTA;30/10/26;LIGA ANTEÑA
1140;NO ACTIVO;AMIGOS DEL FUTBOL ANTA;30/10/26;LIGA ANTEÑA
1141;NO ACTIVO;AMIGOS DEL FUTBOL ANTA;30/10/26;LIGA ANTEÑA
1142;NO ACTIVO;AMIGOS DEL FUTBOL ANTA;30/10/26;LIGA ANTEÑA
1143;NO ACTIVO;AMIGOS DEL FUTBOL ANTA;30/10/26;LIGA ANTEÑA
1144;NO ACTIVO;AMIGOS DEL FUTBOL ANTA;30/10/26;LIGA ANTEÑA
1145;NO ACTIVO;AMIGOS DEL FUTBOL ANTA;30/10/26;LIGA ANTEÑA
1146;NO ACTIVO;AMIGOS DEL FUTBOL ANTA;30/10/26;LIGA ANTEÑA
1147;NO ACTIVO;AMIGOS DEL FUTBOL ANTA;30/10/26;LIGA ANTEÑA
1148;NO ACTIVO;AMIGOS DEL FUTBOL ANTA;30/10/26;LIGA ANTEÑA
1149;NO ACTIVO;AMIGOS DEL FUTBOL ANTA;30/10/26;LIGA ANTEÑA
1150;NO ACTIVO;AMIGOS DEL FUTBOL ANTA;30/10/26;LIGA ANTEÑA
1151;NO ACTIVO;AMIGOS DEL FUTBOL ANTA;30/10/26;LIGA ANTEÑA
1152;NO ACTIVO;AMIGOS DEL FUTBOL ANTA;30/10/26;LIGA ANTEÑA
1153;NO ACTIVO;AMIGOS DEL FUTBOL ANTA;30/10/26;LIGA ANTEÑA
1154;NO ACTIVO;AMIGOS DEL FUTBOL ANTA;30/10/26;LIGA ANTEÑA
1155;NO ACTIVO;AMIGOS DEL FUTBOL ANTA;30/10/26;LIGA ANTEÑA
1156;NO ACTIVO;AMIGOS DEL FUTBOL ANTA;30/10/26;LIGA ANTEÑA
1157;NO ACTIVO;AMIGOS DEL FUTBOL ANTA;30/10/26;LIGA ANTEÑA
1158;NO ACTIVO;AMIGOS DEL FUTBOL ANTA;30/10/26;LIGA ANTEÑA
1159;NO ACTIVO;AMIGOS DEL FUTBOL ANTA;30/10/26;LIGA ANTEÑA
1160;NO ACTIVO;AMIGOS DEL FUTBOL ANTA;30/10/26;LIGA ANTEÑA
1161;NO ACTIVO;AMIGOS DEL FUTBOL ANTA;30/10/26;LIGA ANTEÑA
1162;NO ACTIVO;AMIGOS DEL FUTBOL ANTA;30/10/26;LIGA ANTEÑA
1163;NO ACTIVO;AMIGOS DEL FUTBOL ANTA;30/10/26;LIGA ANTEÑA
1164;NO ACTIVO;AMIGOS DEL FUTBOL ANTA;30/10/26;LIGA ANTEÑA
1165;NO ACTIVO;AMIGOS DEL FUTBOL ANTA;30/10/26;LIGA ANTEÑA
1166;NO ACTIVO;AMIGOS DEL FUTBOL ANTA;30/10/26;LIGA ANTEÑA
1167;NO ACTIVO;AMIGOS DEL FUTBOL ANTA;30/10/26;LIGA ANTEÑA
1168;NO ACTIVO;AMIGOS DEL FUTBOL ANTA;30/10/26;LIGA ANTEÑA
1169;NO ACTIVO;AMIGOS DEL FUTBOL ANTA;30/10/26;LIGA ANTEÑA
1170;NO ACTIVO;AMIGOS DEL FUTBOL ANTA;30/10/26;LIGA ANTEÑA
1171;NO ACTIVO;AMIGOS DEL FUTBOL ANTA;30/10/26;LIGA ANTEÑA
1172;NO ACTIVO;AMIGOS DEL FUTBOL ANTA;30/10/26;LIGA ANTEÑA
1173;NO ACTIVO;AMIGOS DEL FUTBOL ANTA;30/10/26;LIGA ANTEÑA
1174;NO ACTIVO;AMIGOS DEL FUTBOL ANTA;30/10/26;LIGA ANTEÑA
1175;NO ACTIVO;AMIGOS DEL FUTBOL ANTA;30/10/26;LIGA ANTEÑA
1176;NO ACTIVO;AMIGOS DEL FUTBOL ANTA;30/10/26;LIGA ANTEÑA
1177;NO ACTIVO;AMIGOS DEL FUTBOL ANTA;30/10/26;LIGA ANTEÑA
1178;NO ACTIVO;AMIGOS DEL FUTBOL ANTA;30/10/26;LIGA ANTEÑA
1179;NO ACTIVO;AMIGOS DEL FUTBOL ANTA;30/10/26;LIGA ANTEÑA
1180;NO ACTIVO;AMIGOS DEL FUTBOL ANTA;30/10/26;LIGA ANTEÑA
1181;NO ACTIVO;AMIGOS DEL FUTBOL ANTA;30/10/26;LIGA ANTEÑA
1182;NO ACTIVO;AMIGOS DEL FUTBOL ANTA;30/10/26;LIGA ANTEÑA
1183;NO ACTIVO;AMIGOS DEL FUTBOL ANTA;30/10/26;LIGA ANTEÑA
1184;NO ACTIVO;AMIGOS DEL FUTBOL ANTA;30/10/26;LIGA ANTEÑA
1185;NO ACTIVO;AMIGOS DEL FUTBOL ANTA;30/10/26;LIGA ANTEÑA
1186;NO ACTIVO;AMIGOS DEL FUTBOL ANTA;30/10/26;LIGA ANTEÑA
1187;NO ACTIVO;AMIGOS DEL FUTBOL ANTA;30/10/26;LIGA ANTEÑA
1188;NO ACTIVO;AMIGOS DEL FUTBOL ANTA;30/10/26;LIGA ANTEÑA
1189;NO ACTIVO;AMIGOS DEL FUTBOL ANTA;30/10/26;LIGA ANTEÑA
1190;NO ACTIVO;AMIGOS DEL FUTBOL ANTA;30/10/26;LIGA ANTEÑA
1191;NO ACTIVO;AMIGOS DEL FUTBOL ANTA;30/10/26;LIGA ANTEÑA
1192;NO ACTIVO;AMIGOS DEL FUTBOL ANTA;30/10/26;LIGA ANTEÑA
1193;NO ACTIVO;AMIGOS DEL FUTBOL ANTA;30/10/26;LIGA ANTEÑA
1194;NO ACTIVO;AMIGOS DEL FUTBOL ANTA;30/10/26;LIGA ANTEÑA
1195;NO ACTIVO;AMIGOS DEL FUTBOL ANTA;30/10/26;LIGA ANTEÑA
1196;NO ACTIVO;AMIGOS DEL FUTBOL ANTA;30/10/26;LIGA ANTEÑA
1197;NO ACTIVO;AMIGOS DEL FUTBOL ANTA;30/10/26;LIGA ANTEÑA
1198;NO ACTIVO;AMIGOS DEL FUTBOL ANTA;30/10/26;LIGA ANTEÑA
1199;NO ACTIVO;AMIGOS DEL FUTBOL ANTA;30/10/26;LIGA ANTEÑA
1200;NO ACTIVO;AMIGOS DEL FUTBOL ANTA;30/10/26;LIGA ANTEÑA
1201;NO ACTIVO;AMIGOS DEL FUTBOL ANTA;30/10/26;LIGA ANTEÑA
1202;NO ACTIVO;AMIGOS DEL FUTBOL ANTA;30/10/26;LIGA ANTEÑA
1203;NO ACTIVO;AMIGOS DEL FUTBOL ANTA;30/10/26;LIGA ANTEÑA
1204;NO ACTIVO;AMIGOS DEL FUTBOL ANTA;30/10/26;LIGA ANTEÑA
1205;NO ACTIVO;AMIGOS DEL FUTBOL ANTA;30/10/26;LIGA ANTEÑA
1206;NO ACTIVO;AMIGOS DEL FUTBOL ANTA;30/10/26;LIGA ANTEÑA
1207;NO ACTIVO;AMIGOS DEL FUTBOL ANTA;30/10/26;LIGA ANTEÑA
1208;NO ACTIVO;AMIGOS DEL FUTBOL ANTA;30/10/26;LIGA ANTEÑA
1209;NO ACTIVO;AMIGOS DEL FUTBOL ANTA;30/10/26;LIGA ANTEÑA
1210;NO ACTIVO;AMIGOS DEL FUTBOL ANTA;30/10/26;LIGA ANTEÑA
1211;NO ACTIVO;AMIGOS DEL FUTBOL ANTA;30/10/26;LIGA ANTEÑA
1212;NO ACTIVO;AMIGOS DEL FUTBOL ANTA;30/10/26;LIGA ANTEÑA
1213;NO ACTIVO;AMIGOS DEL FUTBOL ANTA;30/10/26;LIGA ANTEÑA
1214;NO ACTIVO;AMIGOS DEL FUTBOL ANTA;30/10/26;LIGA ANTEÑA
1215;NO ACTIVO;AMIGOS DEL FUTBOL ANTA;30/10/26;LIGA ANTEÑA
1216;NO ACTIVO;AMIGOS DEL FUTBOL ANTA;30/10/26;LIGA ANTEÑA
1217;NO ACTIVO;AMIGOS DEL FUTBOL ANTA;30/10/26;LIGA ANTEÑA
1218;NO ACTIVO;AMIGOS DEL FUTBOL ANTA;30/10/26;LIGA ANTEÑA
1219;NO ACTIVO;AMIGOS DEL FUTBOL ANTA;30/10/26;LIGA ANTEÑA
1220;NO ACTIVO;AMIGOS DEL FUTBOL ANTA;30/10/26;LIGA ANTEÑA
1221;NO ACTIVO;AMIGOS DEL FUTBOL ANTA;30/10/26;LIGA ANTEÑA
1222;NO ACTIVO;AMIGOS DEL FUTBOL ANTA;30/10/26;LIGA ANTEÑA
1223;NO ACTIVO;AMIGOS DEL FUTBOL ANTA;30/10/26;LIGA ANTEÑA
1224;NO ACTIVO;AMIGOS DEL FUTBOL ANTA;30/10/26;LIGA ANTEÑA
1225;NO ACTIVO;AMIGOS DEL FUTBOL ANTA;30/10/26;LIGA ANTEÑA
1226;NO ACTIVO;AMIGOS DEL FUTBOL ANTA;30/10/26;LIGA ANTEÑA
1227;NO ACTIVO;AMIGOS DEL FUTBOL ANTA;30/10/26;LIGA ANTEÑA
1228;NO ACTIVO;AMIGOS DEL FUTBOL ANTA;30/10/26;LIGA ANTEÑA
1229;NO ACTIVO;AMIGOS DEL FUTBOL ANTA;30/10/26;LIGA ANTEÑA
1230;NO ACTIVO;AMIGOS DEL FUTBOL ANTA;30/10/26;LIGA ANTEÑA
1231;NO ACTIVO;AMIGOS DEL FUTBOL ANTA;30/10/26;LIGA ANTEÑA
1232;NO ACTIVO;AMIGOS DEL FUTBOL ANTA;30/10/26;LIGA ANTEÑA
1233;NO ACTIVO;AMIGOS DEL FUTBOL ANTA;30/10/26;LIGA ANTEÑA
1234;NO ACTIVO;AMIGOS DEL FUTBOL ANTA;30/10/26;LIGA ANTEÑA
1235;NO ACTIVO;AMIGOS DEL FUTBOL ANTA;30/10/26;LIGA ANTEÑA
1236;NO ACTIVO;AMIGOS DEL FUTBOL ANTA;30/10/26;LIGA ANTEÑA
1237;NO ACTIVO;AMIGOS DEL FUTBOL ANTA;30/10/26;LIGA ANTEÑA
1238;NO ACTIVO;AMIGOS DEL FUTBOL ANTA;30/10/26;LIGA ANTEÑA
1239;NO ACTIVO;AMIGOS DEL FUTBOL ANTA;30/10/26;LIGA ANTEÑA
1240;NO ACTIVO;AMIGOS DEL FUTBOL ANTA;30/10/26;LIGA ANTEÑA
1241;NO ACTIVO;AMIGOS DEL FUTBOL ANTA;30/10/26;LIGA ANTEÑA
1242;NO ACTIVO;AMIGOS DEL FUTBOL ANTA;30/10/26;LIGA ANTEÑA
1243;NO ACTIVO;AMIGOS DEL FUTBOL ANTA;30/10/26;LIGA ANTEÑA
1244;NO ACTIVO;AMIGOS DEL FUTBOL ANTA;30/10/26;LIGA ANTEÑA
1245;NO ACTIVO;AMIGOS DEL FUTBOL ANTA;30/10/26;LIGA ANTEÑA
1246;NO ACTIVO;AMIGOS DEL FUTBOL ANTA;30/10/26;LIGA ANTEÑA
1247;NO ACTIVO;AMIGOS DEL FUTBOL ANTA;30/10/26;LIGA ANTEÑA
1248;NO ACTIVO;AMIGOS DEL FUTBOL ANTA;30/10/26;LIGA ANTEÑA
1249;NO ACTIVO;AMIGOS DEL FUTBOL ANTA;30/10/26;LIGA ANTEÑA
1250;NO ACTIVO;AMIGOS DEL FUTBOL ANTA;30/10/26;LIGA ANTEÑA
1251;NO ACTIVO;AMIGOS DEL FUTBOL ANTA;30/10/26;LIGA ANTEÑA
1252;NO ACTIVO;AMIGOS DEL FUTBOL ANTA;30/10/26;LIGA ANTEÑA
1253;NO ACTIVO;AMIGOS DEL FUTBOL ANTA;30/10/26;LIGA ANTEÑA
1254;NO ACTIVO;AMIGOS DEL FUTBOL ANTA;30/10/26;LIGA ANTEÑA
1255;NO ACTIVO;AMIGOS DEL FUTBOL ANTA;30/10/26;LIGA ANTEÑA
1256;NO ACTIVO;AMIGOS DEL FUTBOL ANTA;30/10/26;LIGA ANTEÑA
1257;NO ACTIVO;AMIGOS DEL FUTBOL ANTA;30/10/26;LIGA ANTEÑA
1258;NO ACTIVO;AMIGOS DEL FUTBOL ANTA;30/10/26;LIGA ANTEÑA
1259;NO ACTIVO;AMIGOS DEL FUTBOL ANTA;30/10/26;LIGA ANTEÑA
1260;NO ACTIVO;AMIGOS DEL FUTBOL ANTA;30/10/26;LIGA ANTEÑA
1261;NO ACTIVO;AMIGOS DEL FUTBOL ANTA;30/10/26;LIGA ANTEÑA
1262;NO ACTIVO;AMIGOS DEL FUTBOL ANTA;30/10/26;LIGA ANTEÑA
1263;NO ACTIVO;AMIGOS DEL FUTBOL ANTA;30/10/26;LIGA ANTEÑA
1264;NO ACTIVO;AMIGOS DEL FUTBOL ANTA;30/10/26;LIGA ANTEÑA
1265;NO ACTIVO;AMIGOS DEL FUTBOL ANTA;30/10/26;LIGA ANTEÑA
1266;NO ACTIVO;AMIGOS DEL FUTBOL ANTA;30/10/26;LIGA ANTEÑA
1267;NO ACTIVO;AMIGOS DEL FUTBOL ANTA;30/10/26;LIGA ANTEÑA
1268;NO ACTIVO;AMIGOS DEL FUTBOL ANTA;30/10/26;LIGA ANTEÑA
1269;NO ACTIVO;AMIGOS DEL FUTBOL ANTA;30/10/26;LIGA ANTEÑA
1270;NO ACTIVO;AMIGOS DEL FUTBOL ANTA;30/10/26;LIGA ANTEÑA
1271;NO ACTIVO;AMIGOS DEL FUTBOL ANTA;30/10/26;LIGA ANTEÑA
1272;NO ACTIVO;AMIGOS DEL FUTBOL ANTA;30/10/26;LIGA ANTEÑA
1273;NO ACTIVO;AMIGOS DEL FUTBOL ANTA;30/10/26;LIGA ANTEÑA
1274;NO ACTIVO;AMIGOS DEL FUTBOL ANTA;30/10/26;LIGA ANTEÑA
1275;NO ACTIVO;AMIGOS DEL FUTBOL ANTA;30/10/26;LIGA ANTEÑA
1276;NO ACTIVO;AMIGOS DEL FUTBOL ANTA;30/10/26;LIGA ANTEÑA
1277;NO ACTIVO;AMIGOS DEL FUTBOL ANTA;30/10/26;LIGA ANTEÑA
1278;NO ACTIVO;AMIGOS DEL FUTBOL ANTA;30/10/26;LIGA ANTEÑA
1279;NO ACTIVO;AMIGOS DEL FUTBOL ANTA;30/10/26;LIGA ANTEÑA
1280;NO ACTIVO;AMIGOS DEL FUTBOL ANTA;30/10/26;LIGA ANTEÑA
1281;NO ACTIVO;AMIGOS DEL FUTBOL ANTA;30/10/26;LIGA ANTEÑA
1282;NO ACTIVO;AMIGOS DEL FUTBOL ANTA;30/10/26;LIGA ANTEÑA
1283;NO ACTIVO;AMIGOS DEL FUTBOL ANTA;30/10/26;LIGA ANTEÑA
1284;NO ACTIVO;AMIGOS DEL FUTBOL ANTA;30/10/26;LIGA ANTEÑA
1285;NO ACTIVO;AMIGOS DEL FUTBOL ANTA;30/10/26;LIGA ANTEÑA
1286;NO ACTIVO;AMIGOS DEL FUTBOL ANTA;30/10/26;LIGA ANTEÑA
1287;NO ACTIVO;AMIGOS DEL FUTBOL ANTA;30/10/26;LIGA ANTEÑA
1288;NO ACTIVO;AMIGOS DEL FUTBOL ANTA;30/10/26;LIGA ANTEÑA
1289;NO ACTIVO;AMIGOS DEL FUTBOL ANTA;30/10/26;LIGA ANTEÑA
1290;NO ACTIVO;AMIGOS DEL FUTBOL ANTA;30/10/26;LIGA ANTEÑA
1291;NO ACTIVO;AMIGOS DEL FUTBOL ANTA;30/10/26;LIGA ANTEÑA
1292;NO ACTIVO;AMIGOS DEL FUTBOL ANTA;30/10/26;LIGA ANTEÑA
1293;NO ACTIVO;AMIGOS DEL FUTBOL ANTA;30/10/26;LIGA ANTEÑA
1294;NO ACTIVO;AMIGOS DEL FUTBOL ANTA;30/10/26;LIGA ANTEÑA
1295;NO ACTIVO;AMIGOS DEL FUTBOL ANTA;30/10/26;LIGA ANTEÑA
1296;NO ACTIVO;AMIGOS DEL FUTBOL ANTA;30/10/26;LIGA ANTEÑA
1297;NO ACTIVO;AMIGOS DEL FUTBOL ANTA;30/10/26;LIGA ANTEÑA
1298;NO ACTIVO;AMIGOS DEL FUTBOL ANTA;30/10/26;LIGA ANTEÑA
1299;NO ACTIVO;AMIGOS DEL FUTBOL ANTA;30/10/26;LIGA ANTEÑA
1300;NO ACTIVO;AMIGOS DEL FUTBOL ANTA;30/10/26;LIGA ANTEÑA
1301;NO ACTIVO;AMIGOS DEL FUTBOL ANTA;30/10/26;LIGA ANTEÑA
1302;NO ACTIVO;AMIGOS DEL FUTBOL ANTA;30/10/26;LIGA ANTEÑA
1303;NO ACTIVO;AMIGOS DEL FUTBOL ANTA;30/10/26;LIGA ANTEÑA
1304;NO ACTIVO;AMIGOS DEL FUTBOL ANTA;30/10/26;LIGA ANTEÑA
1305;NO ACTIVO;AMIGOS DEL FUTBOL ANTA;30/10/26;LIGA ANTEÑA
1306;NO ACTIVO;AMIGOS DEL FUTBOL ANTA;30/10/26;LIGA ANTEÑA
1307;NO ACTIVO;AMIGOS DEL FUTBOL ANTA;30/10/26;LIGA ANTEÑA
1308;NO ACTIVO;AMIGOS DEL FUTBOL ANTA;30/10/26;LIGA ANTEÑA
1309;NO ACTIVO;AMIGOS DEL FUTBOL ANTA;30/10/26;LIGA ANTEÑA
1310;NO ACTIVO;AMIGOS DEL FUTBOL ANTA;30/10/26;LIGA ANTEÑA
1311;NO ACTIVO;AMIGOS DEL FUTBOL ANTA;30/10/26;LIGA ANTEÑA
1312;NO ACTIVO;AMIGOS DEL FUTBOL ANTA;30/10/26;LIGA ANTEÑA
1313;NO ACTIVO;AMIGOS DEL FUTBOL ANTA;30/10/26;LIGA ANTEÑA
1314;NO ACTIVO;AMIGOS DEL FUTBOL ANTA;30/10/26;LIGA ANTEÑA
1315;NO ACTIVO;AMIGOS DEL FUTBOL ANTA;30/10/26;LIGA ANTEÑA
1316;NO ACTIVO;AMIGOS DEL FUTBOL ANTA;30/10/26;LIGA ANTEÑA
1317;NO ACTIVO;AMIGOS DEL FUTBOL ANTA;30/10/26;LIGA ANTEÑA
1318;NO ACTIVO;AMIGOS DEL FUTBOL ANTA;30/10/26;LIGA ANTEÑA
1319;NO ACTIVO;AMIGOS DEL FUTBOL ANTA;30/10/26;LIGA ANTEÑA
1320;NO ACTIVO;AMIGOS DEL FUTBOL ANTA;30/10/26;LIGA ANTEÑA
1321;NO ACTIVO;AMIGOS DEL FUTBOL ANTA;30/10/26;LIGA ANTEÑA
1322;NO ACTIVO;AMIGOS DEL FUTBOL ANTA;30/10/26;LIGA ANTEÑA
1323;NO ACTIVO;AMIGOS DEL FUTBOL ANTA;30/10/26;LIGA ANTEÑA
1324;NO ACTIVO;AMIGOS DEL FUTBOL ANTA;30/10/26;LIGA ANTEÑA
1325;NO ACTIVO;AMIGOS DEL FUTBOL ANTA;30/10/26;LIGA ANTEÑA
1326;NO ACTIVO;AMIGOS DEL FUTBOL ANTA;30/10/26;LIGA ANTEÑA
1327;NO ACTIVO;AMIGOS DEL FUTBOL ANTA;30/10/26;LIGA ANTEÑA
1328;NO ACTIVO;AMIGOS DEL FUTBOL ANTA;30/10/26;LIGA ANTEÑA
1329;NO ACTIVO;AMIGOS DEL FUTBOL ANTA;30/10/26;LIGA ANTEÑA
1330;NO ACTIVO;AMIGOS DEL FUTBOL ANTA;30/10/26;LIGA ANTEÑA
1331;NO ACTIVO;AMIGOS DEL FUTBOL ANTA;30/10/26;LIGA ANTEÑA
1332;NO ACTIVO;AMIGOS DEL FUTBOL ANTA;30/10/26;LIGA ANTEÑA
1333;NO ACTIVO;AMIGOS DEL FUTBOL ANTA;30/10/26;LIGA ANTEÑA
1334;NO ACTIVO;AMIGOS DEL FUTBOL ANTA;30/10/26;LIGA ANTEÑA
1335;NO ACTIVO;AMIGOS DEL FUTBOL ANTA;30/10/26;LIGA ANTEÑA
1336;NO ACTIVO;AMIGOS DEL FUTBOL ANTA;30/10/26;LIGA ANTEÑA
1337;NO ACTIVO;AMIGOS DEL FUTBOL ANTA;30/10/26;LIGA ANTEÑA
1338;NO ACTIVO;AMIGOS DEL FUTBOL ANTA;30/10/26;LIGA ANTEÑA
1339;NO ACTIVO;AMIGOS DEL FUTBOL ANTA;30/10/26;LIGA ANTEÑA
1340;NO ACTIVO;AMIGOS DEL FUTBOL ANTA;30/10/26;LIGA ANTEÑA
1341;NO ACTIVO;AMIGOS DEL FUTBOL ANTA;30/10/26;LIGA ANTEÑA
1342;NO ACTIVO;AMIGOS DEL FUTBOL ANTA;30/10/26;LIGA ANTEÑA
1343;NO ACTIVO;AMIGOS DEL FUTBOL ANTA;30/10/26;LIGA ANTEÑA
1344;NO ACTIVO;AMIGOS DEL FUTBOL ANTA;30/10/26;LIGA ANTEÑA
1345;NO ACTIVO;AMIGOS DEL FUTBOL ANTA;30/10/26;LIGA ANTEÑA
1346;NO ACTIVO;AMIGOS DEL FUTBOL ANTA;30/10/26;LIGA ANTEÑA
1347;NO ACTIVO;AMIGOS DEL FUTBOL ANTA;30/10/26;LIGA ANTEÑA
1348;NO ACTIVO;AMIGOS DEL FUTBOL ANTA;30/10/26;LIGA ANTEÑA
1349;NO ACTIVO;AMIGOS DEL FUTBOL ANTA;30/10/26;LIGA ANTEÑA
1350;NO ACTIVO;AMIGOS DEL FUTBOL ANTA;30/10/26;LIGA ANTEÑA
1351;NO ACTIVO;AMIGOS DEL FUTBOL ANTA;30/10/26;LIGA ANTEÑA
1352;NO ACTIVO;AMIGOS DEL FUTBOL ANTA;30/10/26;LIGA ANTEÑA
1353;NO ACTIVO;AMIGOS DEL FUTBOL ANTA;30/10/26;LIGA ANTEÑA
1354;NO ACTIVO;AMIGOS DEL FUTBOL ANTA;30/10/26;LIGA ANTEÑA
1355;NO ACTIVO;AMIGOS DEL FUTBOL ANTA;30/10/26;LIGA ANTEÑA
1356;NO ACTIVO;AMIGOS DEL FUTBOL ANTA;30/10/26;LIGA ANTEÑA
1357;NO ACTIVO;AMIGOS DEL FUTBOL ANTA;30/10/26;LIGA ANTEÑA
1358;NO ACTIVO;AMIGOS DEL FUTBOL ANTA;30/10/26;LIGA ANTEÑA
1359;NO ACTIVO;AMIGOS DEL FUTBOL ANTA;30/10/26;LIGA ANTEÑA
1360;NO ACTIVO;AMIGOS DEL FUTBOL ANTA;30/10/26;LIGA ANTEÑA
1361;NO ACTIVO;AMIGOS DEL FUTBOL ANTA;30/10/26;LIGA ANTEÑA
1362;NO ACTIVO;AMIGOS DEL FUTBOL ANTA;30/10/26;LIGA ANTEÑA
1363;NO ACTIVO;AMIGOS DEL FUTBOL ANTA;30/10/26;LIGA ANTEÑA
1364;NO ACTIVO;AMIGOS DEL FUTBOL ANTA;30/10/26;LIGA ANTEÑA
1365;NO ACTIVO;AMIGOS DEL FUTBOL ANTA;30/10/26;LIGA ANTEÑA
1366;NO ACTIVO;AMIGOS DEL FUTBOL ANTA;30/10/26;LIGA ANTEÑA
1367;NO ACTIVO;AMIGOS DEL FUTBOL ANTA;30/10/26;LIGA ANTEÑA
1368;NO ACTIVO;AMIGOS DEL FUTBOL ANTA;30/10/26;LIGA ANTEÑA
1369;NO ACTIVO;AMIGOS DEL FUTBOL ANTA;30/10/26;LIGA ANTEÑA
1370;NO ACTIVO;AMIGOS DEL FUTBOL ANTA;30/10/26;LIGA ANTEÑA
1371;NO ACTIVO;AMIGOS DEL FUTBOL ANTA;30/10/26;LIGA ANTEÑA
1372;NO ACTIVO;AMIGOS DEL FUTBOL ANTA;30/10/26;LIGA ANTEÑA
1373;NO ACTIVO;AMIGOS DEL FUTBOL ANTA;30/10/26;LIGA ANTEÑA
1374;NO ACTIVO;AMIGOS DEL FUTBOL ANTA;30/10/26;LIGA ANTEÑA
1375;NO ACTIVO;AMIGOS DEL FUTBOL ANTA;30/10/26;LIGA ANTEÑA
1376;NO ACTIVO;AMIGOS DEL FUTBOL ANTA;30/10/26;LIGA ANTEÑA
1377;NO ACTIVO;AMIGOS DEL FUTBOL ANTA;30/10/26;LIGA ANTEÑA
1378;NO ACTIVO;AMIGOS DEL FUTBOL ANTA;30/10/26;LIGA ANTEÑA
1379;NO ACTIVO;AMIGOS DEL FUTBOL ANTA;30/10/26;LIGA ANTEÑA
1380;NO ACTIVO;AMIGOS DEL FUTBOL ANTA;30/10/26;LIGA ANTEÑA
1381;NO ACTIVO;AMIGOS DEL FUTBOL ANTA;30/10/26;LIGA ANTEÑA
1382;NO ACTIVO;AMIGOS DEL FUTBOL ANTA;30/10/26;LIGA ANTEÑA
1383;NO ACTIVO;AMIGOS DEL FUTBOL ANTA;30/10/26;LIGA ANTEÑA
1384;NO ACTIVO;AMIGOS DEL FUTBOL ANTA;30/10/26;LIGA ANTEÑA
1385;NO ACTIVO;AMIGOS DEL FUTBOL ANTA;30/10/26;LIGA ANTEÑA
1386;NO ACTIVO;AMIGOS DEL FUTBOL ANTA;30/10/26;LIGA ANTEÑA
1387;NO ACTIVO;AMIGOS DEL FUTBOL ANTA;30/10/26;LIGA ANTEÑA
1388;NO ACTIVO;AMIGOS DEL FUTBOL ANTA;30/10/26;LIGA ANTEÑA
1389;NO ACTIVO;AMIGOS DEL FUTBOL ANTA;30/10/26;LIGA ANTEÑA
1390;NO ACTIVO;AMIGOS DEL FUTBOL ANTA;30/10/26;LIGA ANTEÑA
1391;NO ACTIVO;AMIGOS DEL FUTBOL ANTA;30/10/26;LIGA ANTEÑA
1392;NO ACTIVO;AMIGOS DEL FUTBOL ANTA;30/10/26;LIGA ANTEÑA
1393;NO ACTIVO;AMIGOS DEL FUTBOL ANTA;30/10/26;LIGA ANTEÑA
1394;NO ACTIVO;AMIGOS DEL FUTBOL ANTA;30/10/26;LIGA ANTEÑA
1395;NO ACTIVO;AMIGOS DEL FUTBOL ANTA;30/10/26;LIGA ANTEÑA
1396;NO ACTIVO;AMIGOS DEL FUTBOL ANTA;30/10/26;LIGA ANTEÑA
1397;NO ACTIVO;AMIGOS DEL FUTBOL ANTA;30/10/26;LIGA ANTEÑA
1398;NO ACTIVO;AMIGOS DEL FUTBOL ANTA;30/10/26;LIGA ANTEÑA
1399;NO ACTIVO;AMIGOS DEL FUTBOL ANTA;30/10/26;LIGA ANTEÑA
1400;NO ACTIVO;AMIGOS DEL FUTBOL ANTA;30/10/26;LIGA ANTEÑA
1401;NO ACTIVO;AMIGOS DEL FUTBOL ANTA;30/10/26;LIGA ANTEÑA
1402;NO ACTIVO;AMIGOS DEL FUTBOL ANTA;30/10/26;LIGA ANTEÑA
1403;NO ACTIVO;AMIGOS DEL FUTBOL ANTA;30/10/26;LIGA ANTEÑA
1404;NO ACTIVO;AMIGOS DEL FUTBOL ANTA;30/10/26;LIGA ANTEÑA
1405;NO ACTIVO;AMIGOS DEL FUTBOL ANTA;30/10/26;LIGA ANTEÑA
1406;NO ACTIVO;AMIGOS DEL FUTBOL ANTA;30/10/26;LIGA ANTEÑA
1407;NO ACTIVO;AMIGOS DEL FUTBOL ANTA;30/10/26;LIGA ANTEÑA
1408;NO ACTIVO;AMIGOS DEL FUTBOL ANTA;30/10/26;LIGA ANTEÑA
1409;NO ACTIVO;AMIGOS DEL FUTBOL ANTA;30/10/26;LIGA ANTEÑA
1410;NO ACTIVO;AMIGOS DEL FUTBOL ANTA;30/10/26;LIGA ANTEÑA
1411;NO ACTIVO;AMIGOS DEL FUTBOL ANTA;30/10/26;LIGA ANTEÑA
1412;NO ACTIVO;AMIGOS DEL FUTBOL ANTA;30/10/26;LIGA ANTEÑA
1413;NO ACTIVO;AMIGOS DEL FUTBOL ANTA;30/10/26;LIGA ANTEÑA
1414;NO ACTIVO;AMIGOS DEL FUTBOL ANTA;30/10/26;LIGA ANTEÑA
1415;NO ACTIVO;AMIGOS DEL FUTBOL ANTA;30/10/26;LIGA ANTEÑA
1416;NO ACTIVO;AMIGOS DEL FUTBOL ANTA;30/10/26;LIGA ANTEÑA
1417;NO ACTIVO;AMIGOS DEL FUTBOL ANTA;30/10/26;LIGA ANTEÑA
1418;NO ACTIVO;AMIGOS DEL FUTBOL ANTA;30/10/26;LIGA ANTEÑA
1419;NO ACTIVO;AMIGOS DEL FUTBOL ANTA;30/10/26;LIGA ANTEÑA
1420;NO ACTIVO;AMIGOS DEL FUTBOL ANTA;30/10/26;LIGA ANTEÑA
1421;NO ACTIVO;AMIGOS DEL FUTBOL ANTA;30/10/26;LIGA ANTEÑA
1422;NO ACTIVO;AMIGOS DEL FUTBOL ANTA;30/10/26;LIGA ANTEÑA
1423;NO ACTIVO;AMIGOS DEL FUTBOL ANTA;30/10/26;LIGA ANTEÑA
1424;NO ACTIVO;AMIGOS DEL FUTBOL ANTA;30/10/26;LIGA ANTEÑA
1425;NO ACTIVO;AMIGOS DEL FUTBOL ANTA;30/10/26;LIGA ANTEÑA
1426;NO ACTIVO;AMIGOS DEL FUTBOL ANTA;30/10/26;LIGA ANTEÑA
1427;NO ACTIVO;AMIGOS DEL FUTBOL ANTA;30/10/26;LIGA ANTEÑA
1428;NO ACTIVO;AMIGOS DEL FUTBOL ANTA;30/10/26;LIGA ANTEÑA
1429;NO ACTIVO;AMIGOS DEL FUTBOL ANTA;30/10/26;LIGA ANTEÑA
1430;NO ACTIVO;AMIGOS DEL FUTBOL ANTA;30/10/26;LIGA ANTEÑA
1431;NO ACTIVO;AMIGOS DEL FUTBOL ANTA;30/10/26;LIGA ANTEÑA
1432;NO ACTIVO;AMIGOS DEL FUTBOL ANTA;30/10/26;LIGA ANTEÑA
1433;NO ACTIVO;AMIGOS DEL FUTBOL ANTA;30/10/26;LIGA ANTEÑA
1434;NO ACTIVO;AMIGOS DEL FUTBOL ANTA;30/10/26;LIGA ANTEÑA
1435;NO ACTIVO;AMIGOS DEL FUTBOL ANTA;30/10/26;LIGA ANTEÑA
1436;NO ACTIVO;AMIGOS DEL FUTBOL ANTA;30/10/26;LIGA ANTEÑA
1437;NO ACTIVO;AMIGOS DEL FUTBOL ANTA;30/10/26;LIGA ANTEÑA
1438;NO ACTIVO;AMIGOS DEL FUTBOL ANTA;30/10/26;LIGA ANTEÑA
1439;NO ACTIVO;AMIGOS DEL FUTBOL ANTA;30/10/26;LIGA ANTEÑA
1440;NO ACTIVO;AMIGOS DEL FUTBOL ANTA;30/10/26;LIGA ANTEÑA
1441;NO ACTIVO;AMIGOS DEL FUTBOL ANTA;30/10/26;LIGA ANTEÑA
1442;NO ACTIVO;AMIGOS DEL FUTBOL ANTA;30/10/26;LIGA ANTEÑA
1443;NO ACTIVO;AMIGOS DEL FUTBOL ANTA;30/10/26;LIGA ANTEÑA
1444;NO ACTIVO;AMIGOS DEL FUTBOL ANTA;30/10/26;LIGA ANTEÑA
1445;NO ACTIVO;AMIGOS DEL FUTBOL ANTA;30/10/26;LIGA ANTEÑA
1446;NO ACTIVO;AMIGOS DEL FUTBOL ANTA;30/10/26;LIGA ANTEÑA
1447;NO ACTIVO;AMIGOS DEL FUTBOL ANTA;30/10/26;LIGA ANTEÑA
1448;NO ACTIVO;AMIGOS DEL FUTBOL ANTA;30/10/26;LIGA ANTEÑA
1449;NO ACTIVO;AMIGOS DEL FUTBOL ANTA;30/10/26;LIGA ANTEÑA
1450;NO ACTIVO;AMIGOS DEL FUTBOL ANTA;30/10/26;LIGA ANTEÑA
1451;NO ACTIVO;AMIGOS DEL FUTBOL ANTA;30/10/26;LIGA ANTEÑA
1452;NO ACTIVO;AMIGOS DEL FUTBOL ANTA;30/10/26;LIGA ANTEÑA
1453;NO ACTIVO;AMIGOS DEL FUTBOL ANTA;30/10/26;LIGA ANTEÑA
1454;NO ACTIVO;AMIGOS DEL FUTBOL ANTA;30/10/26;LIGA ANTEÑA
1455;NO ACTIVO;AMIGOS DEL FUTBOL ANTA;30/10/26;LIGA ANTEÑA
1456;NO ACTIVO;AMIGOS DEL FUTBOL ANTA;30/10/26;LIGA ANTEÑA
1457;NO ACTIVO;AMIGOS DEL FUTBOL ANTA;30/10/26;LIGA ANTEÑA
1458;NO ACTIVO;AMIGOS DEL FUTBOL ANTA;30/10/26;LIGA ANTEÑA
1459;NO ACTIVO;AMIGOS DEL FUTBOL ANTA;30/10/26;LIGA ANTEÑA
1460;NO ACTIVO;AMIGOS DEL FUTBOL ANTA;30/10/26;LIGA ANTEÑA
1461;NO ACTIVO;AMIGOS DEL FUTBOL ANTA;30/10/26;LIGA ANTEÑA
1462;NO ACTIVO;AMIGOS DEL FUTBOL ANTA;30/10/26;LIGA ANTEÑA
1463;NO ACTIVO;AMIGOS DEL FUTBOL ANTA;30/10/26;LIGA ANTEÑA
1464;NO ACTIVO;AMIGOS DEL FUTBOL ANTA;30/10/26;LIGA ANTEÑA
1465;NO ACTIVO;AMIGOS DEL FUTBOL ANTA;30/10/26;LIGA ANTEÑA
1466;NO ACTIVO;AMIGOS DEL FUTBOL ANTA;30/10/26;LIGA ANTEÑA
1467;NO ACTIVO;AMIGOS DEL FUTBOL ANTA;30/10/26;LIGA ANTEÑA
1468;NO ACTIVO;AMIGOS DEL FUTBOL ANTA;30/10/26;LIGA ANTEÑA
1469;NO ACTIVO;AMIGOS DEL FUTBOL ANTA;30/10/26;LIGA ANTEÑA
1470;NO ACTIVO;AMIGOS DEL FUTBOL ANTA;30/10/26;LIGA ANTEÑA
1471;NO ACTIVO;AMIGOS DEL FUTBOL ANTA;30/10/26;LIGA ANTEÑA
1472;NO ACTIVO;AMIGOS DEL FUTBOL ANTA;30/10/26;LIGA ANTEÑA
1473;NO ACTIVO;AMIGOS DEL FUTBOL ANTA;30/10/26;LIGA ANTEÑA
1474;NO ACTIVO;AMIGOS DEL FUTBOL ANTA;30/10/26;LIGA ANTEÑA
1475;NO ACTIVO;AMIGOS DEL FUTBOL ANTA;30/10/26;LIGA ANTEÑA
1476;NO ACTIVO;AMIGOS DEL FUTBOL ANTA;30/10/26;LIGA ANTEÑA
1477;NO ACTIVO;AMIGOS DEL FUTBOL ANTA;30/10/26;LIGA ANTEÑA
1478;NO ACTIVO;AMIGOS DEL FUTBOL ANTA;30/10/26;LIGA ANTEÑA
1479;NO ACTIVO;AMIGOS DEL FUTBOL ANTA;30/10/26;LIGA ANTEÑA
1480;NO ACTIVO;AMIGOS DEL FUTBOL ANTA;30/10/26;LIGA ANTEÑA
1481;NO ACTIVO;AMIGOS DEL FUTBOL ANTA;30/10/26;LIGA ANTEÑA
1482;NO ACTIVO;AMIGOS DEL FUTBOL ANTA;30/10/26;LIGA ANTEÑA
1483;NO ACTIVO;AMIGOS DEL FUTBOL ANTA;30/10/26;LIGA ANTEÑA
1484;NO ACTIVO;AMIGOS DEL FUTBOL ANTA;30/10/26;LIGA ANTEÑA
1485;NO ACTIVO;AMIGOS DEL FUTBOL ANTA;30/10/26;LIGA ANTEÑA
1486;NO ACTIVO;AMIGOS DEL FUTBOL ANTA;30/10/26;LIGA ANTEÑA
1487;NO ACTIVO;AMIGOS DEL FUTBOL ANTA;30/10/26;LIGA ANTEÑA
1488;NO ACTIVO;AMIGOS DEL FUTBOL ANTA;30/10/26;LIGA ANTEÑA
1489;NO ACTIVO;AMIGOS DEL FUTBOL ANTA;30/10/26;LIGA ANTEÑA
1490;NO ACTIVO;AMIGOS DEL FUTBOL ANTA;30/10/26;LIGA ANTEÑA
1491;NO ACTIVO;AMIGOS DEL FUTBOL ANTA;30/10/26;LIGA ANTEÑA
1492;NO ACTIVO;AMIGOS DEL FUTBOL ANTA;30/10/26;LIGA ANTEÑA
1493;NO ACTIVO;AMIGOS DEL FUTBOL ANTA;30/10/26;LIGA ANTEÑA
1494;NO ACTIVO;AMIGOS DEL FUTBOL ANTA;30/10/26;LIGA ANTEÑA
1495;NO ACTIVO;AMIGOS DEL FUTBOL ANTA;30/10/26;LIGA ANTEÑA
1496;NO ACTIVO;AMIGOS DEL FUTBOL ANTA;30/10/26;LIGA ANTEÑA
1497;NO ACTIVO;AMIGOS DEL FUTBOL ANTA;30/10/26;LIGA ANTEÑA
1498;NO ACTIVO;AMIGOS DEL FUTBOL ANTA;30/10/26;LIGA ANTEÑA
1499;NO ACTIVO;AMIGOS DEL FUTBOL ANTA;30/10/26;LIGA ANTEÑA
1500;NO ACTIVO;AMIGOS DEL FUTBOL ANTA;30/10/26;LIGA ANTEÑA
1501;NO ACTIVO;AMIGOS DEL FUTBOL ANTA;30/10/26;LIGA ANTEÑA
1502;NO ACTIVO;AMIGOS DEL FUTBOL ANTA;30/10/26;LIGA ANTEÑA
1503;NO ACTIVO;AMIGOS DEL FUTBOL ANTA;30/10/26;LIGA ANTEÑA
1504;NO ACTIVO;AMIGOS DEL FUTBOL ANTA;30/10/26;LIGA ANTEÑA
1505;NO ACTIVO;AMIGOS DEL FUTBOL ANTA;30/10/26;LIGA ANTEÑA
1506;NO ACTIVO;AMIGOS DEL FUTBOL ANTA;30/10/26;LIGA ANTEÑA
1507;NO ACTIVO;AMIGOS DEL FUTBOL ANTA;30/10/26;LIGA ANTEÑA
1508;NO ACTIVO;AMIGOS DEL FUTBOL ANTA;30/10/26;LIGA ANTEÑA
1509;NO ACTIVO;AMIGOS DEL FUTBOL ANTA;30/10/26;LIGA ANTEÑA
1510;NO ACTIVO;AMIGOS DEL FUTBOL ANTA;30/10/26;LIGA ANTEÑA
1511;NO ACTIVO;AMIGOS DEL FUTBOL ANTA;30/10/26;LIGA ANTEÑA
1512;NO ACTIVO;AMIGOS DEL FUTBOL ANTA;30/10/26;LIGA ANTEÑA
1513;NO ACTIVO;AMIGOS DEL FUTBOL ANTA;30/10/26;LIGA ANTEÑA
1514;NO ACTIVO;AMIGOS DEL FUTBOL ANTA;30/10/26;LIGA ANTEÑA
1515;NO ACTIVO;AMIGOS DEL FUTBOL ANTA;30/10/26;LIGA ANTEÑA
1516;NO ACTIVO;AMIGOS DEL FUTBOL ANTA;30/10/26;LIGA ANTEÑA
1517;NO ACTIVO;AMIGOS DEL FUTBOL ANTA;30/10/26;LIGA ANTEÑA
1518;NO ACTIVO;AMIGOS DEL FUTBOL ANTA;30/10/26;LIGA ANTEÑA
1519;NO ACTIVO;AMIGOS DEL FUTBOL ANTA;30/10/26;LIGA ANTEÑA
1520;NO ACTIVO;AMIGOS DEL FUTBOL ANTA;30/10/26;LIGA ANTEÑA
1521;NO ACTIVO;AMIGOS DEL FUTBOL ANTA;30/10/26;LIGA ANTEÑA
1522;NO ACTIVO;AMIGOS DEL FUTBOL ANTA;30/10/26;LIGA ANTEÑA
1523;NO ACTIVO;AMIGOS DEL FUTBOL ANTA;30/10/26;LIGA ANTEÑA
1524;NO ACTIVO;AMIGOS DEL FUTBOL ANTA;30/10/26;LIGA ANTEÑA
1525;NO ACTIVO;AMIGOS DEL FUTBOL ANTA;30/10/26;LIGA ANTEÑA
1526;NO ACTIVO;AMIGOS DEL FUTBOL ANTA;30/10/26;LIGA ANTEÑA
1527;NO ACTIVO;AMIGOS DEL FUTBOL ANTA;30/10/26;LIGA ANTEÑA
1528;NO ACTIVO;AMIGOS DEL FUTBOL ANTA;30/10/26;LIGA ANTEÑA
1529;NO ACTIVO;AMIGOS DEL FUTBOL ANTA;30/10/26;LIGA ANTEÑA
1530;NO ACTIVO;AMIGOS DEL FUTBOL ANTA;30/10/26;LIGA ANTEÑA
1531;NO ACTIVO;AMIGOS DEL FUTBOL ANTA;30/10/26;LIGA ANTEÑA
1532;NO ACTIVO;AMIGOS DEL FUTBOL ANTA;30/10/26;LIGA ANTEÑA
1533;NO ACTIVO;AMIGOS DEL FUTBOL ANTA;30/10/26;LIGA ANTEÑA
1534;NO ACTIVO;AMIGOS DEL FUTBOL ANTA;30/10/26;LIGA ANTEÑA
1535;NO ACTIVO;AMIGOS DEL FUTBOL ANTA;30/10/26;LIGA ANTEÑA
1536;NO ACTIVO;AMIGOS DEL FUTBOL ANTA;30/10/26;LIGA ANTEÑA
1537;NO ACTIVO;AMIGOS DEL FUTBOL ANTA;30/10/26;LIGA ANTEÑA
1538;NO ACTIVO;AMIGOS DEL FUTBOL ANTA;30/10/26;LIGA ANTEÑA
1539;NO ACTIVO;AMIGOS DEL FUTBOL ANTA;30/10/26;LIGA ANTEÑA
1540;NO ACTIVO;AMIGOS DEL FUTBOL ANTA;30/10/26;LIGA ANTEÑA
1541;NO ACTIVO;AMIGOS DEL FUTBOL ANTA;30/10/26;LIGA ANTEÑA
1542;NO ACTIVO;AMIGOS DEL FUTBOL ANTA;30/10/26;LIGA ANTEÑA
1543;NO ACTIVO;AMIGOS DEL FUTBOL ANTA;30/10/26;LIGA ANTEÑA
1544;NO ACTIVO;AMIGOS DEL FUTBOL ANTA;30/10/26;LIGA ANTEÑA
1545;NO ACTIVO;AMIGOS DEL FUTBOL ANTA;30/10/26;LIGA ANTEÑA
1546;NO ACTIVO;AMIGOS DEL FUTBOL ANTA;30/10/26;LIGA ANTEÑA
1547;NO ACTIVO;AMIGOS DEL FUTBOL ANTA;30/10/26;LIGA ANTEÑA
1548;NO ACTIVO;AMIGOS DEL FUTBOL ANTA;30/10/26;LIGA ANTEÑA
1549;NO ACTIVO;AMIGOS DEL FUTBOL ANTA;30/10/26;LIGA ANTEÑA
1550;NO ACTIVO;AMIGOS DEL FUTBOL ANTA;30/10/26;LIGA ANTEÑA
1551;NO ACTIVO;AMIGOS DEL FUTBOL ANTA;30/10/26;LIGA ANTEÑA
1552;NO ACTIVO;AMIGOS DEL FUTBOL ANTA;30/10/26;LIGA ANTEÑA
1553;NO ACTIVO;AMIGOS DEL FUTBOL ANTA;30/10/26;LIGA ANTEÑA
1554;NO ACTIVO;AMIGOS DEL FUTBOL ANTA;30/10/26;LIGA ANTEÑA
1555;NO ACTIVO;AMIGOS DEL FUTBOL ANTA;30/10/26;LIGA ANTEÑA
1556;NO ACTIVO;AMIGOS DEL FUTBOL ANTA;30/10/26;LIGA ANTEÑA
1557;NO ACTIVO;AMIGOS DEL FUTBOL ANTA;30/10/26;LIGA ANTEÑA
1558;NO ACTIVO;AMIGOS DEL FUTBOL ANTA;30/10/26;LIGA ANTEÑA
1559;NO ACTIVO;AMIGOS DEL FUTBOL ANTA;30/10/26;LIGA ANTEÑA
1560;NO ACTIVO;AMIGOS DEL FUTBOL ANTA;30/10/26;LIGA ANTEÑA
1561;NO ACTIVO;AMIGOS DEL FUTBOL ANTA;30/10/26;LIGA ANTEÑA
1562;NO ACTIVO;AMIGOS DEL FUTBOL ANTA;30/10/26;LIGA ANTEÑA
1563;NO ACTIVO;AMIGOS DEL FUTBOL ANTA;30/10/26;LIGA ANTEÑA
1564;NO ACTIVO;AMIGOS DEL FUTBOL ANTA;30/10/26;LIGA ANTEÑA
1565;NO ACTIVO;AMIGOS DEL FUTBOL ANTA;30/10/26;LIGA ANTEÑA
1566;NO ACTIVO;AMIGOS DEL FUTBOL ANTA;30/10/26;LIGA ANTEÑA
1567;NO ACTIVO;AMIGOS DEL FUTBOL ANTA;30/10/26;LIGA ANTEÑA
1568;NO ACTIVO;AMIGOS DEL FUTBOL ANTA;30/10/26;LIGA ANTEÑA
1569;NO ACTIVO;AMIGOS DEL FUTBOL ANTA;30/10/26;LIGA ANTEÑA
1570;NO ACTIVO;AMIGOS DEL FUTBOL ANTA;30/10/26;LIGA ANTEÑA
1571;NO ACTIVO;AMIGOS DEL FUTBOL ANTA;30/10/26;LIGA ANTEÑA
1572;NO ACTIVO;AMIGOS DEL FUTBOL ANTA;30/10/26;LIGA ANTEÑA
1573;NO ACTIVO;AMIGOS DEL FUTBOL ANTA;30/10/26;LIGA ANTEÑA
1574;NO ACTIVO;AMIGOS DEL FUTBOL ANTA;30/10/26;LIGA ANTEÑA
1575;NO ACTIVO;AMIGOS DEL FUTBOL ANTA;30/10/26;LIGA ANTEÑA
1576;NO ACTIVO;AMIGOS DEL FUTBOL ANTA;30/10/26;LIGA ANTEÑA
1577;NO ACTIVO;AMIGOS DEL FUTBOL ANTA;30/10/26;LIGA ANTEÑA
1578;NO ACTIVO;AMIGOS DEL FUTBOL ANTA;30/10/26;LIGA ANTEÑA
1579;NO ACTIVO;AMIGOS DEL FUTBOL ANTA;30/10/26;LIGA ANTEÑA
1580;NO ACTIVO;AMIGOS DEL FUTBOL ANTA;30/10/26;LIGA ANTEÑA
1581;NO ACTIVO;AMIGOS DEL FUTBOL ANTA;30/10/26;LIGA ANTEÑA
1582;NO ACTIVO;AMIGOS DEL FUTBOL ANTA;30/10/26;LIGA ANTEÑA
1583;NO ACTIVO;AMIGOS DEL FUTBOL ANTA;30/10/26;LIGA ANTEÑA
1584;NO ACTIVO;AMIGOS DEL FUTBOL ANTA;30/10/26;LIGA ANTEÑA
1585;NO ACTIVO;AMIGOS DEL FUTBOL ANTA;30/10/26;LIGA ANTEÑA
1586;NO ACTIVO;AMIGOS DEL FUTBOL ANTA;30/10/26;LIGA ANTEÑA
1587;NO ACTIVO;AMIGOS DEL FUTBOL ANTA;30/10/26;LIGA ANTEÑA
1588;NO ACTIVO;AMIGOS DEL FUTBOL ANTA;30/10/26;LIGA ANTEÑA
1589;NO ACTIVO;AMIGOS DEL FUTBOL ANTA;30/10/26;LIGA ANTEÑA
1590;NO ACTIVO;AMIGOS DEL FUTBOL ANTA;30/10/26;LIGA ANTEÑA
1591;NO ACTIVO;AMIGOS DEL FUTBOL ANTA;30/10/26;LIGA ANTEÑA
1592;NO ACTIVO;AMIGOS DEL FUTBOL ANTA;30/10/26;LIGA ANTEÑA
1593;NO ACTIVO;AMIGOS DEL FUTBOL ANTA;30/10/26;LIGA ANTEÑA
1594;NO ACTIVO;AMIGOS DEL FUTBOL ANTA;30/10/26;LIGA ANTEÑA
1595;NO ACTIVO;AMIGOS DEL FUTBOL ANTA;30/10/26;LIGA ANTEÑA
1596;NO ACTIVO;AMIGOS DEL FUTBOL ANTA;30/10/26;LIGA ANTEÑA
1597;NO ACTIVO;AMIGOS DEL FUTBOL ANTA;30/10/26;LIGA ANTEÑA
1598;NO ACTIVO;AMIGOS DEL FUTBOL ANTA;30/10/26;LIGA ANTEÑA
1599;NO ACTIVO;AMIGOS DEL FUTBOL ANTA;30/10/26;LIGA ANTEÑA
1600;NO ACTIVO;AMIGOS DEL FUTBOL ANTA;30/10/26;LIGA ANTEÑA
1601;NO ACTIVO;AMIGOS DEL FUTBOL ANTA;30/10/26;LIGA ANTEÑA
1602;NO ACTIVO;AMIGOS DEL FUTBOL ANTA;30/10/26;LIGA ANTEÑA
1603;NO ACTIVO;AMIGOS DEL FUTBOL ANTA;30/10/26;LIGA ANTEÑA
1604;NO ACTIVO;AMIGOS DEL FUTBOL ANTA;30/10/26;LIGA ANTEÑA
1605;NO ACTIVO;AMIGOS DEL FUTBOL ANTA;30/10/26;LIGA ANTEÑA
1606;NO ACTIVO;AMIGOS DEL FUTBOL ANTA;30/10/26;LIGA ANTEÑA
1607;NO ACTIVO;AMIGOS DEL FUTBOL ANTA;30/10/26;LIGA ANTEÑA
1608;NO ACTIVO;AMIGOS DEL FUTBOL ANTA;30/10/26;LIGA ANTEÑA
1609;NO ACTIVO;AMIGOS DEL FUTBOL ANTA;30/10/26;LIGA ANTEÑA
1610;NO ACTIVO;AMIGOS DEL FUTBOL ANTA;30/10/26;LIGA ANTEÑA
1611;NO ACTIVO;AMIGOS DEL FUTBOL ANTA;30/10/26;LIGA ANTEÑA
1612;NO ACTIVO;AMIGOS DEL FUTBOL ANTA;30/10/26;LIGA ANTEÑA
1613;NO ACTIVO;AMIGOS DEL FUTBOL ANTA;30/10/26;LIGA ANTEÑA
1614;NO ACTIVO;AMIGOS DEL FUTBOL ANTA;30/10/26;LIGA ANTEÑA
1615;NO ACTIVO;AMIGOS DEL FUTBOL ANTA;30/10/26;LIGA ANTEÑA
1616;NO ACTIVO;AMIGOS DEL FUTBOL ANTA;30/10/26;LIGA ANTEÑA
1617;NO ACTIVO;AMIGOS DEL FUTBOL ANTA;30/10/26;LIGA ANTEÑA
1618;NO ACTIVO;AMIGOS DEL FUTBOL ANTA;30/10/26;LIGA ANTEÑA
1619;NO ACTIVO;AMIGOS DEL FUTBOL ANTA;30/10/26;LIGA ANTEÑA
1620;NO ACTIVO;AMIGOS DEL FUTBOL ANTA;30/10/26;LIGA ANTEÑA
1621;NO ACTIVO;AMIGOS DEL FUTBOL ANTA;30/10/26;LIGA ANTEÑA
1622;NO ACTIVO;AMIGOS DEL FUTBOL ANTA;30/10/26;LIGA ANTEÑA
1623;NO ACTIVO;AMIGOS DEL FUTBOL ANTA;30/10/26;LIGA ANTEÑA
1624;NO ACTIVO;AMIGOS DEL FUTBOL ANTA;30/10/26;LIGA ANTEÑA
1625;NO ACTIVO;AMIGOS DEL FUTBOL ANTA;30/10/26;LIGA ANTEÑA
1626;NO ACTIVO;AMIGOS DEL FUTBOL ANTA;30/10/26;LIGA ANTEÑA
1627;NO ACTIVO;AMIGOS DEL FUTBOL ANTA;30/10/26;LIGA ANTEÑA
1628;NO ACTIVO;AMIGOS DEL FUTBOL ANTA;30/10/26;LIGA ANTEÑA
1629;NO ACTIVO;AMIGOS DEL FUTBOL ANTA;30/10/26;LIGA ANTEÑA
1630;NO ACTIVO;AMIGOS DEL FUTBOL ANTA;30/10/26;LIGA ANTEÑA
1631;NO ACTIVO;AMIGOS DEL FUTBOL ANTA;30/10/26;LIGA ANTEÑA
1632;NO ACTIVO;AMIGOS DEL FUTBOL ANTA;30/10/26;LIGA ANTEÑA
1633;NO ACTIVO;AMIGOS DEL FUTBOL ANTA;30/10/26;LIGA ANTEÑA
1634;NO ACTIVO;AMIGOS DEL FUTBOL ANTA;30/10/26;LIGA ANTEÑA
1635;NO ACTIVO;AMIGOS DEL FUTBOL ANTA;30/10/26;LIGA ANTEÑA
1636;NO ACTIVO;AMIGOS DEL FUTBOL ANTA;30/10/26;LIGA ANTEÑA
1637;NO ACTIVO;AMIGOS DEL FUTBOL ANTA;30/10/26;LIGA ANTEÑA
1638;NO ACTIVO;AMIGOS DEL FUTBOL ANTA;30/10/26;LIGA ANTEÑA
1639;NO ACTIVO;AMIGOS DEL FUTBOL ANTA;30/10/26;LIGA ANTEÑA
1640;NO ACTIVO;AMIGOS DEL FUTBOL ANTA;30/10/26;LIGA ANTEÑA
1641;NO ACTIVO;AMIGOS DEL FUTBOL ANTA;30/10/26;LIGA ANTEÑA
1642;NO ACTIVO;AMIGOS DEL FUTBOL ANTA;30/10/26;LIGA ANTEÑA
1643;NO ACTIVO;AMIGOS DEL FUTBOL ANTA;30/10/26;LIGA ANTEÑA
1644;NO ACTIVO;AMIGOS DEL FUTBOL ANTA;30/10/26;LIGA ANTEÑA
1645;NO ACTIVO;AMIGOS DEL FUTBOL ANTA;30/10/26;LIGA ANTEÑA
1646;NO ACTIVO;AMIGOS DEL FUTBOL ANTA;30/10/26;LIGA ANTEÑA
1647;NO ACTIVO;AMIGOS DEL FUTBOL ANTA;30/10/26;LIGA ANTEÑA
1648;NO ACTIVO;AMIGOS DEL FUTBOL ANTA;30/10/26;LIGA ANTEÑA
1649;NO ACTIVO;AMIGOS DEL FUTBOL ANTA;30/10/26;LIGA ANTEÑA
1650;NO ACTIVO;AMIGOS DEL FUTBOL ANTA;30/10/26;LIGA ANTEÑA
1651;NO ACTIVO;AMIGOS DEL FUTBOL ANTA;30/10/26;LIGA ANTEÑA
1652;NO ACTIVO;AMIGOS DEL FUTBOL ANTA;30/10/26;LIGA ANTEÑA
1653;NO ACTIVO;AMIGOS DEL FUTBOL ANTA;30/10/26;LIGA ANTEÑA
1654;NO ACTIVO;AMIGOS DEL FUTBOL ANTA;30/10/26;LIGA ANTEÑA
1655;NO ACTIVO;AMIGOS DEL FUTBOL ANTA;30/10/26;LIGA ANTEÑA
1656;NO ACTIVO;AMIGOS DEL FUTBOL ANTA;30/10/26;LIGA ANTEÑA
1657;NO ACTIVO;AMIGOS DEL FUTBOL ANTA;30/10/26;LIGA ANTEÑA
1658;NO ACTIVO;AMIGOS DEL FUTBOL ANTA;30/10/26;LIGA ANTEÑA
1659;NO ACTIVO;AMIGOS DEL FUTBOL ANTA;30/10/26;LIGA ANTEÑA
1660;NO ACTIVO;AMIGOS DEL FUTBOL ANTA;30/10/26;LIGA ANTEÑA
1661;NO ACTIVO;AMIGOS DEL FUTBOL ANTA;30/10/26;LIGA ANTEÑA
1662;NO ACTIVO;AMIGOS DEL FUTBOL ANTA;30/10/26;LIGA ANTEÑA
1663;NO ACTIVO;AMIGOS DEL FUTBOL ANTA;30/10/26;LIGA ANTEÑA
1664;NO ACTIVO;AMIGOS DEL FUTBOL ANTA;30/10/26;LIGA ANTEÑA
1665;NO ACTIVO;AMIGOS DEL FUTBOL ANTA;30/10/26;LIGA ANTEÑA
1666;NO ACTIVO;AMIGOS DEL FUTBOL ANTA;30/10/26;LIGA ANTEÑA
1667;NO ACTIVO;AMIGOS DEL FUTBOL ANTA;30/10/26;LIGA ANTEÑA
1668;NO ACTIVO;AMIGOS DEL FUTBOL ANTA;30/10/26;LIGA ANTEÑA
1669;NO ACTIVO;AMIGOS DEL FUTBOL ANTA;30/10/26;LIGA ANTEÑA
1670;NO ACTIVO;AMIGOS DEL FUTBOL ANTA;30/10/26;LIGA ANTEÑA
1671;NO ACTIVO;AMIGOS DEL FUTBOL ANTA;30/10/26;LIGA ANTEÑA
1672;NO ACTIVO;AMIGOS DEL FUTBOL ANTA;30/10/26;LIGA ANTEÑA
1673;NO ACTIVO;AMIGOS DEL FUTBOL ANTA;30/10/26;LIGA ANTEÑA
1674;NO ACTIVO;AMIGOS DEL FUTBOL ANTA;30/10/26;LIGA ANTEÑA
1675;NO ACTIVO;AMIGOS DEL FUTBOL ANTA;30/10/26;LIGA ANTEÑA
1676;NO ACTIVO;AMIGOS DEL FUTBOL ANTA;30/10/26;LIGA ANTEÑA
1677;NO ACTIVO;AMIGOS DEL FUTBOL ANTA;30/10/26;LIGA ANTEÑA
1678;NO ACTIVO;AMIGOS DEL FUTBOL ANTA;30/10/26;LIGA ANTEÑA
1679;NO ACTIVO;AMIGOS DEL FUTBOL ANTA;30/10/26;LIGA ANTEÑA
1680;NO ACTIVO;AMIGOS DEL FUTBOL ANTA;30/10/26;LIGA ANTEÑA
1681;NO ACTIVO;AMIGOS DEL FUTBOL ANTA;30/10/26;LIGA ANTEÑA
1682;NO ACTIVO;AMIGOS DEL FUTBOL ANTA;30/10/26;LIGA ANTEÑA
1683;NO ACTIVO;AMIGOS DEL FUTBOL ANTA;30/10/26;LIGA ANTEÑA
1684;NO ACTIVO;AMIGOS DEL FUTBOL ANTA;30/10/26;LIGA ANTEÑA
1685;NO ACTIVO;AMIGOS DEL FUTBOL ANTA;30/10/26;LIGA ANTEÑA
1686;NO ACTIVO;AMIGOS DEL FUTBOL ANTA;30/10/26;LIGA ANTEÑA
1687;NO ACTIVO;AMIGOS DEL FUTBOL ANTA;30/10/26;LIGA ANTEÑA
1688;NO ACTIVO;AMIGOS DEL FUTBOL ANTA;30/10/26;LIGA ANTEÑA
1689;NO ACTIVO;AMIGOS DEL FUTBOL ANTA;30/10/26;LIGA ANTEÑA
1690;NO ACTIVO;AMIGOS DEL FUTBOL ANTA;30/10/26;LIGA ANTEÑA
1691;NO ACTIVO;AMIGOS DEL FUTBOL ANTA;30/10/26;LIGA ANTEÑA
1692;NO ACTIVO;AMIGOS DEL FUTBOL ANTA;30/10/26;LIGA ANTEÑA
1693;NO ACTIVO;AMIGOS DEL FUTBOL ANTA;30/10/26;LIGA ANTEÑA
1694;NO ACTIVO;AMIGOS DEL FUTBOL ANTA;30/10/26;LIGA ANTEÑA
1695;NO ACTIVO;AMIGOS DEL FUTBOL ANTA;30/10/26;LIGA ANTEÑA
1696;NO ACTIVO;AMIGOS DEL FUTBOL ANTA;30/10/26;LIGA ANTEÑA
1697;NO ACTIVO;AMIGOS DEL FUTBOL ANTA;30/10/26;LIGA ANTEÑA
1698;NO ACTIVO;AMIGOS DEL FUTBOL ANTA;30/10/26;LIGA ANTEÑA
1699;NO ACTIVO;AMIGOS DEL FUTBOL ANTA;30/10/26;LIGA ANTEÑA
1700;NO ACTIVO;AMIGOS DEL FUTBOL ANTA;30/10/26;LIGA ANTEÑA
1701;NO ACTIVO;AMIGOS DEL FUTBOL ANTA;30/10/26;LIGA ANTEÑA
1702;NO ACTIVO;AMIGOS DEL FUTBOL ANTA;30/10/26;LIGA ANTEÑA
1703;NO ACTIVO;AMIGOS DEL FUTBOL ANTA;30/10/26;LIGA ANTEÑA
1704;NO ACTIVO;AMIGOS DEL FUTBOL ANTA;30/10/26;LIGA ANTEÑA
1705;NO ACTIVO;AMIGOS DEL FUTBOL ANTA;30/10/26;LIGA ANTEÑA
1706;NO ACTIVO;AMIGOS DEL FUTBOL ANTA;30/10/26;LIGA ANTEÑA
1707;NO ACTIVO;AMIGOS DEL FUTBOL ANTA;30/10/26;LIGA ANTEÑA
1708;NO ACTIVO;AMIGOS DEL FUTBOL ANTA;30/10/26;LIGA ANTEÑA
1709;NO ACTIVO;AMIGOS DEL FUTBOL ANTA;30/10/26;LIGA ANTEÑA
1710;NO ACTIVO;AMIGOS DEL FUTBOL ANTA;30/10/26;LIGA ANTEÑA
1711;NO ACTIVO;AMIGOS DEL FUTBOL ANTA;30/10/26;LIGA ANTEÑA
1712;NO ACTIVO;AMIGOS DEL FUTBOL ANTA;30/10/26;LIGA ANTEÑA
1713;NO ACTIVO;AMIGOS DEL FUTBOL ANTA;30/10/26;LIGA ANTEÑA
1714;NO ACTIVO;AMIGOS DEL FUTBOL ANTA;30/10/26;LIGA ANTEÑA
1715;NO ACTIVO;AMIGOS DEL FUTBOL ANTA;30/10/26;LIGA ANTEÑA
1716;NO ACTIVO;AMIGOS DEL FUTBOL ANTA;30/10/26;LIGA ANTEÑA
1717;NO ACTIVO;AMIGOS DEL FUTBOL ANTA;30/10/26;LIGA ANTEÑA
1718;NO ACTIVO;AMIGOS DEL FUTBOL ANTA;30/10/26;LIGA ANTEÑA
1719;NO ACTIVO;AMIGOS DEL FUTBOL ANTA;30/10/26;LIGA ANTEÑA
1720;NO ACTIVO;AMIGOS DEL FUTBOL ANTA;30/10/26;LIGA ANTEÑA
1721;NO ACTIVO;AMIGOS DEL FUTBOL ANTA;30/10/26;LIGA ANTEÑA
1722;NO ACTIVO;AMIGOS DEL FUTBOL ANTA;30/10/26;LIGA ANTEÑA
1723;NO ACTIVO;AMIGOS DEL FUTBOL ANTA;30/10/26;LIGA ANTEÑA
1724;NO ACTIVO;AMIGOS DEL FUTBOL ANTA;30/10/26;LIGA ANTEÑA
1725;NO ACTIVO;AMIGOS DEL FUTBOL ANTA;30/10/26;LIGA ANTEÑA
1726;NO ACTIVO;AMIGOS DEL FUTBOL ANTA;30/10/26;LIGA ANTEÑA
1727;NO ACTIVO;AMIGOS DEL FUTBOL ANTA;30/10/26;LIGA ANTEÑA
1728;NO ACTIVO;AMIGOS DEL FUTBOL ANTA;30/10/26;LIGA ANTEÑA
1729;NO ACTIVO;AMIGOS DEL FUTBOL ANTA;30/10/26;LIGA ANTEÑA
1730;NO ACTIVO;AMIGOS DEL FUTBOL ANTA;30/10/26;LIGA ANTEÑA
1731;NO ACTIVO;AMIGOS DEL FUTBOL ANTA;30/10/26;LIGA ANTEÑA
1732;NO ACTIVO;AMIGOS DEL FUTBOL ANTA;30/10/26;LIGA ANTEÑA
1733;NO ACTIVO;AMIGOS DEL FUTBOL ANTA;30/10/26;LIGA ANTEÑA
1734;NO ACTIVO;AMIGOS DEL FUTBOL ANTA;30/10/26;LIGA ANTEÑA
1735;NO ACTIVO;AMIGOS DEL FUTBOL ANTA;30/10/26;LIGA ANTEÑA
1736;NO ACTIVO;AMIGOS DEL FUTBOL ANTA;30/10/26;LIGA ANTEÑA
1737;NO ACTIVO;AMIGOS DEL FUTBOL ANTA;30/10/26;LIGA ANTEÑA
1738;NO ACTIVO;AMIGOS DEL FUTBOL ANTA;30/10/26;LIGA ANTEÑA
1739;NO ACTIVO;AMIGOS DEL FUTBOL ANTA;30/10/26;LIGA ANTEÑA
1740;NO ACTIVO;AMIGOS DEL FUTBOL ANTA;30/10/26;LIGA ANTEÑA
1741;NO ACTIVO;AMIGOS DEL FUTBOL ANTA;30/10/26;LIGA ANTEÑA
1742;NO ACTIVO;AMIGOS DEL FUTBOL ANTA;30/10/26;LIGA ANTEÑA
1743;NO ACTIVO;AMIGOS DEL FUTBOL ANTA;30/10/26;LIGA ANTEÑA
1744;NO ACTIVO;AMIGOS DEL FUTBOL ANTA;30/10/26;LIGA ANTEÑA
1745;NO ACTIVO;AMIGOS DEL FUTBOL ANTA;30/10/26;LIGA ANTEÑA
1746;NO ACTIVO;AMIGOS DEL FUTBOL ANTA;30/10/26;LIGA ANTEÑA
1747;NO ACTIVO;AMIGOS DEL FUTBOL ANTA;30/10/26;LIGA ANTEÑA
1748;NO ACTIVO;AMIGOS DEL FUTBOL ANTA;30/10/26;LIGA ANTEÑA
1749;NO ACTIVO;AMIGOS DEL FUTBOL ANTA;30/10/26;LIGA ANTEÑA
1750;NO ACTIVO;AMIGOS DEL FUTBOL ANTA;30/10/26;LIGA ANTEÑA
1751;NO ACTIVO;AMIGOS DEL FUTBOL ANTA;30/10/26;LIGA ANTEÑA
1752;NO ACTIVO;AMIGOS DEL FUTBOL ANTA;30/10/26;LIGA ANTEÑA
1753;NO ACTIVO;AMIGOS DEL FUTBOL ANTA;30/10/26;LIGA ANTEÑA
1754;NO ACTIVO;AMIGOS DEL FUTBOL ANTA;30/10/26;LIGA ANTEÑA
1755;NO ACTIVO;AMIGOS DEL FUTBOL ANTA;30/10/26;LIGA ANTEÑA
1756;NO ACTIVO;AMIGOS DEL FUTBOL ANTA;30/10/26;LIGA ANTEÑA
1757;NO ACTIVO;AMIGOS DEL FUTBOL ANTA;30/10/26;LIGA ANTEÑA
1758;NO ACTIVO;AMIGOS DEL FUTBOL ANTA;30/10/26;LIGA ANTEÑA
1759;NO ACTIVO;AMIGOS DEL FUTBOL ANTA;30/10/26;LIGA ANTEÑA
1760;NO ACTIVO;AMIGOS DEL FUTBOL ANTA;30/10/26;LIGA ANTEÑA
1761;NO ACTIVO;AMIGOS DEL FUTBOL ANTA;30/10/26;LIGA ANTEÑA
1762;NO ACTIVO;AMIGOS DEL FUTBOL ANTA;30/10/26;LIGA ANTEÑA
1763;NO ACTIVO;AMIGOS DEL FUTBOL ANTA;30/10/26;LIGA ANTEÑA
1764;NO ACTIVO;AMIGOS DEL FUTBOL ANTA;30/10/26;LIGA ANTEÑA
1765;NO ACTIVO;AMIGOS DEL FUTBOL ANTA;30/10/26;LIGA ANTEÑA
1766;NO ACTIVO;AMIGOS DEL FUTBOL ANTA;30/10/26;LIGA ANTEÑA
1767;NO ACTIVO;AMIGOS DEL FUTBOL ANTA;30/10/26;LIGA ANTEÑA
1768;NO ACTIVO;AMIGOS DEL FUTBOL ANTA;30/10/26;LIGA ANTEÑA
1769;NO ACTIVO;AMIGOS DEL FUTBOL ANTA;30/10/26;LIGA ANTEÑA
1770;NO ACTIVO;AMIGOS DEL FUTBOL ANTA;30/10/26;LIGA ANTEÑA
1771;NO ACTIVO;AMIGOS DEL FUTBOL ANTA;30/10/26;LIGA ANTEÑA
1772;NO ACTIVO;AMIGOS DEL FUTBOL ANTA;30/10/26;LIGA ANTEÑA
1773;NO ACTIVO;AMIGOS DEL FUTBOL ANTA;30/10/26;LIGA ANTEÑA
1774;NO ACTIVO;AMIGOS DEL FUTBOL ANTA;30/10/26;LIGA ANTEÑA
1775;NO ACTIVO;AMIGOS DEL FUTBOL ANTA;30/10/26;LIGA ANTEÑA
1776;NO ACTIVO;AMIGOS DEL FUTBOL ANTA;30/10/26;LIGA ANTEÑA
1777;NO ACTIVO;AMIGOS DEL FUTBOL ANTA;30/10/26;LIGA ANTEÑA
1778;NO ACTIVO;AMIGOS DEL FUTBOL ANTA;30/10/26;LIGA ANTEÑA
1779;NO ACTIVO;AMIGOS DEL FUTBOL ANTA;30/10/26;LIGA ANTEÑA
1780;NO ACTIVO;AMIGOS DEL FUTBOL ANTA;30/10/26;LIGA ANTEÑA
1781;NO ACTIVO;AMIGOS DEL FUTBOL ANTA;30/10/26;LIGA ANTEÑA
1782;NO ACTIVO;AMIGOS DEL FUTBOL ANTA;30/10/26;LIGA ANTEÑA
1783;NO ACTIVO;AMIGOS DEL FUTBOL ANTA;30/10/26;LIGA ANTEÑA
1784;NO ACTIVO;AMIGOS DEL FUTBOL ANTA;30/10/26;LIGA ANTEÑA
1785;NO ACTIVO;AMIGOS DEL FUTBOL ANTA;30/10/26;LIGA ANTEÑA
1786;NO ACTIVO;AMIGOS DEL FUTBOL ANTA;30/10/26;LIGA ANTEÑA
1787;NO ACTIVO;AMIGOS DEL FUTBOL ANTA;30/10/26;LIGA ANTEÑA
1788;NO ACTIVO;AMIGOS DEL FUTBOL ANTA;30/10/26;LIGA ANTEÑA
1789;NO ACTIVO;AMIGOS DEL FUTBOL ANTA;30/10/26;LIGA ANTEÑA
1790;NO ACTIVO;AMIGOS DEL FUTBOL ANTA;30/10/26;LIGA ANTEÑA
1791;NO ACTIVO;AMIGOS DEL FUTBOL ANTA;30/10/26;LIGA ANTEÑA
1792;NO ACTIVO;AMIGOS DEL FUTBOL ANTA;30/10/26;LIGA ANTEÑA
1793;NO ACTIVO;AMIGOS DEL FUTBOL ANTA;30/10/26;LIGA ANTEÑA
1794;NO ACTIVO;AMIGOS DEL FUTBOL ANTA;30/10/26;LIGA ANTEÑA
1795;NO ACTIVO;AMIGOS DEL FUTBOL ANTA;30/10/26;LIGA ANTEÑA
1796;NO ACTIVO;AMIGOS DEL FUTBOL ANTA;30/10/26;LIGA ANTEÑA
1797;NO ACTIVO;AMIGOS DEL FUTBOL ANTA;30/10/26;LIGA ANTEÑA
1798;NO ACTIVO;AMIGOS DEL FUTBOL ANTA;30/10/26;LIGA ANTEÑA
1799;NO ACTIVO;AMIGOS DEL FUTBOL ANTA;30/10/26;LIGA ANTEÑA
1800;NO ACTIVO;AMIGOS DEL FUTBOL ANTA;30/10/26;LIGA ANTEÑA
1801;NO ACTIVO;AMIGOS DEL FUTBOL ANTA;30/10/26;LIGA ANTEÑA
1802;NO ACTIVO;AMIGOS DEL FUTBOL ANTA;30/10/26;LIGA ANTEÑA
1803;NO ACTIVO;AMIGOS DEL FUTBOL ANTA;30/10/26;LIGA ANTEÑA
1804;NO ACTIVO;AMIGOS DEL FUTBOL ANTA;30/10/26;LIGA ANTEÑA
1805;NO ACTIVO;AMIGOS DEL FUTBOL ANTA;30/10/26;LIGA ANTEÑA
1806;NO ACTIVO;AMIGOS DEL FUTBOL ANTA;30/10/26;LIGA ANTEÑA
1807;NO ACTIVO;AMIGOS DEL FUTBOL ANTA;30/10/26;LIGA ANTEÑA
1808;NO ACTIVO;AMIGOS DEL FUTBOL ANTA;30/10/26;LIGA ANTEÑA
1809;NO ACTIVO;AMIGOS DEL FUTBOL ANTA;30/10/26;LIGA ANTEÑA
1810;NO ACTIVO;AMIGOS DEL FUTBOL ANTA;30/10/26;LIGA ANTEÑA
1811;NO ACTIVO;AMIGOS DEL FUTBOL ANTA;30/10/26;LIGA ANTEÑA
1812;NO ACTIVO;AMIGOS DEL FUTBOL ANTA;30/10/26;LIGA ANTEÑA
1813;NO ACTIVO;AMIGOS DEL FUTBOL ANTA;30/10/26;LIGA ANTEÑA
1814;NO ACTIVO;AMIGOS DEL FUTBOL ANTA;30/10/26;LIGA ANTEÑA
1815;NO ACTIVO;AMIGOS DEL FUTBOL ANTA;30/10/26;LIGA ANTEÑA
1816;NO ACTIVO;AMIGOS DEL FUTBOL ANTA;30/10/26;LIGA ANTEÑA
1817;NO ACTIVO;AMIGOS DEL FUTBOL ANTA;30/10/26;LIGA ANTEÑA
1818;NO ACTIVO;AMIGOS DEL FUTBOL ANTA;30/10/26;LIGA ANTEÑA
1819;NO ACTIVO;AMIGOS DEL FUTBOL ANTA;30/10/26;LIGA ANTEÑA
1820;NO ACTIVO;AMIGOS DEL FUTBOL ANTA;30/10/26;LIGA ANTEÑA
1821;NO ACTIVO;AMIGOS DEL FUTBOL ANTA;30/10/26;LIGA ANTEÑA
1822;NO ACTIVO;AMIGOS DEL FUTBOL ANTA;30/10/26;LIGA ANTEÑA
1823;NO ACTIVO;AMIGOS DEL FUTBOL ANTA;30/10/26;LIGA ANTEÑA
1824;NO ACTIVO;AMIGOS DEL FUTBOL ANTA;30/10/26;LIGA ANTEÑA
1825;NO ACTIVO;AMIGOS DEL FUTBOL ANTA;30/10/26;LIGA ANTEÑA
1826;NO ACTIVO;AMIGOS DEL FUTBOL ANTA;30/10/26;LIGA ANTEÑA
1827;NO ACTIVO;AMIGOS DEL FUTBOL ANTA;30/10/26;LIGA ANTEÑA
1828;NO ACTIVO;AMIGOS DEL FUTBOL ANTA;30/10/26;LIGA ANTEÑA
1829;NO ACTIVO;AMIGOS DEL FUTBOL ANTA;30/10/26;LIGA ANTEÑA
1830;NO ACTIVO;AMIGOS DEL FUTBOL ANTA;30/10/26;LIGA ANTEÑA
1831;NO ACTIVO;AMIGOS DEL FUTBOL ANTA;30/10/26;LIGA ANTEÑA
1832;NO ACTIVO;AMIGOS DEL FUTBOL ANTA;30/10/26;LIGA ANTEÑA
1833;NO ACTIVO;AMIGOS DEL FUTBOL ANTA;30/10/26;LIGA ANTEÑA
1834;NO ACTIVO;AMIGOS DEL FUTBOL ANTA;30/10/26;LIGA ANTEÑA
1835;NO ACTIVO;AMIGOS DEL FUTBOL ANTA;30/10/26;LIGA ANTEÑA
1836;NO ACTIVO;AMIGOS DEL FUTBOL ANTA;30/10/26;LIGA ANTEÑA
1837;NO ACTIVO;AMIGOS DEL FUTBOL ANTA;30/10/26;LIGA ANTEÑA
1838;NO ACTIVO;AMIGOS DEL FUTBOL ANTA;30/10/26;LIGA ANTEÑA
1839;NO ACTIVO;AMIGOS DEL FUTBOL ANTA;30/10/26;LIGA ANTEÑA
1840;NO ACTIVO;AMIGOS DEL FUTBOL ANTA;30/10/26;LIGA ANTEÑA
1841;NO ACTIVO;AMIGOS DEL FUTBOL ANTA;30/10/26;LIGA ANTEÑA
1842;NO ACTIVO;AMIGOS DEL FUTBOL ANTA;30/10/26;LIGA ANTEÑA
1843;NO ACTIVO;AMIGOS DEL FUTBOL ANTA;30/10/26;LIGA ANTEÑA
1844;NO ACTIVO;AMIGOS DEL FUTBOL ANTA;30/10/26;LIGA ANTEÑA
1845;NO ACTIVO;AMIGOS DEL FUTBOL ANTA;30/10/26;LIGA ANTEÑA
1846;NO ACTIVO;AMIGOS DEL FUTBOL ANTA;30/10/26;LIGA ANTEÑA
1847;NO ACTIVO;AMIGOS DEL FUTBOL ANTA;30/10/26;LIGA ANTEÑA
1848;NO ACTIVO;AMIGOS DEL FUTBOL ANTA;30/10/26;LIGA ANTEÑA
1849;NO ACTIVO;AMIGOS DEL FUTBOL ANTA;30/10/26;LIGA ANTEÑA
1850;NO ACTIVO;AMIGOS DEL FUTBOL ANTA;30/10/26;LIGA ANTEÑA
1851;NO ACTIVO;AMIGOS DEL FUTBOL ANTA;30/10/26;LIGA ANTEÑA
1852;NO ACTIVO;AMIGOS DEL FUTBOL ANTA;30/10/26;LIGA ANTEÑA
1853;NO ACTIVO;AMIGOS DEL FUTBOL ANTA;30/10/26;LIGA ANTEÑA
1854;NO ACTIVO;AMIGOS DEL FUTBOL ANTA;30/10/26;LIGA ANTEÑA
1855;NO ACTIVO;AMIGOS DEL FUTBOL ANTA;30/10/26;LIGA ANTEÑA
1856;NO ACTIVO;AMIGOS DEL FUTBOL ANTA;30/10/26;LIGA ANTEÑA
1857;NO ACTIVO;AMIGOS DEL FUTBOL ANTA;30/10/26;LIGA ANTEÑA
1858;NO ACTIVO;AMIGOS DEL FUTBOL ANTA;30/10/26;LIGA ANTEÑA
1859;NO ACTIVO;AMIGOS DEL FUTBOL ANTA;30/10/26;LIGA ANTEÑA
1860;NO ACTIVO;AMIGOS DEL FUTBOL ANTA;30/10/26;LIGA ANTEÑA
1861;NO ACTIVO;AMIGOS DEL FUTBOL ANTA;30/10/26;LIGA ANTEÑA
1862;NO ACTIVO;AMIGOS DEL FUTBOL ANTA;30/10/26;LIGA ANTEÑA
1863;NO ACTIVO;AMIGOS DEL FUTBOL ANTA;30/10/26;LIGA ANTEÑA
1864;NO ACTIVO;AMIGOS DEL FUTBOL ANTA;30/10/26;LIGA ANTEÑA
1865;NO ACTIVO;AMIGOS DEL FUTBOL ANTA;30/10/26;LIGA ANTEÑA
1866;NO ACTIVO;AMIGOS DEL FUTBOL ANTA;30/10/26;LIGA ANTEÑA
1867;NO ACTIVO;AMIGOS DEL FUTBOL ANTA;30/10/26;LIGA ANTEÑA
1868;NO ACTIVO;AMIGOS DEL FUTBOL ANTA;30/10/26;LIGA ANTEÑA
1869;NO ACTIVO;AMIGOS DEL FUTBOL ANTA;30/10/26;LIGA ANTEÑA
1870;NO ACTIVO;AMIGOS DEL FUTBOL ANTA;30/10/26;LIGA ANTEÑA
1871;NO ACTIVO;AMIGOS DEL FUTBOL ANTA;30/10/26;LIGA ANTEÑA
1872;NO ACTIVO;AMIGOS DEL FUTBOL ANTA;30/10/26;LIGA ANTEÑA
1873;NO ACTIVO;AMIGOS DEL FUTBOL ANTA;30/10/26;LIGA ANTEÑA
1874;NO ACTIVO;AMIGOS DEL FUTBOL ANTA;30/10/26;LIGA ANTEÑA
1875;NO ACTIVO;AMIGOS DEL FUTBOL ANTA;30/10/26;LIGA ANTEÑA
1876;NO ACTIVO;AMIGOS DEL FUTBOL ANTA;30/10/26;LIGA ANTEÑA
1877;NO ACTIVO;AMIGOS DEL FUTBOL ANTA;30/10/26;LIGA ANTEÑA
1878;NO ACTIVO;AMIGOS DEL FUTBOL ANTA;30/10/26;LIGA ANTEÑA
1879;NO ACTIVO;AMIGOS DEL FUTBOL ANTA;30/10/26;LIGA ANTEÑA
1880;NO ACTIVO;AMIGOS DEL FUTBOL ANTA;30/10/26;LIGA ANTEÑA
1881;NO ACTIVO;AMIGOS DEL FUTBOL ANTA;30/10/26;LIGA ANTEÑA
1882;NO ACTIVO;AMIGOS DEL FUTBOL ANTA;30/10/26;LIGA ANTEÑA
1883;NO ACTIVO;AMIGOS DEL FUTBOL ANTA;30/10/26;LIGA ANTEÑA
1884;NO ACTIVO;AMIGOS DEL FUTBOL ANTA;30/10/26;LIGA ANTEÑA
1885;NO ACTIVO;AMIGOS DEL FUTBOL ANTA;30/10/26;LIGA ANTEÑA
1886;NO ACTIVO;AMIGOS DEL FUTBOL ANTA;30/10/26;LIGA ANTEÑA
1887;NO ACTIVO;AMIGOS DEL FUTBOL ANTA;30/10/26;LIGA ANTEÑA
1888;NO ACTIVO;AMIGOS DEL FUTBOL ANTA;30/10/26;LIGA ANTEÑA
1889;NO ACTIVO;AMIGOS DEL FUTBOL ANTA;30/10/26;LIGA ANTEÑA
1890;NO ACTIVO;AMIGOS DEL FUTBOL ANTA;30/10/26;LIGA ANTEÑA
1891;NO ACTIVO;AMIGOS DEL FUTBOL ANTA;30/10/26;LIGA ANTEÑA
1892;NO ACTIVO;AMIGOS DEL FUTBOL ANTA;30/10/26;LIGA ANTEÑA
1893;NO ACTIVO;AMIGOS DEL FUTBOL ANTA;30/10/26;LIGA ANTEÑA
1894;NO ACTIVO;AMIGOS DEL FUTBOL ANTA;30/10/26;LIGA ANTEÑA
1895;NO ACTIVO;AMIGOS DEL FUTBOL ANTA;30/10/26;LIGA ANTEÑA
1896;NO ACTIVO;AMIGOS DEL FUTBOL ANTA;30/10/26;LIGA ANTEÑA
1897;NO ACTIVO;AMIGOS DEL FUTBOL ANTA;30/10/26;LIGA ANTEÑA
1898;NO ACTIVO;AMIGOS DEL FUTBOL ANTA;30/10/26;LIGA ANTEÑA
1899;NO ACTIVO;AMIGOS DEL FUTBOL ANTA;30/10/26;LIGA ANTEÑA
1900;NO ACTIVO;AMIGOS DEL FUTBOL ANTA;30/10/26;LIGA ANTEÑA
1901;NO ACTIVO;AMIGOS DEL FUTBOL ANTA;30/10/26;LIGA ANTEÑA
1902;NO ACTIVO;AMIGOS DEL FUTBOL ANTA;30/10/26;LIGA ANTEÑA
1903;NO ACTIVO;AMIGOS DEL FUTBOL ANTA;30/10/26;LIGA ANTEÑA
1904;NO ACTIVO;AMIGOS DEL FUTBOL ANTA;30/10/26;LIGA ANTEÑA
1905;NO ACTIVO;AMIGOS DEL FUTBOL ANTA;30/10/26;LIGA ANTEÑA
1906;NO ACTIVO;AMIGOS DEL FUTBOL ANTA;30/10/26;LIGA ANTEÑA
1907;NO ACTIVO;AMIGOS DEL FUTBOL ANTA;30/10/26;LIGA ANTEÑA
1908;NO ACTIVO;AMIGOS DEL FUTBOL ANTA;30/10/26;LIGA ANTEÑA
1909;NO ACTIVO;AMIGOS DEL FUTBOL ANTA;30/10/26;LIGA ANTEÑA
1910;NO ACTIVO;AMIGOS DEL FUTBOL ANTA;30/10/26;LIGA ANTEÑA
1911;NO ACTIVO;AMIGOS DEL FUTBOL ANTA;30/10/26;LIGA ANTEÑA
1912;NO ACTIVO;AMIGOS DEL FUTBOL ANTA;30/10/26;LIGA ANTEÑA
1913;NO ACTIVO;AMIGOS DEL FUTBOL ANTA;30/10/26;LIGA ANTEÑA
1914;NO ACTIVO;AMIGOS DEL FUTBOL ANTA;30/10/26;LIGA ANTEÑA
1915;NO ACTIVO;AMIGOS DEL FUTBOL ANTA;30/10/26;LIGA ANTEÑA
1916;NO ACTIVO;AMIGOS DEL FUTBOL ANTA;30/10/26;LIGA ANTEÑA
1917;NO ACTIVO;AMIGOS DEL FUTBOL ANTA;30/10/26;LIGA ANTEÑA
1918;NO ACTIVO;AMIGOS DEL FUTBOL ANTA;30/10/26;LIGA ANTEÑA
1919;NO ACTIVO;AMIGOS DEL FUTBOL ANTA;30/10/26;LIGA ANTEÑA
1920;NO ACTIVO;AMIGOS DEL FUTBOL ANTA;30/10/26;LIGA ANTEÑA
1921;NO ACTIVO;AMIGOS DEL FUTBOL ANTA;30/10/26;LIGA ANTEÑA
1922;NO ACTIVO;AMIGOS DEL FUTBOL ANTA;30/10/26;LIGA ANTEÑA
1923;NO ACTIVO;AMIGOS DEL FUTBOL ANTA;30/10/26;LIGA ANTEÑA
1924;NO ACTIVO;AMIGOS DEL FUTBOL ANTA;30/10/26;LIGA ANTEÑA
1925;NO ACTIVO;AMIGOS DEL FUTBOL ANTA;30/10/26;LIGA ANTEÑA
1926;NO ACTIVO;AMIGOS DEL FUTBOL ANTA;30/10/26;LIGA ANTEÑA
1927;NO ACTIVO;AMIGOS DEL FUTBOL ANTA;30/10/26;LIGA ANTEÑA
1928;NO ACTIVO;AMIGOS DEL FUTBOL ANTA;30/10/26;LIGA ANTEÑA
1929;NO ACTIVO;AMIGOS DEL FUTBOL ANTA;30/10/26;LIGA ANTEÑA
1930;NO ACTIVO;AMIGOS DEL FUTBOL ANTA;30/10/26;LIGA ANTEÑA
1931;NO ACTIVO;AMIGOS DEL FUTBOL ANTA;30/10/26;LIGA ANTEÑA
1932;NO ACTIVO;AMIGOS DEL FUTBOL ANTA;30/10/26;LIGA ANTEÑA
1933;NO ACTIVO;AMIGOS DEL FUTBOL ANTA;30/10/26;LIGA ANTEÑA
1934;NO ACTIVO;AMIGOS DEL FUTBOL ANTA;30/10/26;LIGA ANTEÑA
1935;NO ACTIVO;AMIGOS DEL FUTBOL ANTA;30/10/26;LIGA ANTEÑA
1936;NO ACTIVO;AMIGOS DEL FUTBOL ANTA;30/10/26;LIGA ANTEÑA
1937;NO ACTIVO;AMIGOS DEL FUTBOL ANTA;30/10/26;LIGA ANTEÑA
1938;NO ACTIVO;AMIGOS DEL FUTBOL ANTA;30/10/26;LIGA ANTEÑA
1939;NO ACTIVO;AMIGOS DEL FUTBOL ANTA;30/10/26;LIGA ANTEÑA
1940;NO ACTIVO;AMIGOS DEL FUTBOL ANTA;30/10/26;LIGA ANTEÑA
1941;NO ACTIVO;AMIGOS DEL FUTBOL ANTA;30/10/26;LIGA ANTEÑA
1942;NO ACTIVO;AMIGOS DEL FUTBOL ANTA;30/10/26;LIGA ANTEÑA
1943;NO ACTIVO;AMIGOS DEL FUTBOL ANTA;30/10/26;LIGA ANTEÑA
1944;NO ACTIVO;AMIGOS DEL FUTBOL ANTA;30/10/26;LIGA ANTEÑA
1945;NO ACTIVO;AMIGOS DEL FUTBOL ANTA;30/10/26;LIGA ANTEÑA
1946;NO ACTIVO;AMIGOS DEL FUTBOL ANTA;30/10/26;LIGA ANTEÑA
1947;NO ACTIVO;AMIGOS DEL FUTBOL ANTA;30/10/26;LIGA ANTEÑA
1948;NO ACTIVO;AMIGOS DEL FUTBOL ANTA;30/10/26;LIGA ANTEÑA
1949;NO ACTIVO;AMIGOS DEL FUTBOL ANTA;30/10/26;LIGA ANTEÑA
1950;NO ACTIVO;AMIGOS DEL FUTBOL ANTA;30/10/26;LIGA ANTEÑA
1951;NO ACTIVO;AMIGOS DEL FUTBOL ANTA;30/10/26;LIGA ANTEÑA
1952;NO ACTIVO;AMIGOS DEL FUTBOL ANTA;30/10/26;LIGA ANTEÑA
1953;NO ACTIVO;AMIGOS DEL FUTBOL ANTA;30/10/26;LIGA ANTEÑA
1954;NO ACTIVO;AMIGOS DEL FUTBOL ANTA;30/10/26;LIGA ANTEÑA
1955;NO ACTIVO;AMIGOS DEL FUTBOL ANTA;30/10/26;LIGA ANTEÑA
1956;NO ACTIVO;AMIGOS DEL FUTBOL ANTA;30/10/26;LIGA ANTEÑA
1957;NO ACTIVO;AMIGOS DEL FUTBOL ANTA;30/10/26;LIGA ANTEÑA
1958;NO ACTIVO;AMIGOS DEL FUTBOL ANTA;30/10/26;LIGA ANTEÑA
1959;NO ACTIVO;AMIGOS DEL FUTBOL ANTA;30/10/26;LIGA ANTEÑA
1960;NO ACTIVO;AMIGOS DEL FUTBOL ANTA;30/10/26;LIGA ANTEÑA
1961;NO ACTIVO;AMIGOS DEL FUTBOL ANTA;30/10/26;LIGA ANTEÑA
1962;NO ACTIVO;AMIGOS DEL FUTBOL ANTA;30/10/26;LIGA ANTEÑA
1963;NO ACTIVO;AMIGOS DEL FUTBOL ANTA;30/10/26;LIGA ANTEÑA
1964;NO ACTIVO;AMIGOS DEL FUTBOL ANTA;30/10/26;LIGA ANTEÑA
1965;NO ACTIVO;AMIGOS DEL FUTBOL ANTA;30/10/26;LIGA ANTEÑA
1966;NO ACTIVO;AMIGOS DEL FUTBOL ANTA;30/10/26;LIGA ANTEÑA
1967;NO ACTIVO;AMIGOS DEL FUTBOL ANTA;30/10/26;LIGA ANTEÑA
1968;NO ACTIVO;AMIGOS DEL FUTBOL ANTA;30/10/26;LIGA ANTEÑA
1969;NO ACTIVO;AMIGOS DEL FUTBOL ANTA;30/10/26;LIGA ANTEÑA
1970;NO ACTIVO;AMIGOS DEL FUTBOL ANTA;30/10/26;LIGA ANTEÑA
1971;NO ACTIVO;AMIGOS DEL FUTBOL ANTA;30/10/26;LIGA ANTEÑA
1972;NO ACTIVO;AMIGOS DEL FUTBOL ANTA;30/10/26;LIGA ANTEÑA
1973;NO ACTIVO;AMIGOS DEL FUTBOL ANTA;30/10/26;LIGA ANTEÑA
1974;NO ACTIVO;AMIGOS DEL FUTBOL ANTA;30/10/26;LIGA ANTEÑA
1975;NO ACTIVO;AMIGOS DEL FUTBOL ANTA;30/10/26;LIGA ANTEÑA
1976;NO ACTIVO;AMIGOS DEL FUTBOL ANTA;30/10/26;LIGA ANTEÑA
1977;NO ACTIVO;AMIGOS DEL FUTBOL ANTA;30/10/26;LIGA ANTEÑA
1978;NO ACTIVO;AMIGOS DEL FUTBOL ANTA;30/10/26;LIGA ANTEÑA
1979;NO ACTIVO;AMIGOS DEL FUTBOL ANTA;30/10/26;LIGA ANTEÑA
1980;NO ACTIVO;AMIGOS DEL FUTBOL ANTA;30/10/26;LIGA ANTEÑA
1981;NO ACTIVO;AMIGOS DEL FUTBOL ANTA;30/10/26;LIGA ANTEÑA
1982;NO ACTIVO;AMIGOS DEL FUTBOL ANTA;30/10/26;LIGA ANTEÑA
1983;NO ACTIVO;AMIGOS DEL FUTBOL ANTA;30/10/26;LIGA ANTEÑA
1984;NO ACTIVO;AMIGOS DEL FUTBOL ANTA;30/10/26;LIGA ANTEÑA
1985;NO ACTIVO;AMIGOS DEL FUTBOL ANTA;30/10/26;LIGA ANTEÑA
1986;NO ACTIVO;AMIGOS DEL FUTBOL ANTA;30/10/26;LIGA ANTEÑA
1987;NO ACTIVO;AMIGOS DEL FUTBOL ANTA;30/10/26;LIGA ANTEÑA
1988;NO ACTIVO;AMIGOS DEL FUTBOL ANTA;30/10/26;LIGA ANTEÑA
1989;NO ACTIVO;AMIGOS DEL FUTBOL ANTA;30/10/26;LIGA ANTEÑA
1990;NO ACTIVO;AMIGOS DEL FUTBOL ANTA;30/10/26;LIGA ANTEÑA
1991;NO ACTIVO;AMIGOS DEL FUTBOL ANTA;30/10/26;LIGA ANTEÑA
1992;NO ACTIVO;AMIGOS DEL FUTBOL ANTA;30/10/26;LIGA ANTEÑA
1993;NO ACTIVO;AMIGOS DEL FUTBOL ANTA;30/10/26;LIGA ANTEÑA
1994;NO ACTIVO;AMIGOS DEL FUTBOL ANTA;30/10/26;LIGA ANTEÑA
1995;NO ACTIVO;AMIGOS DEL FUTBOL ANTA;30/10/26;LIGA ANTEÑA
1996;NO ACTIVO;AMIGOS DEL FUTBOL ANTA;30/10/26;LIGA ANTEÑA
1997;NO ACTIVO;AMIGOS DEL FUTBOL ANTA;30/10/26;LIGA ANTEÑA
1998;NO ACTIVO;AMIGOS DEL FUTBOL ANTA;30/10/26;LIGA ANTEÑA
1999;NO ACTIVO;AMIGOS DEL FUTBOL ANTA;30/10/26;LIGA ANTEÑA
2000;NO ACTIVO;AMIGOS DEL FUTBOL ANTA;30/10/26;LIGA ANTEÑA
2001;NO ACTIVO;AMIGOS DEL FUTBOL ANTA;30/10/26;LIGA ANTEÑA
2002;NO ACTIVO;AMIGOS DEL FUTBOL ANTA;30/10/26;LIGA ANTEÑA
2003;NO ACTIVO;AMIGOS DEL FUTBOL ANTA;30/10/26;LIGA ANTEÑA
2004;NO ACTIVO;AMIGOS DEL FUTBOL ANTA;30/10/26;LIGA ANTEÑA
2005;NO ACTIVO;AMIGOS DEL FUTBOL ANTA;30/10/26;LIGA ANTEÑA
2006;NO ACTIVO;AMIGOS DEL FUTBOL ANTA;30/10/26;LIGA ANTEÑA
2007;NO ACTIVO;AMIGOS DEL FUTBOL ANTA;30/10/26;LIGA ANTEÑA
2008;NO ACTIVO;AMIGOS DEL FUTBOL ANTA;30/10/26;LIGA ANTEÑA
2009;NO ACTIVO;AMIGOS DEL FUTBOL ANTA;30/10/26;LIGA ANTEÑA
2010;NO ACTIVO;AMIGOS DEL FUTBOL ANTA;30/10/26;LIGA ANTEÑA
2011;NO ACTIVO;AMIGOS DEL FUTBOL ANTA;30/10/26;LIGA ANTEÑA
2012;NO ACTIVO;AMIGOS DEL FUTBOL ANTA;30/10/26;LIGA ANTEÑA
2013;NO ACTIVO;AMIGOS DEL FUTBOL ANTA;30/10/26;LIGA ANTEÑA
2014;NO ACTIVO;AMIGOS DEL FUTBOL ANTA;30/10/26;LIGA ANTEÑA
2015;NO ACTIVO;AMIGOS DEL FUTBOL ANTA;30/10/26;LIGA ANTEÑA
2016;NO ACTIVO;AMIGOS DEL FUTBOL ANTA;30/10/26;LIGA ANTEÑA
2017;NO ACTIVO;AMIGOS DEL FUTBOL ANTA;30/10/26;LIGA ANTEÑA
2018;NO ACTIVO;AMIGOS DEL FUTBOL ANTA;30/10/26;LIGA ANTEÑA
2019;NO ACTIVO;AMIGOS DEL FUTBOL ANTA;30/10/26;LIGA ANTEÑA
2020;NO ACTIVO;AMIGOS DEL FUTBOL ANTA;30/10/26;LIGA ANTEÑA
2021;NO ACTIVO;AMIGOS DEL FUTBOL ANTA;30/10/26;LIGA ANTEÑA
2022;NO ACTIVO;AMIGOS DEL FUTBOL ANTA;30/10/26;LIGA ANTEÑA
2023;NO ACTIVO;AMIGOS DEL FUTBOL ANTA;30/10/26;LIGA ANTEÑA
2024;NO ACTIVO;AMIGOS DEL FUTBOL ANTA;30/10/26;LIGA ANTEÑA
2025;NO ACTIVO;AMIGOS DEL FUTBOL ANTA;30/10/26;LIGA ANTEÑA
2026;NO ACTIVO;AMIGOS DEL FUTBOL ANTA;30/10/26;LIGA ANTEÑA
2027;NO ACTIVO;AMIGOS DEL FUTBOL ANTA;30/10/26;LIGA ANTEÑA
2028;NO ACTIVO;AMIGOS DEL FUTBOL ANTA;30/10/26;LIGA ANTEÑA
2029;NO ACTIVO;AMIGOS DEL FUTBOL ANTA;30/10/26;LIGA ANTEÑA
2030;NO ACTIVO;AMIGOS DEL FUTBOL ANTA;30/10/26;LIGA ANTEÑA
2031;NO ACTIVO;AMIGOS DEL FUTBOL ANTA;30/10/26;LIGA ANTEÑA
2032;NO ACTIVO;AMIGOS DEL FUTBOL ANTA;30/10/26;LIGA ANTEÑA
2033;NO ACTIVO;AMIGOS DEL FUTBOL ANTA;30/10/26;LIGA ANTEÑA
2034;NO ACTIVO;AMIGOS DEL FUTBOL ANTA;30/10/26;LIGA ANTEÑA
2035;NO ACTIVO;AMIGOS DEL FUTBOL ANTA;30/10/26;LIGA ANTEÑA
2036;NO ACTIVO;AMIGOS DEL FUTBOL ANTA;30/10/26;LIGA ANTEÑA
2037;NO ACTIVO;AMIGOS DEL FUTBOL ANTA;30/10/26;LIGA ANTEÑA
2038;NO ACTIVO;AMIGOS DEL FUTBOL ANTA;30/10/26;LIGA ANTEÑA
2039;NO ACTIVO;AMIGOS DEL FUTBOL ANTA;30/10/26;LIGA ANTEÑA
2040;NO ACTIVO;AMIGOS DEL FUTBOL ANTA;30/10/26;LIGA ANTEÑA
2041;NO ACTIVO;AMIGOS DEL FUTBOL ANTA;30/10/26;LIGA ANTEÑA
2042;NO ACTIVO;AMIGOS DEL FUTBOL ANTA;30/10/26;LIGA ANTEÑA
2043;NO ACTIVO;AMIGOS DEL FUTBOL ANTA;30/10/26;LIGA ANTEÑA
2044;NO ACTIVO;AMIGOS DEL FUTBOL ANTA;30/10/26;LIGA ANTEÑA
2045;NO ACTIVO;AMIGOS DEL FUTBOL ANTA;30/10/26;LIGA ANTEÑA
2046;NO ACTIVO;AMIGOS DEL FUTBOL ANTA;30/10/26;LIGA ANTEÑA
2047;NO ACTIVO;AMIGOS DEL FUTBOL ANTA;30/10/26;LIGA ANTEÑA
2048;NO ACTIVO;AMIGOS DEL FUTBOL ANTA;30/10/26;LIGA ANTEÑA
2049;NO ACTIVO;AMIGOS DEL FUTBOL ANTA;30/10/26;LIGA ANTEÑA
2050;NO ACTIVO;AMIGOS DEL FUTBOL ANTA;30/10/26;LIGA ANTEÑA
2051;NO ACTIVO;AMIGOS DEL FUTBOL ANTA;30/10/26;LIGA ANTEÑA
2052;NO ACTIVO;AMIGOS DEL FUTBOL ANTA;30/10/26;LIGA ANTEÑA
2053;NO ACTIVO;AMIGOS DEL FUTBOL ANTA;30/10/26;LIGA ANTEÑA
2054;NO ACTIVO;AMIGOS DEL FUTBOL ANTA;30/10/26;LIGA ANTEÑA
2055;NO ACTIVO;AMIGOS DEL FUTBOL ANTA;30/10/26;LIGA ANTEÑA
2056;NO ACTIVO;AMIGOS DEL FUTBOL ANTA;30/10/26;LIGA ANTEÑA
2057;NO ACTIVO;AMIGOS DEL FUTBOL ANTA;30/10/26;LIGA ANTEÑA
2058;NO ACTIVO;AMIGOS DEL FUTBOL ANTA;30/10/26;LIGA ANTEÑA
2059;NO ACTIVO;AMIGOS DEL FUTBOL ANTA;30/10/26;LIGA ANTEÑA
2060;NO ACTIVO;AMIGOS DEL FUTBOL ANTA;30/10/26;LIGA ANTEÑA
2061;NO ACTIVO;AMIGOS DEL FUTBOL ANTA;30/10/26;LIGA ANTEÑA
2062;NO ACTIVO;AMIGOS DEL FUTBOL ANTA;30/10/26;LIGA ANTEÑA
2063;NO ACTIVO;AMIGOS DEL FUTBOL ANTA;30/10/26;LIGA ANTEÑA
2064;NO ACTIVO;AMIGOS DEL FUTBOL ANTA;30/10/26;LIGA ANTEÑA
2065;NO ACTIVO;AMIGOS DEL FUTBOL ANTA;30/10/26;LIGA ANTEÑA
2066;NO ACTIVO;AMIGOS DEL FUTBOL ANTA;30/10/26;LIGA ANTEÑA
2067;NO ACTIVO;AMIGOS DEL FUTBOL ANTA;30/10/26;LIGA ANTEÑA
2068;NO ACTIVO;AMIGOS DEL FUTBOL ANTA;30/10/26;LIGA ANTEÑA
2069;NO ACTIVO;AMIGOS DEL FUTBOL ANTA;30/10/26;LIGA ANTEÑA
2070;NO ACTIVO;AMIGOS DEL FUTBOL ANTA;30/10/26;LIGA ANTEÑA
2071;NO ACTIVO;AMIGOS DEL FUTBOL ANTA;30/10/26;LIGA ANTEÑA
2072;NO ACTIVO;AMIGOS DEL FUTBOL ANTA;30/10/26;LIGA ANTEÑA
2073;NO ACTIVO;AMIGOS DEL FUTBOL ANTA;30/10/26;LIGA ANTEÑA
2074;NO ACTIVO;AMIGOS DEL FUTBOL ANTA;30/10/26;LIGA ANTEÑA
2075;NO ACTIVO;AMIGOS DEL FUTBOL ANTA;30/10/26;LIGA ANTEÑA
2076;NO ACTIVO;AMIGOS DEL FUTBOL ANTA;30/10/26;LIGA ANTEÑA
2077;NO ACTIVO;AMIGOS DEL FUTBOL ANTA;30/10/26;LIGA ANTEÑA
2078;NO ACTIVO;AMIGOS DEL FUTBOL ANTA;30/10/26;LIGA ANTEÑA
2079;NO ACTIVO;AMIGOS DEL FUTBOL ANTA;30/10/26;LIGA ANTEÑA
2080;NO ACTIVO;AMIGOS DEL FUTBOL ANTA;30/10/26;LIGA ANTEÑA
2081;NO ACTIVO;AMIGOS DEL FUTBOL ANTA;30/10/26;LIGA ANTEÑA
2082;NO ACTIVO;AMIGOS DEL FUTBOL ANTA;30/10/26;LIGA ANTEÑA
2083;NO ACTIVO;AMIGOS DEL FUTBOL ANTA;30/10/26;LIGA ANTEÑA
2084;NO ACTIVO;AMIGOS DEL FUTBOL ANTA;30/10/26;LIGA ANTEÑA
2085;NO ACTIVO;AMIGOS DEL FUTBOL ANTA;30/10/26;LIGA ANTEÑA
2086;NO ACTIVO;AMIGOS DEL FUTBOL ANTA;30/10/26;LIGA ANTEÑA
2087;NO ACTIVO;AMIGOS DEL FUTBOL ANTA;30/10/26;LIGA ANTEÑA
2088;NO ACTIVO;AMIGOS DEL FUTBOL ANTA;30/10/26;LIGA ANTEÑA
2089;NO ACTIVO;AMIGOS DEL FUTBOL ANTA;30/10/26;LIGA ANTEÑA
2090;NO ACTIVO;AMIGOS DEL FUTBOL ANTA;30/10/26;LIGA ANTEÑA
2091;NO ACTIVO;AMIGOS DEL FUTBOL ANTA;30/10/26;LIGA ANTEÑA
2092;NO ACTIVO;AMIGOS DEL FUTBOL ANTA;30/10/26;LIGA ANTEÑA
2093;NO ACTIVO;AMIGOS DEL FUTBOL ANTA;30/10/26;LIGA ANTEÑA
2094;NO ACTIVO;AMIGOS DEL FUTBOL ANTA;30/10/26;LIGA ANTEÑA
2095;NO ACTIVO;AMIGOS DEL FUTBOL ANTA;30/10/26;LIGA ANTEÑA
2096;NO ACTIVO;AMIGOS DEL FUTBOL ANTA;30/10/26;LIGA ANTEÑA
2097;NO ACTIVO;AMIGOS DEL FUTBOL ANTA;30/10/26;LIGA ANTEÑA
2098;NO ACTIVO;AMIGOS DEL FUTBOL ANTA;30/10/26;LIGA ANTEÑA
2099;NO ACTIVO;AMIGOS DEL FUTBOL ANTA;30/10/26;LIGA ANTEÑA
2100;NO ACTIVO;AMIGOS DEL FUTBOL ANTA;30/10/26;LIGA ANTEÑA
2101;NO ACTIVO;AMIGOS DEL FUTBOL ANTA;30/10/26;LIGA ANTEÑA
2102;NO ACTIVO;AMIGOS DEL FUTBOL ANTA;30/10/26;LIGA ANTEÑA
2103;NO ACTIVO;AMIGOS DEL FUTBOL ANTA;30/10/26;LIGA ANTEÑA
2104;NO ACTIVO;AMIGOS DEL FUTBOL ANTA;30/10/26;LIGA ANTEÑA
2105;NO ACTIVO;AMIGOS DEL FUTBOL ANTA;30/10/26;LIGA ANTEÑA
2106;NO ACTIVO;AMIGOS DEL FUTBOL ANTA;30/10/26;LIGA ANTEÑA
2107;NO ACTIVO;AMIGOS DEL FUTBOL ANTA;30/10/26;LIGA ANTEÑA
2108;NO ACTIVO;AMIGOS DEL FUTBOL ANTA;30/10/26;LIGA ANTEÑA
2109;NO ACTIVO;AMIGOS DEL FUTBOL ANTA;30/10/26;LIGA ANTEÑA
2110;NO ACTIVO;AMIGOS DEL FUTBOL ANTA;30/10/26;LIGA ANTEÑA
2111;NO ACTIVO;AMIGOS DEL FUTBOL ANTA;30/10/26;LIGA ANTEÑA
2112;NO ACTIVO;AMIGOS DEL FUTBOL ANTA;30/10/26;LIGA ANTEÑA
2113;NO ACTIVO;AMIGOS DEL FUTBOL ANTA;30/10/26;LIGA ANTEÑA
2114;NO ACTIVO;AMIGOS DEL FUTBOL ANTA;30/10/26;LIGA ANTEÑA
2115;NO ACTIVO;AMIGOS DEL FUTBOL ANTA;30/10/26;LIGA ANTEÑA
2116;NO ACTIVO;AMIGOS DEL FUTBOL ANTA;30/10/26;LIGA ANTEÑA
2117;NO ACTIVO;AMIGOS DEL FUTBOL ANTA;30/10/26;LIGA ANTEÑA
2118;NO ACTIVO;AMIGOS DEL FUTBOL ANTA;30/10/26;LIGA ANTEÑA
2119;NO ACTIVO;AMIGOS DEL FUTBOL ANTA;30/10/26;LIGA ANTEÑA
2120;NO ACTIVO;AMIGOS DEL FUTBOL ANTA;30/10/26;LIGA ANTEÑA
2121;NO ACTIVO;AMIGOS DEL FUTBOL ANTA;30/10/26;LIGA ANTEÑA
2122;NO ACTIVO;AMIGOS DEL FUTBOL ANTA;30/10/26;LIGA ANTEÑA
2123;NO ACTIVO;AMIGOS DEL FUTBOL ANTA;30/10/26;LIGA ANTEÑA
2124;NO ACTIVO;AMIGOS DEL FUTBOL ANTA;30/10/26;LIGA ANTEÑA
2125;NO ACTIVO;AMIGOS DEL FUTBOL ANTA;30/10/26;LIGA ANTEÑA
2126;NO ACTIVO;AMIGOS DEL FUTBOL ANTA;30/10/26;LIGA ANTEÑA
2127;NO ACTIVO;AMIGOS DEL FUTBOL ANTA;30/10/26;LIGA ANTEÑA
2128;NO ACTIVO;AMIGOS DEL FUTBOL ANTA;30/10/26;LIGA ANTEÑA
2129;NO ACTIVO;AMIGOS DEL FUTBOL ANTA;30/10/26;LIGA ANTEÑA
2130;NO ACTIVO;AMIGOS DEL FUTBOL ANTA;30/10/26;LIGA ANTEÑA
2131;NO ACTIVO;AMIGOS DEL FUTBOL ANTA;30/10/26;LIGA ANTEÑA
2132;NO ACTIVO;AMIGOS DEL FUTBOL ANTA;30/10/26;LIGA ANTEÑA
2133;NO ACTIVO;AMIGOS DEL FUTBOL ANTA;30/10/26;LIGA ANTEÑA
2134;NO ACTIVO;AMIGOS DEL FUTBOL ANTA;30/10/26;LIGA ANTEÑA
2135;NO ACTIVO;AMIGOS DEL FUTBOL ANTA;30/10/26;LIGA ANTEÑA
2136;NO ACTIVO;AMIGOS DEL FUTBOL ANTA;30/10/26;LIGA ANTEÑA
2137;NO ACTIVO;AMIGOS DEL FUTBOL ANTA;30/10/26;LIGA ANTEÑA
2138;NO ACTIVO;AMIGOS DEL FUTBOL ANTA;30/10/26;LIGA ANTEÑA
2139;NO ACTIVO;AMIGOS DEL FUTBOL ANTA;30/10/26;LIGA ANTEÑA
2140;NO ACTIVO;AMIGOS DEL FUTBOL ANTA;30/10/26;LIGA ANTEÑA
2141;NO ACTIVO;AMIGOS DEL FUTBOL ANTA;30/10/26;LIGA ANTEÑA
2142;NO ACTIVO;AMIGOS DEL FUTBOL ANTA;30/10/26;LIGA ANTEÑA
2143;NO ACTIVO;AMIGOS DEL FUTBOL ANTA;30/10/26;LIGA ANTEÑA
2144;NO ACTIVO;AMIGOS DEL FUTBOL ANTA;30/10/26;LIGA ANTEÑA
2145;NO ACTIVO;AMIGOS DEL FUTBOL ANTA;30/10/26;LIGA ANTEÑA
2146;NO ACTIVO;AMIGOS DEL FUTBOL ANTA;30/10/26;LIGA ANTEÑA
2147;NO ACTIVO;AMIGOS DEL FUTBOL ANTA;30/10/26;LIGA ANTEÑA
2148;NO ACTIVO;AMIGOS DEL FUTBOL ANTA;30/10/26;LIGA ANTEÑA
2149;NO ACTIVO;AMIGOS DEL FUTBOL ANTA;30/10/26;LIGA ANTEÑA
2150;NO ACTIVO;AMIGOS DEL FUTBOL ANTA;30/10/26;LIGA ANTEÑA
2151;NO ACTIVO;AMIGOS DEL FUTBOL ANTA;30/10/26;LIGA ANTEÑA
2152;NO ACTIVO;AMIGOS DEL FUTBOL ANTA;30/10/26;LIGA ANTEÑA
2153;NO ACTIVO;AMIGOS DEL FUTBOL ANTA;30/10/26;LIGA ANTEÑA
2154;NO ACTIVO;AMIGOS DEL FUTBOL ANTA;30/10/26;LIGA ANTEÑA
2155;NO ACTIVO;AMIGOS DEL FUTBOL ANTA;30/10/26;LIGA ANTEÑA
2156;NO ACTIVO;AMIGOS DEL FUTBOL ANTA;30/10/26;LIGA ANTEÑA
2157;NO ACTIVO;AMIGOS DEL FUTBOL ANTA;30/10/26;LIGA ANTEÑA
2158;NO ACTIVO;AMIGOS DEL FUTBOL ANTA;30/10/26;LIGA ANTEÑA
2159;NO ACTIVO;AMIGOS DEL FUTBOL ANTA;30/10/26;LIGA ANTEÑA
2160;NO ACTIVO;AMIGOS DEL FUTBOL ANTA;30/10/26;LIGA ANTEÑA
2161;NO ACTIVO;AMIGOS DEL FUTBOL ANTA;30/10/26;LIGA ANTEÑA
2162;NO ACTIVO;AMIGOS DEL FUTBOL ANTA;30/10/26;LIGA ANTEÑA
2163;NO ACTIVO;AMIGOS DEL FUTBOL ANTA;30/10/26;LIGA ANTEÑA
2164;NO ACTIVO;AMIGOS DEL FUTBOL ANTA;30/10/26;LIGA ANTEÑA
2165;NO ACTIVO;AMIGOS DEL FUTBOL ANTA;30/10/26;LIGA ANTEÑA
2166;NO ACTIVO;AMIGOS DEL FUTBOL ANTA;30/10/26;LIGA ANTEÑA
2167;NO ACTIVO;AMIGOS DEL FUTBOL ANTA;30/10/26;LIGA ANTEÑA
2168;NO ACTIVO;AMIGOS DEL FUTBOL ANTA;30/10/26;LIGA ANTEÑA
2169;NO ACTIVO;AMIGOS DEL FUTBOL ANTA;30/10/26;LIGA ANTEÑA
2170;NO ACTIVO;AMIGOS DEL FUTBOL ANTA;30/10/26;LIGA ANTEÑA
2171;NO ACTIVO;AMIGOS DEL FUTBOL ANTA;30/10/26;LIGA ANTEÑA
2172;NO ACTIVO;AMIGOS DEL FUTBOL ANTA;30/10/26;LIGA ANTEÑA
2173;NO ACTIVO;AMIGOS DEL FUTBOL ANTA;30/10/26;LIGA ANTEÑA
2174;NO ACTIVO;AMIGOS DEL FUTBOL ANTA;30/10/26;LIGA ANTEÑA
2175;NO ACTIVO;AMIGOS DEL FUTBOL ANTA;30/10/26;LIGA ANTEÑA
2176;NO ACTIVO;AMIGOS DEL FUTBOL ANTA;30/10/26;LIGA ANTEÑA
2177;NO ACTIVO;AMIGOS DEL FUTBOL ANTA;30/10/26;LIGA ANTEÑA
2178;NO ACTIVO;AMIGOS DEL FUTBOL ANTA;30/10/26;LIGA ANTEÑA
2179;NO ACTIVO;AMIGOS DEL FUTBOL ANTA;30/10/26;LIGA ANTEÑA
2180;NO ACTIVO;AMIGOS DEL FUTBOL ANTA;30/10/26;LIGA ANTEÑA
2181;NO ACTIVO;AMIGOS DEL FUTBOL ANTA;30/10/26;LIGA ANTEÑA
2182;NO ACTIVO;AMIGOS DEL FUTBOL ANTA;30/10/26;LIGA ANTEÑA
2183;NO ACTIVO;AMIGOS DEL FUTBOL ANTA;30/10/26;LIGA ANTEÑA
2184;NO ACTIVO;AMIGOS DEL FUTBOL ANTA;30/10/26;LIGA ANTEÑA
2185;NO ACTIVO;AMIGOS DEL FUTBOL ANTA;30/10/26;LIGA ANTEÑA
2186;NO ACTIVO;AMIGOS DEL FUTBOL ANTA;30/10/26;LIGA ANTEÑA
2187;NO ACTIVO;AMIGOS DEL FUTBOL ANTA;30/10/26;LIGA ANTEÑA
2188;NO ACTIVO;AMIGOS DEL FUTBOL ANTA;30/10/26;LIGA ANTEÑA
2189;NO ACTIVO;AMIGOS DEL FUTBOL ANTA;30/10/26;LIGA ANTEÑA
2190;NO ACTIVO;AMIGOS DEL FUTBOL ANTA;30/10/26;LIGA ANTEÑA
2191;NO ACTIVO;AMIGOS DEL FUTBOL ANTA;30/10/26;LIGA ANTEÑA
2192;NO ACTIVO;AMIGOS DEL FUTBOL ANTA;30/10/26;LIGA ANTEÑA
2193;NO ACTIVO;AMIGOS DEL FUTBOL ANTA;30/10/26;LIGA ANTEÑA
2194;NO ACTIVO;AMIGOS DEL FUTBOL ANTA;30/10/26;LIGA ANTEÑA
2195;NO ACTIVO;AMIGOS DEL FUTBOL ANTA;30/10/26;LIGA ANTEÑA
2196;NO ACTIVO;AMIGOS DEL FUTBOL ANTA;30/10/26;LIGA ANTEÑA
2197;NO ACTIVO;AMIGOS DEL FUTBOL ANTA;30/10/26;LIGA ANTEÑA
2198;NO ACTIVO;AMIGOS DEL FUTBOL ANTA;30/10/26;LIGA ANTEÑA
2199;NO ACTIVO;AMIGOS DEL FUTBOL ANTA;30/10/26;LIGA ANTEÑA
2200;NO ACTIVO;AMIGOS DEL FUTBOL ANTA;30/10/26;LIGA ANTEÑA
2201;NO ACTIVO;AMIGOS DEL FUTBOL ANTA;30/10/26;LIGA ANTEÑA
2202;NO ACTIVO;AMIGOS DEL FUTBOL ANTA;30/10/26;LIGA ANTEÑA
2203;NO ACTIVO;AMIGOS DEL FUTBOL ANTA;30/10/26;LIGA ANTEÑA
2204;NO ACTIVO;AMIGOS DEL FUTBOL ANTA;30/10/26;LIGA ANTEÑA
2205;NO ACTIVO;AMIGOS DEL FUTBOL ANTA;30/10/26;LIGA ANTEÑA
2206;NO ACTIVO;AMIGOS DEL FUTBOL ANTA;30/10/26;LIGA ANTEÑA
2207;NO ACTIVO;AMIGOS DEL FUTBOL ANTA;30/10/26;LIGA ANTEÑA
2208;NO ACTIVO;AMIGOS DEL FUTBOL ANTA;30/10/26;LIGA ANTEÑA
2209;NO ACTIVO;AMIGOS DEL FUTBOL ANTA;30/10/26;LIGA ANTEÑA
2210;NO ACTIVO;AMIGOS DEL FUTBOL ANTA;30/10/26;LIGA ANTEÑA
2211;NO ACTIVO;AMIGOS DEL FUTBOL ANTA;30/10/26;LIGA ANTEÑA
2212;NO ACTIVO;AMIGOS DEL FUTBOL ANTA;30/10/26;LIGA ANTEÑA
2213;NO ACTIVO;AMIGOS DEL FUTBOL ANTA;30/10/26;LIGA ANTEÑA
2214;NO ACTIVO;AMIGOS DEL FUTBOL ANTA;30/10/26;LIGA ANTEÑA
2215;NO ACTIVO;AMIGOS DEL FUTBOL ANTA;30/10/26;LIGA ANTEÑA
2216;NO ACTIVO;AMIGOS DEL FUTBOL ANTA;30/10/26;LIGA ANTEÑA
2217;NO ACTIVO;AMIGOS DEL FUTBOL ANTA;30/10/26;LIGA ANTEÑA
2218;NO ACTIVO;AMIGOS DEL FUTBOL ANTA;30/10/26;LIGA ANTEÑA
2219;NO ACTIVO;AMIGOS DEL FUTBOL ANTA;30/10/26;LIGA ANTEÑA
2220;NO ACTIVO;AMIGOS DEL FUTBOL ANTA;30/10/26;LIGA ANTEÑA
2221;NO ACTIVO;AMIGOS DEL FUTBOL ANTA;30/10/26;LIGA ANTEÑA
2222;NO ACTIVO;AMIGOS DEL FUTBOL ANTA;30/10/26;LIGA ANTEÑA
2223;NO ACTIVO;AMIGOS DEL FUTBOL ANTA;30/10/26;LIGA ANTEÑA
2224;NO ACTIVO;AMIGOS DEL FUTBOL ANTA;30/10/26;LIGA ANTEÑA
2225;NO ACTIVO;AMIGOS DEL FUTBOL ANTA;30/10/26;LIGA ANTEÑA
2226;NO ACTIVO;AMIGOS DEL FUTBOL ANTA;30/10/26;LIGA ANTEÑA
2227;NO ACTIVO;AMIGOS DEL FUTBOL ANTA;30/10/26;LIGA ANTEÑA
2228;NO ACTIVO;AMIGOS DEL FUTBOL ANTA;30/10/26;LIGA ANTEÑA
2229;NO ACTIVO;AMIGOS DEL FUTBOL ANTA;30/10/26;LIGA ANTEÑA
2230;NO ACTIVO;AMIGOS DEL FUTBOL ANTA;30/10/26;LIGA ANTEÑA
2231;NO ACTIVO;AMIGOS DEL FUTBOL ANTA;30/10/26;LIGA ANTEÑA
2232;NO ACTIVO;AMIGOS DEL FUTBOL ANTA;30/10/26;LIGA ANTEÑA
2233;NO ACTIVO;AMIGOS DEL FUTBOL ANTA;30/10/26;LIGA ANTEÑA
2234;NO ACTIVO;AMIGOS DEL FUTBOL ANTA;30/10/26;LIGA ANTEÑA
2235;NO ACTIVO;AMIGOS DEL FUTBOL ANTA;30/10/26;LIGA ANTEÑA
2236;NO ACTIVO;AMIGOS DEL FUTBOL ANTA;30/10/26;LIGA ANTEÑA
2237;NO ACTIVO;AMIGOS DEL FUTBOL ANTA;30/10/26;LIGA ANTEÑA
2238;NO ACTIVO;AMIGOS DEL FUTBOL ANTA;30/10/26;LIGA ANTEÑA
2239;NO ACTIVO;AMIGOS DEL FUTBOL ANTA;30/10/26;LIGA ANTEÑA
2240;NO ACTIVO;AMIGOS DEL FUTBOL ANTA;30/10/26;LIGA ANTEÑA
2241;NO ACTIVO;AMIGOS DEL FUTBOL ANTA;30/10/26;LIGA ANTEÑA
2242;NO ACTIVO;AMIGOS DEL FUTBOL ANTA;30/10/26;LIGA ANTEÑA
2243;NO ACTIVO;AMIGOS DEL FUTBOL ANTA;30/10/26;LIGA ANTEÑA
2244;NO ACTIVO;AMIGOS DEL FUTBOL ANTA;30/10/26;LIGA ANTEÑA
2245;NO ACTIVO;AMIGOS DEL FUTBOL ANTA;30/10/26;LIGA ANTEÑA
2246;NO ACTIVO;AMIGOS DEL FUTBOL ANTA;30/10/26;LIGA ANTEÑA
2247;NO ACTIVO;AMIGOS DEL FUTBOL ANTA;30/10/26;LIGA ANTEÑA
2248;NO ACTIVO;AMIGOS DEL FUTBOL ANTA;30/10/26;LIGA ANTEÑA
2249;NO ACTIVO;AMIGOS DEL FUTBOL ANTA;30/10/26;LIGA ANTEÑA
2250;NO ACTIVO;AMIGOS DEL FUTBOL ANTA;30/10/26;LIGA ANTEÑA
2251;NO ACTIVO;AMIGOS DEL FUTBOL ANTA;30/10/26;LIGA ANTEÑA
2252;NO ACTIVO;AMIGOS DEL FUTBOL ANTA;30/10/26;LIGA ANTEÑA
2253;NO ACTIVO;AMIGOS DEL FUTBOL ANTA;30/10/26;LIGA ANTEÑA
2254;NO ACTIVO;AMIGOS DEL FUTBOL ANTA;30/10/26;LIGA ANTEÑA
2255;NO ACTIVO;AMIGOS DEL FUTBOL ANTA;30/10/26;LIGA ANTEÑA
2256;NO ACTIVO;AMIGOS DEL FUTBOL ANTA;30/10/26;LIGA ANTEÑA
2257;NO ACTIVO;AMIGOS DEL FUTBOL ANTA;30/10/26;LIGA ANTEÑA
2258;NO ACTIVO;AMIGOS DEL FUTBOL ANTA;30/10/26;LIGA ANTEÑA
2259;NO ACTIVO;AMIGOS DEL FUTBOL ANTA;30/10/26;LIGA ANTEÑA
2260;NO ACTIVO;AMIGOS DEL FUTBOL ANTA;30/10/26;LIGA ANTEÑA
2261;NO ACTIVO;AMIGOS DEL FUTBOL ANTA;30/10/26;LIGA ANTEÑA
2262;NO ACTIVO;AMIGOS DEL FUTBOL ANTA;30/10/26;LIGA ANTEÑA
2263;NO ACTIVO;AMIGOS DEL FUTBOL ANTA;30/10/26;LIGA ANTEÑA
2264;NO ACTIVO;AMIGOS DEL FUTBOL ANTA;30/10/26;LIGA ANTEÑA
2265;NO ACTIVO;AMIGOS DEL FUTBOL ANTA;30/10/26;LIGA ANTEÑA
2266;NO ACTIVO;AMIGOS DEL FUTBOL ANTA;30/10/26;LIGA ANTEÑA
2267;NO ACTIVO;AMIGOS DEL FUTBOL ANTA;30/10/26;LIGA ANTEÑA
2268;NO ACTIVO;AMIGOS DEL FUTBOL ANTA;30/10/26;LIGA ANTEÑA
2269;NO ACTIVO;AMIGOS DEL FUTBOL ANTA;30/10/26;LIGA ANTEÑA
2270;NO ACTIVO;AMIGOS DEL FUTBOL ANTA;30/10/26;LIGA ANTEÑA
2271;NO ACTIVO;AMIGOS DEL FUTBOL ANTA;30/10/26;LIGA ANTEÑA
2272;NO ACTIVO;AMIGOS DEL FUTBOL ANTA;30/10/26;LIGA ANTEÑA
2273;NO ACTIVO;AMIGOS DEL FUTBOL ANTA;30/10/26;LIGA ANTEÑA
2274;NO ACTIVO;AMIGOS DEL FUTBOL ANTA;30/10/26;LIGA ANTEÑA
2275;NO ACTIVO;AMIGOS DEL FUTBOL ANTA;30/10/26;LIGA ANTEÑA
2276;NO ACTIVO;AMIGOS DEL FUTBOL ANTA;30/10/26;LIGA ANTEÑA
2277;NO ACTIVO;AMIGOS DEL FUTBOL ANTA;30/10/26;LIGA ANTEÑA
2278;NO ACTIVO;AMIGOS DEL FUTBOL ANTA;30/10/26;LIGA ANTEÑA
2279;NO ACTIVO;AMIGOS DEL FUTBOL ANTA;30/10/26;LIGA ANTEÑA
2280;NO ACTIVO;AMIGOS DEL FUTBOL ANTA;30/10/26;LIGA ANTEÑA
2281;NO ACTIVO;AMIGOS DEL FUTBOL ANTA;30/10/26;LIGA ANTEÑA
2282;NO ACTIVO;AMIGOS DEL FUTBOL ANTA;30/10/26;LIGA ANTEÑA
2283;NO ACTIVO;AMIGOS DEL FUTBOL ANTA;30/10/26;LIGA ANTEÑA
2284;NO ACTIVO;AMIGOS DEL FUTBOL ANTA;30/10/26;LIGA ANTEÑA
2285;NO ACTIVO;AMIGOS DEL FUTBOL ANTA;30/10/26;LIGA ANTEÑA
2286;NO ACTIVO;AMIGOS DEL FUTBOL ANTA;30/10/26;LIGA ANTEÑA
2287;NO ACTIVO;AMIGOS DEL FUTBOL ANTA;30/10/26;LIGA ANTEÑA
2288;NO ACTIVO;AMIGOS DEL FUTBOL ANTA;30/10/26;LIGA ANTEÑA
2289;NO ACTIVO;AMIGOS DEL FUTBOL ANTA;30/10/26;LIGA ANTEÑA
2290;NO ACTIVO;AMIGOS DEL FUTBOL ANTA;30/10/26;LIGA ANTEÑA
2291;NO ACTIVO;AMIGOS DEL FUTBOL ANTA;30/10/26;LIGA ANTEÑA
2292;NO ACTIVO;AMIGOS DEL FUTBOL ANTA;30/10/26;LIGA ANTEÑA
2293;NO ACTIVO;AMIGOS DEL FUTBOL ANTA;30/10/26;LIGA ANTEÑA
2294;NO ACTIVO;AMIGOS DEL FUTBOL ANTA;30/10/26;LIGA ANTEÑA
2295;NO ACTIVO;AMIGOS DEL FUTBOL ANTA;30/10/26;LIGA ANTEÑA
2296;NO ACTIVO;AMIGOS DEL FUTBOL ANTA;30/10/26;LIGA ANTEÑA
2297;NO ACTIVO;AMIGOS DEL FUTBOL ANTA;30/10/26;LIGA ANTEÑA
2298;NO ACTIVO;AMIGOS DEL FUTBOL ANTA;30/10/26;LIGA ANTEÑA
2299;NO ACTIVO;AMIGOS DEL FUTBOL ANTA;30/10/26;LIGA ANTEÑA
2300;NO ACTIVO;AMIGOS DEL FUTBOL ANTA;30/10/26;LIGA ANTEÑA
2301;NO ACTIVO;AMIGOS DEL FUTBOL ANTA;30/10/26;LIGA ANTEÑA
2302;NO ACTIVO;AMIGOS DEL FUTBOL ANTA;30/10/26;LIGA ANTEÑA
2303;NO ACTIVO;AMIGOS DEL FUTBOL ANTA;30/10/26;LIGA ANTEÑA
2304;NO ACTIVO;AMIGOS DEL FUTBOL ANTA;30/10/26;LIGA ANTEÑA
2305;NO ACTIVO;AMIGOS DEL FUTBOL ANTA;30/10/26;LIGA ANTEÑA
2306;NO ACTIVO;AMIGOS DEL FUTBOL ANTA;30/10/26;LIGA ANTEÑA
2307;NO ACTIVO;AMIGOS DEL FUTBOL ANTA;30/10/26;LIGA ANTEÑA
2308;NO ACTIVO;AMIGOS DEL FUTBOL ANTA;30/10/26;LIGA ANTEÑA
2309;NO ACTIVO;AMIGOS DEL FUTBOL ANTA;30/10/26;LIGA ANTEÑA
2310;NO ACTIVO;AMIGOS DEL FUTBOL ANTA;30/10/26;LIGA ANTEÑA
2311;NO ACTIVO;AMIGOS DEL FUTBOL ANTA;30/10/26;LIGA ANTEÑA
2312;NO ACTIVO;AMIGOS DEL FUTBOL ANTA;30/10/26;LIGA ANTEÑA
2313;NO ACTIVO;AMIGOS DEL FUTBOL ANTA;30/10/26;LIGA ANTEÑA
2314;NO ACTIVO;AMIGOS DEL FUTBOL ANTA;30/10/26;LIGA ANTEÑA
2315;NO ACTIVO;AMIGOS DEL FUTBOL ANTA;30/10/26;LIGA ANTEÑA
2316;NO ACTIVO;AMIGOS DEL FUTBOL ANTA;30/10/26;LIGA ANTEÑA
2317;NO ACTIVO;AMIGOS DEL FUTBOL ANTA;30/10/26;LIGA ANTEÑA
2318;NO ACTIVO;AMIGOS DEL FUTBOL ANTA;30/10/26;LIGA ANTEÑA
2319;NO ACTIVO;AMIGOS DEL FUTBOL ANTA;30/10/26;LIGA ANTEÑA
2320;NO ACTIVO;AMIGOS DEL FUTBOL ANTA;30/10/26;LIGA ANTEÑA
2321;NO ACTIVO;AMIGOS DEL FUTBOL ANTA;30/10/26;LIGA ANTEÑA
2322;NO ACTIVO;AMIGOS DEL FUTBOL ANTA;30/10/26;LIGA ANTEÑA
2323;NO ACTIVO;AMIGOS DEL FUTBOL ANTA;30/10/26;LIGA ANTEÑA
2324;NO ACTIVO;AMIGOS DEL FUTBOL ANTA;30/10/26;LIGA ANTEÑA
2325;NO ACTIVO;AMIGOS DEL FUTBOL ANTA;30/10/26;LIGA ANTEÑA
2326;NO ACTIVO;AMIGOS DEL FUTBOL ANTA;30/10/26;LIGA ANTEÑA
2327;NO ACTIVO;AMIGOS DEL FUTBOL ANTA;30/10/26;LIGA ANTEÑA
2328;NO ACTIVO;AMIGOS DEL FUTBOL ANTA;30/10/26;LIGA ANTEÑA
2329;NO ACTIVO;AMIGOS DEL FUTBOL ANTA;30/10/26;LIGA ANTEÑA
2330;NO ACTIVO;AMIGOS DEL FUTBOL ANTA;30/10/26;LIGA ANTEÑA
2331;NO ACTIVO;AMIGOS DEL FUTBOL ANTA;30/10/26;LIGA ANTEÑA
2332;NO ACTIVO;AMIGOS DEL FUTBOL ANTA;30/10/26;LIGA ANTEÑA
2333;NO ACTIVO;AMIGOS DEL FUTBOL ANTA;30/10/26;LIGA ANTEÑA
2334;NO ACTIVO;AMIGOS DEL FUTBOL ANTA;30/10/26;LIGA ANTEÑA
2335;NO ACTIVO;AMIGOS DEL FUTBOL ANTA;30/10/26;LIGA ANTEÑA
2336;NO ACTIVO;AMIGOS DEL FUTBOL ANTA;30/10/26;LIGA ANTEÑA
2337;NO ACTIVO;AMIGOS DEL FUTBOL ANTA;30/10/26;LIGA ANTEÑA
2338;NO ACTIVO;AMIGOS DEL FUTBOL ANTA;30/10/26;LIGA ANTEÑA
2339;NO ACTIVO;AMIGOS DEL FUTBOL ANTA;30/10/26;LIGA ANTEÑA
2340;NO ACTIVO;AMIGOS DEL FUTBOL ANTA;30/10/26;LIGA ANTEÑA
2341;NO ACTIVO;AMIGOS DEL FUTBOL ANTA;30/10/26;LIGA ANTEÑA
2342;NO ACTIVO;AMIGOS DEL FUTBOL ANTA;30/10/26;LIGA ANTEÑA
2343;NO ACTIVO;AMIGOS DEL FUTBOL ANTA;30/10/26;LIGA ANTEÑA
2344;NO ACTIVO;AMIGOS DEL FUTBOL ANTA;30/10/26;LIGA ANTEÑA
2345;NO ACTIVO;AMIGOS DEL FUTBOL ANTA;30/10/26;LIGA ANTEÑA
2346;NO ACTIVO;AMIGOS DEL FUTBOL ANTA;30/10/26;LIGA ANTEÑA
2347;NO ACTIVO;AMIGOS DEL FUTBOL ANTA;30/10/26;LIGA ANTEÑA
2348;NO ACTIVO;AMIGOS DEL FUTBOL ANTA;30/10/26;LIGA ANTEÑA
2349;NO ACTIVO;AMIGOS DEL FUTBOL ANTA;30/10/26;LIGA ANTEÑA
2350;NO ACTIVO;AMIGOS DEL FUTBOL ANTA;30/10/26;LIGA ANTEÑA
2351;NO ACTIVO;AMIGOS DEL FUTBOL ANTA;30/10/26;LIGA ANTEÑA
2352;NO ACTIVO;AMIGOS DEL FUTBOL ANTA;30/10/26;LIGA ANTEÑA
2353;NO ACTIVO;AMIGOS DEL FUTBOL ANTA;30/10/26;LIGA ANTEÑA
2354;NO ACTIVO;AMIGOS DEL FUTBOL ANTA;30/10/26;LIGA ANTEÑA
2355;NO ACTIVO;AMIGOS DEL FUTBOL ANTA;30/10/26;LIGA ANTEÑA
2356;NO ACTIVO;AMIGOS DEL FUTBOL ANTA;30/10/26;LIGA ANTEÑA
2357;NO ACTIVO;AMIGOS DEL FUTBOL ANTA;30/10/26;LIGA ANTEÑA
2358;NO ACTIVO;AMIGOS DEL FUTBOL ANTA;30/10/26;LIGA ANTEÑA
2359;NO ACTIVO;AMIGOS DEL FUTBOL ANTA;30/10/26;LIGA ANTEÑA
2360;NO ACTIVO;AMIGOS DEL FUTBOL ANTA;30/10/26;LIGA ANTEÑA
2361;NO ACTIVO;AMIGOS DEL FUTBOL ANTA;30/10/26;LIGA ANTEÑA
2362;NO ACTIVO;AMIGOS DEL FUTBOL ANTA;30/10/26;LIGA ANTEÑA
2363;NO ACTIVO;AMIGOS DEL FUTBOL ANTA;30/10/26;LIGA ANTEÑA
2364;NO ACTIVO;AMIGOS DEL FUTBOL ANTA;30/10/26;LIGA ANTEÑA
2365;NO ACTIVO;AMIGOS DEL FUTBOL ANTA;30/10/26;LIGA ANTEÑA
2366;NO ACTIVO;AMIGOS DEL FUTBOL ANTA;30/10/26;LIGA ANTEÑA
2367;NO ACTIVO;AMIGOS DEL FUTBOL ANTA;30/10/26;LIGA ANTEÑA
2368;NO ACTIVO;AMIGOS DEL FUTBOL ANTA;30/10/26;LIGA ANTEÑA
2369;NO ACTIVO;AMIGOS DEL FUTBOL ANTA;30/10/26;LIGA ANTEÑA
2370;NO ACTIVO;AMIGOS DEL FUTBOL ANTA;30/10/26;LIGA ANTEÑA
2371;NO ACTIVO;AMIGOS DEL FUTBOL ANTA;30/10/26;LIGA ANTEÑA
2372;NO ACTIVO;AMIGOS DEL FUTBOL ANTA;30/10/26;LIGA ANTEÑA
2373;NO ACTIVO;AMIGOS DEL FUTBOL ANTA;30/10/26;LIGA ANTEÑA
2374;NO ACTIVO;AMIGOS DEL FUTBOL ANTA;30/10/26;LIGA ANTEÑA
2375;NO ACTIVO;AMIGOS DEL FUTBOL ANTA;30/10/26;LIGA ANTEÑA
2376;NO ACTIVO;AMIGOS DEL FUTBOL ANTA;30/10/26;LIGA ANTEÑA
2377;NO ACTIVO;AMIGOS DEL FUTBOL ANTA;30/10/26;LIGA ANTEÑA
2378;NO ACTIVO;AMIGOS DEL FUTBOL ANTA;30/10/26;LIGA ANTEÑA
2379;NO ACTIVO;AMIGOS DEL FUTBOL ANTA;30/10/26;LIGA ANTEÑA
2380;NO ACTIVO;AMIGOS DEL FUTBOL ANTA;30/10/26;LIGA ANTEÑA
2381;NO ACTIVO;AMIGOS DEL FUTBOL ANTA;30/10/26;LIGA ANTEÑA
2382;NO ACTIVO;AMIGOS DEL FUTBOL ANTA;30/10/26;LIGA ANTEÑA
2383;NO ACTIVO;AMIGOS DEL FUTBOL ANTA;30/10/26;LIGA ANTEÑA
2384;NO ACTIVO;AMIGOS DEL FUTBOL ANTA;30/10/26;LIGA ANTEÑA
2385;NO ACTIVO;AMIGOS DEL FUTBOL ANTA;30/10/26;LIGA ANTEÑA
2386;NO ACTIVO;AMIGOS DEL FUTBOL ANTA;30/10/26;LIGA ANTEÑA
2387;NO ACTIVO;AMIGOS DEL FUTBOL ANTA;30/10/26;LIGA ANTEÑA
2388;NO ACTIVO;AMIGOS DEL FUTBOL ANTA;30/10/26;LIGA ANTEÑA
2389;NO ACTIVO;AMIGOS DEL FUTBOL ANTA;30/10/26;LIGA ANTEÑA
2390;NO ACTIVO;AMIGOS DEL FUTBOL ANTA;30/10/26;LIGA ANTEÑA
2391;NO ACTIVO;AMIGOS DEL FUTBOL ANTA;30/10/26;LIGA ANTEÑA
2392;NO ACTIVO;AMIGOS DEL FUTBOL ANTA;30/10/26;LIGA ANTEÑA
2393;NO ACTIVO;AMIGOS DEL FUTBOL ANTA;30/10/26;LIGA ANTEÑA
2394;NO ACTIVO;AMIGOS DEL FUTBOL ANTA;30/10/26;LIGA ANTEÑA
2395;NO ACTIVO;AMIGOS DEL FUTBOL ANTA;30/10/26;LIGA ANTEÑA
2396;NO ACTIVO;AMIGOS DEL FUTBOL ANTA;30/10/26;LIGA ANTEÑA
2397;NO ACTIVO;AMIGOS DEL FUTBOL ANTA;30/10/26;LIGA ANTEÑA
2398;NO ACTIVO;AMIGOS DEL FUTBOL ANTA;30/10/26;LIGA ANTEÑA
2399;NO ACTIVO;AMIGOS DEL FUTBOL ANTA;30/10/26;LIGA ANTEÑA
2400;NO ACTIVO;AMIGOS DEL FUTBOL ANTA;30/10/26;LIGA ANTEÑA
2401;NO ACTIVO;AMIGOS DEL FUTBOL ANTA;30/10/26;LIGA ANTEÑA
2402;NO ACTIVO;AMIGOS DEL FUTBOL ANTA;30/10/26;LIGA ANTEÑA
2403;NO ACTIVO;AMIGOS DEL FUTBOL ANTA;30/10/26;LIGA ANTEÑA
2404;NO ACTIVO;AMIGOS DEL FUTBOL ANTA;30/10/26;LIGA ANTEÑA
2405;NO ACTIVO;AMIGOS DEL FUTBOL ANTA;30/10/26;LIGA ANTEÑA
2406;NO ACTIVO;AMIGOS DEL FUTBOL ANTA;30/10/26;LIGA ANTEÑA
2407;NO ACTIVO;AMIGOS DEL FUTBOL ANTA;30/10/26;LIGA ANTEÑA
2408;NO ACTIVO;AMIGOS DEL FUTBOL ANTA;30/10/26;LIGA ANTEÑA
2409;NO ACTIVO;AMIGOS DEL FUTBOL ANTA;30/10/26;LIGA ANTEÑA
2410;NO ACTIVO;AMIGOS DEL FUTBOL ANTA;30/10/26;LIGA ANTEÑA
2411;NO ACTIVO;AMIGOS DEL FUTBOL ANTA;30/10/26;LIGA ANTEÑA
2412;NO ACTIVO;AMIGOS DEL FUTBOL ANTA;30/10/26;LIGA ANTEÑA
2413;NO ACTIVO;AMIGOS DEL FUTBOL ANTA;30/10/26;LIGA ANTEÑA
2414;NO ACTIVO;AMIGOS DEL FUTBOL ANTA;30/10/26;LIGA ANTEÑA
2415;NO ACTIVO;AMIGOS DEL FUTBOL ANTA;30/10/26;LIGA ANTEÑA
2416;NO ACTIVO;AMIGOS DEL FUTBOL ANTA;30/10/26;LIGA ANTEÑA
2417;NO ACTIVO;AMIGOS DEL FUTBOL ANTA;30/10/26;LIGA ANTEÑA
2418;NO ACTIVO;AMIGOS DEL FUTBOL ANTA;30/10/26;LIGA ANTEÑA
2419;NO ACTIVO;AMIGOS DEL FUTBOL ANTA;30/10/26;LIGA ANTEÑA
2420;NO ACTIVO;AMIGOS DEL FUTBOL ANTA;30/10/26;LIGA ANTEÑA
2421;NO ACTIVO;AMIGOS DEL FUTBOL ANTA;30/10/26;LIGA ANTEÑA
2422;NO ACTIVO;AMIGOS DEL FUTBOL ANTA;30/10/26;LIGA ANTEÑA
2423;NO ACTIVO;AMIGOS DEL FUTBOL ANTA;30/10/26;LIGA ANTEÑA
2424;NO ACTIVO;AMIGOS DEL FUTBOL ANTA;30/10/26;LIGA ANTEÑA
2425;NO ACTIVO;AMIGOS DEL FUTBOL ANTA;30/10/26;LIGA ANTEÑA
2426;NO ACTIVO;AMIGOS DEL FUTBOL ANTA;30/10/26;LIGA ANTEÑA
2427;NO ACTIVO;AMIGOS DEL FUTBOL ANTA;30/10/26;LIGA ANTEÑA
2428;NO ACTIVO;AMIGOS DEL FUTBOL ANTA;30/10/26;LIGA ANTEÑA
2429;NO ACTIVO;AMIGOS DEL FUTBOL ANTA;30/10/26;LIGA ANTEÑA
2430;NO ACTIVO;AMIGOS DEL FUTBOL ANTA;30/10/26;LIGA ANTEÑA
2431;NO ACTIVO;AMIGOS DEL FUTBOL ANTA;30/10/26;LIGA ANTEÑA
2432;NO ACTIVO;AMIGOS DEL FUTBOL ANTA;30/10/26;LIGA ANTEÑA
2433;NO ACTIVO;AMIGOS DEL FUTBOL ANTA;30/10/26;LIGA ANTEÑA
2434;NO ACTIVO;AMIGOS DEL FUTBOL ANTA;30/10/26;LIGA ANTEÑA
2435;NO ACTIVO;AMIGOS DEL FUTBOL ANTA;30/10/26;LIGA ANTEÑA
2436;NO ACTIVO;AMIGOS DEL FUTBOL ANTA;30/10/26;LIGA ANTEÑA
2437;NO ACTIVO;AMIGOS DEL FUTBOL ANTA;30/10/26;LIGA ANTEÑA
2438;NO ACTIVO;AMIGOS DEL FUTBOL ANTA;30/10/26;LIGA ANTEÑA
2439;NO ACTIVO;AMIGOS DEL FUTBOL ANTA;30/10/26;LIGA ANTEÑA
2440;NO ACTIVO;AMIGOS DEL FUTBOL ANTA;30/10/26;LIGA ANTEÑA
2441;NO ACTIVO;AMIGOS DEL FUTBOL ANTA;30/10/26;LIGA ANTEÑA
2442;NO ACTIVO;AMIGOS DEL FUTBOL ANTA;30/10/26;LIGA ANTEÑA
2443;NO ACTIVO;AMIGOS DEL FUTBOL ANTA;30/10/26;LIGA ANTEÑA
2444;NO ACTIVO;AMIGOS DEL FUTBOL ANTA;30/10/26;LIGA ANTEÑA
2445;NO ACTIVO;AMIGOS DEL FUTBOL ANTA;30/10/26;LIGA ANTEÑA
2446;NO ACTIVO;AMIGOS DEL FUTBOL ANTA;30/10/26;LIGA ANTEÑA
2447;NO ACTIVO;AMIGOS DEL FUTBOL ANTA;30/10/26;LIGA ANTEÑA
2448;NO ACTIVO;AMIGOS DEL FUTBOL ANTA;30/10/26;LIGA ANTEÑA
2449;NO ACTIVO;AMIGOS DEL FUTBOL ANTA;30/10/26;LIGA ANTEÑA
2450;NO ACTIVO;AMIGOS DEL FUTBOL ANTA;30/10/26;LIGA ANTEÑA
2451;NO ACTIVO;AMIGOS DEL FUTBOL ANTA;30/10/26;LIGA ANTEÑA
2452;NO ACTIVO;AMIGOS DEL FUTBOL ANTA;30/10/26;LIGA ANTEÑA
2453;NO ACTIVO;AMIGOS DEL FUTBOL ANTA;30/10/26;LIGA ANTEÑA
2454;NO ACTIVO;AMIGOS DEL FUTBOL ANTA;30/10/26;LIGA ANTEÑA
2455;NO ACTIVO;AMIGOS DEL FUTBOL ANTA;30/10/26;LIGA ANTEÑA
2456;NO ACTIVO;AMIGOS DEL FUTBOL ANTA;30/10/26;LIGA ANTEÑA
2457;NO ACTIVO;AMIGOS DEL FUTBOL ANTA;30/10/26;LIGA ANTEÑA
2458;NO ACTIVO;AMIGOS DEL FUTBOL ANTA;30/10/26;LIGA ANTEÑA
2459;NO ACTIVO;AMIGOS DEL FUTBOL ANTA;30/10/26;LIGA ANTEÑA
2460;NO ACTIVO;AMIGOS DEL FUTBOL ANTA;30/10/26;LIGA ANTEÑA
2461;NO ACTIVO;AMIGOS DEL FUTBOL ANTA;30/10/26;LIGA ANTEÑA
2462;NO ACTIVO;AMIGOS DEL FUTBOL ANTA;30/10/26;LIGA ANTEÑA
2463;NO ACTIVO;AMIGOS DEL FUTBOL ANTA;30/10/26;LIGA ANTEÑA
2464;NO ACTIVO;AMIGOS DEL FUTBOL ANTA;30/10/26;LIGA ANTEÑA
2465;NO ACTIVO;AMIGOS DEL FUTBOL ANTA;30/10/26;LIGA ANTEÑA
2466;NO ACTIVO;AMIGOS DEL FUTBOL ANTA;30/10/26;LIGA ANTEÑA
2467;NO ACTIVO;AMIGOS DEL FUTBOL ANTA;30/10/26;LIGA ANTEÑA
2468;NO ACTIVO;AMIGOS DEL FUTBOL ANTA;30/10/26;LIGA ANTEÑA
2469;NO ACTIVO;AMIGOS DEL FUTBOL ANTA;30/10/26;LIGA ANTEÑA
2470;NO ACTIVO;AMIGOS DEL FUTBOL ANTA;30/10/26;LIGA ANTEÑA
2471;NO ACTIVO;AMIGOS DEL FUTBOL ANTA;30/10/26;LIGA ANTEÑA
2472;NO ACTIVO;AMIGOS DEL FUTBOL ANTA;30/10/26;LIGA ANTEÑA
2473;NO ACTIVO;AMIGOS DEL FUTBOL ANTA;30/10/26;LIGA ANTEÑA
2474;NO ACTIVO;AMIGOS DEL FUTBOL ANTA;30/10/26;LIGA ANTEÑA
2475;NO ACTIVO;AMIGOS DEL FUTBOL ANTA;30/10/26;LIGA ANTEÑA
2476;NO ACTIVO;AMIGOS DEL FUTBOL ANTA;30/10/26;LIGA ANTEÑA
2477;NO ACTIVO;AMIGOS DEL FUTBOL ANTA;30/10/26;LIGA ANTEÑA
2478;NO ACTIVO;AMIGOS DEL FUTBOL ANTA;30/10/26;LIGA ANTEÑA
2479;NO ACTIVO;AMIGOS DEL FUTBOL ANTA;30/10/26;LIGA ANTEÑA
2480;NO ACTIVO;AMIGOS DEL FUTBOL ANTA;30/10/26;LIGA ANTEÑA
2481;NO ACTIVO;AMIGOS DEL FUTBOL ANTA;30/10/26;LIGA ANTEÑA
2482;NO ACTIVO;AMIGOS DEL FUTBOL ANTA;30/10/26;LIGA ANTEÑA
2483;NO ACTIVO;AMIGOS DEL FUTBOL ANTA;30/10/26;LIGA ANTEÑA
2484;NO ACTIVO;AMIGOS DEL FUTBOL ANTA;30/10/26;LIGA ANTEÑA
2485;NO ACTIVO;AMIGOS DEL FUTBOL ANTA;30/10/26;LIGA ANTEÑA
2486;NO ACTIVO;AMIGOS DEL FUTBOL ANTA;30/10/26;LIGA ANTEÑA
2487;NO ACTIVO;AMIGOS DEL FUTBOL ANTA;30/10/26;LIGA ANTEÑA
2488;NO ACTIVO;AMIGOS DEL FUTBOL ANTA;30/10/26;LIGA ANTEÑA
2489;NO ACTIVO;AMIGOS DEL FUTBOL ANTA;30/10/26;LIGA ANTEÑA
2490;NO ACTIVO;AMIGOS DEL FUTBOL ANTA;30/10/26;LIGA ANTEÑA
2491;NO ACTIVO;AMIGOS DEL FUTBOL ANTA;30/10/26;LIGA ANTEÑA
2492;NO ACTIVO;AMIGOS DEL FUTBOL ANTA;30/10/26;LIGA ANTEÑA
2493;NO ACTIVO;AMIGOS DEL FUTBOL ANTA;30/10/26;LIGA ANTEÑA
2494;NO ACTIVO;AMIGOS DEL FUTBOL ANTA;30/10/26;LIGA ANTEÑA
2495;NO ACTIVO;AMIGOS DEL FUTBOL ANTA;30/10/26;LIGA ANTEÑA
2496;NO ACTIVO;AMIGOS DEL FUTBOL ANTA;30/10/26;LIGA ANTEÑA
2497;NO ACTIVO;AMIGOS DEL FUTBOL ANTA;30/10/26;LIGA ANTEÑA
2498;NO ACTIVO;AMIGOS DEL FUTBOL ANTA;30/10/26;LIGA ANTEÑA
2499;NO ACTIVO;AMIGOS DEL FUTBOL ANTA;30/10/26;LIGA ANTEÑA
2500;NO ACTIVO;AMIGOS DEL FUTBOL ANTA;30/10/26;LIGA ANTEÑA
