Carton;Estado;Linea A;Linea B;Linea C;Comprador;Localidad;Pago
30001;DISPONIBLE;05 - 14 - 17 - 18 - 45 - 47 - 48 - 57 - 73 - 82;05 - 13 - 16 - 49 - 54 - 62 - 69 - 70 - 87 - 89;;;;
30002;DISPONIBLE;02 - 11 - 19 - 24 - 28 - 33 - 56 - 62 - 72 - 83;03 - 12 - 20 - 21 - 24 - 26 - 27 - 65 - 68 - 74;;;;
30003;DISPONIBLE;11 - 20 - 36 - 47 - 55 - 69 - 73 - 78 - 88 - 90;13 - 18 - 22 - 27 - 36 - 42 - 50 - 55 - 58 - 63;;;;
30004;DISPONIBLE;33 - 34 - 50 - 58 - 61 - 64 - 78 - 88 - 89 - 90;15 - 44 - 46 - 61 - 62 - 65 - 67 - 72 - 76 - 80;;;;
30005;DISPONIBLE;07 - 23 - 41 - 49 - 55 - 63 - 64 - 73 - 84 - 88;18 - 22 - 25 - 51 - 53 - 62 - 66 - 72 - 74 - 85;;;;
30006;DISPONIBLE;07 - 41 - 46 - 54 - 55 - 63 - 67 - 71 - 83 - 87;01 - 09 - 10 - 32 - 34 - 66 - 71 - 73 - 82 - 84;;;;
30007;DISPONIBLE;04 - 14 - 15 - 18 - 34 - 50 - 55 - 58 - 59 - 63;01 - 11 - 19 - 23 - 39 - 42 - 51 - 53 - 77 - 84;;;;
30008;DISPONIBLE;19 - 32 - 35 - 40 - 43 - 49 - 61 - 62 - 64 - 67;01 - 02 - 04 - 08 - 11 - 27 - 28 - 47 - 68 - 75;;;;
30009;DISPONIBLE;04 - 21 - 22 - 30 - 34 - 37 - 64 - 74 - 78 - 87;11 - 25 - 26 - 27 - 55 - 56 - 62 - 68 - 79 - 90;;;;
30010;DISPONIBLE;08 - 28 - 29 - 34 - 37 - 47 - 80 - 83 - 84 - 87;07 - 09 - 24 - 35 - 43 - 45 - 47 - 51 - 59 - 76;;;;
30011;DISPONIBLE;14 - 28 - 32 - 36 - 42 - 70 - 74 - 76 - 83 - 90;04 - 11 - 17 - 22 - 31 - 52 - 58 - 68 - 69 - 75;;;;
30012;DISPONIBLE;06 - 14 - 20 - 27 - 39 - 64 - 78 - 79 - 81 - 82;11 - 17 - 31 - 35 - 38 - 64 - 68 - 71 - 85 - 90;;;;
30013;DISPONIBLE;09 - 10 - 23 - 34 - 35 - 39 - 52 - 67 - 73 - 88;02 - 10 - 17 - 36 - 40 - 49 - 51 - 58 - 64 - 85;;;;
30014;DISPONIBLE;23 - 34 - 43 - 56 - 68 - 73 - 79 - 80 - 85 - 86;15 - 23 - 24 - 53 - 57 - 59 - 60 - 63 - 78 - 90;;;;
30015;DISPONIBLE;04 - 14 - 39 - 43 - 44 - 46 - 56 - 58 - 62 - 82;21 - 25 - 34 - 38 - 45 - 65 - 66 - 81 - 82 - 87;;;;
30016;DISPONIBLE;02 - 15 - 17 - 18 - 33 - 36 - 39 - 60 - 85 - 87;09 - 18 - 30 - 32 - 33 - 39 - 45 - 67 - 79 - 89;;;;
30017;DISPONIBLE;09 - 14 - 20 - 23 - 35 - 36 - 46 - 54 - 79 - 89;01 - 22 - 26 - 30 - 41 - 51 - 58 - 65 - 69 - 72;;;;
30018;DISPONIBLE;03 - 07 - 30 - 39 - 43 - 53 - 56 - 60 - 69 - 84;08 - 29 - 36 - 55 - 58 - 63 - 64 - 72 - 78 - 82;;;;
30019;DISPONIBLE;12 - 34 - 41 - 50 - 53 - 56 - 62 - 64 - 84 - 88;05 - 10 - 11 - 44 - 54 - 63 - 67 - 70 - 81 - 86;;;;
30020;DISPONIBLE;07 - 09 - 14 - 26 - 44 - 53 - 57 - 65 - 67 - 84;04 - 07 - 12 - 13 - 26 - 27 - 41 - 53 - 62 - 68;;;;
30021;DISPONIBLE;01 - 04 - 10 - 11 - 14 - 15 - 69 - 74 - 79 - 86;09 - 13 - 19 - 21 - 27 - 31 - 42 - 51 - 57 - 66;;;;
30022;DISPONIBLE;11 - 12 - 16 - 20 - 32 - 33 - 64 - 73 - 79 - 89;02 - 06 - 09 - 12 - 21 - 25 - 54 - 56 - 85 - 86;;;;
30023;DISPONIBLE;22 - 31 - 37 - 55 - 56 - 59 - 71 - 72 - 76 - 83;14 - 29 - 38 - 42 - 49 - 68 - 70 - 72 - 82 - 87;;;;
30024;DISPONIBLE;03 - 14 - 18 - 35 - 38 - 47 - 51 - 62 - 75 - 90;13 - 24 - 25 - 28 - 45 - 46 - 75 - 76 - 82 - 88;;;;
30025;DISPONIBLE;04 - 23 - 28 - 41 - 51 - 58 - 59 - 61 - 78 - 86;01 - 03 - 06 - 11 - 31 - 32 - 33 - 60 - 88 - 90;;;;
30026;DISPONIBLE;04 - 14 - 30 - 31 - 32 - 34 - 50 - 51 - 59 - 79;07 - 10 - 13 - 15 - 16 - 32 - 59 - 71 - 72 - 84;;;;
30027;DISPONIBLE;08 - 10 - 25 - 29 - 34 - 55 - 65 - 66 - 78 - 83;01 - 05 - 15 - 21 - 41 - 42 - 56 - 69 - 74 - 77;;;;
30028;DISPONIBLE;02 - 07 - 34 - 45 - 46 - 56 - 70 - 74 - 81 - 88;01 - 05 - 28 - 30 - 37 - 49 - 57 - 67 - 73 - 84;;;;
30029;DISPONIBLE;07 - 31 - 35 - 38 - 44 - 53 - 58 - 76 - 81 - 88;08 - 17 - 18 - 47 - 63 - 66 - 72 - 73 - 82 - 84;;;;
30030;DISPONIBLE;16 - 20 - 23 - 27 - 37 - 51 - 59 - 65 - 73 - 79;09 - 31 - 33 - 35 - 36 - 38 - 50 - 74 - 78 - 85;;;;
30031;DISPONIBLE;09 - 15 - 17 - 25 - 56 - 70 - 72 - 86 - 88 - 89;04 - 16 - 19 - 25 - 28 - 30 - 33 - 45 - 61 - 65;;;;
30032;DISPONIBLE;06 - 12 - 27 - 28 - 56 - 62 - 67 - 79 - 84 - 86;01 - 03 - 40 - 49 - 56 - 67 - 70 - 86 - 87 - 88;;;;
30033;DISPONIBLE;16 - 24 - 40 - 42 - 62 - 65 - 67 - 68 - 80 - 90;01 - 06 - 12 - 15 - 28 - 42 - 62 - 70 - 77 - 81;;;;
30034;DISPONIBLE;15 - 17 - 19 - 33 - 37 - 43 - 45 - 51 - 69 - 81;07 - 10 - 12 - 21 - 30 - 44 - 54 - 56 - 73 - 85;;;;
30035;DISPONIBLE;05 - 16 - 17 - 19 - 28 - 31 - 46 - 56 - 75 - 76;18 - 22 - 25 - 27 - 28 - 34 - 60 - 66 - 74 - 85;;;;
30036;DISPONIBLE;12 - 20 - 24 - 31 - 37 - 49 - 58 - 67 - 77 - 82;11 - 15 - 31 - 33 - 35 - 45 - 48 - 53 - 68 - 88;;;;
30037;DISPONIBLE;07 - 08 - 18 - 24 - 38 - 57 - 64 - 68 - 74 - 88;19 - 24 - 26 - 42 - 50 - 57 - 60 - 72 - 81 - 89;;;;
30038;DISPONIBLE;15 - 21 - 27 - 31 - 36 - 49 - 71 - 73 - 87 - 88;07 - 08 - 09 - 18 - 42 - 55 - 61 - 75 - 89 - 90;;;;
30039;DISPONIBLE;21 - 29 - 31 - 33 - 38 - 68 - 74 - 84 - 86 - 87;05 - 38 - 46 - 54 - 55 - 68 - 70 - 75 - 77 - 78;;;;
30040;DISPONIBLE;14 - 25 - 27 - 36 - 56 - 60 - 61 - 69 - 77 - 89;20 - 30 - 32 - 37 - 55 - 61 - 63 - 78 - 86 - 89;;;;
30041;DISPONIBLE;17 - 22 - 34 - 39 - 45 - 57 - 77 - 78 - 84 - 85;03 - 17 - 19 - 28 - 32 - 36 - 38 - 39 - 52 - 60;;;;
30042;DISPONIBLE;10 - 22 - 46 - 49 - 52 - 54 - 57 - 58 - 78 - 79;08 - 14 - 19 - 24 - 35 - 56 - 61 - 71 - 87 - 89;;;;
30043;DISPONIBLE;06 - 17 - 22 - 32 - 43 - 57 - 68 - 73 - 74 - 83;10 - 15 - 19 - 29 - 31 - 42 - 55 - 68 - 72 - 76;;;;
30044;DISPONIBLE;07 - 13 - 14 - 15 - 27 - 32 - 50 - 69 - 81 - 83;01 - 08 - 12 - 16 - 33 - 39 - 43 - 44 - 52 - 63;;;;
30045;DISPONIBLE;12 - 18 - 20 - 21 - 23 - 41 - 54 - 66 - 77 - 78;06 - 14 - 33 - 37 - 47 - 54 - 57 - 61 - 64 - 68;;;;
30046;DISPONIBLE;17 - 28 - 29 - 39 - 41 - 49 - 64 - 66 - 73 - 82;03 - 24 - 25 - 31 - 38 - 47 - 50 - 60 - 68 - 72;;;;
30047;DISPONIBLE;14 - 18 - 29 - 33 - 44 - 69 - 74 - 79 - 88 - 89;08 - 14 - 20 - 33 - 59 - 74 - 80 - 83 - 89 - 90;;;;
30048;DISPONIBLE;18 - 27 - 31 - 32 - 35 - 36 - 38 - 44 - 52 - 65;01 - 02 - 06 - 12 - 23 - 26 - 29 - 40 - 69 - 80;;;;
30049;DISPONIBLE;10 - 23 - 39 - 50 - 58 - 64 - 71 - 79 - 81 - 88;15 - 36 - 50 - 57 - 63 - 85 - 86 - 87 - 89 - 90;;;;
30050;DISPONIBLE;05 - 20 - 24 - 35 - 47 - 66 - 70 - 71 - 75 - 78;07 - 14 - 21 - 41 - 47 - 53 - 60 - 71 - 76 - 84;;;;
30051;DISPONIBLE;06 - 08 - 19 - 22 - 28 - 51 - 55 - 57 - 75 - 90;17 - 23 - 24 - 26 - 31 - 47 - 65 - 70 - 74 - 88;;;;
30052;DISPONIBLE;03 - 09 - 23 - 36 - 39 - 48 - 56 - 63 - 66 - 89;05 - 07 - 16 - 27 - 31 - 45 - 50 - 55 - 66 - 75;;;;
30053;DISPONIBLE;04 - 12 - 19 - 33 - 37 - 43 - 57 - 81 - 82 - 85;01 - 23 - 27 - 41 - 55 - 60 - 61 - 72 - 74 - 82;;;;
30054;DISPONIBLE;05 - 28 - 42 - 49 - 51 - 58 - 68 - 72 - 76 - 79;07 - 09 - 20 - 34 - 37 - 38 - 58 - 80 - 86 - 87;;;;
30055;DISPONIBLE;20 - 23 - 32 - 39 - 42 - 46 - 47 - 57 - 84 - 87;14 - 25 - 40 - 41 - 49 - 52 - 59 - 67 - 83 - 88;;;;
30056;DISPONIBLE;27 - 32 - 33 - 34 - 46 - 48 - 53 - 63 - 77 - 89;46 - 48 - 50 - 51 - 54 - 67 - 69 - 75 - 83 - 90;;;;
30057;DISPONIBLE;08 - 09 - 21 - 26 - 32 - 45 - 65 - 71 - 81 - 88;01 - 09 - 18 - 23 - 27 - 43 - 61 - 77 - 79 - 85;;;;
30058;DISPONIBLE;07 - 14 - 16 - 38 - 41 - 43 - 45 - 51 - 58 - 62;02 - 06 - 09 - 10 - 13 - 20 - 24 - 31 - 33 - 85;;;;
30059;DISPONIBLE;12 - 16 - 41 - 55 - 59 - 60 - 63 - 66 - 68 - 74;04 - 14 - 28 - 35 - 47 - 53 - 55 - 63 - 86 - 89;;;;
30060;DISPONIBLE;25 - 31 - 42 - 51 - 63 - 65 - 66 - 69 - 71 - 78;05 - 10 - 12 - 23 - 29 - 50 - 52 - 60 - 61 - 78;;;;
30061;DISPONIBLE;10 - 14 - 32 - 40 - 48 - 49 - 52 - 63 - 66 - 75;04 - 05 - 07 - 12 - 16 - 29 - 39 - 51 - 55 - 65;;;;
30062;DISPONIBLE;22 - 30 - 36 - 42 - 45 - 66 - 69 - 73 - 84 - 85;01 - 15 - 21 - 24 - 51 - 53 - 59 - 62 - 66 - 86;;;;
30063;DISPONIBLE;07 - 12 - 15 - 19 - 25 - 30 - 33 - 48 - 55 - 65;06 - 08 - 16 - 17 - 27 - 29 - 63 - 71 - 82 - 83;;;;
30064;DISPONIBLE;01 - 13 - 27 - 31 - 40 - 48 - 50 - 53 - 54 - 78;11 - 14 - 39 - 53 - 55 - 58 - 61 - 65 - 74 - 87;;;;
30065;DISPONIBLE;03 - 09 - 19 - 35 - 42 - 51 - 57 - 65 - 86 - 90;01 - 06 - 07 - 11 - 12 - 22 - 33 - 40 - 41 - 64;;;;
30066;DISPONIBLE;17 - 24 - 46 - 53 - 58 - 61 - 74 - 81 - 86 - 88;05 - 16 - 24 - 27 - 36 - 40 - 42 - 67 - 68 - 87;;;;
30067;DISPONIBLE;06 - 09 - 17 - 24 - 42 - 52 - 60 - 69 - 73 - 87;03 - 11 - 30 - 35 - 53 - 57 - 63 - 75 - 82 - 88;;;;
30068;DISPONIBLE;09 - 10 - 23 - 39 - 41 - 58 - 71 - 74 - 82 - 84;11 - 15 - 32 - 36 - 49 - 58 - 59 - 66 - 74 - 79;;;;
30069;DISPONIBLE;13 - 22 - 38 - 42 - 47 - 48 - 52 - 57 - 60 - 82;11 - 14 - 15 - 21 - 37 - 45 - 46 - 51 - 54 - 75;;;;
30070;DISPONIBLE;10 - 15 - 21 - 47 - 54 - 62 - 67 - 71 - 80 - 82;05 - 10 - 21 - 31 - 32 - 41 - 54 - 63 - 65 - 88;;;;
30071;DISPONIBLE;02 - 12 - 27 - 28 - 40 - 43 - 57 - 61 - 69 - 82;05 - 07 - 11 - 19 - 27 - 33 - 53 - 66 - 69 - 73;;;;
30072;DISPONIBLE;03 - 07 - 11 - 33 - 42 - 48 - 49 - 53 - 77 - 82;09 - 10 - 17 - 20 - 24 - 32 - 36 - 46 - 55 - 69;;;;
30073;DISPONIBLE;12 - 17 - 27 - 28 - 35 - 57 - 59 - 64 - 72 - 84;14 - 17 - 27 - 33 - 37 - 57 - 60 - 68 - 85 - 87;;;;
30074;DISPONIBLE;24 - 29 - 30 - 39 - 56 - 57 - 69 - 76 - 80 - 89;06 - 18 - 22 - 29 - 34 - 49 - 68 - 72 - 78 - 88;;;;
30075;DISPONIBLE;18 - 19 - 29 - 46 - 54 - 64 - 67 - 74 - 75 - 89;01 - 02 - 19 - 30 - 56 - 61 - 64 - 65 - 66 - 79;;;;
30076;DISPONIBLE;28 - 43 - 46 - 63 - 64 - 75 - 77 - 80 - 84 - 85;02 - 05 - 19 - 30 - 47 - 49 - 66 - 70 - 80 - 82;;;;
30077;DISPONIBLE;02 - 03 - 24 - 27 - 29 - 43 - 51 - 57 - 66 - 69;02 - 13 - 14 - 22 - 26 - 28 - 38 - 55 - 61 - 74;;;;
30078;DISPONIBLE;06 - 15 - 31 - 33 - 38 - 49 - 54 - 55 - 64 - 81;14 - 15 - 28 - 33 - 46 - 47 - 63 - 77 - 78 - 79;;;;
30079;DISPONIBLE;07 - 08 - 14 - 17 - 19 - 24 - 33 - 46 - 75 - 83;18 - 22 - 36 - 40 - 49 - 71 - 75 - 81 - 84 - 89;;;;
30080;DISPONIBLE;06 - 08 - 13 - 29 - 31 - 34 - 41 - 55 - 63 - 68;18 - 23 - 25 - 47 - 50 - 55 - 56 - 57 - 68 - 71;;;;
30081;DISPONIBLE;03 - 04 - 26 - 30 - 35 - 36 - 52 - 72 - 75 - 82;02 - 06 - 19 - 21 - 24 - 49 - 58 - 62 - 74 - 78;;;;
30082;DISPONIBLE;03 - 13 - 20 - 32 - 40 - 43 - 60 - 66 - 85 - 88;14 - 15 - 25 - 33 - 43 - 61 - 72 - 75 - 77 - 87;;;;
30083;DISPONIBLE;06 - 17 - 33 - 48 - 52 - 66 - 68 - 69 - 82 - 84;05 - 11 - 12 - 37 - 52 - 59 - 71 - 74 - 79 - 86;;;;
30084;DISPONIBLE;03 - 04 - 15 - 29 - 33 - 47 - 54 - 68 - 72 - 79;03 - 06 - 10 - 11 - 16 - 35 - 47 - 50 - 66 - 68;;;;
30085;DISPONIBLE;07 - 16 - 23 - 24 - 43 - 50 - 51 - 58 - 85 - 89;02 - 03 - 15 - 18 - 41 - 60 - 61 - 72 - 85 - 87;;;;
30086;DISPONIBLE;11 - 15 - 18 - 30 - 36 - 42 - 44 - 67 - 68 - 73;15 - 16 - 17 - 50 - 51 - 60 - 68 - 69 - 75 - 85;;;;
30087;DISPONIBLE;01 - 04 - 37 - 67 - 68 - 75 - 78 - 82 - 85 - 88;06 - 11 - 15 - 17 - 18 - 23 - 33 - 47 - 55 - 73;;;;
30088;DISPONIBLE;05 - 08 - 17 - 19 - 21 - 30 - 57 - 65 - 72 - 89;10 - 12 - 18 - 25 - 38 - 43 - 61 - 67 - 70 - 90;;;;
30089;DISPONIBLE;03 - 05 - 08 - 13 - 30 - 31 - 40 - 63 - 86 - 89;05 - 12 - 15 - 30 - 42 - 58 - 61 - 64 - 70 - 86;;;;
30090;DISPONIBLE;04 - 05 - 16 - 21 - 25 - 39 - 56 - 57 - 70 - 83;06 - 09 - 38 - 43 - 48 - 53 - 57 - 82 - 87 - 88;;;;
30091;DISPONIBLE;04 - 06 - 09 - 27 - 34 - 41 - 44 - 48 - 62 - 81;12 - 13 - 15 - 21 - 32 - 50 - 64 - 70 - 76 - 80;;;;
30092;DISPONIBLE;02 - 07 - 15 - 23 - 43 - 44 - 46 - 60 - 68 - 87;03 - 07 - 23 - 27 - 29 - 35 - 55 - 71 - 77 - 82;;;;
30093;DISPONIBLE;11 - 14 - 21 - 24 - 32 - 35 - 42 - 48 - 52 - 84;05 - 07 - 12 - 22 - 23 - 31 - 32 - 70 - 73 - 78;;;;
30094;DISPONIBLE;09 - 18 - 29 - 40 - 52 - 61 - 65 - 71 - 80 - 87;01 - 08 - 28 - 32 - 41 - 53 - 71 - 83 - 87 - 88;;;;
30095;DISPONIBLE;02 - 08 - 14 - 25 - 27 - 38 - 63 - 67 - 72 - 89;08 - 15 - 17 - 36 - 61 - 64 - 65 - 67 - 77 - 84;;;;
30096;DISPONIBLE;01 - 10 - 13 - 17 - 21 - 36 - 43 - 62 - 65 - 78;29 - 36 - 40 - 45 - 54 - 64 - 66 - 67 - 76 - 80;;;;
30097;DISPONIBLE;02 - 13 - 16 - 23 - 35 - 36 - 37 - 41 - 50 - 75;03 - 07 - 35 - 40 - 44 - 47 - 58 - 60 - 68 - 75;;;;
30098;DISPONIBLE;03 - 04 - 09 - 19 - 25 - 46 - 55 - 63 - 74 - 77;04 - 23 - 42 - 50 - 61 - 65 - 66 - 69 - 81 - 89;;;;
30099;DISPONIBLE;01 - 29 - 31 - 37 - 38 - 42 - 47 - 57 - 60 - 74;14 - 26 - 31 - 45 - 55 - 59 - 64 - 80 - 81 - 84;;;;
30100;DISPONIBLE;17 - 18 - 21 - 37 - 43 - 61 - 62 - 72 - 80 - 87;06 - 15 - 21 - 26 - 29 - 33 - 36 - 57 - 86 - 87;;;;
30101;DISPONIBLE;05 - 06 - 21 - 24 - 37 - 38 - 39 - 42 - 54 - 84;15 - 16 - 32 - 35 - 37 - 41 - 49 - 65 - 78 - 80;;;;
30102;DISPONIBLE;01 - 02 - 17 - 30 - 57 - 65 - 66 - 67 - 74 - 89;12 - 20 - 32 - 35 - 38 - 56 - 66 - 67 - 70 - 81;;;;
30103;DISPONIBLE;01 - 27 - 33 - 37 - 41 - 45 - 50 - 52 - 77 - 83;06 - 45 - 51 - 57 - 64 - 67 - 68 - 70 - 82 - 90;;;;
30104;DISPONIBLE;02 - 10 - 15 - 16 - 21 - 33 - 51 - 56 - 79 - 89;04 - 27 - 34 - 38 - 47 - 65 - 66 - 82 - 86 - 89;;;;
30105;DISPONIBLE;04 - 05 - 07 - 18 - 40 - 43 - 46 - 48 - 64 - 81;03 - 08 - 12 - 15 - 43 - 46 - 47 - 67 - 82 - 83;;;;
30106;DISPONIBLE;12 - 20 - 26 - 43 - 53 - 59 - 65 - 71 - 82 - 90;07 - 10 - 15 - 21 - 24 - 40 - 66 - 67 - 77 - 83;;;;
30107;DISPONIBLE;15 - 21 - 24 - 26 - 44 - 58 - 61 - 71 - 81 - 83;04 - 16 - 24 - 27 - 31 - 38 - 48 - 60 - 75 - 86;;;;
30108;DISPONIBLE;01 - 12 - 17 - 34 - 41 - 54 - 57 - 60 - 64 - 76;02 - 03 - 43 - 44 - 51 - 54 - 59 - 63 - 68 - 79;;;;
30109;DISPONIBLE;10 - 13 - 17 - 29 - 47 - 55 - 57 - 64 - 80 - 81;02 - 09 - 16 - 17 - 24 - 39 - 46 - 49 - 52 - 86;;;;
30110;DISPONIBLE;17 - 23 - 29 - 33 - 37 - 48 - 75 - 80 - 85 - 89;04 - 16 - 17 - 23 - 27 - 42 - 47 - 49 - 76 - 81;;;;
30111;DISPONIBLE;03 - 16 - 28 - 49 - 50 - 56 - 72 - 75 - 76 - 82;22 - 43 - 53 - 55 - 63 - 71 - 72 - 73 - 77 - 90;;;;
30112;DISPONIBLE;13 - 14 - 19 - 34 - 39 - 42 - 48 - 69 - 85 - 89;02 - 16 - 21 - 22 - 27 - 48 - 56 - 62 - 63 - 69;;;;
30113;DISPONIBLE;02 - 06 - 15 - 44 - 45 - 48 - 55 - 61 - 64 - 71;06 - 18 - 21 - 39 - 42 - 44 - 51 - 69 - 76 - 79;;;;
30114;DISPONIBLE;06 - 25 - 27 - 31 - 41 - 43 - 47 - 73 - 81 - 90;19 - 27 - 29 - 33 - 35 - 43 - 47 - 63 - 66 - 81;;;;
30115;DISPONIBLE;01 - 05 - 21 - 35 - 42 - 52 - 59 - 65 - 69 - 82;03 - 08 - 21 - 34 - 50 - 57 - 60 - 75 - 80 - 82;;;;
30116;DISPONIBLE;09 - 11 - 13 - 21 - 25 - 26 - 31 - 33 - 34 - 49;06 - 11 - 21 - 54 - 55 - 57 - 61 - 75 - 85 - 87;;;;
30117;DISPONIBLE;24 - 31 - 34 - 35 - 48 - 60 - 73 - 74 - 80 - 88;01 - 07 - 09 - 18 - 34 - 40 - 72 - 73 - 74 - 78;;;;
30118;DISPONIBLE;01 - 08 - 13 - 18 - 34 - 47 - 51 - 61 - 64 - 72;04 - 08 - 15 - 40 - 42 - 56 - 57 - 58 - 67 - 79;;;;
30119;DISPONIBLE;25 - 47 - 48 - 58 - 64 - 68 - 70 - 71 - 82 - 84;04 - 14 - 29 - 33 - 45 - 60 - 61 - 63 - 72 - 86;;;;
30120;DISPONIBLE;19 - 25 - 28 - 34 - 36 - 43 - 45 - 54 - 55 - 84;06 - 43 - 58 - 61 - 71 - 75 - 78 - 79 - 80 - 87;;;;
30121;DISPONIBLE;12 - 14 - 15 - 17 - 22 - 38 - 60 - 63 - 74 - 83;03 - 06 - 07 - 24 - 41 - 67 - 70 - 71 - 76 - 77;;;;
30122;DISPONIBLE;13 - 24 - 25 - 33 - 36 - 62 - 68 - 71 - 78 - 85;10 - 14 - 15 - 21 - 26 - 41 - 48 - 67 - 74 - 81;;;;
30123;DISPONIBLE;09 - 11 - 12 - 55 - 57 - 61 - 62 - 74 - 87 - 89;04 - 16 - 20 - 21 - 25 - 32 - 62 - 68 - 73 - 83;;;;
30124;DISPONIBLE;20 - 26 - 37 - 49 - 53 - 59 - 63 - 67 - 82 - 85;07 - 18 - 23 - 36 - 39 - 51 - 63 - 72 - 81 - 87;;;;
30125;DISPONIBLE;07 - 08 - 12 - 42 - 50 - 56 - 58 - 66 - 77 - 90;21 - 23 - 24 - 59 - 69 - 76 - 81 - 83 - 85 - 86;;;;
30126;DISPONIBLE;02 - 07 - 14 - 20 - 56 - 59 - 61 - 75 - 76 - 86;03 - 15 - 19 - 24 - 39 - 40 - 49 - 58 - 70 - 90;;;;
30127;DISPONIBLE;12 - 19 - 21 - 22 - 34 - 38 - 57 - 77 - 82 - 83;05 - 08 - 16 - 18 - 20 - 41 - 43 - 62 - 76 - 79;;;;
30128;DISPONIBLE;01 - 06 - 18 - 19 - 20 - 37 - 39 - 43 - 72 - 76;02 - 09 - 11 - 26 - 33 - 36 - 42 - 65 - 70 - 80;;;;
30129;DISPONIBLE;06 - 07 - 11 - 17 - 23 - 42 - 50 - 70 - 71 - 82;28 - 29 - 30 - 33 - 49 - 55 - 63 - 68 - 84 - 87;;;;
30130;DISPONIBLE;06 - 11 - 19 - 36 - 38 - 60 - 78 - 81 - 82 - 85;19 - 20 - 33 - 34 - 37 - 49 - 61 - 66 - 77 - 89;;;;
30131;DISPONIBLE;13 - 17 - 41 - 42 - 43 - 52 - 55 - 57 - 80 - 85;05 - 07 - 14 - 34 - 35 - 50 - 56 - 62 - 83 - 87;;;;
30132;DISPONIBLE;31 - 32 - 40 - 45 - 49 - 63 - 66 - 76 - 79 - 85;02 - 05 - 12 - 13 - 48 - 65 - 66 - 68 - 80 - 88;;;;
30133;DISPONIBLE;12 - 17 - 25 - 27 - 35 - 37 - 40 - 44 - 84 - 86;21 - 26 - 29 - 36 - 38 - 63 - 79 - 80 - 85 - 87;;;;
30134;DISPONIBLE;07 - 11 - 19 - 27 - 40 - 48 - 66 - 75 - 82 - 88;01 - 07 - 16 - 27 - 36 - 39 - 51 - 58 - 60 - 68;;;;
30135;DISPONIBLE;02 - 10 - 16 - 24 - 42 - 52 - 60 - 74 - 87 - 89;08 - 18 - 24 - 28 - 31 - 42 - 71 - 75 - 82 - 85;;;;
30136;DISPONIBLE;01 - 15 - 18 - 27 - 39 - 43 - 44 - 55 - 67 - 70;05 - 07 - 33 - 35 - 58 - 73 - 79 - 81 - 86 - 87;;;;
30137;DISPONIBLE;06 - 23 - 52 - 53 - 54 - 60 - 63 - 72 - 83 - 87;07 - 09 - 14 - 15 - 22 - 55 - 65 - 82 - 87 - 90;;;;
30138;DISPONIBLE;05 - 10 - 12 - 17 - 18 - 26 - 41 - 52 - 56 - 73;08 - 34 - 38 - 42 - 43 - 51 - 53 - 56 - 60 - 61;;;;
30139;DISPONIBLE;02 - 12 - 16 - 17 - 20 - 22 - 37 - 49 - 52 - 74;20 - 27 - 43 - 50 - 56 - 58 - 60 - 77 - 87 - 89;;;;
30140;DISPONIBLE;03 - 15 - 41 - 42 - 58 - 62 - 80 - 84 - 88 - 90;08 - 14 - 19 - 23 - 24 - 25 - 44 - 56 - 58 - 81;;;;
30141;DISPONIBLE;01 - 16 - 35 - 36 - 48 - 53 - 61 - 66 - 67 - 68;26 - 30 - 31 - 50 - 53 - 69 - 76 - 81 - 82 - 85;;;;
30142;DISPONIBLE;19 - 23 - 24 - 46 - 50 - 59 - 65 - 77 - 79 - 86;13 - 30 - 44 - 52 - 61 - 70 - 80 - 81 - 83 - 85;;;;
30143;DISPONIBLE;05 - 28 - 40 - 45 - 51 - 64 - 68 - 72 - 81 - 86;08 - 17 - 20 - 32 - 59 - 60 - 65 - 67 - 72 - 81;;;;
30144;DISPONIBLE;03 - 21 - 26 - 28 - 31 - 33 - 35 - 40 - 50 - 59;11 - 12 - 32 - 39 - 40 - 57 - 62 - 68 - 78 - 82;;;;
30145;DISPONIBLE;06 - 08 - 11 - 29 - 33 - 42 - 51 - 59 - 61 - 83;03 - 04 - 22 - 36 - 44 - 59 - 74 - 87 - 89 - 90;;;;
30146;DISPONIBLE;18 - 21 - 23 - 30 - 38 - 55 - 58 - 60 - 63 - 66;03 - 10 - 20 - 33 - 35 - 50 - 52 - 58 - 71 - 78;;;;
30147;DISPONIBLE;04 - 22 - 27 - 42 - 45 - 47 - 49 - 60 - 67 - 90;03 - 11 - 15 - 26 - 30 - 42 - 57 - 63 - 66 - 79;;;;
30148;DISPONIBLE;06 - 11 - 19 - 20 - 30 - 31 - 40 - 53 - 57 - 81;10 - 11 - 20 - 39 - 42 - 49 - 50 - 52 - 66 - 76;;;;
30149;DISPONIBLE;09 - 28 - 31 - 32 - 56 - 57 - 58 - 65 - 82 - 87;03 - 16 - 23 - 26 - 30 - 44 - 53 - 63 - 67 - 87;;;;
30150;DISPONIBLE;01 - 12 - 17 - 21 - 46 - 48 - 51 - 63 - 68 - 73;03 - 06 - 21 - 24 - 32 - 60 - 62 - 64 - 73 - 77;;;;
30151;DISPONIBLE;07 - 14 - 18 - 31 - 51 - 53 - 59 - 68 - 75 - 86;11 - 13 - 21 - 22 - 34 - 43 - 59 - 61 - 66 - 73;;;;
30152;DISPONIBLE;10 - 11 - 21 - 33 - 34 - 67 - 72 - 74 - 77 - 80;08 - 14 - 15 - 16 - 18 - 35 - 58 - 63 - 68 - 76;;;;
30153;DISPONIBLE;19 - 24 - 34 - 60 - 63 - 72 - 81 - 83 - 84 - 87;09 - 21 - 25 - 41 - 50 - 55 - 59 - 62 - 70 - 82;;;;
30154;DISPONIBLE;03 - 25 - 53 - 55 - 59 - 64 - 73 - 78 - 86 - 89;14 - 17 - 18 - 27 - 28 - 29 - 35 - 58 - 59 - 87;;;;
30155;DISPONIBLE;18 - 35 - 38 - 55 - 61 - 66 - 72 - 75 - 80 - 83;15 - 27 - 46 - 47 - 48 - 52 - 54 - 58 - 60 - 66;;;;
30156;DISPONIBLE;01 - 03 - 13 - 41 - 52 - 53 - 60 - 76 - 77 - 83;08 - 22 - 24 - 26 - 52 - 58 - 68 - 77 - 80 - 87;;;;
30157;DISPONIBLE;02 - 10 - 15 - 44 - 47 - 53 - 64 - 66 - 80 - 84;01 - 05 - 18 - 23 - 32 - 46 - 50 - 65 - 79 - 83;;;;
30158;DISPONIBLE;02 - 04 - 06 - 10 - 33 - 62 - 69 - 80 - 84 - 85;13 - 16 - 35 - 40 - 47 - 49 - 58 - 66 - 76 - 85;;;;
30159;DISPONIBLE;01 - 06 - 12 - 32 - 34 - 51 - 61 - 70 - 71 - 82;01 - 05 - 15 - 30 - 35 - 37 - 60 - 69 - 71 - 72;;;;
30160;DISPONIBLE;12 - 16 - 18 - 23 - 38 - 47 - 60 - 62 - 75 - 78;04 - 07 - 34 - 38 - 48 - 53 - 72 - 79 - 82 - 83;;;;
30161;DISPONIBLE;01 - 02 - 26 - 32 - 40 - 41 - 45 - 64 - 66 - 75;01 - 05 - 09 - 19 - 33 - 37 - 46 - 68 - 85 - 90;;;;
30162;DISPONIBLE;06 - 19 - 33 - 37 - 41 - 47 - 48 - 61 - 73 - 87;02 - 15 - 21 - 29 - 36 - 37 - 42 - 65 - 75 - 87;;;;
30163;DISPONIBLE;10 - 13 - 24 - 28 - 49 - 50 - 53 - 60 - 79 - 88;14 - 32 - 48 - 51 - 57 - 71 - 73 - 77 - 86 - 87;;;;
30164;DISPONIBLE;08 - 16 - 33 - 35 - 45 - 56 - 66 - 67 - 75 - 89;09 - 20 - 33 - 40 - 45 - 66 - 77 - 82 - 83 - 86;;;;
30165;DISPONIBLE;09 - 20 - 43 - 51 - 59 - 64 - 73 - 75 - 78 - 81;14 - 22 - 26 - 27 - 39 - 48 - 53 - 55 - 74 - 75;;;;
30166;DISPONIBLE;20 - 27 - 42 - 54 - 55 - 56 - 65 - 70 - 76 - 82;03 - 08 - 26 - 34 - 35 - 39 - 49 - 51 - 65 - 69;;;;
30167;DISPONIBLE;01 - 28 - 40 - 44 - 48 - 49 - 54 - 58 - 72 - 89;04 - 05 - 13 - 26 - 42 - 47 - 50 - 56 - 67 - 86;;;;
30168;DISPONIBLE;07 - 19 - 34 - 38 - 39 - 42 - 52 - 70 - 72 - 88;19 - 26 - 32 - 35 - 43 - 48 - 53 - 55 - 85 - 89;;;;
30169;DISPONIBLE;08 - 13 - 15 - 35 - 40 - 45 - 49 - 54 - 84 - 86;21 - 22 - 24 - 39 - 47 - 49 - 64 - 68 - 72 - 75;;;;
30170;DISPONIBLE;06 - 09 - 27 - 32 - 35 - 46 - 50 - 54 - 76 - 80;12 - 15 - 21 - 33 - 57 - 64 - 75 - 79 - 80 - 85;;;;
30171;DISPONIBLE;10 - 27 - 31 - 35 - 40 - 47 - 55 - 57 - 63 - 82;01 - 05 - 14 - 17 - 30 - 34 - 39 - 41 - 64 - 77;;;;
30172;DISPONIBLE;17 - 35 - 37 - 44 - 55 - 56 - 68 - 74 - 76 - 80;03 - 25 - 27 - 29 - 31 - 34 - 45 - 62 - 63 - 88;;;;
30173;DISPONIBLE;06 - 18 - 22 - 24 - 31 - 38 - 48 - 50 - 52 - 74;03 - 08 - 24 - 35 - 48 - 54 - 57 - 65 - 85 - 86;;;;
30174;DISPONIBLE;09 - 12 - 32 - 37 - 54 - 59 - 77 - 84 - 88 - 89;14 - 31 - 33 - 38 - 39 - 58 - 66 - 75 - 79 - 85;;;;
30175;DISPONIBLE;04 - 08 - 17 - 46 - 62 - 69 - 70 - 82 - 83 - 84;07 - 27 - 32 - 42 - 57 - 63 - 65 - 66 - 82 - 86;;;;
30176;DISPONIBLE;01 - 06 - 19 - 31 - 33 - 38 - 53 - 54 - 64 - 81;06 - 15 - 20 - 27 - 40 - 53 - 59 - 60 - 64 - 76;;;;
30177;DISPONIBLE;13 - 16 - 22 - 26 - 35 - 36 - 55 - 63 - 72 - 76;30 - 41 - 42 - 49 - 63 - 64 - 66 - 75 - 88 - 90;;;;
30178;DISPONIBLE;03 - 16 - 22 - 29 - 51 - 56 - 57 - 62 - 73 - 89;02 - 10 - 16 - 28 - 43 - 46 - 58 - 60 - 67 - 88;;;;
30179;DISPONIBLE;08 - 24 - 27 - 29 - 33 - 42 - 56 - 72 - 73 - 88;21 - 25 - 31 - 40 - 43 - 47 - 52 - 55 - 67 - 86;;;;
30180;DISPONIBLE;05 - 18 - 27 - 29 - 37 - 51 - 52 - 65 - 70 - 76;02 - 10 - 28 - 37 - 46 - 52 - 53 - 54 - 65 - 73;;;;
30181;DISPONIBLE;11 - 15 - 31 - 36 - 38 - 41 - 44 - 58 - 61 - 76;06 - 08 - 37 - 43 - 55 - 60 - 62 - 68 - 76 - 82;;;;
30182;DISPONIBLE;22 - 34 - 55 - 57 - 71 - 74 - 78 - 82 - 86 - 89;01 - 02 - 10 - 19 - 23 - 32 - 39 - 51 - 74 - 83;;;;
30183;DISPONIBLE;05 - 06 - 08 - 09 - 26 - 43 - 67 - 70 - 77 - 86;04 - 35 - 39 - 41 - 48 - 51 - 55 - 60 - 66 - 84;;;;
30184;DISPONIBLE;02 - 11 - 34 - 40 - 41 - 47 - 63 - 83 - 87 - 88;02 - 03 - 13 - 30 - 37 - 54 - 55 - 70 - 85 - 90;;;;
30185;DISPONIBLE;01 - 10 - 17 - 21 - 53 - 78 - 79 - 80 - 84 - 90;01 - 19 - 34 - 35 - 62 - 67 - 70 - 73 - 79 - 83;;;;
30186;DISPONIBLE;20 - 23 - 24 - 26 - 40 - 42 - 43 - 77 - 82 - 89;17 - 18 - 26 - 31 - 35 - 42 - 54 - 60 - 64 - 67;;;;
30187;DISPONIBLE;09 - 20 - 43 - 50 - 54 - 59 - 60 - 66 - 71 - 72;24 - 27 - 42 - 51 - 61 - 63 - 65 - 81 - 89 - 90;;;;
30188;DISPONIBLE;02 - 14 - 16 - 26 - 72 - 73 - 80 - 84 - 85 - 90;11 - 37 - 47 - 48 - 52 - 55 - 56 - 66 - 72 - 83;;;;
30189;DISPONIBLE;01 - 15 - 20 - 28 - 37 - 41 - 48 - 55 - 71 - 74;35 - 42 - 50 - 57 - 59 - 63 - 66 - 67 - 74 - 80;;;;
30190;DISPONIBLE;08 - 22 - 25 - 30 - 38 - 51 - 54 - 63 - 70 - 71;14 - 25 - 28 - 32 - 49 - 56 - 60 - 62 - 69 - 89;;;;
30191;DISPONIBLE;03 - 11 - 26 - 31 - 40 - 47 - 56 - 68 - 69 - 72;04 - 14 - 16 - 24 - 26 - 44 - 52 - 56 - 57 - 90;;;;
30192;DISPONIBLE;10 - 14 - 35 - 50 - 61 - 63 - 69 - 70 - 78 - 88;08 - 21 - 28 - 30 - 56 - 63 - 74 - 75 - 89 - 90;;;;
30193;DISPONIBLE;10 - 11 - 12 - 23 - 36 - 46 - 48 - 51 - 53 - 70;05 - 28 - 36 - 40 - 63 - 70 - 72 - 73 - 83 - 86;;;;
30194;DISPONIBLE;19 - 34 - 37 - 39 - 53 - 64 - 68 - 70 - 71 - 81;02 - 10 - 39 - 43 - 46 - 58 - 77 - 82 - 87 - 90;;;;
30195;DISPONIBLE;01 - 19 - 20 - 36 - 51 - 61 - 64 - 83 - 85 - 89;11 - 19 - 27 - 28 - 50 - 57 - 81 - 88 - 89 - 90;;;;
30196;DISPONIBLE;02 - 13 - 14 - 16 - 32 - 34 - 36 - 57 - 59 - 62;09 - 13 - 33 - 34 - 38 - 47 - 50 - 60 - 62 - 80;;;;
30197;DISPONIBLE;17 - 30 - 47 - 49 - 53 - 57 - 59 - 62 - 68 - 87;04 - 08 - 29 - 33 - 34 - 41 - 56 - 76 - 82 - 84;;;;
30198;DISPONIBLE;15 - 21 - 22 - 30 - 35 - 39 - 64 - 72 - 81 - 85;01 - 07 - 26 - 28 - 32 - 43 - 61 - 71 - 75 - 77;;;;
30199;DISPONIBLE;02 - 07 - 13 - 15 - 21 - 26 - 31 - 44 - 48 - 82;06 - 36 - 50 - 52 - 56 - 58 - 60 - 65 - 83 - 85;;;;
30200;DISPONIBLE;09 - 10 - 11 - 14 - 20 - 23 - 35 - 37 - 52 - 68;05 - 23 - 52 - 55 - 80 - 81 - 82 - 83 - 89 - 90;;;;
30201;DISPONIBLE;05 - 07 - 09 - 12 - 33 - 36 - 38 - 48 - 67 - 73;02 - 08 - 10 - 17 - 26 - 45 - 61 - 79 - 80 - 81;;;;
30202;DISPONIBLE;15 - 16 - 25 - 29 - 32 - 34 - 58 - 73 - 76 - 82;01 - 18 - 26 - 35 - 41 - 49 - 54 - 55 - 77 - 86;;;;
30203;DISPONIBLE;04 - 12 - 14 - 15 - 25 - 67 - 70 - 79 - 80 - 85;04 - 20 - 21 - 24 - 36 - 37 - 43 - 55 - 78 - 81;;;;
30204;DISPONIBLE;29 - 32 - 38 - 55 - 60 - 64 - 72 - 79 - 89 - 90;23 - 39 - 40 - 50 - 52 - 58 - 65 - 67 - 87 - 89;;;;
30205;DISPONIBLE;09 - 12 - 13 - 21 - 28 - 31 - 32 - 74 - 81 - 87;03 - 06 - 09 - 37 - 63 - 65 - 66 - 72 - 73 - 75;;;;
30206;DISPONIBLE;02 - 07 - 10 - 14 - 18 - 33 - 51 - 72 - 73 - 90;04 - 12 - 15 - 23 - 26 - 30 - 45 - 53 - 58 - 83;;;;
30207;DISPONIBLE;01 - 14 - 17 - 19 - 25 - 42 - 47 - 48 - 58 - 85;04 - 10 - 22 - 45 - 51 - 62 - 65 - 75 - 77 - 90;;;;
30208;DISPONIBLE;05 - 30 - 34 - 44 - 49 - 55 - 56 - 67 - 76 - 86;12 - 15 - 18 - 27 - 31 - 36 - 45 - 48 - 53 - 77;;;;
30209;DISPONIBLE;02 - 09 - 17 - 46 - 49 - 61 - 64 - 71 - 78 - 79;06 - 07 - 38 - 43 - 60 - 61 - 63 - 71 - 73 - 80;;;;
30210;DISPONIBLE;21 - 23 - 40 - 52 - 68 - 69 - 76 - 81 - 85 - 86;06 - 10 - 11 - 21 - 22 - 28 - 37 - 51 - 53 - 74;;;;
30211;DISPONIBLE;11 - 15 - 22 - 37 - 40 - 54 - 58 - 70 - 85 - 87;10 - 18 - 41 - 42 - 44 - 56 - 69 - 71 - 74 - 85;;;;
30212;DISPONIBLE;01 - 26 - 29 - 32 - 35 - 45 - 50 - 54 - 78 - 89;01 - 05 - 17 - 24 - 28 - 29 - 53 - 77 - 79 - 88;;;;
30213;DISPONIBLE;11 - 13 - 14 - 26 - 41 - 48 - 49 - 61 - 81 - 84;03 - 05 - 14 - 33 - 39 - 62 - 68 - 82 - 83 - 90;;;;
30214;DISPONIBLE;01 - 06 - 08 - 24 - 25 - 27 - 50 - 56 - 78 - 89;01 - 04 - 05 - 17 - 19 - 29 - 42 - 62 - 66 - 71;;;;
30215;DISPONIBLE;01 - 09 - 19 - 35 - 37 - 38 - 39 - 40 - 66 - 85;02 - 03 - 10 - 25 - 38 - 39 - 52 - 64 - 75 - 90;;;;
30216;DISPONIBLE;02 - 07 - 30 - 35 - 41 - 42 - 46 - 53 - 69 - 77;18 - 20 - 33 - 41 - 55 - 65 - 69 - 72 - 73 - 88;;;;
30217;DISPONIBLE;04 - 26 - 40 - 44 - 56 - 76 - 79 - 84 - 89 - 90;02 - 04 - 08 - 30 - 36 - 42 - 53 - 59 - 74 - 77;;;;
30218;DISPONIBLE;01 - 03 - 22 - 38 - 43 - 47 - 48 - 64 - 78 - 82;01 - 07 - 14 - 39 - 49 - 53 - 60 - 79 - 82 - 90;;;;
30219;DISPONIBLE;13 - 21 - 24 - 33 - 42 - 49 - 59 - 67 - 88 - 89;02 - 05 - 09 - 11 - 14 - 16 - 25 - 53 - 72 - 76;;;;
30220;DISPONIBLE;12 - 19 - 33 - 45 - 50 - 51 - 54 - 60 - 67 - 72;02 - 11 - 12 - 26 - 35 - 49 - 54 - 57 - 78 - 89;;;;
30221;DISPONIBLE;17 - 23 - 28 - 31 - 40 - 42 - 64 - 73 - 76 - 89;02 - 03 - 06 - 09 - 24 - 46 - 48 - 66 - 69 - 74;;;;
30222;DISPONIBLE;11 - 12 - 33 - 34 - 39 - 53 - 54 - 68 - 78 - 88;05 - 11 - 14 - 31 - 52 - 61 - 70 - 72 - 81 - 84;;;;
30223;DISPONIBLE;11 - 28 - 42 - 43 - 44 - 51 - 54 - 65 - 75 - 87;04 - 06 - 11 - 18 - 43 - 67 - 71 - 79 - 80 - 83;;;;
30224;DISPONIBLE;16 - 29 - 32 - 40 - 43 - 52 - 74 - 80 - 85 - 87;26 - 31 - 39 - 46 - 49 - 70 - 71 - 73 - 74 - 90;;;;
30225;DISPONIBLE;03 - 14 - 25 - 35 - 45 - 58 - 64 - 81 - 83 - 90;17 - 19 - 21 - 26 - 30 - 33 - 36 - 55 - 74 - 75;;;;
30226;DISPONIBLE;06 - 08 - 17 - 19 - 51 - 52 - 56 - 63 - 71 - 80;06 - 12 - 13 - 37 - 44 - 46 - 47 - 50 - 56 - 84;;;;
30227;DISPONIBLE;02 - 07 - 13 - 14 - 17 - 40 - 50 - 59 - 66 - 73;06 - 13 - 22 - 32 - 36 - 50 - 52 - 65 - 72 - 79;;;;
30228;DISPONIBLE;10 - 22 - 31 - 35 - 42 - 48 - 57 - 74 - 77 - 81;09 - 18 - 25 - 27 - 42 - 53 - 66 - 67 - 81 - 88;;;;
30229;DISPONIBLE;03 - 23 - 39 - 43 - 45 - 46 - 55 - 73 - 83 - 89;09 - 11 - 16 - 19 - 38 - 40 - 58 - 60 - 67 - 87;;;;
30230;DISPONIBLE;03 - 06 - 09 - 20 - 33 - 47 - 58 - 64 - 80 - 87;40 - 42 - 45 - 52 - 53 - 60 - 61 - 66 - 84 - 85;;;;
30231;DISPONIBLE;04 - 17 - 31 - 40 - 50 - 54 - 66 - 72 - 88 - 90;01 - 31 - 33 - 34 - 35 - 45 - 49 - 64 - 71 - 86;;;;
30232;DISPONIBLE;34 - 38 - 46 - 47 - 72 - 77 - 79 - 80 - 81 - 87;01 - 05 - 08 - 19 - 29 - 31 - 39 - 43 - 44 - 71;;;;
30233;DISPONIBLE;09 - 10 - 20 - 42 - 53 - 73 - 75 - 76 - 80 - 86;07 - 08 - 23 - 27 - 29 - 31 - 49 - 50 - 56 - 71;;;;
30234;DISPONIBLE;08 - 34 - 58 - 63 - 64 - 65 - 76 - 79 - 85 - 87;06 - 07 - 15 - 18 - 23 - 32 - 66 - 70 - 80 - 85;;;;
30235;DISPONIBLE;03 - 09 - 18 - 27 - 42 - 44 - 48 - 61 - 63 - 65;06 - 11 - 29 - 30 - 50 - 57 - 62 - 65 - 83 - 90;;;;
30236;DISPONIBLE;05 - 08 - 20 - 32 - 45 - 49 - 57 - 60 - 65 - 87;20 - 26 - 44 - 53 - 60 - 65 - 68 - 83 - 86 - 89;;;;
30237;DISPONIBLE;07 - 14 - 35 - 42 - 47 - 51 - 65 - 73 - 80 - 89;01 - 06 - 07 - 22 - 30 - 38 - 40 - 51 - 74 - 83;;;;
30238;DISPONIBLE;02 - 07 - 23 - 31 - 33 - 56 - 63 - 65 - 81 - 88;09 - 11 - 24 - 41 - 52 - 58 - 59 - 76 - 80 - 90;;;;
30239;DISPONIBLE;15 - 27 - 29 - 38 - 47 - 51 - 60 - 71 - 76 - 78;09 - 13 - 22 - 23 - 24 - 62 - 70 - 72 - 81 - 88;;;;
30240;DISPONIBLE;05 - 08 - 18 - 20 - 41 - 45 - 48 - 60 - 69 - 86;01 - 13 - 39 - 40 - 44 - 55 - 74 - 77 - 80 - 86;;;;
30241;DISPONIBLE;30 - 42 - 48 - 50 - 56 - 58 - 59 - 70 - 83 - 84;17 - 20 - 24 - 42 - 45 - 46 - 50 - 54 - 76 - 78;;;;
30242;DISPONIBLE;05 - 19 - 25 - 40 - 41 - 52 - 67 - 77 - 78 - 89;07 - 17 - 24 - 26 - 41 - 46 - 81 - 85 - 87 - 89;;;;
30243;DISPONIBLE;21 - 28 - 36 - 43 - 71 - 72 - 73 - 78 - 84 - 85;03 - 32 - 33 - 43 - 45 - 49 - 59 - 72 - 77 - 85;;;;
30244;DISPONIBLE;12 - 20 - 22 - 40 - 53 - 56 - 74 - 85 - 86 - 87;24 - 26 - 29 - 30 - 35 - 49 - 51 - 71 - 77 - 87;;;;
30245;DISPONIBLE;02 - 16 - 20 - 26 - 34 - 50 - 62 - 64 - 65 - 76;15 - 25 - 32 - 36 - 45 - 51 - 61 - 62 - 77 - 84;;;;
30246;DISPONIBLE;23 - 24 - 34 - 39 - 43 - 73 - 77 - 81 - 82 - 86;01 - 08 - 16 - 33 - 56 - 75 - 79 - 85 - 87 - 90;;;;
30247;DISPONIBLE;06 - 09 - 17 - 20 - 46 - 53 - 55 - 82 - 85 - 87;01 - 07 - 22 - 23 - 25 - 29 - 51 - 60 - 64 - 88;;;;
30248;DISPONIBLE;03 - 08 - 09 - 28 - 36 - 38 - 70 - 71 - 75 - 76;08 - 15 - 31 - 34 - 44 - 55 - 60 - 69 - 70 - 85;;;;
30249;DISPONIBLE;03 - 29 - 43 - 49 - 51 - 52 - 53 - 63 - 78 - 81;07 - 11 - 34 - 39 - 41 - 44 - 46 - 56 - 57 - 71;;;;
30250;DISPONIBLE;12 - 14 - 30 - 34 - 36 - 43 - 50 - 51 - 52 - 76;03 - 08 - 12 - 30 - 47 - 50 - 54 - 59 - 83 - 86;;;;
30251;DISPONIBLE;03 - 17 - 20 - 32 - 36 - 38 - 45 - 71 - 75 - 78;06 - 10 - 12 - 16 - 32 - 36 - 42 - 57 - 60 - 82;;;;
30252;DISPONIBLE;29 - 30 - 39 - 51 - 65 - 71 - 72 - 74 - 80 - 81;26 - 32 - 37 - 46 - 47 - 54 - 57 - 69 - 71 - 89;;;;
30253;DISPONIBLE;03 - 12 - 22 - 36 - 44 - 77 - 85 - 86 - 87 - 90;01 - 06 - 07 - 09 - 14 - 28 - 37 - 42 - 53 - 72;;;;
30254;DISPONIBLE;07 - 18 - 26 - 27 - 28 - 30 - 37 - 47 - 48 - 71;24 - 31 - 39 - 43 - 54 - 59 - 61 - 65 - 71 - 89;;;;
30255;DISPONIBLE;10 - 16 - 41 - 50 - 53 - 55 - 69 - 73 - 80 - 86;03 - 05 - 24 - 26 - 33 - 41 - 46 - 47 - 84 - 85;;;;
30256;DISPONIBLE;01 - 32 - 35 - 39 - 49 - 53 - 54 - 57 - 68 - 79;03 - 04 - 11 - 14 - 18 - 19 - 30 - 54 - 63 - 70;;;;
30257;DISPONIBLE;03 - 11 - 25 - 28 - 39 - 48 - 49 - 74 - 86 - 90;04 - 11 - 13 - 29 - 39 - 44 - 58 - 69 - 76 - 81;;;;
30258;DISPONIBLE;12 - 16 - 17 - 33 - 44 - 51 - 65 - 67 - 75 - 78;10 - 19 - 26 - 34 - 35 - 45 - 67 - 71 - 83 - 84;;;;
30259;DISPONIBLE;09 - 23 - 28 - 32 - 37 - 52 - 76 - 79 - 85 - 86;02 - 06 - 17 - 27 - 30 - 33 - 49 - 56 - 57 - 60;;;;
30260;DISPONIBLE;07 - 16 - 23 - 26 - 32 - 52 - 53 - 58 - 62 - 85;05 - 09 - 28 - 61 - 69 - 76 - 78 - 83 - 88 - 89;;;;
30261;DISPONIBLE;14 - 22 - 28 - 31 - 32 - 51 - 71 - 72 - 80 - 82;02 - 06 - 17 - 18 - 45 - 66 - 68 - 73 - 81 - 88;;;;
30262;DISPONIBLE;19 - 27 - 29 - 31 - 40 - 75 - 78 - 80 - 84 - 88;19 - 20 - 25 - 36 - 55 - 69 - 70 - 71 - 73 - 86;;;;
30263;DISPONIBLE;17 - 23 - 29 - 32 - 33 - 45 - 49 - 50 - 84 - 88;07 - 31 - 33 - 41 - 43 - 46 - 55 - 64 - 68 - 90;;;;
30264;DISPONIBLE;23 - 34 - 45 - 49 - 52 - 57 - 63 - 65 - 68 - 73;03 - 05 - 23 - 35 - 45 - 48 - 55 - 59 - 60 - 88;;;;
30265;DISPONIBLE;09 - 22 - 26 - 27 - 29 - 32 - 42 - 59 - 61 - 72;11 - 20 - 52 - 55 - 56 - 58 - 61 - 72 - 76 - 79;;;;
30266;DISPONIBLE;03 - 06 - 13 - 26 - 28 - 30 - 33 - 35 - 62 - 71;08 - 27 - 29 - 30 - 33 - 35 - 53 - 55 - 58 - 63;;;;
30267;DISPONIBLE;05 - 07 - 25 - 26 - 37 - 53 - 58 - 61 - 64 - 72;04 - 11 - 24 - 26 - 30 - 49 - 59 - 60 - 68 - 71;;;;
30268;DISPONIBLE;19 - 20 - 23 - 42 - 47 - 49 - 53 - 63 - 69 - 73;06 - 32 - 50 - 61 - 62 - 63 - 66 - 70 - 72 - 76;;;;
30269;DISPONIBLE;02 - 06 - 07 - 20 - 25 - 50 - 54 - 61 - 80 - 83;07 - 21 - 33 - 36 - 44 - 52 - 67 - 68 - 78 - 81;;;;
30270;DISPONIBLE;03 - 10 - 12 - 30 - 31 - 37 - 39 - 59 - 70 - 88;04 - 07 - 12 - 16 - 25 - 39 - 53 - 56 - 72 - 88;;;;
30271;DISPONIBLE;02 - 04 - 12 - 19 - 27 - 41 - 46 - 68 - 87 - 88;07 - 10 - 15 - 50 - 55 - 61 - 64 - 78 - 83 - 87;;;;
30272;DISPONIBLE;08 - 15 - 30 - 32 - 43 - 54 - 58 - 62 - 76 - 83;01 - 04 - 05 - 06 - 12 - 16 - 23 - 43 - 76 - 85;;;;
30273;DISPONIBLE;03 - 09 - 10 - 20 - 27 - 48 - 57 - 58 - 63 - 81;06 - 07 - 20 - 23 - 25 - 59 - 61 - 75 - 76 - 78;;;;
30274;DISPONIBLE;07 - 15 - 16 - 34 - 36 - 48 - 62 - 65 - 66 - 76;05 - 33 - 39 - 45 - 46 - 55 - 63 - 67 - 79 - 87;;;;
30275;DISPONIBLE;08 - 14 - 36 - 39 - 43 - 47 - 51 - 52 - 57 - 59;30 - 37 - 49 - 60 - 61 - 80 - 81 - 82 - 84 - 86;;;;
30276;DISPONIBLE;06 - 22 - 29 - 31 - 47 - 57 - 63 - 77 - 82 - 86;06 - 23 - 32 - 35 - 59 - 64 - 66 - 71 - 74 - 82;;;;
30277;DISPONIBLE;04 - 06 - 24 - 36 - 39 - 46 - 48 - 59 - 60 - 79;02 - 11 - 21 - 22 - 28 - 31 - 56 - 60 - 64 - 78;;;;
30278;DISPONIBLE;11 - 26 - 33 - 37 - 41 - 64 - 74 - 78 - 84 - 86;07 - 10 - 18 - 55 - 65 - 71 - 73 - 79 - 80 - 83;;;;
30279;DISPONIBLE;10 - 34 - 40 - 42 - 47 - 53 - 71 - 76 - 80 - 89;06 - 22 - 28 - 34 - 37 - 43 - 58 - 64 - 75 - 87;;;;
30280;DISPONIBLE;01 - 08 - 16 - 22 - 43 - 55 - 63 - 65 - 87 - 90;08 - 10 - 26 - 48 - 53 - 75 - 76 - 83 - 86 - 90;;;;
30281;DISPONIBLE;04 - 32 - 34 - 35 - 36 - 44 - 61 - 65 - 69 - 83;12 - 20 - 30 - 40 - 44 - 50 - 53 - 59 - 65 - 70;;;;
30282;DISPONIBLE;03 - 21 - 33 - 45 - 54 - 59 - 62 - 64 - 68 - 70;04 - 06 - 10 - 29 - 46 - 47 - 51 - 58 - 77 - 78;;;;
30283;DISPONIBLE;01 - 24 - 37 - 40 - 47 - 58 - 78 - 81 - 82 - 89;03 - 13 - 19 - 26 - 29 - 32 - 41 - 44 - 55 - 74;;;;
30284;DISPONIBLE;03 - 31 - 33 - 40 - 48 - 52 - 61 - 62 - 64 - 77;12 - 13 - 16 - 18 - 50 - 57 - 68 - 69 - 79 - 84;;;;
30285;DISPONIBLE;18 - 24 - 29 - 35 - 50 - 59 - 81 - 84 - 89 - 90;10 - 15 - 16 - 28 - 31 - 62 - 63 - 68 - 69 - 87;;;;
30286;DISPONIBLE;02 - 07 - 08 - 16 - 31 - 37 - 47 - 67 - 71 - 90;05 - 30 - 33 - 36 - 41 - 52 - 65 - 66 - 84 - 90;;;;
30287;DISPONIBLE;13 - 16 - 23 - 27 - 35 - 42 - 46 - 66 - 69 - 75;01 - 31 - 32 - 38 - 41 - 47 - 54 - 64 - 67 - 89;;;;
30288;DISPONIBLE;07 - 09 - 11 - 22 - 35 - 54 - 58 - 65 - 68 - 88;03 - 17 - 20 - 33 - 37 - 41 - 46 - 47 - 48 - 90;;;;
30289;DISPONIBLE;12 - 13 - 27 - 37 - 42 - 49 - 54 - 60 - 64 - 86;05 - 08 - 09 - 15 - 48 - 50 - 64 - 65 - 68 - 90;;;;
30290;DISPONIBLE;06 - 12 - 27 - 32 - 40 - 45 - 47 - 69 - 78 - 86;05 - 19 - 30 - 37 - 43 - 47 - 54 - 57 - 62 - 66;;;;
30291;DISPONIBLE;06 - 08 - 10 - 52 - 53 - 55 - 65 - 68 - 85 - 88;02 - 08 - 12 - 25 - 27 - 32 - 58 - 59 - 63 - 86;;;;
30292;DISPONIBLE;06 - 16 - 18 - 27 - 31 - 42 - 43 - 65 - 84 - 89;08 - 31 - 34 - 44 - 45 - 46 - 56 - 66 - 75 - 90;;;;
30293;DISPONIBLE;04 - 09 - 23 - 28 - 54 - 55 - 66 - 69 - 71 - 89;01 - 02 - 06 - 10 - 36 - 75 - 80 - 85 - 88 - 89;;;;
30294;DISPONIBLE;05 - 14 - 22 - 32 - 34 - 48 - 50 - 58 - 71 - 84;03 - 22 - 28 - 58 - 66 - 69 - 74 - 83 - 84 - 85;;;;
30295;DISPONIBLE;06 - 20 - 40 - 45 - 46 - 57 - 58 - 72 - 73 - 76;09 - 12 - 13 - 40 - 47 - 58 - 62 - 65 - 78 - 86;;;;
30296;DISPONIBLE;13 - 27 - 40 - 41 - 51 - 54 - 65 - 71 - 75 - 85;03 - 16 - 47 - 53 - 57 - 58 - 65 - 66 - 74 - 76;;;;
30297;DISPONIBLE;14 - 16 - 23 - 28 - 31 - 34 - 40 - 52 - 67 - 69;10 - 12 - 14 - 24 - 28 - 44 - 60 - 63 - 68 - 78;;;;
30298;DISPONIBLE;01 - 10 - 19 - 24 - 31 - 36 - 52 - 55 - 69 - 74;02 - 04 - 14 - 27 - 41 - 55 - 56 - 61 - 65 - 86;;;;
30299;DISPONIBLE;09 - 11 - 28 - 32 - 36 - 48 - 55 - 66 - 73 - 89;01 - 04 - 15 - 20 - 25 - 60 - 70 - 71 - 86 - 88;;;;
30300;DISPONIBLE;07 - 32 - 37 - 42 - 44 - 49 - 57 - 75 - 79 - 82;02 - 13 - 18 - 48 - 49 - 54 - 65 - 69 - 75 - 82;;;;
30301;DISPONIBLE;09 - 10 - 12 - 32 - 47 - 49 - 51 - 52 - 54 - 83;02 - 24 - 46 - 57 - 63 - 64 - 67 - 75 - 83 - 84;;;;
30302;DISPONIBLE;09 - 17 - 37 - 43 - 46 - 50 - 52 - 53 - 63 - 76;09 - 17 - 20 - 36 - 41 - 48 - 68 - 82 - 87 - 90;;;;
30303;DISPONIBLE;01 - 07 - 12 - 15 - 20 - 23 - 40 - 47 - 55 - 60;03 - 08 - 13 - 16 - 48 - 54 - 61 - 68 - 87 - 90;;;;
30304;DISPONIBLE;01 - 03 - 07 - 13 - 26 - 57 - 66 - 74 - 77 - 90;06 - 12 - 14 - 17 - 21 - 34 - 49 - 56 - 79 - 90;;;;
30305;DISPONIBLE;03 - 25 - 33 - 42 - 64 - 69 - 70 - 78 - 83 - 86;01 - 08 - 16 - 17 - 35 - 41 - 62 - 70 - 76 - 86;;;;
30306;DISPONIBLE;14 - 19 - 32 - 42 - 46 - 50 - 51 - 58 - 61 - 82;01 - 25 - 28 - 32 - 35 - 36 - 51 - 53 - 63 - 66;;;;
30307;DISPONIBLE;06 - 17 - 18 - 19 - 30 - 42 - 44 - 57 - 59 - 77;01 - 06 - 07 - 22 - 24 - 37 - 47 - 82 - 87 - 89;;;;
30308;DISPONIBLE;21 - 25 - 27 - 42 - 54 - 56 - 77 - 83 - 89 - 90;13 - 22 - 28 - 31 - 51 - 53 - 55 - 61 - 63 - 64;;;;
30309;DISPONIBLE;08 - 09 - 23 - 24 - 35 - 49 - 63 - 66 - 76 - 89;04 - 13 - 15 - 20 - 22 - 24 - 44 - 61 - 83 - 90;;;;
30310;DISPONIBLE;08 - 15 - 45 - 47 - 55 - 56 - 61 - 66 - 67 - 76;24 - 28 - 56 - 62 - 65 - 71 - 72 - 75 - 78 - 80;;;;
30311;DISPONIBLE;18 - 24 - 28 - 29 - 34 - 57 - 61 - 70 - 79 - 81;07 - 14 - 37 - 41 - 47 - 49 - 58 - 65 - 72 - 76;;;;
30312;DISPONIBLE;11 - 14 - 19 - 34 - 38 - 39 - 49 - 65 - 69 - 77;05 - 25 - 33 - 37 - 48 - 51 - 56 - 70 - 83 - 89;;;;
30313;DISPONIBLE;03 - 15 - 16 - 33 - 47 - 53 - 54 - 64 - 85 - 88;11 - 31 - 32 - 35 - 47 - 61 - 70 - 80 - 81 - 88;;;;
30314;DISPONIBLE;09 - 21 - 24 - 44 - 48 - 49 - 56 - 76 - 77 - 82;04 - 07 - 11 - 13 - 27 - 28 - 69 - 83 - 84 - 90;;;;
30315;DISPONIBLE;31 - 33 - 37 - 46 - 58 - 64 - 66 - 73 - 75 - 90;01 - 08 - 12 - 26 - 32 - 39 - 42 - 49 - 61 - 79;;;;
30316;DISPONIBLE;10 - 18 - 19 - 33 - 39 - 43 - 44 - 47 - 55 - 76;07 - 14 - 16 - 18 - 41 - 45 - 55 - 62 - 65 - 66;;;;
30317;DISPONIBLE;01 - 08 - 11 - 18 - 34 - 61 - 67 - 69 - 79 - 86;05 - 17 - 27 - 30 - 32 - 45 - 46 - 58 - 83 - 85;;;;
30318;DISPONIBLE;02 - 03 - 13 - 15 - 27 - 28 - 32 - 52 - 60 - 68;02 - 03 - 05 - 18 - 30 - 43 - 57 - 68 - 81 - 84;;;;
30319;DISPONIBLE;04 - 39 - 44 - 60 - 63 - 65 - 67 - 79 - 80 - 84;06 - 11 - 16 - 18 - 19 - 27 - 28 - 60 - 78 - 89;;;;
30320;DISPONIBLE;17 - 22 - 28 - 29 - 33 - 43 - 49 - 73 - 76 - 84;02 - 05 - 24 - 49 - 52 - 54 - 55 - 70 - 85 - 87;;;;
30321;DISPONIBLE;09 - 12 - 20 - 28 - 41 - 47 - 52 - 55 - 77 - 90;18 - 24 - 37 - 55 - 65 - 67 - 75 - 81 - 83 - 87;;;;
30322;DISPONIBLE;07 - 11 - 15 - 34 - 39 - 43 - 54 - 70 - 88 - 90;07 - 16 - 20 - 22 - 39 - 44 - 46 - 63 - 78 - 88;;;;
30323;DISPONIBLE;10 - 17 - 27 - 38 - 39 - 44 - 46 - 51 - 81 - 84;02 - 28 - 31 - 34 - 39 - 41 - 52 - 61 - 76 - 83;;;;
30324;DISPONIBLE;03 - 19 - 33 - 39 - 62 - 65 - 76 - 77 - 85 - 87;02 - 20 - 22 - 25 - 27 - 42 - 44 - 58 - 59 - 74;;;;
30325;DISPONIBLE;01 - 05 - 07 - 27 - 33 - 35 - 46 - 50 - 89 - 90;31 - 34 - 39 - 43 - 47 - 63 - 70 - 72 - 87 - 88;;;;
30326;DISPONIBLE;06 - 23 - 36 - 42 - 67 - 69 - 72 - 75 - 81 - 83;11 - 12 - 32 - 43 - 45 - 53 - 61 - 69 - 75 - 79;;;;
30327;DISPONIBLE;03 - 17 - 18 - 35 - 36 - 43 - 44 - 55 - 65 - 76;31 - 36 - 45 - 57 - 59 - 64 - 65 - 85 - 86 - 88;;;;
30328;DISPONIBLE;07 - 14 - 38 - 41 - 44 - 58 - 72 - 73 - 75 - 85;06 - 17 - 30 - 44 - 68 - 71 - 75 - 78 - 80 - 87;;;;
30329;DISPONIBLE;14 - 15 - 18 - 20 - 70 - 73 - 75 - 84 - 85 - 89;21 - 25 - 29 - 42 - 48 - 55 - 56 - 59 - 64 - 86;;;;
30330;DISPONIBLE;16 - 17 - 21 - 26 - 27 - 43 - 51 - 60 - 63 - 81;14 - 25 - 27 - 29 - 37 - 40 - 42 - 44 - 47 - 62;;;;
30331;DISPONIBLE;01 - 09 - 11 - 12 - 15 - 23 - 27 - 40 - 51 - 53;08 - 09 - 30 - 33 - 35 - 38 - 45 - 72 - 80 - 89;;;;
30332;DISPONIBLE;16 - 33 - 36 - 39 - 42 - 43 - 45 - 79 - 81 - 90;02 - 21 - 22 - 30 - 38 - 39 - 49 - 75 - 85 - 88;;;;
30333;DISPONIBLE;03 - 04 - 11 - 26 - 37 - 45 - 54 - 61 - 63 - 85;19 - 39 - 47 - 50 - 52 - 59 - 61 - 68 - 83 - 84;;;;
30334;DISPONIBLE;06 - 07 - 17 - 27 - 35 - 37 - 38 - 41 - 51 - 73;09 - 12 - 15 - 17 - 24 - 47 - 66 - 70 - 75 - 79;;;;
30335;DISPONIBLE;31 - 38 - 47 - 62 - 65 - 74 - 79 - 82 - 86 - 88;01 - 09 - 10 - 33 - 35 - 45 - 66 - 70 - 72 - 74;;;;
30336;DISPONIBLE;02 - 10 - 22 - 30 - 47 - 68 - 70 - 71 - 73 - 82;01 - 04 - 08 - 12 - 26 - 49 - 60 - 67 - 76 - 82;;;;
30337;DISPONIBLE;11 - 14 - 42 - 51 - 53 - 55 - 56 - 57 - 60 - 76;06 - 25 - 30 - 31 - 45 - 54 - 58 - 63 - 67 - 86;;;;
30338;DISPONIBLE;17 - 18 - 24 - 39 - 42 - 45 - 72 - 78 - 81 - 84;04 - 07 - 10 - 11 - 36 - 43 - 44 - 66 - 75 - 80;;;;
30339;DISPONIBLE;25 - 28 - 30 - 36 - 38 - 43 - 51 - 69 - 82 - 84;36 - 42 - 48 - 50 - 60 - 61 - 67 - 76 - 81 - 85;;;;
30340;DISPONIBLE;10 - 15 - 21 - 22 - 40 - 44 - 65 - 82 - 89 - 90;18 - 30 - 31 - 39 - 43 - 51 - 59 - 64 - 70 - 73;;;;
30341;DISPONIBLE;17 - 27 - 32 - 37 - 47 - 53 - 57 - 61 - 82 - 88;07 - 16 - 17 - 32 - 34 - 41 - 48 - 54 - 63 - 84;;;;
30342;DISPONIBLE;02 - 07 - 08 - 14 - 19 - 21 - 25 - 40 - 54 - 70;02 - 17 - 49 - 50 - 68 - 69 - 77 - 78 - 85 - 87;;;;
30343;DISPONIBLE;29 - 34 - 35 - 47 - 49 - 50 - 51 - 52 - 67 - 81;07 - 09 - 44 - 48 - 72 - 74 - 77 - 80 - 82 - 87;;;;
30344;DISPONIBLE;02 - 05 - 10 - 13 - 17 - 18 - 43 - 50 - 51 - 72;10 - 21 - 25 - 34 - 35 - 65 - 68 - 71 - 79 - 85;;;;
30345;DISPONIBLE;01 - 02 - 11 - 13 - 21 - 23 - 51 - 79 - 82 - 83;13 - 35 - 44 - 52 - 55 - 59 - 70 - 71 - 73 - 82;;;;
30346;DISPONIBLE;08 - 20 - 40 - 43 - 47 - 56 - 57 - 70 - 71 - 73;03 - 16 - 21 - 22 - 35 - 42 - 45 - 52 - 71 - 76;;;;
30347;DISPONIBLE;04 - 05 - 26 - 28 - 29 - 36 - 49 - 52 - 71 - 81;06 - 19 - 21 - 31 - 38 - 40 - 67 - 74 - 80 - 83;;;;
30348;DISPONIBLE;14 - 23 - 67 - 69 - 73 - 74 - 76 - 78 - 87 - 88;14 - 43 - 46 - 52 - 60 - 67 - 69 - 72 - 75 - 80;;;;
30349;DISPONIBLE;06 - 09 - 20 - 31 - 40 - 43 - 45 - 48 - 78 - 80;01 - 13 - 20 - 22 - 32 - 46 - 63 - 64 - 68 - 85;;;;
30350;DISPONIBLE;02 - 05 - 27 - 35 - 39 - 47 - 70 - 85 - 88 - 89;02 - 04 - 15 - 22 - 24 - 36 - 55 - 57 - 66 - 72;;;;
30351;DISPONIBLE;02 - 06 - 13 - 16 - 27 - 34 - 38 - 63 - 71 - 75;07 - 13 - 31 - 35 - 43 - 50 - 51 - 55 - 56 - 83;;;;
30352;DISPONIBLE;04 - 07 - 26 - 36 - 37 - 39 - 40 - 48 - 86 - 90;09 - 14 - 21 - 28 - 42 - 47 - 66 - 69 - 81 - 84;;;;
30353;DISPONIBLE;01 - 03 - 07 - 08 - 20 - 30 - 54 - 57 - 76 - 86;08 - 09 - 24 - 35 - 49 - 54 - 57 - 66 - 68 - 88;;;;
30354;DISPONIBLE;26 - 29 - 45 - 50 - 60 - 64 - 76 - 79 - 80 - 86;01 - 03 - 15 - 27 - 30 - 51 - 55 - 75 - 78 - 84;;;;
30355;DISPONIBLE;09 - 14 - 16 - 17 - 20 - 30 - 33 - 39 - 62 - 66;03 - 11 - 15 - 18 - 20 - 24 - 35 - 64 - 77 - 89;;;;
30356;DISPONIBLE;15 - 32 - 33 - 38 - 46 - 48 - 49 - 50 - 65 - 84;13 - 17 - 29 - 30 - 35 - 57 - 58 - 62 - 65 - 85;;;;
30357;DISPONIBLE;08 - 24 - 29 - 38 - 57 - 59 - 61 - 66 - 73 - 81;03 - 09 - 20 - 23 - 35 - 36 - 39 - 40 - 43 - 63;;;;
30358;DISPONIBLE;03 - 18 - 21 - 27 - 48 - 56 - 59 - 77 - 89 - 90;03 - 14 - 20 - 23 - 50 - 54 - 58 - 62 - 63 - 82;;;;
30359;DISPONIBLE;02 - 10 - 17 - 41 - 42 - 55 - 62 - 64 - 71 - 77;25 - 26 - 30 - 34 - 42 - 45 - 54 - 64 - 82 - 90;;;;
30360;DISPONIBLE;05 - 10 - 18 - 27 - 42 - 43 - 51 - 62 - 63 - 89;02 - 03 - 06 - 33 - 53 - 54 - 58 - 60 - 71 - 74;;;;
30361;DISPONIBLE;04 - 08 - 17 - 26 - 45 - 47 - 61 - 63 - 74 - 76;02 - 22 - 46 - 65 - 70 - 72 - 73 - 82 - 84 - 87;;;;
30362;DISPONIBLE;04 - 11 - 15 - 19 - 40 - 43 - 51 - 56 - 61 - 86;06 - 10 - 31 - 40 - 41 - 56 - 57 - 62 - 65 - 79;;;;
30363;DISPONIBLE;01 - 03 - 05 - 22 - 23 - 31 - 49 - 56 - 71 - 82;15 - 16 - 40 - 46 - 54 - 78 - 82 - 86 - 88 - 89;;;;
30364;DISPONIBLE;14 - 30 - 33 - 37 - 48 - 53 - 64 - 71 - 73 - 78;02 - 18 - 31 - 37 - 45 - 50 - 58 - 62 - 73 - 74;;;;
30365;DISPONIBLE;07 - 10 - 24 - 26 - 33 - 39 - 47 - 66 - 71 - 77;02 - 18 - 25 - 39 - 54 - 59 - 64 - 74 - 79 - 85;;;;
30366;DISPONIBLE;02 - 05 - 06 - 17 - 20 - 25 - 27 - 41 - 67 - 86;04 - 18 - 26 - 32 - 46 - 47 - 51 - 57 - 65 - 71;;;;
30367;DISPONIBLE;01 - 07 - 19 - 22 - 27 - 38 - 48 - 59 - 64 - 78;06 - 14 - 15 - 21 - 24 - 70 - 71 - 80 - 82 - 88;;;;
30368;DISPONIBLE;03 - 11 - 12 - 18 - 38 - 50 - 62 - 76 - 78 - 80;06 - 29 - 47 - 55 - 57 - 58 - 68 - 70 - 71 - 82;;;;
30369;DISPONIBLE;03 - 13 - 17 - 46 - 51 - 73 - 76 - 77 - 82 - 86;01 - 02 - 07 - 43 - 53 - 71 - 73 - 77 - 79 - 82;;;;
30370;DISPONIBLE;07 - 20 - 34 - 39 - 52 - 56 - 62 - 65 - 81 - 82;20 - 26 - 27 - 44 - 45 - 46 - 61 - 73 - 76 - 80;;;;
30371;DISPONIBLE;10 - 13 - 18 - 21 - 27 - 32 - 38 - 50 - 56 - 60;08 - 28 - 31 - 47 - 53 - 73 - 76 - 77 - 79 - 81;;;;
30372;DISPONIBLE;17 - 25 - 29 - 38 - 60 - 64 - 65 - 73 - 84 - 87;01 - 03 - 09 - 20 - 55 - 60 - 65 - 80 - 85 - 90;;;;
30373;DISPONIBLE;01 - 05 - 08 - 23 - 25 - 29 - 38 - 50 - 77 - 80;05 - 20 - 35 - 48 - 55 - 65 - 67 - 68 - 85 - 88;;;;
30374;DISPONIBLE;08 - 36 - 43 - 54 - 65 - 67 - 71 - 80 - 81 - 90;14 - 30 - 36 - 40 - 48 - 50 - 64 - 70 - 77 - 84;;;;
30375;DISPONIBLE;01 - 02 - 05 - 06 - 09 - 42 - 46 - 59 - 62 - 88;22 - 31 - 45 - 52 - 67 - 73 - 74 - 78 - 86 - 88;;;;
30376;DISPONIBLE;06 - 08 - 34 - 36 - 43 - 45 - 47 - 57 - 61 - 85;08 - 13 - 29 - 38 - 48 - 52 - 64 - 67 - 69 - 79;;;;
30377;DISPONIBLE;06 - 17 - 23 - 35 - 39 - 57 - 61 - 69 - 77 - 81;06 - 07 - 24 - 30 - 37 - 46 - 52 - 58 - 64 - 87;;;;
30378;DISPONIBLE;03 - 07 - 15 - 34 - 36 - 54 - 58 - 67 - 71 - 80;13 - 16 - 36 - 40 - 41 - 50 - 53 - 56 - 69 - 86;;;;
30379;DISPONIBLE;09 - 22 - 26 - 29 - 30 - 34 - 69 - 79 - 83 - 86;07 - 08 - 15 - 21 - 33 - 38 - 48 - 61 - 68 - 82;;;;
30380;DISPONIBLE;02 - 03 - 04 - 26 - 38 - 61 - 65 - 74 - 84 - 87;11 - 14 - 38 - 44 - 49 - 50 - 62 - 65 - 71 - 80;;;;
30381;DISPONIBLE;08 - 09 - 30 - 44 - 45 - 53 - 59 - 63 - 84 - 86;03 - 07 - 26 - 27 - 39 - 44 - 48 - 77 - 88 - 90;;;;
30382;DISPONIBLE;23 - 27 - 41 - 46 - 51 - 66 - 72 - 79 - 84 - 86;04 - 14 - 22 - 31 - 43 - 46 - 47 - 57 - 65 - 75;;;;
30383;DISPONIBLE;02 - 13 - 16 - 25 - 38 - 44 - 45 - 59 - 84 - 90;02 - 11 - 15 - 24 - 25 - 35 - 38 - 73 - 74 - 80;;;;
30384;DISPONIBLE;12 - 14 - 29 - 31 - 36 - 43 - 55 - 56 - 63 - 81;07 - 17 - 26 - 36 - 41 - 58 - 68 - 72 - 82 - 85;;;;
30385;DISPONIBLE;15 - 16 - 26 - 35 - 49 - 58 - 65 - 71 - 73 - 76;09 - 18 - 30 - 33 - 55 - 63 - 68 - 70 - 71 - 88;;;;
30386;DISPONIBLE;15 - 19 - 23 - 37 - 50 - 54 - 55 - 67 - 70 - 82;01 - 02 - 08 - 34 - 38 - 52 - 57 - 62 - 83 - 86;;;;
30387;DISPONIBLE;01 - 17 - 27 - 33 - 36 - 37 - 58 - 64 - 66 - 77;04 - 12 - 14 - 17 - 38 - 45 - 48 - 72 - 81 - 88;;;;
30388;DISPONIBLE;02 - 05 - 12 - 15 - 28 - 35 - 41 - 50 - 80 - 85;19 - 32 - 35 - 43 - 44 - 61 - 70 - 72 - 78 - 81;;;;
30389;DISPONIBLE;06 - 46 - 50 - 63 - 68 - 73 - 74 - 76 - 85 - 89;04 - 14 - 21 - 33 - 43 - 53 - 67 - 84 - 88 - 90;;;;
30390;DISPONIBLE;03 - 34 - 35 - 38 - 41 - 50 - 53 - 56 - 71 - 78;02 - 04 - 11 - 19 - 32 - 42 - 46 - 48 - 55 - 86;;;;
30391;DISPONIBLE;08 - 12 - 23 - 52 - 54 - 56 - 60 - 66 - 78 - 89;01 - 15 - 20 - 24 - 31 - 41 - 44 - 47 - 55 - 90;;;;
30392;DISPONIBLE;11 - 15 - 33 - 36 - 37 - 53 - 55 - 63 - 74 - 76;01 - 22 - 29 - 42 - 45 - 69 - 77 - 82 - 85 - 88;;;;
30393;DISPONIBLE;07 - 26 - 44 - 65 - 67 - 68 - 72 - 79 - 82 - 86;08 - 42 - 51 - 53 - 57 - 61 - 66 - 75 - 80 - 90;;;;
30394;DISPONIBLE;06 - 17 - 18 - 33 - 34 - 35 - 39 - 59 - 66 - 82;02 - 05 - 16 - 21 - 48 - 57 - 65 - 75 - 80 - 87;;;;
30395;DISPONIBLE;02 - 09 - 20 - 27 - 31 - 41 - 55 - 83 - 85 - 88;11 - 14 - 16 - 27 - 37 - 38 - 47 - 56 - 79 - 86;;;;
30396;DISPONIBLE;01 - 04 - 12 - 14 - 24 - 50 - 81 - 85 - 86 - 89;23 - 27 - 41 - 42 - 49 - 51 - 55 - 58 - 60 - 65;;;;
30397;DISPONIBLE;02 - 06 - 07 - 16 - 22 - 26 - 27 - 28 - 50 - 79;03 - 04 - 13 - 21 - 26 - 55 - 61 - 64 - 68 - 77;;;;
30398;DISPONIBLE;13 - 16 - 18 - 38 - 41 - 49 - 55 - 58 - 68 - 81;08 - 29 - 32 - 35 - 41 - 48 - 53 - 74 - 80 - 84;;;;
30399;DISPONIBLE;01 - 11 - 13 - 14 - 17 - 21 - 28 - 59 - 77 - 86;08 - 14 - 18 - 25 - 27 - 30 - 39 - 45 - 53 - 65;;;;
30400;DISPONIBLE;03 - 18 - 19 - 24 - 34 - 37 - 47 - 74 - 80 - 86;02 - 09 - 27 - 30 - 31 - 60 - 77 - 83 - 88 - 90;;;;
30401;DISPONIBLE;09 - 16 - 17 - 22 - 27 - 35 - 42 - 79 - 81 - 90;11 - 18 - 26 - 27 - 41 - 44 - 55 - 56 - 72 - 90;;;;
30402;DISPONIBLE;11 - 14 - 24 - 32 - 34 - 52 - 73 - 75 - 78 - 82;07 - 13 - 37 - 42 - 57 - 64 - 67 - 74 - 88 - 89;;;;
30403;DISPONIBLE;06 - 10 - 17 - 18 - 32 - 44 - 45 - 52 - 58 - 72;03 - 05 - 22 - 23 - 42 - 61 - 64 - 67 - 75 - 84;;;;
30404;DISPONIBLE;05 - 17 - 24 - 31 - 35 - 42 - 52 - 66 - 74 - 75;02 - 07 - 26 - 51 - 52 - 63 - 71 - 74 - 80 - 84;;;;
30405;DISPONIBLE;01 - 06 - 20 - 25 - 34 - 48 - 66 - 76 - 78 - 85;05 - 14 - 20 - 33 - 39 - 44 - 54 - 70 - 79 - 90;;;;
30406;DISPONIBLE;03 - 11 - 25 - 45 - 49 - 52 - 56 - 66 - 81 - 88;04 - 33 - 34 - 39 - 43 - 50 - 53 - 57 - 75 - 76;;;;
30407;DISPONIBLE;14 - 27 - 32 - 34 - 57 - 60 - 77 - 78 - 81 - 90;16 - 20 - 36 - 40 - 42 - 50 - 56 - 59 - 72 - 83;;;;
30408;DISPONIBLE;04 - 07 - 11 - 14 - 20 - 22 - 23 - 64 - 67 - 70;06 - 08 - 26 - 28 - 36 - 49 - 50 - 71 - 78 - 84;;;;
30409;DISPONIBLE;12 - 15 - 16 - 29 - 49 - 56 - 60 - 65 - 72 - 73;16 - 18 - 29 - 46 - 50 - 60 - 63 - 70 - 79 - 86;;;;
30410;DISPONIBLE;32 - 38 - 40 - 44 - 64 - 77 - 78 - 80 - 84 - 85;07 - 19 - 23 - 25 - 30 - 31 - 43 - 59 - 63 - 77;;;;
30411;DISPONIBLE;14 - 19 - 31 - 32 - 39 - 43 - 66 - 69 - 85 - 88;03 - 08 - 15 - 32 - 33 - 39 - 42 - 48 - 69 - 83;;;;
30412;DISPONIBLE;03 - 05 - 06 - 21 - 27 - 42 - 55 - 78 - 84 - 89;03 - 12 - 25 - 33 - 34 - 43 - 51 - 55 - 61 - 68;;;;
30413;DISPONIBLE;10 - 35 - 37 - 41 - 51 - 53 - 57 - 64 - 66 - 70;21 - 32 - 36 - 44 - 51 - 54 - 72 - 76 - 78 - 80;;;;
30414;DISPONIBLE;26 - 33 - 42 - 44 - 48 - 59 - 62 - 72 - 73 - 80;09 - 24 - 29 - 35 - 36 - 59 - 77 - 82 - 83 - 90;;;;
30415;DISPONIBLE;07 - 17 - 36 - 37 - 43 - 65 - 71 - 74 - 77 - 83;07 - 10 - 12 - 15 - 32 - 35 - 61 - 79 - 80 - 87;;;;
30416;DISPONIBLE;13 - 36 - 40 - 49 - 57 - 68 - 71 - 72 - 78 - 88;17 - 32 - 38 - 39 - 40 - 48 - 49 - 60 - 66 - 84;;;;
30417;DISPONIBLE;08 - 16 - 33 - 39 - 50 - 73 - 76 - 84 - 85 - 89;27 - 35 - 36 - 40 - 41 - 52 - 61 - 72 - 73 - 86;;;;
30418;DISPONIBLE;02 - 17 - 31 - 33 - 36 - 50 - 61 - 68 - 76 - 78;01 - 08 - 11 - 21 - 22 - 23 - 48 - 73 - 76 - 83;;;;
30419;DISPONIBLE;03 - 24 - 28 - 35 - 53 - 61 - 64 - 66 - 82 - 85;05 - 07 - 12 - 16 - 37 - 57 - 62 - 69 - 74 - 82;;;;
30420;DISPONIBLE;03 - 06 - 11 - 36 - 55 - 76 - 78 - 84 - 85 - 89;05 - 11 - 24 - 33 - 49 - 55 - 65 - 68 - 87 - 90;;;;
30421;DISPONIBLE;05 - 12 - 20 - 39 - 53 - 67 - 69 - 76 - 78 - 86;01 - 23 - 29 - 50 - 52 - 57 - 61 - 78 - 84 - 85;;;;
30422;DISPONIBLE;04 - 14 - 44 - 52 - 60 - 62 - 66 - 69 - 77 - 87;01 - 03 - 29 - 45 - 46 - 47 - 56 - 61 - 75 - 79;;;;
30423;DISPONIBLE;05 - 06 - 16 - 19 - 27 - 30 - 31 - 39 - 65 - 66;18 - 31 - 32 - 35 - 55 - 60 - 64 - 66 - 75 - 78;;;;
30424;DISPONIBLE;12 - 31 - 33 - 40 - 41 - 44 - 57 - 76 - 78 - 82;12 - 25 - 28 - 29 - 34 - 46 - 57 - 73 - 82 - 87;;;;
30425;DISPONIBLE;09 - 18 - 35 - 49 - 56 - 58 - 60 - 67 - 72 - 81;08 - 09 - 10 - 20 - 29 - 34 - 43 - 79 - 80 - 87;;;;
30426;DISPONIBLE;03 - 04 - 13 - 18 - 29 - 65 - 66 - 70 - 75 - 80;14 - 32 - 34 - 35 - 38 - 45 - 52 - 54 - 76 - 86;;;;
30427;DISPONIBLE;02 - 07 - 13 - 17 - 26 - 28 - 30 - 53 - 63 - 80;05 - 12 - 22 - 27 - 37 - 49 - 56 - 83 - 86 - 88;;;;
30428;DISPONIBLE;04 - 07 - 08 - 12 - 16 - 31 - 42 - 59 - 76 - 77;05 - 11 - 14 - 22 - 23 - 25 - 54 - 73 - 74 - 87;;;;
30429;DISPONIBLE;22 - 24 - 41 - 46 - 62 - 63 - 71 - 73 - 78 - 85;04 - 07 - 09 - 10 - 15 - 35 - 38 - 65 - 78 - 88;;;;
30430;DISPONIBLE;11 - 25 - 29 - 38 - 39 - 42 - 48 - 61 - 64 - 83;20 - 26 - 32 - 35 - 44 - 51 - 55 - 71 - 73 - 88;;;;
30431;DISPONIBLE;11 - 23 - 39 - 40 - 63 - 72 - 81 - 83 - 84 - 88;08 - 35 - 41 - 42 - 54 - 56 - 65 - 73 - 80 - 87;;;;
30432;DISPONIBLE;26 - 36 - 39 - 42 - 49 - 54 - 56 - 62 - 69 - 83;03 - 05 - 10 - 37 - 41 - 56 - 61 - 69 - 77 - 82;;;;
30433;DISPONIBLE;13 - 19 - 20 - 47 - 54 - 56 - 61 - 79 - 84 - 89;12 - 15 - 32 - 35 - 45 - 47 - 66 - 68 - 70 - 80;;;;
30434;DISPONIBLE;02 - 11 - 26 - 35 - 38 - 43 - 45 - 52 - 53 - 72;09 - 12 - 21 - 24 - 25 - 29 - 46 - 50 - 70 - 71;;;;
30435;DISPONIBLE;10 - 11 - 15 - 18 - 30 - 33 - 34 - 42 - 43 - 80;03 - 09 - 15 - 26 - 44 - 62 - 68 - 69 - 77 - 88;;;;
30436;DISPONIBLE;03 - 05 - 07 - 11 - 47 - 50 - 54 - 72 - 85 - 87;01 - 03 - 10 - 15 - 28 - 50 - 53 - 60 - 72 - 78;;;;
30437;DISPONIBLE;09 - 15 - 27 - 33 - 37 - 62 - 66 - 73 - 76 - 88;07 - 08 - 16 - 31 - 34 - 42 - 44 - 50 - 76 - 80;;;;
30438;DISPONIBLE;10 - 15 - 18 - 27 - 30 - 36 - 43 - 58 - 66 - 68;06 - 08 - 14 - 30 - 44 - 46 - 61 - 71 - 73 - 74;;;;
30439;DISPONIBLE;09 - 11 - 16 - 38 - 43 - 44 - 46 - 67 - 78 - 87;04 - 12 - 16 - 24 - 30 - 41 - 57 - 60 - 70 - 86;;;;
30440;DISPONIBLE;08 - 15 - 17 - 20 - 22 - 40 - 62 - 67 - 76 - 81;04 - 15 - 26 - 40 - 42 - 50 - 59 - 73 - 74 - 76;;;;
30441;DISPONIBLE;10 - 12 - 17 - 19 - 28 - 37 - 43 - 65 - 76 - 85;01 - 08 - 19 - 29 - 33 - 38 - 41 - 43 - 58 - 65;;;;
30442;DISPONIBLE;12 - 18 - 20 - 22 - 33 - 37 - 47 - 54 - 62 - 80;03 - 11 - 20 - 32 - 35 - 43 - 65 - 69 - 80 - 88;;;;
30443;DISPONIBLE;13 - 17 - 30 - 35 - 36 - 37 - 52 - 68 - 80 - 88;04 - 10 - 39 - 41 - 44 - 53 - 54 - 66 - 74 - 82;;;;
30444;DISPONIBLE;17 - 27 - 30 - 49 - 62 - 66 - 71 - 78 - 86 - 90;02 - 10 - 22 - 29 - 32 - 34 - 47 - 55 - 59 - 70;;;;
30445;DISPONIBLE;01 - 07 - 13 - 16 - 45 - 65 - 72 - 76 - 83 - 89;05 - 06 - 22 - 25 - 60 - 65 - 70 - 72 - 74 - 88;;;;
30446;DISPONIBLE;06 - 07 - 26 - 30 - 40 - 54 - 56 - 60 - 89 - 90;18 - 21 - 22 - 25 - 29 - 34 - 46 - 52 - 66 - 76;;;;
30447;DISPONIBLE;10 - 19 - 23 - 25 - 31 - 32 - 37 - 39 - 68 - 90;22 - 23 - 44 - 58 - 63 - 70 - 76 - 82 - 89 - 90;;;;
30448;DISPONIBLE;17 - 21 - 36 - 37 - 39 - 48 - 52 - 68 - 72 - 73;02 - 03 - 04 - 14 - 34 - 36 - 43 - 52 - 66 - 78;;;;
30449;DISPONIBLE;28 - 35 - 37 - 46 - 51 - 55 - 59 - 61 - 82 - 90;20 - 21 - 25 - 27 - 33 - 35 - 40 - 45 - 52 - 80;;;;
30450;DISPONIBLE;08 - 26 - 33 - 43 - 67 - 83 - 84 - 87 - 89 - 90;08 - 12 - 15 - 24 - 36 - 40 - 48 - 61 - 84 - 85;;;;
30451;DISPONIBLE;10 - 15 - 37 - 57 - 58 - 69 - 73 - 75 - 84 - 85;03 - 19 - 25 - 45 - 51 - 66 - 72 - 73 - 86 - 87;;;;
30452;DISPONIBLE;03 - 06 - 11 - 16 - 25 - 40 - 52 - 58 - 72 - 76;14 - 25 - 26 - 35 - 51 - 67 - 71 - 72 - 73 - 77;;;;
30453;DISPONIBLE;01 - 23 - 26 - 32 - 48 - 54 - 60 - 77 - 87 - 89;03 - 22 - 32 - 37 - 46 - 54 - 57 - 60 - 86 - 87;;;;
30454;DISPONIBLE;20 - 22 - 23 - 52 - 58 - 62 - 66 - 73 - 74 - 82;03 - 06 - 16 - 20 - 21 - 22 - 38 - 42 - 48 - 88;;;;
30455;DISPONIBLE;04 - 18 - 24 - 25 - 31 - 42 - 62 - 70 - 82 - 90;06 - 07 - 12 - 14 - 24 - 31 - 43 - 60 - 75 - 90;;;;
30456;DISPONIBLE;08 - 13 - 15 - 33 - 35 - 36 - 61 - 63 - 67 - 89;03 - 04 - 07 - 11 - 13 - 37 - 42 - 75 - 80 - 84;;;;
30457;DISPONIBLE;11 - 14 - 25 - 39 - 41 - 47 - 61 - 64 - 66 - 86;19 - 32 - 41 - 44 - 46 - 48 - 51 - 71 - 83 - 86;;;;
30458;DISPONIBLE;17 - 30 - 63 - 66 - 69 - 71 - 72 - 76 - 81 - 82;09 - 10 - 14 - 25 - 28 - 40 - 46 - 66 - 75 - 79;;;;
30459;DISPONIBLE;10 - 15 - 17 - 27 - 33 - 50 - 71 - 77 - 78 - 79;02 - 11 - 16 - 35 - 36 - 38 - 42 - 57 - 72 - 90;;;;
30460;DISPONIBLE;01 - 03 - 04 - 21 - 30 - 43 - 51 - 66 - 74 - 76;02 - 21 - 23 - 32 - 34 - 41 - 48 - 63 - 87 - 89;;;;
30461;DISPONIBLE;27 - 30 - 35 - 53 - 57 - 63 - 67 - 69 - 81 - 83;02 - 11 - 32 - 35 - 36 - 39 - 62 - 74 - 85 - 90;;;;
30462;DISPONIBLE;03 - 04 - 10 - 25 - 50 - 54 - 56 - 66 - 67 - 84;02 - 11 - 13 - 20 - 21 - 27 - 44 - 68 - 85 - 89;;;;
30463;DISPONIBLE;07 - 28 - 31 - 33 - 35 - 39 - 50 - 56 - 69 - 70;05 - 15 - 17 - 22 - 36 - 47 - 53 - 73 - 79 - 80;;;;
30464;DISPONIBLE;02 - 14 - 15 - 18 - 35 - 38 - 56 - 64 - 69 - 87;01 - 16 - 18 - 38 - 42 - 45 - 59 - 74 - 78 - 82;;;;
30465;DISPONIBLE;14 - 15 - 36 - 56 - 58 - 59 - 77 - 85 - 86 - 90;07 - 25 - 27 - 29 - 49 - 50 - 58 - 61 - 69 - 87;;;;
30466;DISPONIBLE;04 - 06 - 08 - 09 - 12 - 30 - 40 - 48 - 56 - 89;08 - 19 - 26 - 28 - 29 - 49 - 51 - 55 - 64 - 70;;;;
30467;DISPONIBLE;01 - 13 - 20 - 43 - 45 - 48 - 56 - 61 - 67 - 71;17 - 22 - 23 - 39 - 42 - 44 - 48 - 56 - 61 - 77;;;;
30468;DISPONIBLE;01 - 05 - 06 - 08 - 35 - 39 - 46 - 57 - 58 - 85;08 - 12 - 15 - 26 - 29 - 36 - 37 - 44 - 53 - 76;;;;
30469;DISPONIBLE;24 - 44 - 50 - 54 - 58 - 59 - 63 - 74 - 75 - 85;04 - 05 - 06 - 10 - 15 - 29 - 47 - 48 - 49 - 85;;;;
30470;DISPONIBLE;01 - 18 - 19 - 23 - 25 - 38 - 42 - 49 - 50 - 55;08 - 20 - 28 - 30 - 35 - 41 - 49 - 53 - 66 - 74;;;;
30471;DISPONIBLE;01 - 05 - 17 - 18 - 20 - 26 - 45 - 58 - 59 - 77;02 - 11 - 20 - 31 - 33 - 37 - 45 - 61 - 62 - 78;;;;
30472;DISPONIBLE;13 - 26 - 34 - 43 - 60 - 61 - 65 - 78 - 81 - 82;01 - 16 - 18 - 29 - 44 - 45 - 47 - 65 - 69 - 77;;;;
30473;DISPONIBLE;01 - 06 - 12 - 34 - 36 - 55 - 56 - 67 - 79 - 90;23 - 27 - 36 - 38 - 43 - 44 - 62 - 79 - 80 - 89;;;;
30474;DISPONIBLE;13 - 15 - 21 - 23 - 26 - 52 - 56 - 60 - 73 - 87;12 - 34 - 43 - 44 - 47 - 49 - 50 - 64 - 74 - 88;;;;
30475;DISPONIBLE;16 - 26 - 28 - 29 - 38 - 57 - 60 - 76 - 83 - 88;09 - 36 - 43 - 44 - 45 - 46 - 52 - 68 - 82 - 83;;;;
30476;DISPONIBLE;07 - 11 - 24 - 26 - 34 - 35 - 42 - 56 - 74 - 86;02 - 32 - 36 - 37 - 51 - 52 - 68 - 71 - 72 - 76;;;;
30477;DISPONIBLE;04 - 12 - 16 - 20 - 24 - 32 - 44 - 48 - 75 - 83;16 - 21 - 37 - 38 - 42 - 46 - 49 - 73 - 78 - 82;;;;
30478;DISPONIBLE;02 - 17 - 18 - 42 - 47 - 55 - 57 - 60 - 71 - 80;04 - 08 - 15 - 21 - 49 - 52 - 70 - 73 - 75 - 87;;;;
30479;DISPONIBLE;01 - 03 - 05 - 11 - 30 - 38 - 50 - 66 - 70 - 76;07 - 12 - 17 - 25 - 42 - 45 - 58 - 59 - 68 - 90;;;;
30480;DISPONIBLE;01 - 05 - 31 - 41 - 46 - 59 - 62 - 63 - 64 - 76;09 - 13 - 36 - 44 - 46 - 59 - 62 - 64 - 67 - 89;;;;
30481;DISPONIBLE;08 - 09 - 10 - 33 - 36 - 47 - 50 - 61 - 68 - 87;20 - 24 - 42 - 49 - 53 - 54 - 56 - 64 - 71 - 89;;;;
30482;DISPONIBLE;04 - 10 - 14 - 19 - 23 - 28 - 33 - 66 - 75 - 86;04 - 16 - 17 - 18 - 23 - 35 - 39 - 44 - 47 - 51;;;;
30483;DISPONIBLE;12 - 22 - 25 - 26 - 39 - 42 - 46 - 48 - 54 - 80;10 - 35 - 44 - 48 - 51 - 59 - 64 - 74 - 78 - 79;;;;
30484;DISPONIBLE;03 - 05 - 17 - 39 - 42 - 57 - 59 - 70 - 73 - 82;07 - 10 - 20 - 29 - 30 - 35 - 48 - 50 - 61 - 83;;;;
30485;DISPONIBLE;07 - 09 - 16 - 23 - 31 - 41 - 50 - 54 - 57 - 85;29 - 32 - 34 - 38 - 47 - 52 - 59 - 60 - 79 - 88;;;;
30486;DISPONIBLE;04 - 20 - 28 - 49 - 51 - 55 - 57 - 62 - 72 - 89;07 - 23 - 26 - 29 - 38 - 47 - 60 - 61 - 62 - 64;;;;
30487;DISPONIBLE;01 - 09 - 26 - 32 - 41 - 43 - 52 - 79 - 80 - 86;03 - 17 - 23 - 40 - 49 - 51 - 60 - 81 - 85 - 90;;;;
30488;DISPONIBLE;01 - 05 - 38 - 44 - 55 - 56 - 59 - 66 - 67 - 83;02 - 11 - 21 - 30 - 32 - 37 - 62 - 67 - 75 - 85;;;;
30489;DISPONIBLE;20 - 23 - 25 - 27 - 45 - 48 - 51 - 65 - 70 - 87;14 - 24 - 28 - 38 - 41 - 59 - 62 - 64 - 72 - 83;;;;
30490;DISPONIBLE;03 - 16 - 17 - 25 - 55 - 62 - 67 - 69 - 83 - 87;04 - 14 - 20 - 24 - 27 - 47 - 56 - 80 - 83 - 87;;;;
30491;DISPONIBLE;07 - 14 - 18 - 21 - 26 - 29 - 32 - 55 - 57 - 82;02 - 03 - 05 - 30 - 32 - 61 - 65 - 75 - 82 - 85;;;;
30492;DISPONIBLE;09 - 10 - 14 - 17 - 22 - 35 - 58 - 64 - 73 - 84;29 - 30 - 40 - 45 - 46 - 53 - 54 - 61 - 76 - 81;;;;
30493;DISPONIBLE;09 - 27 - 34 - 40 - 51 - 58 - 66 - 73 - 75 - 77;11 - 14 - 26 - 38 - 47 - 63 - 68 - 73 - 77 - 82;;;;
30494;DISPONIBLE;01 - 17 - 30 - 37 - 39 - 43 - 46 - 53 - 55 - 85;15 - 23 - 25 - 28 - 34 - 42 - 56 - 72 - 79 - 90;;;;
30495;DISPONIBLE;08 - 17 - 20 - 40 - 41 - 44 - 50 - 58 - 61 - 76;05 - 32 - 35 - 49 - 52 - 58 - 62 - 72 - 86 - 89;;;;
30496;DISPONIBLE;02 - 14 - 15 - 20 - 24 - 28 - 52 - 60 - 80 - 84;10 - 14 - 21 - 34 - 48 - 60 - 61 - 67 - 69 - 80;;;;
30497;DISPONIBLE;04 - 07 - 09 - 31 - 37 - 53 - 67 - 71 - 72 - 75;05 - 25 - 30 - 35 - 42 - 48 - 56 - 68 - 83 - 88;;;;
30498;DISPONIBLE;02 - 10 - 15 - 32 - 37 - 46 - 50 - 56 - 73 - 84;02 - 13 - 30 - 37 - 38 - 54 - 61 - 63 - 74 - 80;;;;
30499;DISPONIBLE;12 - 19 - 22 - 65 - 68 - 70 - 77 - 80 - 81 - 90;03 - 05 - 09 - 18 - 38 - 69 - 71 - 77 - 82 - 83;;;;
30500;DISPONIBLE;02 - 08 - 10 - 40 - 63 - 64 - 65 - 73 - 83 - 89;01 - 02 - 28 - 39 - 46 - 53 - 57 - 62 - 75 - 81;;;;
30501;DISPONIBLE;10 - 12 - 24 - 27 - 38 - 54 - 58 - 70 - 74 - 76;02 - 03 - 07 - 10 - 17 - 26 - 36 - 42 - 61 - 62;;;;
30502;DISPONIBLE;08 - 16 - 18 - 23 - 32 - 34 - 35 - 56 - 71 - 72;03 - 11 - 16 - 36 - 46 - 54 - 57 - 62 - 67 - 85;;;;
30503;DISPONIBLE;03 - 05 - 08 - 13 - 15 - 29 - 46 - 50 - 74 - 90;05 - 25 - 41 - 48 - 62 - 64 - 66 - 79 - 83 - 90;;;;
30504;DISPONIBLE;17 - 29 - 45 - 50 - 53 - 62 - 74 - 83 - 87 - 88;06 - 14 - 19 - 35 - 55 - 57 - 60 - 63 - 81 - 84;;;;
30505;DISPONIBLE;01 - 02 - 06 - 10 - 19 - 23 - 24 - 56 - 70 - 86;06 - 20 - 48 - 57 - 59 - 60 - 68 - 69 - 74 - 77;;;;
30506;DISPONIBLE;01 - 28 - 31 - 33 - 48 - 64 - 75 - 79 - 81 - 88;13 - 15 - 21 - 24 - 31 - 48 - 56 - 63 - 76 - 84;;;;
30507;DISPONIBLE;27 - 41 - 43 - 47 - 52 - 64 - 68 - 76 - 78 - 89;03 - 13 - 20 - 24 - 31 - 35 - 46 - 50 - 75 - 78;;;;
30508;DISPONIBLE;10 - 17 - 19 - 21 - 39 - 60 - 66 - 67 - 72 - 82;15 - 21 - 22 - 32 - 39 - 60 - 61 - 65 - 66 - 87;;;;
30509;DISPONIBLE;20 - 31 - 34 - 43 - 58 - 63 - 75 - 76 - 79 - 87;02 - 05 - 39 - 48 - 54 - 61 - 74 - 80 - 84 - 89;;;;
30510;DISPONIBLE;12 - 14 - 22 - 27 - 29 - 44 - 50 - 56 - 84 - 85;08 - 15 - 23 - 25 - 26 - 29 - 38 - 77 - 79 - 90;;;;
30511;DISPONIBLE;07 - 14 - 28 - 37 - 46 - 49 - 78 - 81 - 86 - 90;12 - 15 - 29 - 38 - 43 - 68 - 70 - 80 - 81 - 84;;;;
30512;DISPONIBLE;05 - 17 - 23 - 24 - 28 - 45 - 52 - 63 - 85 - 86;12 - 23 - 26 - 27 - 30 - 43 - 49 - 77 - 83 - 86;;;;
30513;DISPONIBLE;03 - 33 - 42 - 54 - 58 - 60 - 67 - 72 - 85 - 87;30 - 37 - 39 - 40 - 41 - 51 - 54 - 62 - 67 - 87;;;;
30514;DISPONIBLE;10 - 14 - 16 - 17 - 19 - 41 - 54 - 68 - 81 - 87;09 - 10 - 28 - 29 - 39 - 51 - 70 - 76 - 81 - 84;;;;
30515;DISPONIBLE;19 - 33 - 39 - 40 - 41 - 54 - 59 - 67 - 69 - 71;10 - 12 - 40 - 50 - 63 - 64 - 66 - 70 - 78 - 81;;;;
30516;DISPONIBLE;01 - 04 - 09 - 13 - 30 - 36 - 48 - 78 - 80 - 83;18 - 25 - 29 - 33 - 34 - 35 - 38 - 45 - 48 - 63;;;;
30517;DISPONIBLE;03 - 34 - 41 - 54 - 58 - 65 - 72 - 73 - 77 - 86;12 - 17 - 19 - 25 - 49 - 53 - 55 - 69 - 71 - 82;;;;
30518;DISPONIBLE;05 - 07 - 13 - 15 - 30 - 41 - 50 - 55 - 61 - 77;15 - 18 - 38 - 47 - 48 - 54 - 69 - 73 - 87 - 88;;;;
30519;DISPONIBLE;01 - 03 - 16 - 20 - 46 - 63 - 65 - 69 - 78 - 87;07 - 09 - 34 - 41 - 42 - 46 - 61 - 62 - 68 - 87;;;;
30520;DISPONIBLE;15 - 18 - 36 - 47 - 63 - 67 - 72 - 73 - 75 - 86;01 - 05 - 07 - 09 - 29 - 30 - 47 - 61 - 77 - 80;;;;
30521;DISPONIBLE;05 - 07 - 15 - 26 - 27 - 31 - 36 - 41 - 58 - 68;07 - 10 - 17 - 20 - 23 - 26 - 38 - 62 - 72 - 83;;;;
30522;DISPONIBLE;07 - 33 - 46 - 47 - 56 - 60 - 73 - 79 - 80 - 85;04 - 17 - 19 - 25 - 33 - 55 - 60 - 71 - 80 - 81;;;;
30523;DISPONIBLE;01 - 10 - 23 - 26 - 29 - 31 - 52 - 58 - 76 - 78;05 - 14 - 20 - 28 - 29 - 60 - 64 - 73 - 77 - 88;;;;
30524;DISPONIBLE;16 - 21 - 29 - 35 - 45 - 55 - 56 - 59 - 85 - 89;04 - 07 - 26 - 29 - 37 - 49 - 54 - 63 - 70 - 85;;;;
30525;DISPONIBLE;08 - 10 - 37 - 38 - 43 - 47 - 56 - 63 - 64 - 80;21 - 32 - 35 - 42 - 48 - 55 - 63 - 64 - 78 - 82;;;;
30526;DISPONIBLE;12 - 18 - 22 - 51 - 63 - 72 - 78 - 81 - 87 - 89;08 - 21 - 29 - 47 - 52 - 60 - 72 - 74 - 83 - 90;;;;
30527;DISPONIBLE;02 - 11 - 31 - 33 - 38 - 41 - 43 - 73 - 76 - 88;17 - 20 - 36 - 48 - 59 - 66 - 70 - 75 - 76 - 83;;;;
30528;DISPONIBLE;02 - 10 - 15 - 16 - 24 - 31 - 34 - 46 - 76 - 84;06 - 10 - 23 - 24 - 27 - 34 - 43 - 47 - 60 - 90;;;;
30529;DISPONIBLE;12 - 28 - 31 - 32 - 33 - 36 - 56 - 60 - 69 - 86;03 - 21 - 22 - 38 - 44 - 59 - 74 - 79 - 87 - 90;;;;
30530;DISPONIBLE;04 - 07 - 09 - 29 - 30 - 32 - 37 - 66 - 73 - 82;20 - 26 - 28 - 30 - 32 - 44 - 50 - 72 - 73 - 88;;;;
30531;DISPONIBLE;17 - 28 - 31 - 39 - 49 - 51 - 62 - 68 - 84 - 88;08 - 11 - 13 - 33 - 34 - 47 - 54 - 69 - 77 - 78;;;;
30532;DISPONIBLE;03 - 25 - 31 - 41 - 50 - 59 - 60 - 68 - 73 - 88;04 - 19 - 24 - 25 - 29 - 38 - 52 - 53 - 56 - 90;;;;
30533;DISPONIBLE;12 - 17 - 26 - 28 - 32 - 49 - 64 - 71 - 84 - 88;02 - 12 - 17 - 23 - 27 - 39 - 40 - 53 - 59 - 83;;;;
30534;DISPONIBLE;10 - 17 - 26 - 27 - 35 - 51 - 58 - 71 - 72 - 76;01 - 02 - 14 - 17 - 45 - 47 - 48 - 56 - 66 - 84;;;;
30535;DISPONIBLE;03 - 15 - 19 - 23 - 41 - 45 - 48 - 57 - 70 - 75;10 - 14 - 15 - 17 - 23 - 34 - 46 - 49 - 67 - 78;;;;
30536;DISPONIBLE;01 - 04 - 18 - 19 - 23 - 41 - 48 - 57 - 64 - 76;11 - 16 - 19 - 31 - 39 - 41 - 54 - 69 - 73 - 78;;;;
30537;DISPONIBLE;01 - 10 - 17 - 36 - 39 - 41 - 76 - 79 - 80 - 84;06 - 14 - 16 - 33 - 37 - 38 - 48 - 70 - 73 - 80;;;;
30538;DISPONIBLE;20 - 22 - 39 - 40 - 49 - 54 - 78 - 80 - 83 - 88;02 - 06 - 07 - 08 - 22 - 25 - 60 - 64 - 73 - 89;;;;
30539;DISPONIBLE;01 - 02 - 23 - 27 - 32 - 36 - 53 - 65 - 72 - 83;01 - 12 - 16 - 24 - 27 - 34 - 41 - 70 - 78 - 86;;;;
30540;DISPONIBLE;12 - 13 - 34 - 38 - 40 - 50 - 68 - 71 - 74 - 87;05 - 14 - 17 - 19 - 22 - 27 - 35 - 40 - 51 - 90;;;;
30541;DISPONIBLE;09 - 19 - 44 - 51 - 53 - 59 - 65 - 68 - 72 - 86;09 - 38 - 40 - 42 - 45 - 52 - 67 - 68 - 72 - 75;;;;
30542;DISPONIBLE;08 - 11 - 28 - 33 - 34 - 44 - 50 - 51 - 57 - 65;19 - 22 - 25 - 34 - 41 - 51 - 56 - 60 - 87 - 88;;;;
30543;DISPONIBLE;12 - 14 - 22 - 27 - 33 - 34 - 40 - 49 - 61 - 71;08 - 12 - 29 - 30 - 35 - 38 - 50 - 57 - 69 - 76;;;;
30544;DISPONIBLE;17 - 28 - 41 - 49 - 58 - 76 - 78 - 79 - 82 - 83;01 - 06 - 10 - 23 - 35 - 57 - 59 - 60 - 62 - 82;;;;
30545;DISPONIBLE;10 - 13 - 16 - 22 - 35 - 49 - 70 - 73 - 76 - 88;01 - 11 - 40 - 44 - 47 - 51 - 64 - 72 - 78 - 83;;;;
30546;DISPONIBLE;01 - 12 - 27 - 38 - 56 - 73 - 74 - 76 - 88 - 90;05 - 06 - 17 - 37 - 45 - 58 - 62 - 66 - 67 - 77;;;;
30547;DISPONIBLE;07 - 23 - 30 - 37 - 47 - 57 - 59 - 63 - 80 - 85;05 - 07 - 13 - 15 - 31 - 37 - 55 - 58 - 67 - 71;;;;
30548;DISPONIBLE;35 - 48 - 56 - 61 - 73 - 76 - 80 - 83 - 84 - 86;12 - 13 - 21 - 38 - 42 - 74 - 79 - 85 - 86 - 87;;;;
30549;DISPONIBLE;07 - 21 - 34 - 36 - 46 - 58 - 85 - 87 - 89 - 90;10 - 39 - 41 - 44 - 45 - 48 - 51 - 64 - 68 - 72;;;;
30550;DISPONIBLE;10 - 16 - 19 - 20 - 26 - 27 - 41 - 51 - 70 - 90;21 - 22 - 26 - 37 - 51 - 52 - 59 - 77 - 79 - 85;;;;
30551;DISPONIBLE;33 - 34 - 36 - 46 - 51 - 52 - 54 - 57 - 84 - 89;02 - 08 - 18 - 24 - 31 - 44 - 49 - 61 - 72 - 82;;;;
30552;DISPONIBLE;07 - 15 - 23 - 25 - 30 - 35 - 45 - 53 - 79 - 88;11 - 14 - 20 - 29 - 36 - 37 - 45 - 62 - 64 - 85;;;;
30553;DISPONIBLE;09 - 14 - 15 - 25 - 50 - 58 - 78 - 84 - 86 - 90;10 - 26 - 31 - 41 - 48 - 51 - 55 - 72 - 79 - 80;;;;
30554;DISPONIBLE;03 - 08 - 22 - 58 - 64 - 65 - 74 - 81 - 85 - 86;01 - 08 - 11 - 16 - 40 - 48 - 58 - 65 - 79 - 84;;;;
30555;DISPONIBLE;07 - 22 - 25 - 32 - 42 - 60 - 65 - 73 - 88 - 89;07 - 14 - 21 - 23 - 25 - 33 - 66 - 73 - 74 - 77;;;;
30556;DISPONIBLE;20 - 25 - 27 - 30 - 39 - 41 - 42 - 54 - 72 - 86;18 - 19 - 28 - 31 - 50 - 57 - 69 - 73 - 85 - 89;;;;
30557;DISPONIBLE;15 - 24 - 28 - 38 - 43 - 49 - 54 - 62 - 63 - 88;28 - 37 - 39 - 52 - 60 - 61 - 71 - 73 - 88 - 89;;;;
30558;DISPONIBLE;08 - 13 - 18 - 43 - 46 - 50 - 60 - 69 - 71 - 86;19 - 23 - 35 - 60 - 65 - 66 - 71 - 73 - 76 - 82;;;;
30559;DISPONIBLE;19 - 30 - 38 - 52 - 56 - 59 - 66 - 78 - 82 - 87;06 - 08 - 10 - 17 - 24 - 32 - 33 - 36 - 45 - 73;;;;
30560;DISPONIBLE;16 - 17 - 19 - 24 - 56 - 63 - 72 - 75 - 78 - 84;13 - 16 - 24 - 27 - 30 - 41 - 44 - 70 - 78 - 88;;;;
30561;DISPONIBLE;09 - 13 - 18 - 21 - 23 - 53 - 55 - 79 - 89 - 90;02 - 10 - 22 - 27 - 40 - 49 - 62 - 72 - 76 - 89;;;;
30562;DISPONIBLE;04 - 07 - 15 - 49 - 55 - 56 - 59 - 63 - 64 - 76;04 - 10 - 35 - 36 - 38 - 57 - 62 - 66 - 78 - 88;;;;
30563;DISPONIBLE;18 - 22 - 23 - 36 - 41 - 52 - 70 - 75 - 77 - 87;34 - 41 - 50 - 51 - 55 - 61 - 62 - 63 - 78 - 90;;;;
30564;DISPONIBLE;02 - 15 - 19 - 42 - 49 - 51 - 63 - 71 - 75 - 80;09 - 15 - 22 - 24 - 26 - 30 - 71 - 80 - 81 - 85;;;;
30565;DISPONIBLE;06 - 07 - 09 - 21 - 36 - 38 - 60 - 64 - 76 - 81;05 - 06 - 14 - 29 - 30 - 36 - 44 - 49 - 72 - 74;;;;
30566;DISPONIBLE;09 - 11 - 15 - 16 - 29 - 30 - 49 - 51 - 72 - 89;08 - 09 - 12 - 25 - 39 - 41 - 44 - 48 - 55 - 90;;;;
30567;DISPONIBLE;04 - 05 - 09 - 18 - 21 - 27 - 52 - 71 - 73 - 81;17 - 26 - 34 - 59 - 66 - 67 - 74 - 80 - 82 - 84;;;;
30568;DISPONIBLE;15 - 36 - 38 - 47 - 48 - 50 - 52 - 53 - 61 - 78;06 - 08 - 13 - 17 - 32 - 36 - 50 - 69 - 72 - 87;;;;
30569;DISPONIBLE;03 - 05 - 10 - 19 - 36 - 38 - 49 - 65 - 76 - 80;01 - 02 - 19 - 20 - 26 - 33 - 51 - 52 - 65 - 80;;;;
30570;DISPONIBLE;01 - 02 - 04 - 26 - 42 - 52 - 57 - 74 - 76 - 88;01 - 20 - 21 - 33 - 37 - 59 - 76 - 82 - 83 - 84;;;;
30571;DISPONIBLE;08 - 11 - 12 - 13 - 32 - 33 - 60 - 67 - 69 - 88;03 - 05 - 09 - 36 - 43 - 56 - 62 - 73 - 79 - 87;;;;
30572;DISPONIBLE;03 - 07 - 08 - 12 - 16 - 35 - 48 - 51 - 74 - 83;18 - 20 - 21 - 23 - 27 - 38 - 39 - 52 - 69 - 76;;;;
30573;DISPONIBLE;21 - 36 - 37 - 40 - 41 - 51 - 55 - 62 - 66 - 85;02 - 11 - 21 - 26 - 28 - 33 - 51 - 63 - 70 - 72;;;;
30574;DISPONIBLE;18 - 43 - 54 - 62 - 72 - 74 - 76 - 77 - 85 - 86;09 - 27 - 31 - 36 - 37 - 40 - 59 - 66 - 69 - 81;;;;
30575;DISPONIBLE;02 - 19 - 22 - 28 - 45 - 50 - 72 - 80 - 81 - 82;10 - 18 - 27 - 30 - 34 - 52 - 60 - 78 - 83 - 88;;;;
30576;DISPONIBLE;01 - 05 - 07 - 15 - 19 - 31 - 42 - 62 - 78 - 89;01 - 07 - 23 - 50 - 51 - 58 - 68 - 72 - 83 - 87;;;;
30577;DISPONIBLE;05 - 09 - 14 - 16 - 19 - 30 - 47 - 64 - 81 - 87;03 - 20 - 24 - 25 - 32 - 42 - 48 - 56 - 65 - 69;;;;
30578;DISPONIBLE;05 - 11 - 12 - 20 - 31 - 42 - 65 - 75 - 81 - 84;09 - 33 - 42 - 49 - 50 - 56 - 57 - 58 - 60 - 63;;;;
30579;DISPONIBLE;02 - 06 - 16 - 23 - 28 - 57 - 62 - 70 - 85 - 87;03 - 08 - 21 - 30 - 34 - 48 - 56 - 69 - 71 - 84;;;;
30580;DISPONIBLE;11 - 13 - 16 - 21 - 39 - 49 - 65 - 76 - 82 - 89;04 - 23 - 28 - 31 - 32 - 42 - 46 - 74 - 86 - 89;;;;
30581;DISPONIBLE;18 - 21 - 37 - 48 - 53 - 63 - 65 - 72 - 76 - 85;02 - 18 - 22 - 28 - 35 - 36 - 37 - 61 - 68 - 85;;;;
30582;DISPONIBLE;12 - 13 - 31 - 54 - 55 - 61 - 71 - 77 - 78 - 86;05 - 17 - 24 - 28 - 33 - 39 - 58 - 60 - 67 - 89;;;;
30583;DISPONIBLE;16 - 24 - 27 - 33 - 44 - 52 - 58 - 62 - 72 - 83;03 - 13 - 34 - 44 - 48 - 70 - 73 - 76 - 78 - 89;;;;
30584;DISPONIBLE;16 - 23 - 24 - 28 - 34 - 40 - 47 - 50 - 74 - 80;01 - 08 - 19 - 27 - 42 - 60 - 63 - 66 - 80 - 85;;;;
30585;DISPONIBLE;25 - 26 - 28 - 47 - 65 - 72 - 79 - 82 - 86 - 88;06 - 10 - 15 - 17 - 26 - 28 - 57 - 61 - 65 - 88;;;;
30586;DISPONIBLE;15 - 18 - 20 - 23 - 38 - 45 - 50 - 63 - 70 - 87;02 - 15 - 30 - 39 - 40 - 42 - 56 - 58 - 81 - 85;;;;
30587;DISPONIBLE;02 - 19 - 24 - 41 - 52 - 59 - 64 - 76 - 82 - 90;01 - 05 - 11 - 14 - 17 - 23 - 25 - 36 - 38 - 51;;;;
30588;DISPONIBLE;02 - 13 - 14 - 15 - 17 - 24 - 37 - 51 - 63 - 85;03 - 17 - 28 - 29 - 50 - 51 - 57 - 60 - 81 - 84;;;;
30589;DISPONIBLE;03 - 04 - 05 - 30 - 36 - 41 - 55 - 63 - 76 - 79;02 - 15 - 28 - 43 - 52 - 62 - 67 - 74 - 77 - 90;;;;
30590;DISPONIBLE;05 - 07 - 16 - 17 - 19 - 23 - 25 - 28 - 32 - 88;09 - 11 - 30 - 33 - 39 - 41 - 54 - 72 - 78 - 86;;;;
30591;DISPONIBLE;05 - 12 - 18 - 47 - 65 - 72 - 78 - 80 - 81 - 82;17 - 22 - 37 - 46 - 52 - 65 - 71 - 74 - 83 - 90;;;;
30592;DISPONIBLE;34 - 62 - 64 - 67 - 69 - 75 - 77 - 84 - 85 - 88;02 - 08 - 28 - 29 - 30 - 34 - 51 - 62 - 72 - 84;;;;
30593;DISPONIBLE;01 - 09 - 14 - 35 - 37 - 38 - 42 - 59 - 76 - 82;02 - 06 - 07 - 14 - 34 - 44 - 70 - 79 - 80 - 84;;;;
30594;DISPONIBLE;10 - 11 - 15 - 25 - 41 - 53 - 60 - 69 - 75 - 82;14 - 24 - 27 - 30 - 32 - 49 - 53 - 56 - 76 - 77;;;;
30595;DISPONIBLE;03 - 05 - 07 - 08 - 51 - 55 - 59 - 61 - 71 - 76;09 - 13 - 18 - 19 - 21 - 24 - 25 - 33 - 58 - 88;;;;
30596;DISPONIBLE;01 - 21 - 26 - 57 - 58 - 62 - 65 - 67 - 69 - 77;12 - 16 - 24 - 40 - 44 - 45 - 58 - 66 - 75 - 79;;;;
30597;DISPONIBLE;13 - 18 - 25 - 26 - 33 - 43 - 49 - 81 - 84 - 88;02 - 06 - 11 - 26 - 31 - 38 - 41 - 55 - 73 - 90;;;;
30598;DISPONIBLE;04 - 32 - 34 - 35 - 39 - 60 - 61 - 68 - 83 - 89;07 - 21 - 43 - 46 - 47 - 52 - 57 - 60 - 63 - 74;;;;
30599;DISPONIBLE;03 - 08 - 10 - 20 - 28 - 34 - 45 - 46 - 61 - 74;04 - 15 - 29 - 40 - 51 - 70 - 75 - 85 - 86 - 88;;;;
30600;DISPONIBLE;28 - 35 - 36 - 42 - 51 - 53 - 54 - 55 - 74 - 80;04 - 12 - 21 - 23 - 24 - 50 - 63 - 80 - 87 - 90;;;;
30601;DISPONIBLE;10 - 17 - 41 - 49 - 50 - 63 - 65 - 71 - 80 - 84;13 - 14 - 24 - 28 - 43 - 49 - 53 - 64 - 68 - 89;;;;
30602;DISPONIBLE;09 - 28 - 40 - 50 - 55 - 62 - 70 - 72 - 76 - 82;11 - 13 - 19 - 21 - 29 - 36 - 46 - 52 - 55 - 90;;;;
30603;DISPONIBLE;01 - 03 - 09 - 11 - 22 - 51 - 63 - 65 - 77 - 80;01 - 08 - 28 - 36 - 40 - 46 - 75 - 84 - 85 - 89;;;;
30604;DISPONIBLE;07 - 20 - 29 - 32 - 35 - 38 - 48 - 70 - 87 - 89;03 - 06 - 08 - 10 - 14 - 24 - 76 - 82 - 84 - 90;;;;
30605;DISPONIBLE;28 - 30 - 45 - 46 - 48 - 51 - 52 - 63 - 69 - 82;04 - 06 - 18 - 21 - 24 - 38 - 39 - 53 - 71 - 85;;;;
30606;DISPONIBLE;01 - 02 - 15 - 20 - 37 - 51 - 52 - 64 - 68 - 75;15 - 23 - 57 - 60 - 64 - 69 - 70 - 86 - 87 - 88;;;;
30607;DISPONIBLE;25 - 32 - 41 - 67 - 68 - 76 - 79 - 87 - 88 - 89;15 - 22 - 36 - 37 - 46 - 55 - 61 - 63 - 67 - 80;;;;
30608;DISPONIBLE;04 - 08 - 20 - 37 - 39 - 44 - 52 - 54 - 59 - 77;16 - 26 - 31 - 49 - 65 - 67 - 73 - 78 - 79 - 85;;;;
30609;DISPONIBLE;01 - 08 - 09 - 12 - 25 - 31 - 50 - 66 - 73 - 90;07 - 08 - 10 - 32 - 36 - 38 - 61 - 63 - 69 - 71;;;;
30610;DISPONIBLE;06 - 18 - 25 - 27 - 38 - 46 - 60 - 68 - 73 - 81;05 - 08 - 19 - 25 - 33 - 38 - 59 - 70 - 71 - 76;;;;
30611;DISPONIBLE;21 - 28 - 31 - 35 - 55 - 56 - 65 - 68 - 71 - 75;09 - 17 - 20 - 22 - 34 - 37 - 39 - 65 - 68 - 75;;;;
30612;DISPONIBLE;02 - 11 - 33 - 38 - 39 - 45 - 51 - 63 - 74 - 79;07 - 28 - 34 - 37 - 42 - 54 - 66 - 74 - 84 - 89;;;;
30613;DISPONIBLE;02 - 11 - 12 - 37 - 40 - 41 - 59 - 62 - 68 - 84;05 - 15 - 18 - 22 - 27 - 34 - 46 - 67 - 70 - 83;;;;
30614;DISPONIBLE;09 - 12 - 22 - 26 - 28 - 42 - 74 - 79 - 80 - 87;10 - 18 - 25 - 30 - 31 - 48 - 55 - 69 - 72 - 88;;;;
30615;DISPONIBLE;09 - 22 - 32 - 37 - 40 - 47 - 51 - 80 - 81 - 87;05 - 06 - 09 - 13 - 14 - 16 - 43 - 44 - 64 - 72;;;;
30616;DISPONIBLE;03 - 09 - 10 - 18 - 20 - 33 - 45 - 66 - 85 - 90;02 - 29 - 37 - 45 - 48 - 49 - 54 - 55 - 75 - 80;;;;
30617;DISPONIBLE;01 - 05 - 11 - 20 - 26 - 37 - 59 - 62 - 78 - 79;05 - 11 - 13 - 21 - 23 - 26 - 34 - 40 - 49 - 85;;;;
30618;DISPONIBLE;06 - 26 - 32 - 37 - 40 - 55 - 57 - 59 - 65 - 80;04 - 09 - 14 - 15 - 26 - 34 - 56 - 61 - 71 - 73;;;;
30619;DISPONIBLE;14 - 21 - 32 - 52 - 75 - 76 - 77 - 83 - 87 - 89;04 - 21 - 31 - 34 - 45 - 53 - 57 - 69 - 75 - 83;;;;
30620;DISPONIBLE;08 - 27 - 33 - 34 - 44 - 49 - 51 - 59 - 64 - 69;05 - 06 - 07 - 28 - 39 - 41 - 53 - 74 - 80 - 90;;;;
30621;DISPONIBLE;04 - 11 - 18 - 19 - 27 - 42 - 45 - 62 - 73 - 74;04 - 05 - 15 - 20 - 25 - 27 - 53 - 69 - 72 - 74;;;;
30622;DISPONIBLE;02 - 07 - 12 - 13 - 41 - 45 - 49 - 61 - 68 - 75;06 - 07 - 15 - 25 - 53 - 55 - 60 - 81 - 87 - 88;;;;
30623;DISPONIBLE;16 - 17 - 43 - 50 - 53 - 74 - 82 - 85 - 86 - 88;16 - 23 - 34 - 59 - 72 - 73 - 75 - 78 - 86 - 89;;;;
30624;DISPONIBLE;17 - 23 - 25 - 32 - 46 - 47 - 57 - 72 - 82 - 90;09 - 19 - 23 - 36 - 45 - 52 - 56 - 64 - 80 - 86;;;;
30625;DISPONIBLE;03 - 10 - 30 - 33 - 62 - 68 - 70 - 82 - 85 - 90;03 - 04 - 08 - 09 - 51 - 58 - 61 - 66 - 67 - 85;;;;
30626;DISPONIBLE;05 - 19 - 25 - 34 - 47 - 54 - 77 - 79 - 81 - 88;08 - 10 - 11 - 18 - 31 - 45 - 73 - 75 - 79 - 88;;;;
30627;DISPONIBLE;04 - 19 - 28 - 30 - 33 - 41 - 59 - 70 - 71 - 90;12 - 13 - 16 - 17 - 19 - 20 - 45 - 56 - 72 - 89;;;;
30628;DISPONIBLE;29 - 47 - 52 - 56 - 65 - 67 - 76 - 77 - 79 - 81;09 - 16 - 34 - 60 - 65 - 67 - 71 - 81 - 82 - 83;;;;
30629;DISPONIBLE;15 - 16 - 18 - 22 - 37 - 45 - 75 - 78 - 82 - 87;16 - 27 - 28 - 31 - 53 - 54 - 67 - 79 - 83 - 88;;;;
30630;DISPONIBLE;07 - 11 - 13 - 14 - 19 - 62 - 64 - 65 - 67 - 76;12 - 20 - 25 - 40 - 54 - 57 - 63 - 65 - 73 - 79;;;;
30631;DISPONIBLE;05 - 08 - 18 - 30 - 45 - 50 - 56 - 65 - 67 - 79;10 - 14 - 35 - 40 - 41 - 52 - 59 - 62 - 71 - 84;;;;
30632;DISPONIBLE;01 - 07 - 10 - 11 - 21 - 26 - 36 - 39 - 43 - 49;03 - 15 - 21 - 32 - 48 - 49 - 61 - 74 - 84 - 89;;;;
30633;DISPONIBLE;02 - 09 - 23 - 28 - 49 - 70 - 75 - 77 - 81 - 83;04 - 16 - 25 - 26 - 43 - 44 - 59 - 82 - 85 - 87;;;;
30634;DISPONIBLE;03 - 04 - 33 - 54 - 56 - 62 - 70 - 75 - 83 - 88;17 - 40 - 50 - 51 - 54 - 63 - 67 - 72 - 81 - 89;;;;
30635;DISPONIBLE;03 - 06 - 17 - 35 - 36 - 37 - 38 - 39 - 66 - 68;03 - 08 - 17 - 26 - 59 - 66 - 68 - 73 - 75 - 79;;;;
30636;DISPONIBLE;05 - 15 - 17 - 23 - 25 - 30 - 36 - 39 - 59 - 61;11 - 16 - 31 - 41 - 48 - 61 - 63 - 66 - 78 - 81;;;;
30637;DISPONIBLE;01 - 02 - 04 - 17 - 33 - 51 - 65 - 70 - 81 - 84;01 - 12 - 15 - 33 - 34 - 36 - 50 - 54 - 70 - 80;;;;
30638;DISPONIBLE;18 - 20 - 25 - 40 - 52 - 53 - 65 - 83 - 87 - 88;09 - 10 - 15 - 36 - 46 - 58 - 62 - 67 - 72 - 87;;;;
30639;DISPONIBLE;08 - 09 - 12 - 16 - 20 - 27 - 39 - 49 - 53 - 69;12 - 16 - 20 - 33 - 36 - 41 - 58 - 76 - 88 - 89;;;;
30640;DISPONIBLE;02 - 16 - 20 - 28 - 61 - 73 - 76 - 83 - 85 - 90;06 - 21 - 34 - 40 - 42 - 51 - 56 - 75 - 78 - 79;;;;
30641;DISPONIBLE;01 - 39 - 40 - 43 - 49 - 59 - 70 - 71 - 74 - 89;18 - 20 - 31 - 45 - 47 - 49 - 56 - 67 - 74 - 84;;;;
30642;DISPONIBLE;10 - 20 - 36 - 44 - 55 - 67 - 73 - 78 - 79 - 88;06 - 27 - 29 - 35 - 56 - 72 - 75 - 77 - 80 - 81;;;;
30643;DISPONIBLE;15 - 17 - 34 - 35 - 37 - 59 - 64 - 67 - 81 - 88;15 - 19 - 21 - 32 - 36 - 58 - 60 - 74 - 79 - 84;;;;
30644;DISPONIBLE;24 - 26 - 32 - 35 - 42 - 63 - 67 - 87 - 89 - 90;06 - 07 - 15 - 28 - 33 - 34 - 58 - 62 - 70 - 84;;;;
30645;DISPONIBLE;01 - 13 - 14 - 48 - 57 - 62 - 68 - 73 - 86 - 90;07 - 10 - 21 - 32 - 40 - 53 - 60 - 73 - 76 - 86;;;;
30646;DISPONIBLE;16 - 27 - 35 - 39 - 41 - 49 - 54 - 62 - 63 - 68;05 - 13 - 20 - 26 - 42 - 52 - 61 - 78 - 88 - 89;;;;
30647;DISPONIBLE;01 - 03 - 17 - 30 - 32 - 52 - 58 - 60 - 74 - 83;14 - 26 - 32 - 41 - 46 - 50 - 55 - 63 - 79 - 85;;;;
30648;DISPONIBLE;18 - 22 - 25 - 32 - 33 - 36 - 37 - 57 - 81 - 88;07 - 14 - 26 - 27 - 48 - 49 - 58 - 65 - 69 - 73;;;;
30649;DISPONIBLE;06 - 08 - 29 - 35 - 40 - 41 - 49 - 51 - 68 - 74;04 - 12 - 23 - 28 - 32 - 54 - 66 - 74 - 80 - 83;;;;
30650;DISPONIBLE;06 - 18 - 20 - 23 - 64 - 77 - 78 - 85 - 86 - 88;02 - 09 - 12 - 23 - 24 - 38 - 41 - 45 - 46 - 69;;;;
30651;DISPONIBLE;03 - 09 - 10 - 12 - 14 - 30 - 52 - 63 - 86 - 89;03 - 18 - 50 - 52 - 53 - 61 - 74 - 75 - 76 - 87;;;;
30652;DISPONIBLE;06 - 17 - 24 - 29 - 36 - 38 - 41 - 49 - 61 - 86;19 - 28 - 31 - 38 - 43 - 71 - 75 - 80 - 81 - 89;;;;
30653;DISPONIBLE;04 - 08 - 31 - 34 - 40 - 50 - 55 - 57 - 67 - 77;08 - 17 - 43 - 50 - 58 - 62 - 69 - 77 - 78 - 82;;;;
30654;DISPONIBLE;17 - 26 - 31 - 53 - 64 - 66 - 74 - 77 - 78 - 88;18 - 20 - 22 - 43 - 51 - 60 - 62 - 65 - 75 - 79;;;;
30655;DISPONIBLE;08 - 20 - 27 - 48 - 62 - 65 - 68 - 77 - 81 - 90;12 - 13 - 25 - 28 - 51 - 56 - 65 - 66 - 79 - 86;;;;
30656;DISPONIBLE;04 - 19 - 28 - 30 - 40 - 49 - 50 - 70 - 72 - 80;05 - 23 - 29 - 35 - 45 - 46 - 54 - 58 - 86 - 89;;;;
30657;DISPONIBLE;01 - 15 - 64 - 67 - 74 - 80 - 81 - 82 - 83 - 86;06 - 08 - 14 - 19 - 33 - 34 - 38 - 52 - 70 - 78;;;;
30658;DISPONIBLE;01 - 12 - 34 - 40 - 49 - 69 - 71 - 86 - 89 - 90;04 - 15 - 18 - 38 - 47 - 51 - 53 - 56 - 70 - 72;;;;
30659;DISPONIBLE;01 - 15 - 16 - 18 - 31 - 43 - 45 - 66 - 74 - 76;03 - 10 - 13 - 24 - 31 - 33 - 50 - 59 - 67 - 75;;;;
30660;DISPONIBLE;13 - 15 - 17 - 37 - 38 - 50 - 56 - 61 - 74 - 90;12 - 26 - 40 - 47 - 51 - 54 - 55 - 68 - 83 - 84;;;;
30661;DISPONIBLE;08 - 26 - 34 - 41 - 43 - 50 - 63 - 71 - 73 - 76;07 - 25 - 34 - 52 - 62 - 69 - 72 - 80 - 85 - 88;;;;
30662;DISPONIBLE;09 - 10 - 29 - 30 - 34 - 62 - 75 - 76 - 85 - 88;15 - 44 - 45 - 47 - 48 - 52 - 57 - 60 - 72 - 79;;;;
30663;DISPONIBLE;05 - 06 - 20 - 27 - 37 - 61 - 63 - 67 - 87 - 89;05 - 11 - 30 - 46 - 68 - 75 - 79 - 86 - 87 - 89;;;;
30664;DISPONIBLE;04 - 13 - 28 - 32 - 40 - 45 - 57 - 66 - 72 - 81;15 - 20 - 29 - 33 - 34 - 36 - 56 - 64 - 67 - 84;;;;
30665;DISPONIBLE;03 - 12 - 37 - 38 - 41 - 45 - 62 - 68 - 71 - 81;13 - 22 - 32 - 33 - 46 - 62 - 73 - 81 - 84 - 90;;;;
30666;DISPONIBLE;13 - 16 - 19 - 28 - 30 - 33 - 51 - 59 - 61 - 81;07 - 12 - 18 - 25 - 30 - 42 - 47 - 59 - 60 - 75;;;;
30667;DISPONIBLE;01 - 03 - 13 - 15 - 17 - 37 - 39 - 45 - 52 - 82;15 - 32 - 35 - 38 - 51 - 53 - 55 - 77 - 89 - 90;;;;
30668;DISPONIBLE;04 - 10 - 11 - 21 - 31 - 33 - 50 - 54 - 72 - 82;02 - 26 - 28 - 34 - 35 - 44 - 50 - 76 - 82 - 88;;;;
30669;DISPONIBLE;08 - 10 - 15 - 24 - 35 - 39 - 49 - 76 - 83 - 90;18 - 26 - 39 - 57 - 71 - 75 - 76 - 84 - 88 - 89;;;;
30670;DISPONIBLE;03 - 11 - 17 - 23 - 37 - 55 - 56 - 64 - 66 - 83;22 - 25 - 27 - 30 - 50 - 56 - 59 - 68 - 69 - 83;;;;
30671;DISPONIBLE;04 - 06 - 15 - 20 - 30 - 37 - 73 - 79 - 82 - 83;05 - 14 - 26 - 27 - 31 - 43 - 57 - 65 - 69 - 77;;;;
30672;DISPONIBLE;03 - 05 - 32 - 33 - 39 - 61 - 63 - 66 - 74 - 79;10 - 20 - 24 - 26 - 37 - 47 - 56 - 58 - 80 - 87;;;;
30673;DISPONIBLE;02 - 03 - 08 - 17 - 20 - 23 - 34 - 62 - 80 - 85;06 - 09 - 13 - 23 - 41 - 52 - 70 - 78 - 87 - 88;;;;
30674;DISPONIBLE;04 - 05 - 08 - 12 - 13 - 63 - 65 - 71 - 72 - 81;02 - 04 - 22 - 32 - 66 - 72 - 81 - 82 - 84 - 89;;;;
30675;DISPONIBLE;07 - 13 - 37 - 39 - 41 - 46 - 68 - 82 - 84 - 89;01 - 02 - 13 - 16 - 22 - 57 - 60 - 62 - 67 - 73;;;;
30676;DISPONIBLE;03 - 05 - 15 - 17 - 31 - 39 - 51 - 53 - 59 - 74;01 - 09 - 10 - 28 - 55 - 57 - 72 - 73 - 78 - 88;;;;
30677;DISPONIBLE;01 - 12 - 20 - 24 - 38 - 41 - 47 - 51 - 75 - 85;04 - 18 - 24 - 30 - 35 - 39 - 43 - 44 - 81 - 84;;;;
30678;DISPONIBLE;03 - 18 - 22 - 27 - 37 - 40 - 66 - 75 - 79 - 90;02 - 12 - 32 - 35 - 39 - 43 - 55 - 61 - 78 - 81;;;;
30679;DISPONIBLE;21 - 28 - 38 - 50 - 55 - 59 - 66 - 71 - 79 - 80;09 - 17 - 36 - 45 - 47 - 54 - 55 - 61 - 63 - 82;;;;
30680;DISPONIBLE;05 - 14 - 23 - 30 - 53 - 63 - 64 - 65 - 69 - 76;15 - 20 - 23 - 37 - 40 - 48 - 57 - 72 - 79 - 88;;;;
30681;DISPONIBLE;21 - 24 - 32 - 44 - 45 - 50 - 55 - 65 - 70 - 86;01 - 30 - 35 - 40 - 46 - 63 - 68 - 74 - 79 - 89;;;;
30682;DISPONIBLE;14 - 20 - 29 - 58 - 65 - 71 - 74 - 83 - 85 - 86;05 - 13 - 19 - 25 - 35 - 45 - 67 - 71 - 78 - 90;;;;
30683;DISPONIBLE;01 - 06 - 31 - 33 - 35 - 40 - 50 - 54 - 65 - 82;06 - 08 - 21 - 51 - 55 - 69 - 75 - 78 - 83 - 86;;;;
30684;DISPONIBLE;12 - 13 - 33 - 34 - 36 - 37 - 39 - 65 - 85 - 87;01 - 06 - 10 - 14 - 30 - 35 - 39 - 47 - 79 - 81;;;;
30685;DISPONIBLE;05 - 17 - 20 - 24 - 25 - 40 - 48 - 56 - 75 - 89;04 - 09 - 14 - 44 - 49 - 52 - 58 - 71 - 82 - 84;;;;
30686;DISPONIBLE;11 - 12 - 24 - 25 - 28 - 29 - 34 - 46 - 59 - 70;09 - 13 - 31 - 44 - 45 - 63 - 66 - 68 - 82 - 85;;;;
30687;DISPONIBLE;11 - 16 - 17 - 21 - 31 - 43 - 47 - 49 - 61 - 76;06 - 25 - 30 - 44 - 47 - 52 - 53 - 70 - 79 - 85;;;;
30688;DISPONIBLE;07 - 30 - 45 - 54 - 68 - 70 - 72 - 77 - 78 - 82;04 - 08 - 14 - 25 - 26 - 28 - 61 - 88 - 89 - 90;;;;
30689;DISPONIBLE;12 - 16 - 22 - 24 - 26 - 43 - 45 - 56 - 57 - 59;06 - 18 - 27 - 36 - 49 - 61 - 67 - 85 - 86 - 90;;;;
30690;DISPONIBLE;08 - 19 - 30 - 41 - 44 - 50 - 73 - 75 - 78 - 85;01 - 06 - 18 - 22 - 32 - 46 - 47 - 51 - 76 - 89;;;;
30691;DISPONIBLE;11 - 12 - 16 - 23 - 24 - 47 - 59 - 65 - 79 - 83;06 - 10 - 17 - 42 - 49 - 51 - 63 - 67 - 71 - 89;;;;
30692;DISPONIBLE;14 - 24 - 44 - 50 - 57 - 63 - 70 - 76 - 86 - 89;03 - 10 - 19 - 24 - 26 - 28 - 70 - 74 - 81 - 87;;;;
30693;DISPONIBLE;07 - 12 - 14 - 35 - 56 - 57 - 58 - 60 - 72 - 77;10 - 35 - 38 - 51 - 55 - 63 - 68 - 83 - 86 - 89;;;;
30694;DISPONIBLE;01 - 10 - 28 - 30 - 32 - 40 - 51 - 64 - 74 - 80;26 - 38 - 45 - 49 - 50 - 55 - 69 - 73 - 83 - 89;;;;
30695;DISPONIBLE;18 - 24 - 34 - 35 - 39 - 43 - 49 - 73 - 81 - 88;01 - 02 - 15 - 17 - 25 - 46 - 55 - 59 - 62 - 68;;;;
30696;DISPONIBLE;31 - 34 - 44 - 47 - 50 - 60 - 65 - 73 - 80 - 83;01 - 04 - 14 - 23 - 36 - 47 - 63 - 64 - 68 - 78;;;;
30697;DISPONIBLE;09 - 10 - 12 - 35 - 40 - 45 - 54 - 60 - 71 - 86;04 - 28 - 32 - 34 - 35 - 43 - 45 - 51 - 70 - 74;;;;
30698;DISPONIBLE;06 - 08 - 11 - 20 - 35 - 36 - 47 - 55 - 72 - 75;03 - 06 - 10 - 17 - 40 - 42 - 63 - 65 - 69 - 79;;;;
30699;DISPONIBLE;04 - 20 - 27 - 36 - 39 - 43 - 67 - 69 - 71 - 87;32 - 40 - 44 - 53 - 59 - 73 - 76 - 79 - 80 - 83;;;;
30700;DISPONIBLE;12 - 19 - 36 - 47 - 53 - 58 - 65 - 66 - 71 - 76;24 - 26 - 37 - 45 - 56 - 57 - 66 - 71 - 86 - 87;;;;
30701;DISPONIBLE;03 - 11 - 14 - 32 - 40 - 44 - 59 - 66 - 68 - 73;10 - 17 - 21 - 22 - 34 - 39 - 44 - 46 - 64 - 73;;;;
30702;DISPONIBLE;04 - 38 - 40 - 41 - 46 - 54 - 57 - 63 - 79 - 90;08 - 15 - 37 - 47 - 51 - 53 - 56 - 65 - 74 - 80;;;;
30703;DISPONIBLE;17 - 41 - 43 - 48 - 55 - 57 - 62 - 66 - 79 - 81;11 - 14 - 18 - 24 - 47 - 53 - 57 - 66 - 76 - 79;;;;
30704;DISPONIBLE;11 - 16 - 22 - 32 - 38 - 39 - 53 - 55 - 56 - 82;01 - 15 - 22 - 25 - 34 - 48 - 57 - 63 - 77 - 80;;;;
30705;DISPONIBLE;03 - 06 - 16 - 17 - 33 - 43 - 49 - 78 - 86 - 90;08 - 35 - 44 - 48 - 64 - 71 - 72 - 78 - 85 - 87;;;;
30706;DISPONIBLE;05 - 21 - 28 - 34 - 40 - 55 - 57 - 82 - 83 - 84;15 - 16 - 26 - 41 - 64 - 69 - 76 - 77 - 88 - 90;;;;
30707;DISPONIBLE;05 - 09 - 23 - 28 - 34 - 49 - 51 - 55 - 57 - 83;04 - 07 - 18 - 25 - 30 - 42 - 48 - 53 - 56 - 63;;;;
30708;DISPONIBLE;06 - 18 - 32 - 33 - 46 - 49 - 55 - 75 - 77 - 86;14 - 28 - 32 - 43 - 51 - 56 - 70 - 74 - 80 - 89;;;;
30709;DISPONIBLE;06 - 07 - 11 - 27 - 39 - 50 - 58 - 78 - 81 - 83;06 - 12 - 22 - 30 - 31 - 43 - 52 - 80 - 83 - 89;;;;
30710;DISPONIBLE;01 - 02 - 09 - 16 - 25 - 37 - 44 - 52 - 53 - 68;08 - 14 - 21 - 23 - 28 - 29 - 41 - 51 - 59 - 85;;;;
30711;DISPONIBLE;02 - 11 - 19 - 27 - 30 - 36 - 56 - 62 - 86 - 87;03 - 12 - 30 - 40 - 47 - 50 - 65 - 70 - 72 - 90;;;;
30712;DISPONIBLE;01 - 04 - 15 - 20 - 26 - 42 - 55 - 66 - 71 - 79;09 - 12 - 45 - 49 - 51 - 52 - 53 - 56 - 67 - 71;;;;
30713;DISPONIBLE;08 - 18 - 35 - 37 - 44 - 49 - 51 - 52 - 56 - 85;02 - 05 - 08 - 10 - 21 - 46 - 58 - 65 - 69 - 79;;;;
30714;DISPONIBLE;02 - 05 - 11 - 19 - 23 - 44 - 52 - 62 - 68 - 75;01 - 06 - 14 - 23 - 36 - 45 - 47 - 48 - 49 - 73;;;;
30715;DISPONIBLE;01 - 07 - 24 - 25 - 32 - 38 - 42 - 43 - 80 - 83;14 - 15 - 16 - 19 - 29 - 35 - 39 - 50 - 76 - 89;;;;
30716;DISPONIBLE;06 - 23 - 34 - 38 - 40 - 60 - 69 - 71 - 78 - 82;03 - 11 - 14 - 25 - 29 - 39 - 40 - 53 - 72 - 83;;;;
30717;DISPONIBLE;02 - 04 - 19 - 31 - 32 - 44 - 61 - 63 - 72 - 86;03 - 21 - 24 - 27 - 30 - 43 - 49 - 60 - 61 - 71;;;;
30718;DISPONIBLE;10 - 11 - 14 - 46 - 48 - 53 - 71 - 72 - 76 - 82;23 - 39 - 43 - 52 - 57 - 59 - 65 - 71 - 82 - 85;;;;
30719;DISPONIBLE;05 - 11 - 13 - 14 - 15 - 18 - 45 - 55 - 77 - 82;09 - 36 - 41 - 47 - 48 - 72 - 73 - 77 - 80 - 86;;;;
30720;DISPONIBLE;04 - 09 - 27 - 37 - 45 - 47 - 58 - 60 - 76 - 82;02 - 08 - 12 - 13 - 29 - 34 - 66 - 69 - 77 - 82;;;;
30721;DISPONIBLE;02 - 03 - 05 - 29 - 39 - 54 - 59 - 66 - 79 - 89;05 - 20 - 31 - 34 - 46 - 48 - 49 - 52 - 54 - 61;;;;
30722;DISPONIBLE;05 - 25 - 30 - 33 - 38 - 50 - 55 - 68 - 87 - 88;11 - 15 - 20 - 33 - 37 - 54 - 61 - 68 - 73 - 75;;;;
30723;DISPONIBLE;20 - 27 - 28 - 33 - 61 - 76 - 79 - 80 - 81 - 84;11 - 24 - 28 - 34 - 37 - 40 - 44 - 59 - 74 - 79;;;;
30724;DISPONIBLE;03 - 06 - 12 - 17 - 36 - 37 - 59 - 64 - 73 - 75;02 - 21 - 24 - 32 - 33 - 35 - 37 - 52 - 69 - 84;;;;
30725;DISPONIBLE;02 - 11 - 19 - 30 - 33 - 35 - 55 - 57 - 58 - 87;02 - 16 - 18 - 38 - 54 - 65 - 66 - 75 - 83 - 87;;;;
30726;DISPONIBLE;11 - 25 - 52 - 60 - 62 - 71 - 75 - 80 - 84 - 89;07 - 08 - 19 - 20 - 23 - 24 - 35 - 51 - 55 - 69;;;;
30727;DISPONIBLE;01 - 14 - 25 - 33 - 42 - 46 - 49 - 58 - 59 - 70;05 - 22 - 25 - 32 - 34 - 55 - 56 - 59 - 71 - 80;;;;
30728;DISPONIBLE;08 - 23 - 35 - 50 - 56 - 65 - 70 - 76 - 81 - 88;08 - 11 - 17 - 22 - 32 - 39 - 50 - 65 - 67 - 89;;;;
30729;DISPONIBLE;10 - 16 - 33 - 38 - 52 - 54 - 56 - 59 - 86 - 89;01 - 12 - 19 - 42 - 44 - 47 - 50 - 56 - 57 - 62;;;;
30730;DISPONIBLE;06 - 08 - 23 - 40 - 45 - 57 - 61 - 72 - 74 - 89;06 - 08 - 18 - 22 - 40 - 43 - 60 - 68 - 74 - 90;;;;
30731;DISPONIBLE;05 - 07 - 16 - 18 - 19 - 44 - 47 - 55 - 65 - 67;03 - 04 - 08 - 11 - 34 - 35 - 49 - 72 - 79 - 85;;;;
30732;DISPONIBLE;02 - 09 - 12 - 19 - 39 - 58 - 76 - 78 - 79 - 82;08 - 15 - 29 - 31 - 43 - 48 - 68 - 70 - 83 - 84;;;;
30733;DISPONIBLE;01 - 08 - 19 - 33 - 46 - 49 - 59 - 63 - 66 - 90;04 - 14 - 15 - 21 - 23 - 45 - 62 - 66 - 71 - 89;;;;
30734;DISPONIBLE;04 - 07 - 28 - 43 - 52 - 59 - 65 - 75 - 83 - 85;02 - 03 - 06 - 40 - 50 - 58 - 68 - 78 - 89 - 90;;;;
30735;DISPONIBLE;12 - 13 - 20 - 33 - 40 - 42 - 43 - 58 - 78 - 87;01 - 20 - 21 - 22 - 30 - 35 - 37 - 64 - 70 - 78;;;;
30736;DISPONIBLE;03 - 10 - 24 - 38 - 51 - 67 - 80 - 84 - 87 - 90;02 - 13 - 21 - 23 - 41 - 42 - 49 - 59 - 71 - 75;;;;
30737;DISPONIBLE;02 - 07 - 09 - 21 - 28 - 50 - 52 - 67 - 80 - 82;01 - 09 - 24 - 42 - 53 - 73 - 77 - 85 - 86 - 90;;;;
30738;DISPONIBLE;11 - 15 - 31 - 34 - 45 - 51 - 55 - 58 - 73 - 88;26 - 39 - 41 - 44 - 45 - 63 - 67 - 68 - 79 - 80;;;;
30739;DISPONIBLE;01 - 05 - 11 - 21 - 22 - 28 - 37 - 41 - 76 - 80;03 - 05 - 06 - 31 - 36 - 43 - 45 - 53 - 65 - 84;;;;
30740;DISPONIBLE;01 - 06 - 12 - 16 - 22 - 24 - 26 - 47 - 59 - 65;03 - 21 - 41 - 48 - 53 - 67 - 72 - 76 - 83 - 84;;;;
30741;DISPONIBLE;08 - 12 - 15 - 17 - 25 - 39 - 49 - 62 - 67 - 88;06 - 08 - 10 - 28 - 44 - 56 - 67 - 69 - 72 - 76;;;;
30742;DISPONIBLE;01 - 08 - 09 - 22 - 23 - 36 - 41 - 49 - 74 - 76;05 - 12 - 32 - 41 - 50 - 55 - 69 - 73 - 83 - 88;;;;
30743;DISPONIBLE;08 - 28 - 43 - 52 - 61 - 68 - 70 - 80 - 81 - 89;06 - 08 - 14 - 17 - 23 - 57 - 58 - 60 - 67 - 71;;;;
30744;DISPONIBLE;01 - 04 - 26 - 30 - 31 - 51 - 70 - 74 - 86 - 90;01 - 10 - 17 - 24 - 34 - 38 - 65 - 71 - 81 - 84;;;;
30745;DISPONIBLE;03 - 14 - 29 - 50 - 54 - 65 - 72 - 80 - 82 - 86;03 - 15 - 16 - 32 - 34 - 46 - 47 - 69 - 82 - 84;;;;
30746;DISPONIBLE;02 - 15 - 18 - 33 - 36 - 37 - 55 - 61 - 72 - 78;21 - 31 - 32 - 54 - 55 - 60 - 65 - 67 - 68 - 83;;;;
30747;DISPONIBLE;21 - 34 - 54 - 58 - 66 - 68 - 71 - 82 - 83 - 90;01 - 06 - 16 - 29 - 38 - 42 - 60 - 73 - 82 - 88;;;;
30748;DISPONIBLE;04 - 15 - 21 - 30 - 39 - 57 - 63 - 65 - 72 - 83;03 - 04 - 06 - 09 - 13 - 34 - 39 - 45 - 68 - 81;;;;
30749;DISPONIBLE;04 - 06 - 12 - 19 - 40 - 48 - 52 - 55 - 73 - 78;03 - 24 - 29 - 41 - 44 - 50 - 53 - 58 - 68 - 80;;;;
30750;DISPONIBLE;03 - 08 - 10 - 12 - 22 - 43 - 47 - 63 - 77 - 80;04 - 12 - 14 - 21 - 24 - 26 - 30 - 35 - 65 - 72;;;;
30751;DISPONIBLE;06 - 15 - 31 - 38 - 63 - 65 - 66 - 71 - 72 - 88;02 - 06 - 23 - 29 - 40 - 44 - 46 - 56 - 61 - 73;;;;
30752;DISPONIBLE;27 - 32 - 37 - 40 - 41 - 46 - 70 - 78 - 79 - 87;06 - 08 - 10 - 13 - 16 - 49 - 60 - 76 - 86 - 87;;;;
30753;DISPONIBLE;19 - 21 - 24 - 25 - 45 - 48 - 54 - 77 - 85 - 90;04 - 15 - 17 - 49 - 59 - 66 - 79 - 83 - 85 - 89;;;;
30754;DISPONIBLE;14 - 25 - 32 - 37 - 52 - 56 - 62 - 66 - 78 - 89;07 - 25 - 29 - 32 - 37 - 44 - 46 - 61 - 62 - 77;;;;
30755;DISPONIBLE;10 - 27 - 36 - 37 - 48 - 58 - 61 - 79 - 81 - 84;02 - 16 - 20 - 28 - 45 - 47 - 56 - 58 - 74 - 78;;;;
30756;DISPONIBLE;07 - 23 - 25 - 28 - 32 - 40 - 41 - 47 - 76 - 85;10 - 13 - 14 - 15 - 64 - 69 - 71 - 73 - 80 - 87;;;;
30757;DISPONIBLE;03 - 06 - 15 - 18 - 26 - 52 - 66 - 69 - 71 - 75;03 - 06 - 14 - 23 - 32 - 46 - 48 - 56 - 81 - 87;;;;
30758;DISPONIBLE;03 - 04 - 14 - 34 - 35 - 44 - 51 - 53 - 60 - 63;05 - 06 - 14 - 20 - 36 - 57 - 61 - 69 - 71 - 87;;;;
30759;DISPONIBLE;09 - 30 - 31 - 36 - 38 - 41 - 42 - 57 - 82 - 84;03 - 17 - 31 - 39 - 42 - 46 - 54 - 59 - 63 - 70;;;;
30760;DISPONIBLE;04 - 07 - 13 - 17 - 44 - 58 - 66 - 67 - 69 - 84;02 - 11 - 15 - 28 - 32 - 42 - 63 - 66 - 71 - 75;;;;
30761;DISPONIBLE;01 - 02 - 09 - 23 - 48 - 50 - 58 - 61 - 77 - 86;09 - 13 - 25 - 30 - 51 - 54 - 72 - 75 - 79 - 83;;;;
30762;DISPONIBLE;13 - 16 - 25 - 27 - 28 - 31 - 58 - 70 - 77 - 83;10 - 28 - 31 - 37 - 57 - 61 - 67 - 79 - 81 - 89;;;;
30763;DISPONIBLE;20 - 23 - 33 - 45 - 51 - 59 - 69 - 77 - 80 - 81;01 - 13 - 18 - 29 - 31 - 33 - 38 - 46 - 52 - 72;;;;
30764;DISPONIBLE;06 - 17 - 19 - 21 - 24 - 28 - 36 - 41 - 43 - 48;03 - 26 - 30 - 33 - 53 - 67 - 68 - 79 - 82 - 90;;;;
30765;DISPONIBLE;33 - 38 - 41 - 42 - 44 - 49 - 53 - 56 - 74 - 82;01 - 03 - 20 - 28 - 33 - 34 - 38 - 62 - 64 - 79;;;;
30766;DISPONIBLE;09 - 22 - 26 - 35 - 39 - 52 - 54 - 77 - 80 - 83;04 - 13 - 29 - 44 - 51 - 63 - 67 - 69 - 75 - 88;;;;
30767;DISPONIBLE;05 - 06 - 24 - 32 - 59 - 67 - 72 - 78 - 81 - 88;05 - 09 - 19 - 26 - 52 - 58 - 59 - 65 - 73 - 86;;;;
30768;DISPONIBLE;26 - 28 - 32 - 35 - 42 - 49 - 50 - 56 - 82 - 90;05 - 10 - 15 - 29 - 36 - 43 - 54 - 68 - 78 - 84;;;;
30769;DISPONIBLE;01 - 02 - 20 - 35 - 42 - 47 - 57 - 73 - 82 - 87;06 - 10 - 18 - 32 - 41 - 45 - 55 - 56 - 82 - 83;;;;
30770;DISPONIBLE;16 - 22 - 25 - 31 - 55 - 56 - 61 - 69 - 73 - 90;12 - 20 - 23 - 25 - 38 - 47 - 71 - 74 - 79 - 82;;;;
30771;DISPONIBLE;03 - 08 - 10 - 15 - 30 - 32 - 34 - 44 - 78 - 85;13 - 41 - 50 - 52 - 59 - 68 - 83 - 84 - 87 - 88;;;;
30772;DISPONIBLE;05 - 07 - 15 - 16 - 24 - 29 - 30 - 46 - 70 - 74;03 - 07 - 10 - 32 - 33 - 59 - 60 - 62 - 84 - 85;;;;
30773;DISPONIBLE;03 - 04 - 52 - 53 - 65 - 66 - 73 - 79 - 89 - 90;10 - 31 - 37 - 41 - 59 - 60 - 63 - 67 - 73 - 76;;;;
30774;DISPONIBLE;13 - 38 - 41 - 42 - 53 - 60 - 65 - 68 - 72 - 82;01 - 15 - 16 - 17 - 21 - 38 - 42 - 73 - 77 - 90;;;;
30775;DISPONIBLE;24 - 31 - 44 - 49 - 54 - 55 - 62 - 66 - 70 - 75;03 - 06 - 10 - 16 - 21 - 34 - 41 - 44 - 69 - 85;;;;
30776;DISPONIBLE;01 - 13 - 17 - 23 - 30 - 42 - 50 - 68 - 70 - 83;10 - 11 - 15 - 18 - 48 - 49 - 72 - 82 - 85 - 90;;;;
30777;DISPONIBLE;03 - 18 - 20 - 45 - 49 - 65 - 69 - 73 - 79 - 82;10 - 11 - 17 - 61 - 63 - 65 - 72 - 85 - 87 - 88;;;;
30778;DISPONIBLE;04 - 08 - 11 - 14 - 22 - 27 - 34 - 48 - 57 - 63;02 - 08 - 25 - 26 - 39 - 49 - 55 - 56 - 64 - 77;;;;
30779;DISPONIBLE;11 - 17 - 24 - 31 - 34 - 58 - 64 - 73 - 85 - 90;03 - 36 - 46 - 48 - 69 - 70 - 72 - 78 - 82 - 84;;;;
30780;DISPONIBLE;05 - 14 - 24 - 42 - 43 - 44 - 47 - 49 - 66 - 75;11 - 17 - 21 - 34 - 47 - 48 - 55 - 62 - 87 - 89;;;;
30781;DISPONIBLE;01 - 09 - 21 - 25 - 31 - 34 - 40 - 47 - 54 - 85;10 - 17 - 20 - 40 - 41 - 42 - 44 - 51 - 58 - 69;;;;
30782;DISPONIBLE;05 - 22 - 35 - 36 - 38 - 39 - 41 - 55 - 69 - 80;19 - 23 - 30 - 38 - 44 - 61 - 66 - 71 - 72 - 73;;;;
30783;DISPONIBLE;20 - 24 - 39 - 40 - 46 - 52 - 53 - 74 - 78 - 87;03 - 07 - 18 - 41 - 65 - 68 - 80 - 86 - 89 - 90;;;;
30784;DISPONIBLE;05 - 07 - 16 - 22 - 30 - 34 - 35 - 47 - 66 - 85;10 - 13 - 17 - 20 - 24 - 43 - 58 - 59 - 60 - 64;;;;
30785;DISPONIBLE;04 - 07 - 29 - 37 - 42 - 50 - 63 - 68 - 83 - 86;04 - 13 - 19 - 20 - 21 - 27 - 59 - 62 - 80 - 83;;;;
30786;DISPONIBLE;02 - 09 - 22 - 27 - 30 - 52 - 63 - 73 - 83 - 85;08 - 10 - 12 - 25 - 41 - 44 - 46 - 54 - 64 - 70;;;;
30787;DISPONIBLE;06 - 10 - 22 - 42 - 46 - 55 - 64 - 66 - 70 - 84;02 - 04 - 08 - 16 - 27 - 49 - 51 - 66 - 76 - 88;;;;
30788;DISPONIBLE;20 - 32 - 34 - 45 - 48 - 50 - 65 - 80 - 84 - 85;05 - 17 - 20 - 25 - 26 - 47 - 54 - 56 - 59 - 65;;;;
30789;DISPONIBLE;04 - 06 - 08 - 10 - 18 - 24 - 33 - 40 - 52 - 88;13 - 29 - 35 - 37 - 45 - 59 - 61 - 66 - 67 - 73;;;;
30790;DISPONIBLE;02 - 03 - 06 - 07 - 13 - 37 - 67 - 77 - 82 - 83;02 - 11 - 23 - 29 - 33 - 35 - 42 - 57 - 69 - 73;;;;
30791;DISPONIBLE;06 - 22 - 34 - 51 - 65 - 66 - 74 - 77 - 80 - 89;01 - 06 - 27 - 31 - 38 - 48 - 56 - 78 - 82 - 83;;;;
30792;DISPONIBLE;17 - 19 - 23 - 34 - 42 - 55 - 59 - 61 - 66 - 82;13 - 25 - 29 - 40 - 59 - 64 - 68 - 75 - 83 - 90;;;;
30793;DISPONIBLE;01 - 05 - 11 - 16 - 21 - 42 - 47 - 55 - 71 - 85;02 - 11 - 17 - 25 - 26 - 47 - 69 - 81 - 85 - 86;;;;
30794;DISPONIBLE;11 - 18 - 20 - 22 - 32 - 33 - 36 - 43 - 47 - 60;14 - 18 - 31 - 32 - 39 - 44 - 46 - 69 - 78 - 82;;;;
30795;DISPONIBLE;01 - 04 - 17 - 22 - 27 - 29 - 30 - 41 - 68 - 76;07 - 16 - 21 - 22 - 23 - 27 - 29 - 48 - 67 - 75;;;;
30796;DISPONIBLE;06 - 19 - 26 - 53 - 54 - 57 - 66 - 70 - 75 - 82;13 - 22 - 29 - 34 - 36 - 41 - 50 - 51 - 70 - 83;;;;
30797;DISPONIBLE;06 - 22 - 33 - 42 - 53 - 56 - 62 - 69 - 71 - 74;01 - 08 - 15 - 23 - 38 - 51 - 53 - 63 - 64 - 67;;;;
30798;DISPONIBLE;06 - 07 - 09 - 17 - 22 - 28 - 58 - 60 - 81 - 82;02 - 04 - 19 - 25 - 26 - 39 - 54 - 68 - 87 - 90;;;;
30799;DISPONIBLE;02 - 30 - 35 - 47 - 58 - 59 - 63 - 69 - 79 - 87;03 - 04 - 19 - 22 - 23 - 40 - 44 - 45 - 49 - 66;;;;
30800;DISPONIBLE;04 - 19 - 27 - 32 - 38 - 44 - 62 - 69 - 86 - 89;03 - 13 - 23 - 25 - 41 - 46 - 57 - 68 - 84 - 90;;;;
30801;DISPONIBLE;20 - 35 - 40 - 46 - 48 - 50 - 55 - 65 - 83 - 86;07 - 16 - 18 - 19 - 30 - 40 - 61 - 63 - 70 - 86;;;;
30802;DISPONIBLE;02 - 05 - 11 - 40 - 54 - 72 - 74 - 76 - 88 - 89;14 - 19 - 21 - 27 - 31 - 34 - 36 - 45 - 76 - 88;;;;
30803;DISPONIBLE;01 - 09 - 10 - 32 - 34 - 39 - 45 - 52 - 66 - 84;03 - 09 - 25 - 26 - 28 - 45 - 52 - 57 - 66 - 86;;;;
30804;DISPONIBLE;03 - 20 - 24 - 25 - 26 - 31 - 40 - 44 - 53 - 61;02 - 04 - 09 - 11 - 32 - 37 - 51 - 61 - 76 - 77;;;;
30805;DISPONIBLE;20 - 26 - 43 - 47 - 56 - 67 - 77 - 79 - 82 - 86;03 - 08 - 11 - 23 - 27 - 35 - 36 - 38 - 53 - 75;;;;
30806;DISPONIBLE;10 - 19 - 30 - 34 - 56 - 57 - 63 - 64 - 81 - 82;11 - 28 - 36 - 43 - 48 - 56 - 75 - 76 - 84 - 86;;;;
30807;DISPONIBLE;07 - 27 - 28 - 38 - 41 - 43 - 48 - 59 - 74 - 86;02 - 05 - 10 - 12 - 13 - 30 - 32 - 40 - 68 - 88;;;;
30808;DISPONIBLE;27 - 29 - 34 - 49 - 63 - 70 - 72 - 79 - 82 - 87;07 - 08 - 39 - 52 - 57 - 59 - 62 - 67 - 69 - 78;;;;
30809;DISPONIBLE;08 - 11 - 25 - 43 - 48 - 49 - 61 - 76 - 82 - 88;02 - 11 - 21 - 27 - 33 - 61 - 71 - 74 - 78 - 85;;;;
30810;DISPONIBLE;01 - 03 - 13 - 22 - 29 - 38 - 40 - 48 - 55 - 70;19 - 30 - 37 - 41 - 59 - 61 - 65 - 67 - 68 - 74;;;;
30811;DISPONIBLE;08 - 12 - 16 - 18 - 21 - 31 - 51 - 76 - 77 - 79;01 - 08 - 18 - 33 - 35 - 42 - 46 - 47 - 48 - 49;;;;
30812;DISPONIBLE;16 - 35 - 47 - 54 - 57 - 66 - 73 - 80 - 86 - 89;05 - 11 - 23 - 40 - 52 - 53 - 54 - 55 - 56 - 89;;;;
30813;DISPONIBLE;03 - 12 - 21 - 53 - 62 - 64 - 69 - 71 - 87 - 90;19 - 23 - 33 - 39 - 40 - 45 - 51 - 54 - 68 - 78;;;;
30814;DISPONIBLE;11 - 51 - 54 - 57 - 58 - 61 - 67 - 74 - 75 - 86;04 - 05 - 24 - 25 - 27 - 31 - 47 - 59 - 67 - 81;;;;
30815;DISPONIBLE;01 - 02 - 06 - 17 - 28 - 38 - 44 - 59 - 71 - 76;18 - 20 - 27 - 32 - 51 - 53 - 63 - 78 - 80 - 86;;;;
30816;DISPONIBLE;09 - 36 - 40 - 51 - 69 - 71 - 81 - 83 - 85 - 87;30 - 38 - 58 - 60 - 64 - 70 - 72 - 79 - 80 - 90;;;;
30817;DISPONIBLE;05 - 08 - 26 - 40 - 53 - 57 - 64 - 69 - 77 - 87;21 - 26 - 47 - 58 - 61 - 65 - 69 - 76 - 87 - 88;;;;
30818;DISPONIBLE;16 - 37 - 39 - 43 - 45 - 49 - 50 - 67 - 80 - 90;03 - 13 - 21 - 31 - 42 - 45 - 56 - 74 - 80 - 90;;;;
30819;DISPONIBLE;16 - 29 - 30 - 35 - 42 - 56 - 58 - 81 - 83 - 89;02 - 03 - 07 - 18 - 38 - 44 - 50 - 64 - 66 - 81;;;;
30820;DISPONIBLE;12 - 21 - 37 - 43 - 45 - 46 - 54 - 62 - 72 - 82;01 - 07 - 25 - 27 - 37 - 40 - 70 - 87 - 88 - 90;;;;
30821;DISPONIBLE;14 - 44 - 50 - 54 - 59 - 67 - 68 - 71 - 77 - 88;05 - 06 - 10 - 14 - 38 - 45 - 53 - 69 - 71 - 83;;;;
30822;DISPONIBLE;17 - 18 - 22 - 29 - 45 - 64 - 67 - 68 - 81 - 90;06 - 09 - 20 - 21 - 25 - 31 - 49 - 51 - 61 - 80;;;;
30823;DISPONIBLE;05 - 22 - 24 - 33 - 40 - 45 - 50 - 60 - 62 - 69;24 - 27 - 28 - 32 - 37 - 42 - 55 - 58 - 63 - 88;;;;
30824;DISPONIBLE;02 - 29 - 39 - 50 - 64 - 65 - 79 - 81 - 82 - 85;12 - 26 - 32 - 33 - 34 - 37 - 43 - 59 - 65 - 72;;;;
30825;DISPONIBLE;17 - 18 - 19 - 29 - 32 - 58 - 67 - 75 - 79 - 90;09 - 14 - 15 - 16 - 19 - 25 - 31 - 46 - 61 - 82;;;;
30826;DISPONIBLE;13 - 15 - 44 - 47 - 49 - 54 - 60 - 62 - 68 - 85;01 - 11 - 17 - 24 - 26 - 31 - 38 - 44 - 63 - 70;;;;
30827;DISPONIBLE;03 - 21 - 22 - 28 - 35 - 47 - 48 - 65 - 75 - 84;02 - 09 - 11 - 22 - 25 - 27 - 32 - 48 - 53 - 86;;;;
30828;DISPONIBLE;01 - 13 - 26 - 31 - 45 - 53 - 57 - 66 - 69 - 82;01 - 05 - 36 - 41 - 58 - 59 - 61 - 66 - 74 - 86;;;;
30829;DISPONIBLE;20 - 24 - 39 - 49 - 55 - 62 - 67 - 75 - 78 - 86;01 - 19 - 20 - 31 - 46 - 58 - 63 - 78 - 84 - 88;;;;
30830;DISPONIBLE;03 - 14 - 16 - 45 - 49 - 60 - 61 - 70 - 73 - 79;16 - 29 - 31 - 38 - 45 - 50 - 69 - 75 - 76 - 80;;;;
30831;DISPONIBLE;03 - 05 - 16 - 19 - 23 - 36 - 40 - 49 - 52 - 71;09 - 21 - 35 - 36 - 57 - 61 - 65 - 75 - 77 - 88;;;;
30832;DISPONIBLE;07 - 43 - 50 - 51 - 53 - 57 - 62 - 63 - 73 - 83;06 - 08 - 23 - 25 - 31 - 33 - 41 - 49 - 81 - 87;;;;
30833;DISPONIBLE;03 - 04 - 09 - 15 - 18 - 22 - 25 - 53 - 75 - 81;10 - 17 - 18 - 43 - 61 - 71 - 72 - 76 - 84 - 89;;;;
30834;DISPONIBLE;01 - 07 - 30 - 36 - 39 - 44 - 45 - 47 - 72 - 74;07 - 24 - 27 - 28 - 34 - 51 - 56 - 70 - 80 - 86;;;;
30835;DISPONIBLE;02 - 06 - 07 - 20 - 32 - 38 - 40 - 61 - 66 - 87;01 - 02 - 19 - 36 - 45 - 57 - 60 - 62 - 82 - 88;;;;
30836;DISPONIBLE;24 - 31 - 34 - 36 - 50 - 62 - 67 - 68 - 84 - 87;02 - 22 - 23 - 36 - 37 - 51 - 59 - 68 - 76 - 77;;;;
30837;DISPONIBLE;04 - 10 - 21 - 25 - 28 - 30 - 64 - 72 - 87 - 88;02 - 19 - 32 - 39 - 43 - 52 - 67 - 81 - 88 - 90;;;;
30838;DISPONIBLE;07 - 11 - 39 - 45 - 52 - 60 - 63 - 68 - 70 - 88;02 - 09 - 10 - 26 - 28 - 41 - 43 - 53 - 81 - 84;;;;
30839;DISPONIBLE;14 - 19 - 24 - 26 - 27 - 32 - 55 - 56 - 87 - 89;02 - 04 - 32 - 37 - 42 - 48 - 78 - 85 - 86 - 90;;;;
30840;DISPONIBLE;17 - 28 - 32 - 34 - 48 - 54 - 60 - 68 - 73 - 86;04 - 29 - 38 - 41 - 48 - 50 - 57 - 67 - 87 - 88;;;;
30841;DISPONIBLE;10 - 32 - 36 - 38 - 50 - 78 - 82 - 83 - 86 - 88;08 - 14 - 20 - 21 - 30 - 38 - 50 - 60 - 79 - 85;;;;
30842;DISPONIBLE;03 - 15 - 20 - 21 - 50 - 55 - 64 - 69 - 73 - 85;05 - 15 - 23 - 29 - 44 - 45 - 48 - 61 - 69 - 86;;;;
30843;DISPONIBLE;04 - 08 - 12 - 20 - 24 - 30 - 38 - 57 - 67 - 74;20 - 26 - 28 - 34 - 42 - 71 - 77 - 79 - 80 - 90;;;;
30844;DISPONIBLE;01 - 07 - 08 - 14 - 27 - 41 - 46 - 49 - 62 - 68;04 - 14 - 43 - 58 - 66 - 68 - 70 - 78 - 79 - 81;;;;
30845;DISPONIBLE;15 - 16 - 34 - 40 - 46 - 51 - 66 - 72 - 75 - 82;12 - 14 - 16 - 19 - 42 - 61 - 64 - 84 - 85 - 88;;;;
30846;DISPONIBLE;03 - 12 - 13 - 23 - 30 - 41 - 57 - 58 - 63 - 72;03 - 17 - 20 - 21 - 37 - 39 - 41 - 46 - 48 - 71;;;;
30847;DISPONIBLE;04 - 07 - 22 - 39 - 40 - 44 - 45 - 53 - 63 - 68;11 - 20 - 22 - 23 - 38 - 44 - 46 - 53 - 60 - 88;;;;
30848;DISPONIBLE;02 - 07 - 09 - 14 - 36 - 69 - 72 - 73 - 85 - 88;17 - 47 - 48 - 52 - 53 - 57 - 64 - 73 - 75 - 89;;;;
30849;DISPONIBLE;02 - 08 - 17 - 19 - 22 - 36 - 41 - 61 - 76 - 82;10 - 28 - 46 - 55 - 56 - 58 - 61 - 77 - 88 - 90;;;;
30850;DISPONIBLE;09 - 10 - 14 - 28 - 29 - 32 - 35 - 38 - 52 - 81;08 - 12 - 13 - 19 - 39 - 43 - 45 - 52 - 53 - 86;;;;
30851;DISPONIBLE;09 - 20 - 23 - 29 - 30 - 36 - 47 - 52 - 54 - 67;08 - 18 - 19 - 29 - 34 - 44 - 60 - 63 - 64 - 79;;;;
30852;DISPONIBLE;10 - 11 - 12 - 16 - 21 - 32 - 46 - 54 - 59 - 65;06 - 15 - 24 - 55 - 60 - 71 - 76 - 81 - 82 - 88;;;;
30853;DISPONIBLE;11 - 13 - 29 - 35 - 38 - 39 - 51 - 67 - 68 - 69;10 - 29 - 32 - 37 - 42 - 52 - 53 - 59 - 65 - 72;;;;
30854;DISPONIBLE;38 - 39 - 42 - 48 - 51 - 55 - 56 - 66 - 70 - 86;18 - 21 - 30 - 61 - 66 - 70 - 73 - 76 - 85 - 88;;;;
30855;DISPONIBLE;02 - 24 - 29 - 31 - 33 - 45 - 52 - 67 - 70 - 88;06 - 16 - 19 - 21 - 28 - 47 - 57 - 63 - 74 - 86;;;;
30856;DISPONIBLE;01 - 05 - 19 - 35 - 39 - 41 - 48 - 76 - 86 - 88;13 - 17 - 26 - 30 - 35 - 46 - 48 - 71 - 86 - 88;;;;
30857;DISPONIBLE;03 - 11 - 23 - 32 - 38 - 44 - 45 - 57 - 86 - 87;01 - 12 - 21 - 60 - 62 - 63 - 65 - 77 - 79 - 86;;;;
30858;DISPONIBLE;03 - 05 - 24 - 26 - 29 - 41 - 64 - 74 - 81 - 86;03 - 12 - 20 - 22 - 25 - 42 - 60 - 65 - 70 - 84;;;;
30859;DISPONIBLE;01 - 04 - 08 - 24 - 29 - 32 - 34 - 44 - 58 - 78;09 - 10 - 27 - 30 - 33 - 49 - 53 - 55 - 56 - 84;;;;
30860;DISPONIBLE;03 - 30 - 49 - 54 - 60 - 67 - 75 - 77 - 81 - 88;06 - 09 - 10 - 27 - 35 - 48 - 62 - 70 - 75 - 81;;;;
30861;DISPONIBLE;20 - 22 - 38 - 39 - 40 - 43 - 44 - 51 - 68 - 77;04 - 17 - 22 - 27 - 28 - 53 - 68 - 74 - 78 - 90;;;;
30862;DISPONIBLE;15 - 23 - 35 - 42 - 43 - 48 - 52 - 60 - 65 - 74;14 - 29 - 39 - 42 - 46 - 69 - 82 - 85 - 88 - 90;;;;
30863;DISPONIBLE;22 - 25 - 32 - 40 - 51 - 56 - 67 - 69 - 70 - 80;17 - 20 - 26 - 36 - 43 - 60 - 63 - 67 - 68 - 70;;;;
30864;DISPONIBLE;14 - 36 - 43 - 49 - 63 - 64 - 65 - 77 - 79 - 83;16 - 19 - 24 - 27 - 29 - 32 - 58 - 69 - 73 - 83;;;;
30865;DISPONIBLE;04 - 10 - 24 - 41 - 53 - 58 - 64 - 68 - 78 - 81;10 - 13 - 19 - 28 - 32 - 39 - 64 - 66 - 70 - 85;;;;
30866;DISPONIBLE;10 - 19 - 46 - 48 - 55 - 56 - 58 - 78 - 88 - 90;01 - 04 - 11 - 23 - 26 - 43 - 50 - 53 - 66 - 72;;;;
30867;DISPONIBLE;04 - 13 - 16 - 22 - 26 - 28 - 60 - 67 - 73 - 78;01 - 09 - 14 - 25 - 32 - 39 - 46 - 48 - 74 - 86;;;;
30868;DISPONIBLE;16 - 21 - 22 - 26 - 35 - 53 - 54 - 60 - 83 - 90;16 - 21 - 29 - 38 - 41 - 54 - 56 - 62 - 68 - 69;;;;
30869;DISPONIBLE;01 - 16 - 22 - 30 - 49 - 57 - 58 - 60 - 64 - 86;05 - 08 - 15 - 29 - 30 - 44 - 50 - 71 - 72 - 81;;;;
30870;DISPONIBLE;03 - 07 - 08 - 15 - 25 - 53 - 59 - 64 - 83 - 88;03 - 16 - 17 - 24 - 28 - 30 - 39 - 65 - 74 - 78;;;;
30871;DISPONIBLE;03 - 11 - 12 - 14 - 20 - 23 - 36 - 48 - 73 - 87;04 - 17 - 34 - 44 - 49 - 50 - 71 - 73 - 88 - 90;;;;
30872;DISPONIBLE;05 - 08 - 19 - 24 - 56 - 64 - 73 - 77 - 83 - 90;06 - 11 - 20 - 27 - 32 - 37 - 38 - 48 - 51 - 73;;;;
30873;DISPONIBLE;01 - 03 - 22 - 24 - 25 - 29 - 32 - 68 - 76 - 84;22 - 25 - 31 - 42 - 47 - 48 - 54 - 57 - 81 - 87;;;;
30874;DISPONIBLE;11 - 15 - 39 - 45 - 47 - 63 - 72 - 84 - 85 - 86;06 - 33 - 39 - 43 - 50 - 64 - 71 - 74 - 87 - 88;;;;
30875;DISPONIBLE;10 - 15 - 27 - 30 - 46 - 52 - 60 - 74 - 79 - 84;04 - 10 - 16 - 45 - 62 - 64 - 74 - 77 - 81 - 84;;;;
30876;DISPONIBLE;09 - 14 - 15 - 24 - 33 - 36 - 40 - 64 - 79 - 85;01 - 12 - 17 - 25 - 27 - 30 - 45 - 48 - 61 - 89;;;;
30877;DISPONIBLE;03 - 11 - 15 - 21 - 34 - 37 - 53 - 63 - 79 - 85;04 - 12 - 14 - 18 - 22 - 26 - 50 - 67 - 70 - 83;;;;
30878;DISPONIBLE;15 - 26 - 28 - 31 - 33 - 48 - 52 - 54 - 79 - 84;02 - 25 - 27 - 36 - 50 - 56 - 59 - 75 - 82 - 90;;;;
30879;DISPONIBLE;06 - 16 - 24 - 31 - 36 - 45 - 68 - 75 - 76 - 83;04 - 06 - 08 - 12 - 17 - 19 - 25 - 47 - 48 - 50;;;;
30880;DISPONIBLE;08 - 15 - 19 - 45 - 58 - 63 - 71 - 73 - 85 - 89;02 - 08 - 10 - 25 - 27 - 64 - 65 - 69 - 82 - 84;;;;
30881;DISPONIBLE;16 - 42 - 45 - 57 - 62 - 63 - 72 - 77 - 78 - 83;09 - 17 - 22 - 24 - 29 - 49 - 55 - 70 - 77 - 79;;;;
30882;DISPONIBLE;01 - 10 - 27 - 33 - 37 - 39 - 61 - 64 - 75 - 77;05 - 25 - 35 - 40 - 51 - 57 - 59 - 63 - 68 - 88;;;;
30883;DISPONIBLE;01 - 06 - 30 - 47 - 49 - 53 - 67 - 72 - 77 - 87;11 - 14 - 24 - 26 - 28 - 32 - 33 - 52 - 59 - 82;;;;
30884;DISPONIBLE;06 - 11 - 14 - 21 - 22 - 23 - 28 - 33 - 57 - 59;04 - 07 - 09 - 24 - 32 - 37 - 68 - 71 - 72 - 84;;;;
30885;DISPONIBLE;05 - 12 - 19 - 31 - 32 - 39 - 48 - 51 - 70 - 76;01 - 04 - 15 - 21 - 32 - 36 - 39 - 44 - 54 - 77;;;;
30886;DISPONIBLE;15 - 16 - 17 - 28 - 30 - 51 - 58 - 61 - 62 - 74;01 - 26 - 34 - 40 - 42 - 45 - 52 - 57 - 73 - 84;;;;
30887;DISPONIBLE;09 - 11 - 16 - 19 - 21 - 27 - 40 - 56 - 59 - 67;03 - 08 - 24 - 25 - 26 - 38 - 44 - 61 - 80 - 83;;;;
30888;DISPONIBLE;26 - 30 - 43 - 51 - 55 - 60 - 63 - 67 - 68 - 81;42 - 49 - 52 - 53 - 55 - 62 - 72 - 75 - 77 - 83;;;;
30889;DISPONIBLE;08 - 16 - 36 - 39 - 49 - 53 - 57 - 58 - 64 - 71;10 - 16 - 36 - 37 - 38 - 42 - 53 - 60 - 64 - 90;;;;
30890;DISPONIBLE;13 - 18 - 20 - 27 - 37 - 40 - 46 - 73 - 82 - 85;05 - 10 - 12 - 38 - 39 - 47 - 53 - 61 - 62 - 85;;;;
30891;DISPONIBLE;06 - 11 - 22 - 38 - 42 - 54 - 59 - 60 - 79 - 90;05 - 15 - 20 - 29 - 30 - 34 - 61 - 63 - 83 - 84;;;;
30892;DISPONIBLE;06 - 28 - 29 - 36 - 46 - 63 - 67 - 78 - 79 - 83;10 - 13 - 39 - 40 - 45 - 53 - 62 - 70 - 82 - 87;;;;
30893;DISPONIBLE;02 - 06 - 08 - 20 - 23 - 41 - 53 - 67 - 83 - 88;06 - 07 - 08 - 50 - 51 - 60 - 65 - 72 - 85 - 87;;;;
30894;DISPONIBLE;10 - 20 - 22 - 23 - 52 - 56 - 62 - 71 - 81 - 90;03 - 16 - 17 - 23 - 33 - 38 - 46 - 68 - 75 - 82;;;;
30895;DISPONIBLE;16 - 18 - 20 - 27 - 29 - 37 - 59 - 61 - 69 - 71;16 - 26 - 33 - 41 - 56 - 71 - 77 - 81 - 82 - 88;;;;
30896;DISPONIBLE;06 - 07 - 20 - 29 - 34 - 56 - 69 - 72 - 76 - 83;07 - 12 - 14 - 17 - 47 - 59 - 74 - 82 - 85 - 88;;;;
30897;DISPONIBLE;08 - 14 - 27 - 38 - 39 - 41 - 50 - 61 - 63 - 72;08 - 20 - 28 - 34 - 45 - 47 - 55 - 63 - 66 - 76;;;;
30898;DISPONIBLE;03 - 04 - 16 - 17 - 30 - 34 - 42 - 55 - 68 - 73;20 - 22 - 27 - 30 - 43 - 49 - 51 - 80 - 84 - 90;;;;
30899;DISPONIBLE;10 - 20 - 32 - 55 - 67 - 68 - 75 - 81 - 84 - 86;03 - 04 - 17 - 25 - 27 - 52 - 63 - 66 - 69 - 77;;;;
30900;DISPONIBLE;07 - 21 - 25 - 32 - 35 - 39 - 52 - 57 - 68 - 74;05 - 11 - 16 - 17 - 18 - 33 - 49 - 70 - 81 - 88;;;;
30901;DISPONIBLE;11 - 13 - 16 - 19 - 26 - 59 - 69 - 78 - 79 - 85;01 - 03 - 23 - 36 - 41 - 47 - 70 - 79 - 83 - 88;;;;
30902;DISPONIBLE;10 - 30 - 34 - 37 - 41 - 57 - 67 - 76 - 84 - 86;10 - 15 - 23 - 34 - 46 - 60 - 62 - 73 - 78 - 83;;;;
30903;DISPONIBLE;06 - 08 - 10 - 28 - 34 - 39 - 41 - 60 - 72 - 76;03 - 11 - 18 - 34 - 47 - 51 - 53 - 60 - 65 - 70;;;;
30904;DISPONIBLE;04 - 25 - 28 - 33 - 35 - 37 - 47 - 63 - 83 - 88;02 - 16 - 18 - 27 - 28 - 36 - 51 - 63 - 77 - 81;;;;
30905;DISPONIBLE;12 - 13 - 20 - 39 - 42 - 53 - 65 - 72 - 78 - 87;11 - 28 - 33 - 37 - 42 - 52 - 71 - 72 - 76 - 87;;;;
30906;DISPONIBLE;07 - 12 - 25 - 35 - 41 - 52 - 68 - 72 - 75 - 80;02 - 05 - 09 - 30 - 32 - 40 - 41 - 49 - 54 - 60;;;;
30907;DISPONIBLE;11 - 18 - 20 - 36 - 37 - 53 - 69 - 84 - 86 - 90;23 - 24 - 28 - 46 - 57 - 60 - 72 - 73 - 82 - 89;;;;
30908;DISPONIBLE;15 - 17 - 21 - 24 - 42 - 43 - 64 - 78 - 83 - 85;04 - 06 - 14 - 31 - 56 - 57 - 59 - 64 - 70 - 90;;;;
30909;DISPONIBLE;08 - 20 - 33 - 44 - 46 - 47 - 76 - 81 - 83 - 90;06 - 18 - 21 - 22 - 25 - 32 - 33 - 42 - 56 - 76;;;;
30910;DISPONIBLE;04 - 14 - 22 - 35 - 49 - 68 - 80 - 81 - 82 - 86;09 - 17 - 20 - 39 - 42 - 49 - 50 - 60 - 62 - 78;;;;
30911;DISPONIBLE;03 - 18 - 21 - 32 - 53 - 56 - 69 - 70 - 71 - 76;03 - 09 - 12 - 17 - 33 - 49 - 54 - 56 - 59 - 63;;;;
30912;DISPONIBLE;20 - 21 - 28 - 33 - 46 - 48 - 59 - 63 - 74 - 83;08 - 09 - 40 - 57 - 65 - 67 - 70 - 80 - 83 - 88;;;;
30913;DISPONIBLE;03 - 28 - 32 - 53 - 70 - 72 - 79 - 83 - 87 - 90;17 - 38 - 43 - 46 - 53 - 57 - 60 - 65 - 74 - 76;;;;
30914;DISPONIBLE;08 - 23 - 35 - 44 - 53 - 54 - 55 - 62 - 72 - 76;05 - 09 - 17 - 26 - 31 - 43 - 59 - 65 - 68 - 73;;;;
30915;DISPONIBLE;04 - 14 - 26 - 28 - 30 - 36 - 56 - 63 - 75 - 85;13 - 17 - 18 - 23 - 25 - 31 - 37 - 49 - 81 - 86;;;;
30916;DISPONIBLE;18 - 26 - 28 - 32 - 42 - 56 - 58 - 71 - 72 - 87;07 - 08 - 17 - 23 - 25 - 36 - 65 - 71 - 72 - 73;;;;
30917;DISPONIBLE;26 - 28 - 48 - 56 - 61 - 71 - 80 - 84 - 88 - 90;24 - 33 - 34 - 50 - 53 - 61 - 70 - 74 - 81 - 86;;;;
30918;DISPONIBLE;03 - 05 - 12 - 30 - 38 - 43 - 44 - 62 - 63 - 71;09 - 12 - 24 - 31 - 32 - 36 - 47 - 53 - 67 - 76;;;;
30919;DISPONIBLE;08 - 09 - 25 - 27 - 52 - 68 - 69 - 78 - 88 - 89;23 - 25 - 29 - 46 - 48 - 55 - 64 - 65 - 66 - 72;;;;
30920;DISPONIBLE;07 - 19 - 32 - 41 - 45 - 54 - 75 - 78 - 82 - 83;09 - 14 - 18 - 27 - 30 - 31 - 44 - 69 - 70 - 87;;;;
30921;DISPONIBLE;10 - 15 - 17 - 36 - 38 - 58 - 68 - 72 - 77 - 85;13 - 22 - 43 - 44 - 53 - 59 - 63 - 83 - 84 - 88;;;;
30922;DISPONIBLE;02 - 04 - 21 - 31 - 44 - 50 - 59 - 71 - 73 - 82;03 - 15 - 26 - 33 - 36 - 38 - 68 - 73 - 88 - 89;;;;
30923;DISPONIBLE;17 - 43 - 44 - 55 - 60 - 62 - 65 - 81 - 89 - 90;06 - 26 - 28 - 46 - 47 - 50 - 51 - 56 - 64 - 76;;;;
30924;DISPONIBLE;12 - 13 - 25 - 29 - 37 - 39 - 48 - 51 - 55 - 69;02 - 04 - 36 - 41 - 42 - 43 - 45 - 54 - 60 - 66;;;;
30925;DISPONIBLE;13 - 14 - 18 - 27 - 31 - 45 - 68 - 80 - 81 - 87;07 - 09 - 26 - 30 - 36 - 37 - 64 - 74 - 87 - 88;;;;
30926;DISPONIBLE;05 - 07 - 10 - 18 - 23 - 24 - 57 - 61 - 74 - 82;01 - 20 - 23 - 26 - 39 - 43 - 47 - 71 - 73 - 77;;;;
30927;DISPONIBLE;02 - 06 - 16 - 22 - 32 - 33 - 45 - 53 - 56 - 84;08 - 09 - 27 - 35 - 44 - 46 - 54 - 68 - 69 - 88;;;;
30928;DISPONIBLE;05 - 27 - 29 - 30 - 38 - 39 - 53 - 71 - 79 - 85;02 - 14 - 18 - 19 - 51 - 53 - 59 - 60 - 74 - 88;;;;
30929;DISPONIBLE;16 - 20 - 21 - 29 - 36 - 42 - 55 - 62 - 66 - 67;02 - 07 - 25 - 31 - 53 - 54 - 62 - 69 - 71 - 78;;;;
30930;DISPONIBLE;08 - 13 - 26 - 29 - 42 - 67 - 73 - 75 - 81 - 88;13 - 31 - 33 - 40 - 46 - 55 - 61 - 81 - 83 - 84;;;;
30931;DISPONIBLE;01 - 09 - 10 - 12 - 41 - 54 - 59 - 62 - 65 - 75;14 - 24 - 32 - 38 - 41 - 48 - 56 - 68 - 84 - 87;;;;
30932;DISPONIBLE;05 - 10 - 17 - 21 - 22 - 27 - 41 - 48 - 56 - 63;14 - 20 - 25 - 41 - 47 - 70 - 77 - 80 - 84 - 89;;;;
30933;DISPONIBLE;05 - 10 - 20 - 21 - 31 - 47 - 55 - 72 - 81 - 84;07 - 13 - 26 - 30 - 35 - 43 - 57 - 58 - 64 - 80;;;;
30934;DISPONIBLE;01 - 10 - 12 - 16 - 25 - 32 - 34 - 38 - 45 - 55;22 - 23 - 33 - 46 - 70 - 73 - 75 - 77 - 81 - 86;;;;
30935;DISPONIBLE;08 - 32 - 52 - 73 - 75 - 78 - 82 - 85 - 89 - 90;05 - 10 - 29 - 48 - 49 - 54 - 56 - 60 - 71 - 89;;;;
30936;DISPONIBLE;07 - 23 - 29 - 31 - 35 - 62 - 66 - 75 - 87 - 90;01 - 14 - 47 - 52 - 59 - 60 - 68 - 83 - 86 - 88;;;;
30937;DISPONIBLE;03 - 08 - 11 - 13 - 15 - 34 - 42 - 56 - 69 - 75;17 - 36 - 44 - 54 - 55 - 56 - 65 - 69 - 87 - 90;;;;
30938;DISPONIBLE;07 - 08 - 58 - 60 - 61 - 72 - 76 - 78 - 81 - 84;08 - 09 - 25 - 26 - 39 - 67 - 74 - 77 - 81 - 87;;;;
30939;DISPONIBLE;10 - 22 - 23 - 28 - 47 - 51 - 57 - 66 - 73 - 86;37 - 39 - 41 - 42 - 58 - 60 - 72 - 75 - 78 - 89;;;;
30940;DISPONIBLE;05 - 06 - 09 - 18 - 38 - 39 - 41 - 51 - 80 - 90;03 - 11 - 20 - 24 - 25 - 28 - 45 - 50 - 61 - 80;;;;
30941;DISPONIBLE;17 - 19 - 36 - 37 - 42 - 52 - 53 - 65 - 66 - 89;21 - 27 - 34 - 35 - 51 - 63 - 77 - 78 - 79 - 80;;;;
30942;DISPONIBLE;01 - 12 - 18 - 19 - 43 - 53 - 62 - 75 - 84 - 89;01 - 13 - 14 - 17 - 20 - 25 - 66 - 69 - 77 - 79;;;;
30943;DISPONIBLE;12 - 19 - 24 - 35 - 39 - 44 - 49 - 75 - 81 - 86;08 - 13 - 18 - 34 - 38 - 40 - 41 - 53 - 63 - 87;;;;
30944;DISPONIBLE;01 - 12 - 15 - 22 - 34 - 55 - 58 - 66 - 68 - 90;02 - 09 - 14 - 29 - 47 - 56 - 61 - 62 - 64 - 76;;;;
30945;DISPONIBLE;12 - 26 - 27 - 31 - 37 - 45 - 68 - 70 - 71 - 81;14 - 17 - 23 - 29 - 42 - 48 - 50 - 63 - 83 - 87;;;;
30946;DISPONIBLE;03 - 12 - 13 - 17 - 59 - 74 - 85 - 86 - 89 - 90;08 - 15 - 19 - 22 - 29 - 50 - 53 - 71 - 78 - 81;;;;
30947;DISPONIBLE;07 - 12 - 14 - 22 - 24 - 47 - 54 - 55 - 69 - 73;26 - 28 - 34 - 38 - 55 - 61 - 77 - 81 - 82 - 90;;;;
30948;DISPONIBLE;02 - 04 - 08 - 10 - 13 - 15 - 44 - 45 - 56 - 58;11 - 16 - 34 - 36 - 49 - 69 - 76 - 79 - 84 - 88;;;;
30949;DISPONIBLE;04 - 09 - 36 - 39 - 47 - 50 - 52 - 55 - 57 - 84;08 - 16 - 20 - 21 - 49 - 51 - 55 - 61 - 68 - 88;;;;
30950;DISPONIBLE;06 - 09 - 18 - 19 - 35 - 42 - 57 - 61 - 83 - 86;03 - 12 - 32 - 51 - 56 - 60 - 69 - 74 - 79 - 85;;;;
30951;DISPONIBLE;05 - 13 - 15 - 39 - 43 - 63 - 64 - 66 - 67 - 71;05 - 06 - 14 - 17 - 19 - 28 - 35 - 38 - 56 - 60;;;;
30952;DISPONIBLE;09 - 10 - 26 - 36 - 43 - 61 - 64 - 77 - 79 - 83;01 - 02 - 21 - 27 - 43 - 44 - 45 - 67 - 68 - 84;;;;
30953;DISPONIBLE;03 - 19 - 38 - 40 - 56 - 59 - 61 - 68 - 72 - 73;04 - 06 - 08 - 26 - 27 - 29 - 34 - 40 - 58 - 63;;;;
30954;DISPONIBLE;07 - 12 - 14 - 23 - 35 - 61 - 65 - 75 - 78 - 86;03 - 37 - 40 - 41 - 45 - 56 - 65 - 74 - 78 - 86;;;;
30955;DISPONIBLE;05 - 25 - 27 - 28 - 31 - 41 - 44 - 51 - 74 - 80;12 - 24 - 39 - 40 - 41 - 54 - 63 - 64 - 76 - 85;;;;
30956;DISPONIBLE;03 - 21 - 24 - 25 - 30 - 34 - 48 - 62 - 68 - 86;18 - 27 - 49 - 52 - 63 - 65 - 67 - 68 - 71 - 72;;;;
30957;DISPONIBLE;06 - 16 - 27 - 34 - 42 - 47 - 49 - 57 - 65 - 77;21 - 27 - 42 - 46 - 47 - 60 - 63 - 75 - 83 - 84;;;;
30958;DISPONIBLE;07 - 17 - 18 - 48 - 66 - 74 - 76 - 80 - 81 - 86;02 - 25 - 28 - 32 - 46 - 63 - 73 - 74 - 79 - 81;;;;
30959;DISPONIBLE;04 - 39 - 43 - 45 - 54 - 58 - 70 - 79 - 84 - 85;30 - 34 - 45 - 46 - 53 - 55 - 57 - 66 - 71 - 74;;;;
30960;DISPONIBLE;04 - 11 - 16 - 25 - 35 - 43 - 46 - 55 - 85 - 86;14 - 19 - 21 - 24 - 42 - 45 - 51 - 54 - 75 - 86;;;;
30961;DISPONIBLE;10 - 43 - 48 - 51 - 53 - 57 - 70 - 73 - 75 - 83;16 - 31 - 41 - 60 - 62 - 68 - 69 - 83 - 85 - 90;;;;
30962;DISPONIBLE;03 - 10 - 12 - 17 - 25 - 31 - 33 - 39 - 60 - 71;06 - 18 - 19 - 36 - 41 - 43 - 55 - 62 - 74 - 86;;;;
30963;DISPONIBLE;11 - 14 - 23 - 33 - 34 - 52 - 58 - 64 - 65 - 90;14 - 17 - 25 - 29 - 46 - 48 - 51 - 53 - 80 - 85;;;;
30964;DISPONIBLE;07 - 09 - 15 - 27 - 31 - 39 - 46 - 47 - 54 - 64;08 - 10 - 13 - 46 - 57 - 58 - 60 - 70 - 84 - 86;;;;
30965;DISPONIBLE;04 - 13 - 30 - 42 - 47 - 58 - 59 - 65 - 73 - 78;15 - 19 - 36 - 38 - 41 - 49 - 74 - 77 - 78 - 84;;;;
30966;DISPONIBLE;14 - 20 - 28 - 31 - 45 - 49 - 60 - 65 - 73 - 77;05 - 13 - 23 - 30 - 31 - 44 - 64 - 68 - 79 - 87;;;;
30967;DISPONIBLE;02 - 12 - 21 - 35 - 44 - 50 - 54 - 73 - 86 - 88;02 - 07 - 23 - 27 - 32 - 35 - 57 - 65 - 77 - 83;;;;
30968;DISPONIBLE;05 - 09 - 26 - 38 - 46 - 47 - 53 - 65 - 71 - 77;02 - 09 - 17 - 41 - 43 - 56 - 62 - 64 - 88 - 89;;;;
30969;DISPONIBLE;07 - 16 - 23 - 29 - 31 - 37 - 50 - 82 - 86 - 89;13 - 18 - 22 - 32 - 35 - 44 - 50 - 59 - 73 - 87;;;;
30970;DISPONIBLE;01 - 22 - 28 - 42 - 56 - 57 - 65 - 69 - 76 - 87;06 - 22 - 23 - 27 - 28 - 32 - 34 - 59 - 81 - 88;;;;
30971;DISPONIBLE;26 - 27 - 28 - 30 - 33 - 63 - 64 - 65 - 79 - 89;02 - 09 - 21 - 25 - 28 - 40 - 42 - 44 - 45 - 73;;;;
30972;DISPONIBLE;13 - 17 - 27 - 43 - 44 - 54 - 57 - 65 - 80 - 86;07 - 09 - 16 - 20 - 35 - 59 - 61 - 63 - 79 - 81;;;;
30973;DISPONIBLE;04 - 05 - 07 - 09 - 35 - 39 - 58 - 60 - 74 - 86;03 - 08 - 19 - 27 - 29 - 55 - 62 - 75 - 76 - 86;;;;
30974;DISPONIBLE;01 - 09 - 18 - 31 - 45 - 69 - 70 - 76 - 77 - 85;04 - 18 - 19 - 27 - 32 - 39 - 42 - 60 - 69 - 83;;;;
30975;DISPONIBLE;01 - 02 - 03 - 26 - 35 - 36 - 50 - 54 - 65 - 67;02 - 14 - 18 - 55 - 60 - 67 - 72 - 76 - 80 - 90;;;;
30976;DISPONIBLE;16 - 18 - 27 - 38 - 47 - 48 - 55 - 58 - 68 - 73;02 - 04 - 11 - 18 - 25 - 47 - 48 - 51 - 83 - 90;;;;
30977;DISPONIBLE;07 - 17 - 18 - 20 - 49 - 67 - 68 - 79 - 85 - 90;42 - 47 - 51 - 63 - 67 - 71 - 77 - 80 - 84 - 86;;;;
30978;DISPONIBLE;17 - 25 - 27 - 41 - 43 - 53 - 63 - 64 - 74 - 81;01 - 12 - 32 - 38 - 41 - 50 - 61 - 65 - 74 - 78;;;;
30979;DISPONIBLE;09 - 14 - 16 - 18 - 25 - 52 - 53 - 67 - 69 - 85;09 - 10 - 21 - 23 - 31 - 43 - 52 - 60 - 67 - 77;;;;
30980;DISPONIBLE;04 - 29 - 33 - 35 - 39 - 52 - 64 - 65 - 73 - 84;06 - 13 - 24 - 42 - 51 - 52 - 53 - 79 - 88 - 90;;;;
30981;DISPONIBLE;04 - 08 - 28 - 44 - 55 - 57 - 64 - 70 - 72 - 82;04 - 14 - 20 - 21 - 22 - 47 - 58 - 78 - 81 - 82;;;;
30982;DISPONIBLE;03 - 06 - 17 - 19 - 37 - 41 - 47 - 55 - 78 - 80;12 - 26 - 35 - 37 - 42 - 49 - 57 - 70 - 80 - 84;;;;
30983;DISPONIBLE;22 - 26 - 48 - 61 - 62 - 63 - 65 - 66 - 67 - 78;17 - 20 - 26 - 28 - 29 - 34 - 45 - 50 - 51 - 88;;;;
30984;DISPONIBLE;04 - 15 - 29 - 31 - 32 - 49 - 52 - 54 - 73 - 82;05 - 11 - 16 - 23 - 25 - 32 - 41 - 53 - 59 - 82;;;;
30985;DISPONIBLE;04 - 32 - 35 - 44 - 46 - 50 - 57 - 60 - 78 - 80;14 - 15 - 42 - 49 - 55 - 62 - 64 - 69 - 71 - 84;;;;
30986;DISPONIBLE;02 - 03 - 05 - 13 - 16 - 17 - 28 - 66 - 78 - 90;01 - 02 - 03 - 38 - 49 - 50 - 53 - 55 - 68 - 83;;;;
30987;DISPONIBLE;05 - 08 - 24 - 36 - 38 - 54 - 61 - 75 - 78 - 80;04 - 13 - 15 - 22 - 26 - 62 - 66 - 68 - 72 - 79;;;;
30988;DISPONIBLE;10 - 33 - 34 - 38 - 39 - 52 - 65 - 76 - 78 - 83;11 - 18 - 36 - 61 - 63 - 64 - 77 - 83 - 85 - 89;;;;
30989;DISPONIBLE;03 - 08 - 16 - 26 - 31 - 37 - 55 - 58 - 68 - 75;15 - 36 - 55 - 59 - 63 - 66 - 76 - 77 - 86 - 88;;;;
30990;DISPONIBLE;02 - 12 - 21 - 40 - 46 - 55 - 67 - 69 - 82 - 88;02 - 17 - 33 - 39 - 45 - 60 - 68 - 78 - 79 - 88;;;;
30991;DISPONIBLE;12 - 17 - 37 - 53 - 56 - 57 - 66 - 78 - 83 - 85;12 - 18 - 19 - 25 - 32 - 54 - 55 - 65 - 71 - 83;;;;
30992;DISPONIBLE;06 - 07 - 18 - 27 - 36 - 56 - 57 - 71 - 74 - 85;02 - 04 - 09 - 17 - 28 - 29 - 50 - 64 - 68 - 84;;;;
30993;DISPONIBLE;06 - 16 - 23 - 35 - 40 - 47 - 53 - 62 - 63 - 69;21 - 25 - 40 - 49 - 57 - 58 - 63 - 64 - 69 - 78;;;;
30994;DISPONIBLE;13 - 18 - 24 - 40 - 42 - 44 - 47 - 62 - 76 - 77;21 - 34 - 38 - 39 - 49 - 51 - 54 - 57 - 75 - 77;;;;
30995;DISPONIBLE;04 - 06 - 15 - 33 - 36 - 41 - 44 - 55 - 58 - 74;01 - 21 - 24 - 28 - 45 - 48 - 61 - 78 - 82 - 84;;;;
30996;DISPONIBLE;04 - 14 - 24 - 36 - 43 - 51 - 52 - 58 - 64 - 84;06 - 10 - 16 - 31 - 39 - 47 - 57 - 59 - 85 - 87;;;;
30997;DISPONIBLE;06 - 18 - 25 - 55 - 56 - 61 - 62 - 72 - 73 - 75;15 - 29 - 30 - 39 - 42 - 54 - 57 - 64 - 81 - 88;;;;
30998;DISPONIBLE;13 - 17 - 22 - 31 - 35 - 38 - 70 - 75 - 82 - 90;27 - 36 - 37 - 38 - 42 - 60 - 71 - 75 - 82 - 90;;;;
30999;DISPONIBLE;19 - 21 - 22 - 37 - 45 - 62 - 63 - 72 - 77 - 84;15 - 27 - 33 - 34 - 45 - 47 - 56 - 66 - 69 - 87;;;;
31000;DISPONIBLE;21 - 39 - 46 - 53 - 54 - 72 - 73 - 74 - 79 - 88;06 - 10 - 12 - 13 - 27 - 63 - 73 - 77 - 80 - 86;;;;
31001;DISPONIBLE;01 - 03 - 19 - 35 - 36 - 41 - 47 - 58 - 60 - 73;10 - 11 - 25 - 26 - 50 - 52 - 63 - 70 - 82 - 83;;;;
31002;DISPONIBLE;06 - 08 - 09 - 11 - 21 - 45 - 49 - 69 - 73 - 89;07 - 08 - 09 - 17 - 29 - 35 - 40 - 48 - 74 - 86;;;;
31003;DISPONIBLE;19 - 20 - 24 - 26 - 27 - 52 - 59 - 75 - 89 - 90;17 - 20 - 27 - 30 - 45 - 54 - 70 - 78 - 79 - 82;;;;
31004;DISPONIBLE;03 - 08 - 21 - 33 - 36 - 39 - 52 - 60 - 62 - 65;08 - 31 - 36 - 37 - 44 - 45 - 58 - 61 - 78 - 88;;;;
31005;DISPONIBLE;04 - 14 - 16 - 25 - 28 - 51 - 59 - 71 - 75 - 90;03 - 10 - 26 - 28 - 32 - 46 - 59 - 63 - 66 - 78;;;;
31006;DISPONIBLE;09 - 21 - 23 - 26 - 33 - 46 - 58 - 81 - 89 - 90;02 - 17 - 42 - 54 - 66 - 75 - 81 - 86 - 88 - 89;;;;
31007;DISPONIBLE;03 - 07 - 24 - 28 - 34 - 36 - 45 - 51 - 68 - 89;14 - 24 - 27 - 38 - 41 - 58 - 62 - 63 - 89 - 90;;;;
31008;DISPONIBLE;03 - 05 - 06 - 26 - 41 - 52 - 74 - 79 - 86 - 87;27 - 36 - 41 - 52 - 55 - 72 - 73 - 74 - 83 - 84;;;;
31009;DISPONIBLE;04 - 28 - 30 - 33 - 44 - 51 - 75 - 79 - 81 - 85;25 - 31 - 32 - 52 - 55 - 60 - 62 - 65 - 67 - 80;;;;
31010;DISPONIBLE;11 - 18 - 33 - 51 - 53 - 64 - 73 - 77 - 78 - 90;02 - 04 - 10 - 16 - 48 - 51 - 55 - 63 - 73 - 80;;;;
31011;DISPONIBLE;04 - 05 - 08 - 28 - 31 - 34 - 63 - 67 - 79 - 90;03 - 06 - 13 - 15 - 38 - 44 - 48 - 52 - 64 - 72;;;;
31012;DISPONIBLE;02 - 06 - 37 - 41 - 44 - 55 - 61 - 65 - 76 - 80;01 - 05 - 07 - 12 - 15 - 26 - 27 - 51 - 69 - 86;;;;
31013;DISPONIBLE;04 - 05 - 07 - 31 - 46 - 69 - 71 - 80 - 86 - 88;24 - 37 - 39 - 46 - 50 - 55 - 56 - 60 - 64 - 86;;;;
31014;DISPONIBLE;01 - 02 - 29 - 36 - 47 - 52 - 57 - 68 - 73 - 74;23 - 26 - 38 - 43 - 48 - 59 - 66 - 69 - 72 - 88;;;;
31015;DISPONIBLE;13 - 15 - 17 - 29 - 37 - 44 - 50 - 53 - 54 - 61;03 - 15 - 37 - 42 - 53 - 54 - 60 - 68 - 72 - 80;;;;
31016;DISPONIBLE;20 - 27 - 31 - 44 - 56 - 59 - 61 - 73 - 87 - 89;06 - 09 - 19 - 37 - 40 - 58 - 61 - 62 - 80 - 90;;;;
31017;DISPONIBLE;16 - 22 - 26 - 27 - 41 - 51 - 57 - 78 - 84 - 88;09 - 11 - 12 - 51 - 56 - 59 - 67 - 70 - 79 - 83;;;;
31018;DISPONIBLE;16 - 17 - 20 - 31 - 50 - 59 - 61 - 78 - 79 - 88;13 - 17 - 28 - 30 - 34 - 47 - 55 - 62 - 75 - 77;;;;
31019;DISPONIBLE;17 - 21 - 22 - 39 - 40 - 45 - 54 - 58 - 69 - 86;02 - 13 - 17 - 19 - 22 - 25 - 56 - 58 - 70 - 76;;;;
31020;DISPONIBLE;05 - 22 - 49 - 51 - 54 - 55 - 58 - 70 - 73 - 78;05 - 10 - 27 - 35 - 36 - 47 - 57 - 62 - 73 - 87;;;;
31021;DISPONIBLE;07 - 16 - 32 - 40 - 53 - 61 - 78 - 79 - 85 - 87;08 - 32 - 39 - 54 - 59 - 62 - 69 - 75 - 86 - 88;;;;
31022;DISPONIBLE;21 - 22 - 23 - 27 - 32 - 56 - 58 - 64 - 66 - 70;04 - 13 - 17 - 50 - 55 - 62 - 70 - 74 - 83 - 85;;;;
31023;DISPONIBLE;14 - 26 - 31 - 34 - 69 - 71 - 83 - 86 - 87 - 89;09 - 39 - 42 - 47 - 48 - 61 - 62 - 73 - 84 - 90;;;;
31024;DISPONIBLE;01 - 06 - 14 - 16 - 20 - 24 - 46 - 64 - 67 - 87;02 - 24 - 25 - 26 - 34 - 37 - 50 - 58 - 63 - 85;;;;
31025;DISPONIBLE;09 - 14 - 18 - 21 - 29 - 40 - 43 - 48 - 63 - 85;03 - 17 - 21 - 28 - 33 - 44 - 50 - 60 - 70 - 77;;;;
31026;DISPONIBLE;02 - 06 - 10 - 16 - 28 - 39 - 40 - 44 - 63 - 82;11 - 17 - 21 - 24 - 31 - 32 - 35 - 69 - 76 - 89;;;;
31027;DISPONIBLE;02 - 06 - 11 - 16 - 52 - 63 - 71 - 73 - 78 - 88;05 - 07 - 10 - 34 - 51 - 63 - 69 - 75 - 78 - 87;;;;
31028;DISPONIBLE;04 - 27 - 38 - 41 - 43 - 70 - 71 - 84 - 88 - 90;01 - 03 - 14 - 15 - 18 - 44 - 52 - 71 - 83 - 86;;;;
31029;DISPONIBLE;30 - 31 - 32 - 37 - 42 - 54 - 56 - 64 - 76 - 79;13 - 24 - 30 - 40 - 45 - 47 - 53 - 61 - 70 - 81;;;;
31030;DISPONIBLE;19 - 24 - 25 - 31 - 32 - 36 - 40 - 47 - 57 - 71;20 - 24 - 29 - 44 - 50 - 52 - 66 - 71 - 73 - 79;;;;
31031;DISPONIBLE;01 - 16 - 21 - 52 - 54 - 55 - 59 - 81 - 85 - 90;29 - 32 - 33 - 42 - 47 - 52 - 55 - 72 - 81 - 89;;;;
31032;DISPONIBLE;07 - 10 - 14 - 17 - 47 - 55 - 62 - 70 - 78 - 79;01 - 07 - 11 - 24 - 46 - 56 - 60 - 74 - 78 - 80;;;;
31033;DISPONIBLE;06 - 16 - 18 - 39 - 42 - 46 - 60 - 67 - 71 - 80;01 - 15 - 30 - 34 - 36 - 58 - 59 - 60 - 61 - 87;;;;
31034;DISPONIBLE;03 - 11 - 26 - 28 - 29 - 32 - 44 - 65 - 67 - 90;25 - 30 - 40 - 57 - 61 - 68 - 73 - 75 - 77 - 85;;;;
31035;DISPONIBLE;23 - 29 - 32 - 35 - 55 - 75 - 84 - 85 - 89 - 90;05 - 06 - 08 - 32 - 47 - 54 - 55 - 59 - 76 - 77;;;;
31036;DISPONIBLE;05 - 10 - 13 - 21 - 22 - 25 - 40 - 68 - 81 - 88;09 - 22 - 25 - 39 - 46 - 53 - 57 - 74 - 76 - 82;;;;
31037;DISPONIBLE;03 - 07 - 17 - 18 - 36 - 46 - 48 - 51 - 70 - 71;13 - 21 - 28 - 33 - 34 - 36 - 45 - 68 - 71 - 86;;;;
31038;DISPONIBLE;09 - 11 - 15 - 24 - 26 - 29 - 69 - 77 - 81 - 86;04 - 11 - 13 - 15 - 17 - 20 - 28 - 37 - 45 - 77;;;;
31039;DISPONIBLE;13 - 20 - 29 - 33 - 39 - 40 - 51 - 59 - 70 - 88;02 - 04 - 05 - 06 - 19 - 33 - 45 - 54 - 71 - 90;;;;
31040;DISPONIBLE;02 - 05 - 20 - 25 - 48 - 49 - 56 - 63 - 68 - 88;22 - 46 - 48 - 60 - 67 - 72 - 76 - 77 - 81 - 89;;;;
31041;DISPONIBLE;11 - 15 - 28 - 29 - 32 - 33 - 37 - 64 - 65 - 72;05 - 08 - 28 - 33 - 36 - 51 - 52 - 54 - 57 - 77;;;;
31042;DISPONIBLE;09 - 17 - 26 - 34 - 40 - 47 - 54 - 59 - 79 - 83;15 - 20 - 21 - 31 - 44 - 46 - 61 - 71 - 78 - 89;;;;
31043;DISPONIBLE;06 - 07 - 11 - 25 - 28 - 64 - 69 - 72 - 84 - 89;15 - 18 - 32 - 33 - 35 - 36 - 38 - 48 - 63 - 72;;;;
31044;DISPONIBLE;07 - 33 - 41 - 68 - 71 - 72 - 79 - 80 - 84 - 87;06 - 10 - 14 - 28 - 40 - 54 - 60 - 68 - 73 - 84;;;;
31045;DISPONIBLE;23 - 31 - 36 - 37 - 44 - 56 - 77 - 84 - 86 - 90;02 - 23 - 27 - 29 - 50 - 58 - 60 - 63 - 74 - 85;;;;
31046;DISPONIBLE;08 - 16 - 24 - 41 - 56 - 57 - 62 - 72 - 79 - 88;01 - 03 - 18 - 26 - 33 - 36 - 37 - 43 - 45 - 48;;;;
31047;DISPONIBLE;05 - 29 - 36 - 41 - 44 - 45 - 50 - 58 - 68 - 85;12 - 14 - 21 - 25 - 33 - 40 - 50 - 55 - 60 - 75;;;;
31048;DISPONIBLE;07 - 08 - 18 - 25 - 32 - 47 - 51 - 62 - 64 - 69;27 - 28 - 30 - 34 - 38 - 48 - 50 - 53 - 61 - 65;;;;
31049;DISPONIBLE;01 - 02 - 07 - 08 - 21 - 45 - 47 - 63 - 72 - 90;18 - 27 - 36 - 38 - 47 - 48 - 52 - 65 - 70 - 88;;;;
31050;DISPONIBLE;13 - 23 - 26 - 47 - 53 - 73 - 78 - 79 - 86 - 88;04 - 15 - 16 - 21 - 22 - 23 - 32 - 40 - 62 - 68;;;;
31051;DISPONIBLE;12 - 15 - 24 - 31 - 37 - 62 - 67 - 81 - 82 - 85;17 - 22 - 26 - 40 - 44 - 60 - 62 - 63 - 69 - 73;;;;
31052;DISPONIBLE;20 - 32 - 33 - 44 - 46 - 53 - 70 - 79 - 83 - 88;20 - 34 - 39 - 42 - 61 - 62 - 63 - 66 - 75 - 84;;;;
31053;DISPONIBLE;13 - 16 - 29 - 32 - 38 - 45 - 69 - 73 - 77 - 78;07 - 21 - 24 - 25 - 31 - 38 - 47 - 50 - 64 - 65;;;;
31054;DISPONIBLE;02 - 04 - 06 - 16 - 40 - 64 - 66 - 69 - 70 - 71;19 - 27 - 51 - 55 - 57 - 71 - 73 - 81 - 82 - 84;;;;
31055;DISPONIBLE;03 - 14 - 34 - 42 - 44 - 52 - 62 - 73 - 82 - 86;08 - 14 - 18 - 47 - 48 - 50 - 51 - 61 - 64 - 69;;;;
31056;DISPONIBLE;01 - 20 - 28 - 29 - 41 - 63 - 72 - 73 - 84 - 86;09 - 10 - 12 - 31 - 57 - 63 - 66 - 77 - 79 - 82;;;;
31057;DISPONIBLE;01 - 13 - 22 - 29 - 49 - 68 - 72 - 80 - 84 - 87;24 - 32 - 35 - 45 - 62 - 63 - 67 - 69 - 76 - 77;;;;
31058;DISPONIBLE;19 - 24 - 32 - 36 - 45 - 61 - 64 - 68 - 70 - 74;16 - 26 - 29 - 35 - 40 - 42 - 57 - 60 - 81 - 85;;;;
31059;DISPONIBLE;08 - 22 - 28 - 31 - 39 - 40 - 54 - 55 - 70 - 82;01 - 14 - 20 - 22 - 24 - 26 - 42 - 59 - 61 - 67;;;;
31060;DISPONIBLE;09 - 17 - 18 - 25 - 27 - 37 - 41 - 55 - 72 - 73;15 - 19 - 24 - 41 - 47 - 55 - 56 - 57 - 73 - 87;;;;
31061;DISPONIBLE;04 - 07 - 08 - 34 - 41 - 46 - 52 - 70 - 73 - 88;18 - 19 - 21 - 27 - 33 - 48 - 50 - 62 - 64 - 78;;;;
31062;DISPONIBLE;02 - 12 - 21 - 27 - 36 - 45 - 46 - 48 - 54 - 65;01 - 03 - 09 - 20 - 34 - 49 - 63 - 73 - 79 - 85;;;;
31063;DISPONIBLE;20 - 23 - 24 - 33 - 34 - 38 - 58 - 64 - 70 - 79;20 - 25 - 36 - 50 - 51 - 57 - 61 - 68 - 82 - 83;;;;
31064;DISPONIBLE;13 - 15 - 26 - 34 - 49 - 56 - 71 - 72 - 73 - 76;04 - 11 - 24 - 43 - 46 - 47 - 52 - 60 - 78 - 85;;;;
31065;DISPONIBLE;20 - 30 - 52 - 63 - 69 - 70 - 72 - 79 - 82 - 90;34 - 37 - 43 - 44 - 45 - 54 - 69 - 77 - 84 - 89;;;;
31066;DISPONIBLE;06 - 18 - 30 - 35 - 47 - 62 - 67 - 69 - 71 - 81;11 - 24 - 26 - 44 - 66 - 68 - 73 - 75 - 83 - 86;;;;
31067;DISPONIBLE;12 - 18 - 27 - 28 - 48 - 49 - 51 - 69 - 81 - 85;04 - 05 - 07 - 25 - 33 - 43 - 49 - 60 - 61 - 78;;;;
31068;DISPONIBLE;02 - 06 - 11 - 14 - 19 - 30 - 40 - 58 - 67 - 89;04 - 06 - 11 - 36 - 43 - 53 - 55 - 63 - 67 - 72;;;;
31069;DISPONIBLE;06 - 19 - 37 - 46 - 56 - 57 - 64 - 65 - 73 - 77;15 - 22 - 25 - 28 - 32 - 41 - 53 - 65 - 66 - 77;;;;
31070;DISPONIBLE;01 - 02 - 03 - 06 - 37 - 41 - 59 - 63 - 77 - 86;03 - 29 - 31 - 35 - 41 - 51 - 69 - 75 - 82 - 85;;;;
31071;DISPONIBLE;04 - 12 - 23 - 25 - 44 - 45 - 69 - 72 - 75 - 90;12 - 13 - 14 - 27 - 28 - 31 - 45 - 53 - 56 - 78;;;;
31072;DISPONIBLE;14 - 15 - 17 - 30 - 31 - 36 - 49 - 50 - 54 - 66;15 - 33 - 34 - 41 - 48 - 49 - 59 - 60 - 67 - 78;;;;
31073;DISPONIBLE;16 - 25 - 27 - 33 - 56 - 69 - 75 - 79 - 84 - 90;15 - 36 - 38 - 39 - 47 - 51 - 60 - 66 - 75 - 80;;;;
31074;DISPONIBLE;02 - 03 - 32 - 37 - 38 - 41 - 66 - 76 - 79 - 87;30 - 31 - 41 - 51 - 56 - 60 - 61 - 78 - 81 - 82;;;;
31075;DISPONIBLE;14 - 16 - 39 - 40 - 43 - 46 - 61 - 62 - 64 - 87;12 - 17 - 26 - 30 - 43 - 49 - 51 - 53 - 54 - 70;;;;
31076;DISPONIBLE;04 - 18 - 27 - 28 - 40 - 43 - 54 - 57 - 66 - 73;03 - 05 - 10 - 13 - 14 - 43 - 50 - 55 - 70 - 81;;;;
31077;DISPONIBLE;07 - 22 - 40 - 43 - 53 - 60 - 62 - 65 - 78 - 79;08 - 09 - 11 - 19 - 28 - 55 - 59 - 71 - 76 - 79;;;;
31078;DISPONIBLE;08 - 09 - 20 - 31 - 46 - 68 - 72 - 73 - 74 - 86;18 - 34 - 40 - 58 - 64 - 66 - 68 - 74 - 78 - 90;;;;
31079;DISPONIBLE;21 - 25 - 27 - 35 - 49 - 59 - 67 - 74 - 79 - 81;02 - 03 - 09 - 13 - 41 - 42 - 67 - 75 - 76 - 82;;;;
31080;DISPONIBLE;01 - 05 - 12 - 15 - 30 - 59 - 60 - 70 - 85 - 90;06 - 08 - 25 - 27 - 31 - 45 - 67 - 73 - 87 - 89;;;;
31081;DISPONIBLE;14 - 19 - 29 - 45 - 48 - 61 - 64 - 75 - 77 - 85;21 - 22 - 42 - 55 - 63 - 65 - 66 - 68 - 79 - 89;;;;
31082;DISPONIBLE;06 - 30 - 33 - 46 - 65 - 72 - 73 - 74 - 79 - 81;03 - 14 - 22 - 44 - 49 - 52 - 57 - 58 - 89 - 90;;;;
31083;DISPONIBLE;13 - 23 - 25 - 32 - 35 - 42 - 46 - 59 - 87 - 89;25 - 32 - 46 - 54 - 55 - 56 - 60 - 65 - 78 - 82;;;;
31084;DISPONIBLE;07 - 15 - 34 - 46 - 51 - 66 - 68 - 72 - 79 - 80;25 - 33 - 35 - 49 - 60 - 65 - 69 - 73 - 75 - 90;;;;
31085;DISPONIBLE;04 - 11 - 29 - 32 - 45 - 51 - 57 - 74 - 77 - 88;22 - 27 - 32 - 35 - 51 - 52 - 55 - 59 - 76 - 81;;;;
31086;DISPONIBLE;15 - 26 - 39 - 43 - 51 - 52 - 54 - 56 - 59 - 76;04 - 19 - 28 - 30 - 46 - 48 - 53 - 59 - 65 - 90;;;;
31087;DISPONIBLE;04 - 09 - 23 - 38 - 44 - 47 - 50 - 55 - 56 - 87;07 - 13 - 14 - 16 - 28 - 29 - 44 - 59 - 69 - 89;;;;
31088;DISPONIBLE;04 - 10 - 23 - 30 - 34 - 48 - 55 - 63 - 84 - 86;05 - 07 - 15 - 17 - 32 - 38 - 46 - 57 - 62 - 83;;;;
31089;DISPONIBLE;10 - 21 - 38 - 43 - 44 - 57 - 60 - 65 - 67 - 79;34 - 39 - 41 - 43 - 47 - 57 - 64 - 71 - 78 - 82;;;;
31090;DISPONIBLE;01 - 04 - 13 - 20 - 34 - 41 - 50 - 51 - 52 - 56;02 - 14 - 28 - 38 - 41 - 47 - 56 - 57 - 60 - 81;;;;
31091;DISPONIBLE;10 - 19 - 21 - 27 - 35 - 40 - 49 - 55 - 74 - 77;08 - 09 - 37 - 48 - 59 - 70 - 74 - 77 - 81 - 82;;;;
31092;DISPONIBLE;05 - 16 - 26 - 31 - 33 - 35 - 53 - 58 - 63 - 66;14 - 39 - 45 - 46 - 48 - 52 - 54 - 57 - 58 - 72;;;;
31093;DISPONIBLE;02 - 08 - 26 - 32 - 43 - 46 - 60 - 66 - 88 - 90;02 - 05 - 10 - 33 - 43 - 58 - 59 - 76 - 82 - 88;;;;
31094;DISPONIBLE;03 - 09 - 13 - 16 - 17 - 36 - 51 - 52 - 64 - 85;03 - 08 - 16 - 18 - 39 - 55 - 58 - 66 - 83 - 89;;;;
31095;DISPONIBLE;05 - 11 - 12 - 52 - 61 - 62 - 64 - 70 - 77 - 85;03 - 20 - 40 - 50 - 61 - 64 - 68 - 71 - 73 - 77;;;;
31096;DISPONIBLE;10 - 11 - 12 - 24 - 33 - 37 - 41 - 53 - 77 - 79;06 - 09 - 30 - 32 - 37 - 41 - 52 - 63 - 74 - 78;;;;
31097;DISPONIBLE;09 - 11 - 23 - 31 - 53 - 55 - 65 - 66 - 80 - 88;03 - 05 - 13 - 18 - 21 - 33 - 57 - 59 - 60 - 90;;;;
31098;DISPONIBLE;07 - 08 - 09 - 16 - 23 - 27 - 35 - 44 - 46 - 75;03 - 08 - 13 - 17 - 27 - 39 - 65 - 66 - 69 - 87;;;;
31099;DISPONIBLE;12 - 20 - 28 - 31 - 34 - 43 - 44 - 51 - 53 - 60;03 - 05 - 06 - 14 - 30 - 50 - 52 - 54 - 59 - 87;;;;
31100;DISPONIBLE;48 - 53 - 54 - 59 - 62 - 66 - 71 - 74 - 75 - 89;06 - 29 - 43 - 50 - 63 - 79 - 80 - 81 - 82 - 90;;;;
31101;DISPONIBLE;04 - 10 - 13 - 14 - 36 - 47 - 60 - 65 - 81 - 89;08 - 15 - 16 - 28 - 48 - 56 - 61 - 69 - 85 - 90;;;;
31102;DISPONIBLE;05 - 36 - 39 - 47 - 60 - 66 - 68 - 71 - 72 - 82;07 - 13 - 24 - 30 - 45 - 53 - 64 - 69 - 71 - 88;;;;
31103;DISPONIBLE;33 - 43 - 45 - 47 - 52 - 69 - 72 - 73 - 76 - 88;08 - 23 - 33 - 34 - 52 - 55 - 66 - 67 - 76 - 85;;;;
31104;DISPONIBLE;05 - 09 - 33 - 48 - 49 - 79 - 81 - 83 - 84 - 88;07 - 16 - 24 - 27 - 44 - 46 - 56 - 60 - 64 - 86;;;;
31105;DISPONIBLE;05 - 11 - 21 - 23 - 29 - 46 - 55 - 62 - 71 - 80;13 - 23 - 27 - 38 - 48 - 72 - 73 - 74 - 76 - 80;;;;
31106;DISPONIBLE;09 - 12 - 21 - 27 - 29 - 35 - 47 - 48 - 54 - 57;03 - 13 - 14 - 33 - 34 - 36 - 61 - 62 - 71 - 78;;;;
31107;DISPONIBLE;12 - 13 - 16 - 18 - 27 - 37 - 40 - 56 - 59 - 83;19 - 42 - 44 - 50 - 58 - 62 - 66 - 76 - 83 - 89;;;;
31108;DISPONIBLE;02 - 31 - 35 - 42 - 47 - 58 - 61 - 74 - 79 - 80;02 - 37 - 40 - 64 - 72 - 77 - 78 - 81 - 82 - 88;;;;
31109;DISPONIBLE;04 - 07 - 09 - 21 - 22 - 25 - 52 - 57 - 60 - 79;16 - 18 - 22 - 29 - 31 - 50 - 56 - 81 - 87 - 89;;;;
31110;DISPONIBLE;14 - 29 - 32 - 43 - 44 - 51 - 58 - 66 - 74 - 76;18 - 23 - 28 - 32 - 37 - 39 - 53 - 62 - 68 - 89;;;;
31111;DISPONIBLE;03 - 10 - 14 - 23 - 30 - 32 - 37 - 48 - 61 - 90;03 - 32 - 34 - 38 - 49 - 51 - 63 - 69 - 79 - 87;;;;
31112;DISPONIBLE;08 - 21 - 25 - 32 - 38 - 59 - 64 - 71 - 74 - 76;03 - 08 - 10 - 16 - 43 - 57 - 65 - 86 - 88 - 90;;;;
31113;DISPONIBLE;11 - 12 - 21 - 31 - 34 - 39 - 44 - 64 - 65 - 77;21 - 26 - 34 - 35 - 43 - 56 - 68 - 72 - 84 - 86;;;;
31114;DISPONIBLE;11 - 22 - 27 - 29 - 36 - 46 - 47 - 70 - 83 - 88;03 - 15 - 20 - 37 - 48 - 49 - 65 - 70 - 81 - 83;;;;
31115;DISPONIBLE;06 - 09 - 17 - 23 - 71 - 75 - 77 - 85 - 86 - 89;07 - 15 - 33 - 38 - 44 - 50 - 58 - 80 - 82 - 88;;;;
31116;DISPONIBLE;13 - 22 - 23 - 24 - 29 - 56 - 57 - 69 - 80 - 86;02 - 04 - 13 - 22 - 29 - 46 - 48 - 50 - 62 - 65;;;;
31117;DISPONIBLE;21 - 26 - 43 - 51 - 52 - 56 - 66 - 73 - 77 - 90;06 - 18 - 31 - 37 - 46 - 48 - 50 - 53 - 86 - 89;;;;
31118;DISPONIBLE;14 - 17 - 22 - 36 - 44 - 45 - 48 - 57 - 83 - 84;13 - 19 - 21 - 36 - 46 - 63 - 77 - 79 - 82 - 87;;;;
31119;DISPONIBLE;08 - 11 - 15 - 17 - 40 - 47 - 49 - 62 - 66 - 87;10 - 14 - 24 - 39 - 40 - 43 - 53 - 72 - 74 - 84;;;;
31120;DISPONIBLE;01 - 23 - 38 - 43 - 50 - 58 - 59 - 64 - 74 - 90;05 - 13 - 28 - 29 - 59 - 63 - 64 - 68 - 71 - 81;;;;
31121;DISPONIBLE;03 - 04 - 12 - 17 - 35 - 47 - 50 - 61 - 77 - 79;04 - 05 - 06 - 17 - 24 - 35 - 38 - 42 - 75 - 87;;;;
31122;DISPONIBLE;04 - 09 - 14 - 25 - 33 - 37 - 44 - 58 - 72 - 84;07 - 08 - 14 - 15 - 25 - 28 - 44 - 51 - 66 - 69;;;;
31123;DISPONIBLE;02 - 03 - 12 - 19 - 23 - 30 - 34 - 52 - 55 - 67;19 - 26 - 32 - 36 - 44 - 48 - 55 - 56 - 86 - 89;;;;
31124;DISPONIBLE;01 - 03 - 29 - 33 - 43 - 45 - 59 - 83 - 84 - 90;10 - 26 - 31 - 33 - 35 - 52 - 60 - 63 - 66 - 87;;;;
31125;DISPONIBLE;03 - 04 - 15 - 27 - 30 - 50 - 62 - 67 - 68 - 86;38 - 49 - 50 - 54 - 59 - 65 - 68 - 72 - 73 - 90;;;;
31126;DISPONIBLE;08 - 13 - 31 - 44 - 45 - 51 - 54 - 59 - 70 - 71;04 - 11 - 23 - 27 - 35 - 37 - 64 - 76 - 77 - 86;;;;
31127;DISPONIBLE;02 - 20 - 28 - 34 - 38 - 44 - 47 - 74 - 84 - 90;17 - 23 - 27 - 46 - 59 - 65 - 73 - 75 - 78 - 87;;;;
31128;DISPONIBLE;04 - 08 - 11 - 29 - 31 - 47 - 56 - 69 - 80 - 88;08 - 13 - 16 - 26 - 44 - 45 - 60 - 73 - 78 - 86;;;;
31129;DISPONIBLE;10 - 11 - 23 - 28 - 52 - 58 - 63 - 64 - 79 - 80;04 - 09 - 22 - 41 - 48 - 53 - 75 - 80 - 85 - 90;;;;
31130;DISPONIBLE;02 - 04 - 13 - 17 - 28 - 39 - 46 - 58 - 84 - 86;08 - 35 - 36 - 49 - 51 - 66 - 75 - 78 - 79 - 84;;;;
31131;DISPONIBLE;02 - 05 - 12 - 45 - 49 - 59 - 68 - 70 - 71 - 73;12 - 15 - 16 - 20 - 23 - 43 - 56 - 71 - 78 - 80;;;;
31132;DISPONIBLE;13 - 24 - 47 - 55 - 59 - 66 - 68 - 69 - 81 - 87;20 - 36 - 42 - 47 - 61 - 66 - 76 - 77 - 78 - 79;;;;
31133;DISPONIBLE;13 - 25 - 28 - 47 - 57 - 58 - 72 - 77 - 80 - 82;04 - 24 - 25 - 40 - 44 - 53 - 61 - 63 - 64 - 78;;;;
31134;DISPONIBLE;18 - 23 - 26 - 33 - 38 - 45 - 64 - 65 - 71 - 84;11 - 12 - 31 - 34 - 36 - 53 - 69 - 74 - 83 - 88;;;;
31135;DISPONIBLE;23 - 26 - 33 - 34 - 36 - 40 - 42 - 54 - 63 - 81;19 - 22 - 30 - 35 - 42 - 44 - 45 - 55 - 76 - 88;;;;
31136;DISPONIBLE;09 - 36 - 40 - 47 - 53 - 57 - 63 - 70 - 77 - 84;04 - 23 - 30 - 36 - 53 - 56 - 57 - 71 - 84 - 86;;;;
31137;DISPONIBLE;02 - 08 - 09 - 11 - 25 - 40 - 48 - 50 - 53 - 68;10 - 12 - 22 - 27 - 43 - 66 - 80 - 82 - 83 - 90;;;;
31138;DISPONIBLE;09 - 12 - 32 - 34 - 38 - 44 - 48 - 61 - 71 - 80;07 - 18 - 19 - 44 - 46 - 50 - 55 - 64 - 86 - 90;;;;
31139;DISPONIBLE;02 - 03 - 20 - 27 - 33 - 36 - 39 - 55 - 62 - 86;09 - 17 - 21 - 27 - 31 - 37 - 45 - 46 - 64 - 72;;;;
31140;DISPONIBLE;08 - 18 - 21 - 28 - 42 - 57 - 60 - 62 - 68 - 81;14 - 18 - 20 - 30 - 31 - 40 - 45 - 53 - 56 - 58;;;;
31141;DISPONIBLE;13 - 20 - 31 - 42 - 55 - 63 - 68 - 71 - 78 - 86;04 - 07 - 24 - 30 - 34 - 40 - 59 - 61 - 65 - 76;;;;
31142;DISPONIBLE;05 - 22 - 28 - 33 - 35 - 46 - 55 - 61 - 64 - 90;02 - 04 - 06 - 11 - 30 - 33 - 38 - 47 - 63 - 66;;;;
31143;DISPONIBLE;04 - 19 - 21 - 28 - 30 - 42 - 62 - 67 - 70 - 84;19 - 21 - 28 - 32 - 37 - 44 - 46 - 53 - 62 - 67;;;;
31144;DISPONIBLE;06 - 08 - 13 - 19 - 25 - 36 - 52 - 55 - 75 - 79;04 - 19 - 32 - 34 - 40 - 43 - 46 - 51 - 64 - 80;;;;
31145;DISPONIBLE;14 - 24 - 25 - 32 - 33 - 45 - 58 - 76 - 81 - 82;05 - 17 - 27 - 28 - 42 - 48 - 58 - 60 - 63 - 89;;;;
31146;DISPONIBLE;11 - 23 - 37 - 41 - 43 - 44 - 53 - 63 - 72 - 75;13 - 17 - 29 - 37 - 48 - 50 - 67 - 75 - 78 - 85;;;;
31147;DISPONIBLE;05 - 35 - 41 - 51 - 73 - 77 - 79 - 81 - 83 - 90;05 - 13 - 14 - 16 - 35 - 41 - 42 - 43 - 52 - 75;;;;
31148;DISPONIBLE;04 - 06 - 09 - 26 - 30 - 32 - 33 - 35 - 45 - 74;35 - 45 - 63 - 64 - 67 - 72 - 76 - 77 - 82 - 89;;;;
31149;DISPONIBLE;03 - 18 - 23 - 34 - 39 - 47 - 48 - 56 - 60 - 83;09 - 15 - 34 - 42 - 45 - 48 - 53 - 68 - 70 - 78;;;;
31150;DISPONIBLE;05 - 22 - 29 - 34 - 35 - 36 - 37 - 50 - 54 - 63;10 - 14 - 15 - 32 - 38 - 46 - 57 - 65 - 76 - 86;;;;
31151;DISPONIBLE;14 - 22 - 25 - 44 - 77 - 81 - 83 - 85 - 87 - 90;03 - 04 - 07 - 30 - 33 - 36 - 63 - 64 - 72 - 83;;;;
31152;DISPONIBLE;08 - 09 - 22 - 34 - 37 - 42 - 48 - 49 - 63 - 75;21 - 27 - 30 - 31 - 33 - 37 - 71 - 72 - 75 - 86;;;;
31153;DISPONIBLE;02 - 11 - 14 - 15 - 16 - 31 - 48 - 55 - 84 - 87;02 - 33 - 41 - 64 - 66 - 70 - 73 - 85 - 86 - 90;;;;
31154;DISPONIBLE;01 - 04 - 12 - 18 - 19 - 47 - 49 - 51 - 61 - 65;26 - 27 - 38 - 43 - 44 - 47 - 50 - 55 - 84 - 85;;;;
31155;DISPONIBLE;02 - 28 - 30 - 35 - 45 - 47 - 67 - 70 - 75 - 80;01 - 03 - 15 - 26 - 31 - 34 - 37 - 76 - 80 - 87;;;;
31156;DISPONIBLE;28 - 38 - 39 - 40 - 41 - 46 - 54 - 61 - 63 - 82;13 - 25 - 43 - 45 - 46 - 50 - 51 - 54 - 62 - 67;;;;
31157;DISPONIBLE;03 - 06 - 13 - 16 - 17 - 36 - 42 - 57 - 59 - 72;25 - 26 - 27 - 37 - 38 - 54 - 57 - 61 - 69 - 82;;;;
31158;DISPONIBLE;05 - 08 - 15 - 21 - 43 - 62 - 67 - 71 - 73 - 79;03 - 17 - 26 - 28 - 29 - 37 - 56 - 71 - 78 - 87;;;;
31159;DISPONIBLE;09 - 12 - 19 - 29 - 30 - 40 - 45 - 71 - 73 - 78;03 - 10 - 14 - 35 - 45 - 46 - 56 - 73 - 75 - 77;;;;
31160;DISPONIBLE;01 - 05 - 27 - 28 - 32 - 34 - 56 - 65 - 73 - 88;16 - 25 - 31 - 34 - 35 - 58 - 65 - 78 - 81 - 85;;;;
31161;DISPONIBLE;19 - 34 - 36 - 59 - 62 - 68 - 70 - 76 - 82 - 84;05 - 19 - 29 - 37 - 42 - 51 - 53 - 59 - 69 - 72;;;;
31162;DISPONIBLE;07 - 12 - 16 - 23 - 39 - 58 - 69 - 74 - 86 - 88;02 - 19 - 22 - 23 - 24 - 26 - 28 - 35 - 41 - 64;;;;
31163;DISPONIBLE;01 - 25 - 30 - 42 - 46 - 48 - 51 - 57 - 60 - 75;09 - 11 - 16 - 23 - 24 - 25 - 39 - 50 - 53 - 60;;;;
31164;DISPONIBLE;06 - 11 - 13 - 37 - 45 - 48 - 57 - 58 - 71 - 81;02 - 04 - 15 - 20 - 28 - 40 - 52 - 58 - 60 - 73;;;;
31165;DISPONIBLE;23 - 42 - 44 - 54 - 57 - 65 - 71 - 78 - 82 - 89;03 - 07 - 20 - 46 - 48 - 68 - 72 - 85 - 89 - 90;;;;
31166;DISPONIBLE;16 - 25 - 31 - 32 - 47 - 55 - 72 - 75 - 76 - 87;21 - 28 - 31 - 42 - 44 - 69 - 73 - 79 - 85 - 90;;;;
31167;DISPONIBLE;05 - 31 - 32 - 37 - 38 - 41 - 44 - 69 - 74 - 89;02 - 09 - 16 - 19 - 25 - 34 - 54 - 66 - 86 - 89;;;;
31168;DISPONIBLE;01 - 10 - 11 - 13 - 22 - 32 - 36 - 47 - 55 - 66;07 - 08 - 31 - 35 - 38 - 43 - 47 - 51 - 82 - 87;;;;
31169;DISPONIBLE;04 - 22 - 36 - 41 - 43 - 48 - 49 - 62 - 73 - 81;15 - 19 - 26 - 38 - 50 - 70 - 77 - 80 - 87 - 88;;;;
31170;DISPONIBLE;02 - 08 - 09 - 29 - 35 - 54 - 66 - 73 - 79 - 85;06 - 08 - 12 - 33 - 46 - 48 - 53 - 75 - 78 - 88;;;;
31171;DISPONIBLE;08 - 11 - 12 - 26 - 29 - 35 - 64 - 71 - 79 - 83;17 - 30 - 31 - 35 - 46 - 49 - 51 - 60 - 61 - 70;;;;
31172;DISPONIBLE;01 - 29 - 32 - 53 - 71 - 76 - 78 - 80 - 82 - 85;02 - 10 - 23 - 32 - 43 - 55 - 56 - 59 - 86 - 90;;;;
31173;DISPONIBLE;09 - 28 - 30 - 37 - 43 - 48 - 55 - 67 - 74 - 75;12 - 19 - 27 - 29 - 34 - 39 - 44 - 59 - 63 - 89;;;;
31174;DISPONIBLE;05 - 07 - 21 - 23 - 29 - 64 - 79 - 82 - 88 - 89;11 - 26 - 29 - 30 - 32 - 35 - 37 - 39 - 47 - 56;;;;
31175;DISPONIBLE;06 - 34 - 35 - 43 - 44 - 46 - 53 - 58 - 72 - 78;17 - 47 - 52 - 60 - 61 - 62 - 75 - 79 - 80 - 82;;;;
31176;DISPONIBLE;12 - 30 - 43 - 49 - 66 - 68 - 70 - 73 - 74 - 85;09 - 13 - 17 - 25 - 43 - 52 - 57 - 68 - 78 - 82;;;;
31177;DISPONIBLE;21 - 30 - 32 - 40 - 41 - 48 - 66 - 71 - 76 - 84;02 - 24 - 32 - 33 - 36 - 72 - 75 - 79 - 88 - 90;;;;
31178;DISPONIBLE;03 - 21 - 68 - 69 - 70 - 71 - 72 - 73 - 81 - 87;01 - 08 - 22 - 42 - 45 - 46 - 57 - 66 - 75 - 84;;;;
31179;DISPONIBLE;03 - 31 - 37 - 38 - 45 - 49 - 57 - 73 - 74 - 88;01 - 13 - 18 - 37 - 42 - 48 - 56 - 61 - 68 - 87;;;;
31180;DISPONIBLE;08 - 13 - 27 - 30 - 34 - 69 - 72 - 79 - 84 - 85;12 - 15 - 16 - 23 - 25 - 47 - 58 - 63 - 66 - 67;;;;
31181;DISPONIBLE;01 - 08 - 18 - 26 - 35 - 40 - 43 - 58 - 67 - 81;23 - 25 - 27 - 34 - 46 - 58 - 61 - 70 - 74 - 90;;;;
31182;DISPONIBLE;05 - 19 - 28 - 29 - 30 - 47 - 50 - 58 - 61 - 73;05 - 20 - 28 - 30 - 33 - 34 - 62 - 67 - 77 - 83;;;;
31183;DISPONIBLE;24 - 25 - 30 - 48 - 58 - 64 - 74 - 76 - 84 - 88;05 - 06 - 22 - 25 - 31 - 34 - 47 - 75 - 79 - 80;;;;
31184;DISPONIBLE;13 - 26 - 35 - 42 - 44 - 67 - 69 - 81 - 84 - 90;07 - 13 - 17 - 25 - 46 - 57 - 61 - 63 - 69 - 87;;;;
31185;DISPONIBLE;01 - 04 - 06 - 19 - 21 - 22 - 44 - 48 - 67 - 79;05 - 32 - 35 - 48 - 58 - 65 - 72 - 78 - 79 - 83;;;;
31186;DISPONIBLE;02 - 09 - 11 - 16 - 25 - 32 - 40 - 62 - 83 - 89;11 - 12 - 26 - 32 - 33 - 35 - 37 - 54 - 61 - 80;;;;
31187;DISPONIBLE;04 - 14 - 42 - 45 - 46 - 56 - 66 - 69 - 75 - 90;02 - 03 - 18 - 21 - 40 - 54 - 55 - 77 - 80 - 87;;;;
31188;DISPONIBLE;03 - 05 - 06 - 14 - 31 - 36 - 53 - 67 - 86 - 88;04 - 22 - 27 - 37 - 53 - 58 - 65 - 67 - 77 - 89;;;;
31189;DISPONIBLE;12 - 32 - 48 - 52 - 56 - 58 - 64 - 69 - 72 - 88;10 - 19 - 39 - 40 - 54 - 61 - 62 - 68 - 87 - 90;;;;
31190;DISPONIBLE;23 - 29 - 38 - 40 - 46 - 60 - 70 - 76 - 79 - 88;01 - 09 - 21 - 24 - 32 - 34 - 35 - 75 - 76 - 82;;;;
31191;DISPONIBLE;04 - 14 - 16 - 19 - 41 - 46 - 76 - 78 - 84 - 87;07 - 18 - 41 - 51 - 58 - 67 - 72 - 75 - 76 - 85;;;;
31192;DISPONIBLE;06 - 13 - 15 - 19 - 38 - 41 - 56 - 57 - 68 - 86;02 - 06 - 13 - 24 - 29 - 53 - 60 - 61 - 75 - 86;;;;
31193;DISPONIBLE;04 - 14 - 46 - 50 - 51 - 57 - 68 - 81 - 82 - 87;05 - 10 - 27 - 35 - 40 - 53 - 59 - 64 - 71 - 85;;;;
31194;DISPONIBLE;03 - 21 - 23 - 42 - 54 - 58 - 61 - 62 - 66 - 72;03 - 08 - 25 - 29 - 37 - 41 - 44 - 52 - 54 - 79;;;;
31195;DISPONIBLE;11 - 16 - 28 - 36 - 43 - 46 - 56 - 57 - 63 - 79;01 - 03 - 15 - 21 - 24 - 30 - 39 - 50 - 62 - 73;;;;
31196;DISPONIBLE;01 - 07 - 10 - 13 - 16 - 46 - 65 - 69 - 81 - 89;01 - 14 - 23 - 29 - 36 - 37 - 56 - 72 - 76 - 80;;;;
31197;DISPONIBLE;06 - 07 - 19 - 26 - 29 - 52 - 59 - 73 - 75 - 79;16 - 31 - 38 - 42 - 58 - 61 - 80 - 81 - 87 - 89;;;;
31198;DISPONIBLE;01 - 03 - 19 - 21 - 25 - 29 - 31 - 33 - 60 - 62;10 - 37 - 38 - 52 - 54 - 55 - 64 - 72 - 73 - 76;;;;
31199;DISPONIBLE;03 - 04 - 07 - 40 - 49 - 56 - 67 - 76 - 84 - 86;13 - 16 - 17 - 26 - 34 - 38 - 57 - 66 - 67 - 77;;;;
31200;DISPONIBLE;02 - 05 - 09 - 25 - 58 - 66 - 75 - 78 - 89 - 90;11 - 22 - 61 - 63 - 64 - 65 - 77 - 82 - 86 - 89;;;;
31201;DISPONIBLE;01 - 15 - 17 - 18 - 22 - 29 - 36 - 39 - 47 - 58;01 - 15 - 29 - 43 - 54 - 56 - 58 - 63 - 75 - 77;;;;
31202;DISPONIBLE;04 - 26 - 29 - 30 - 33 - 45 - 58 - 63 - 66 - 90;04 - 11 - 15 - 16 - 17 - 20 - 21 - 25 - 78 - 86;;;;
31203;DISPONIBLE;10 - 20 - 27 - 51 - 56 - 59 - 63 - 76 - 81 - 87;06 - 09 - 12 - 13 - 17 - 31 - 55 - 72 - 76 - 79;;;;
31204;DISPONIBLE;02 - 17 - 26 - 51 - 62 - 66 - 68 - 72 - 85 - 89;23 - 40 - 43 - 45 - 51 - 65 - 66 - 69 - 82 - 85;;;;
31205;DISPONIBLE;02 - 15 - 24 - 52 - 53 - 54 - 68 - 69 - 78 - 88;23 - 26 - 28 - 29 - 32 - 39 - 58 - 61 - 64 - 73;;;;
31206;DISPONIBLE;04 - 11 - 14 - 15 - 18 - 19 - 29 - 50 - 51 - 70;15 - 17 - 32 - 34 - 37 - 46 - 52 - 53 - 72 - 85;;;;
31207;DISPONIBLE;04 - 13 - 17 - 38 - 53 - 54 - 70 - 75 - 78 - 88;01 - 06 - 24 - 28 - 35 - 40 - 45 - 56 - 63 - 82;;;;
31208;DISPONIBLE;01 - 04 - 21 - 39 - 52 - 59 - 66 - 77 - 80 - 85;06 - 12 - 22 - 23 - 26 - 44 - 45 - 48 - 57 - 63;;;;
31209;DISPONIBLE;14 - 17 - 24 - 38 - 39 - 45 - 56 - 66 - 76 - 80;14 - 18 - 26 - 34 - 40 - 64 - 66 - 86 - 87 - 88;;;;
31210;DISPONIBLE;02 - 18 - 23 - 28 - 34 - 37 - 63 - 82 - 83 - 88;07 - 13 - 27 - 36 - 39 - 40 - 46 - 47 - 75 - 88;;;;
31211;DISPONIBLE;01 - 08 - 16 - 27 - 32 - 33 - 47 - 50 - 51 - 68;03 - 05 - 13 - 35 - 50 - 55 - 61 - 65 - 82 - 84;;;;
31212;DISPONIBLE;13 - 31 - 38 - 49 - 58 - 61 - 62 - 74 - 83 - 86;05 - 07 - 18 - 33 - 47 - 62 - 68 - 69 - 78 - 87;;;;
31213;DISPONIBLE;17 - 26 - 33 - 41 - 44 - 49 - 50 - 55 - 69 - 70;02 - 04 - 08 - 17 - 27 - 32 - 33 - 68 - 82 - 89;;;;
31214;DISPONIBLE;10 - 13 - 15 - 31 - 33 - 48 - 58 - 59 - 82 - 85;05 - 12 - 16 - 23 - 27 - 31 - 34 - 46 - 57 - 85;;;;
31215;DISPONIBLE;05 - 07 - 26 - 33 - 46 - 52 - 57 - 79 - 88 - 90;03 - 13 - 22 - 27 - 52 - 56 - 58 - 69 - 77 - 80;;;;
31216;DISPONIBLE;01 - 07 - 13 - 32 - 44 - 48 - 78 - 83 - 84 - 87;09 - 20 - 23 - 24 - 28 - 36 - 47 - 50 - 82 - 84;;;;
31217;DISPONIBLE;04 - 13 - 17 - 27 - 37 - 55 - 64 - 68 - 84 - 86;15 - 22 - 29 - 37 - 39 - 43 - 50 - 58 - 79 - 86;;;;
31218;DISPONIBLE;15 - 20 - 26 - 30 - 38 - 41 - 51 - 60 - 61 - 83;11 - 14 - 18 - 27 - 31 - 35 - 50 - 51 - 70 - 86;;;;
31219;DISPONIBLE;05 - 12 - 15 - 17 - 44 - 46 - 60 - 62 - 71 - 77;06 - 15 - 17 - 27 - 50 - 52 - 60 - 66 - 73 - 74;;;;
31220;DISPONIBLE;08 - 12 - 19 - 20 - 31 - 32 - 35 - 47 - 67 - 68;20 - 41 - 44 - 45 - 47 - 51 - 61 - 70 - 71 - 73;;;;
31221;DISPONIBLE;10 - 11 - 16 - 19 - 24 - 25 - 29 - 52 - 64 - 65;01 - 05 - 08 - 10 - 22 - 52 - 55 - 56 - 76 - 83;;;;
31222;DISPONIBLE;02 - 26 - 30 - 36 - 43 - 48 - 58 - 69 - 80 - 84;08 - 28 - 30 - 33 - 44 - 63 - 64 - 66 - 81 - 84;;;;
31223;DISPONIBLE;11 - 14 - 30 - 37 - 41 - 42 - 55 - 80 - 81 - 87;06 - 33 - 35 - 40 - 45 - 58 - 60 - 69 - 75 - 79;;;;
31224;DISPONIBLE;06 - 12 - 24 - 26 - 36 - 38 - 49 - 68 - 73 - 90;03 - 21 - 31 - 32 - 38 - 46 - 48 - 60 - 75 - 84;;;;
31225;DISPONIBLE;04 - 16 - 24 - 42 - 45 - 57 - 70 - 74 - 84 - 90;01 - 18 - 25 - 26 - 27 - 29 - 48 - 60 - 85 - 86;;;;
31226;DISPONIBLE;10 - 16 - 18 - 33 - 34 - 37 - 42 - 46 - 61 - 78;16 - 17 - 19 - 22 - 25 - 37 - 48 - 55 - 61 - 89;;;;
31227;DISPONIBLE;08 - 11 - 20 - 25 - 27 - 35 - 41 - 46 - 52 - 66;04 - 05 - 08 - 11 - 26 - 27 - 57 - 63 - 73 - 88;;;;
31228;DISPONIBLE;01 - 22 - 29 - 30 - 32 - 36 - 40 - 67 - 73 - 89;10 - 21 - 26 - 34 - 50 - 59 - 60 - 63 - 84 - 85;;;;
31229;DISPONIBLE;13 - 32 - 71 - 76 - 77 - 81 - 83 - 86 - 87 - 90;15 - 24 - 26 - 38 - 41 - 47 - 58 - 64 - 67 - 89;;;;
31230;DISPONIBLE;02 - 09 - 24 - 33 - 37 - 39 - 43 - 45 - 58 - 90;02 - 09 - 20 - 24 - 35 - 55 - 72 - 74 - 79 - 80;;;;
31231;DISPONIBLE;05 - 09 - 11 - 12 - 40 - 43 - 46 - 58 - 77 - 87;02 - 04 - 08 - 35 - 40 - 42 - 67 - 74 - 83 - 85;;;;
31232;DISPONIBLE;02 - 27 - 32 - 38 - 59 - 62 - 67 - 68 - 75 - 84;06 - 07 - 23 - 44 - 46 - 47 - 49 - 66 - 73 - 84;;;;
31233;DISPONIBLE;03 - 04 - 06 - 16 - 26 - 29 - 43 - 62 - 63 - 88;04 - 10 - 19 - 35 - 40 - 48 - 51 - 69 - 75 - 81;;;;
31234;DISPONIBLE;02 - 25 - 44 - 47 - 48 - 65 - 80 - 83 - 87 - 90;10 - 20 - 21 - 24 - 29 - 33 - 40 - 51 - 52 - 79;;;;
31235;DISPONIBLE;01 - 08 - 18 - 42 - 52 - 55 - 59 - 71 - 74 - 76;03 - 27 - 35 - 45 - 50 - 52 - 54 - 83 - 86 - 90;;;;
31236;DISPONIBLE;29 - 33 - 35 - 47 - 68 - 75 - 79 - 82 - 83 - 85;03 - 05 - 07 - 34 - 53 - 62 - 72 - 74 - 78 - 89;;;;
31237;DISPONIBLE;14 - 19 - 29 - 30 - 55 - 57 - 71 - 75 - 80 - 89;10 - 15 - 29 - 35 - 37 - 43 - 54 - 67 - 75 - 83;;;;
31238;DISPONIBLE;01 - 03 - 14 - 20 - 27 - 41 - 65 - 80 - 81 - 90;21 - 26 - 28 - 32 - 35 - 57 - 69 - 76 - 86 - 89;;;;
31239;DISPONIBLE;27 - 37 - 40 - 45 - 47 - 62 - 67 - 79 - 86 - 88;04 - 07 - 11 - 14 - 28 - 36 - 55 - 71 - 80 - 84;;;;
31240;DISPONIBLE;05 - 07 - 12 - 16 - 24 - 25 - 33 - 38 - 84 - 86;24 - 25 - 26 - 27 - 51 - 55 - 58 - 60 - 64 - 65;;;;
31241;DISPONIBLE;06 - 17 - 29 - 31 - 44 - 53 - 58 - 70 - 75 - 76;05 - 10 - 23 - 24 - 29 - 37 - 53 - 59 - 82 - 87;;;;
31242;DISPONIBLE;04 - 25 - 32 - 34 - 37 - 40 - 46 - 54 - 65 - 67;07 - 20 - 24 - 38 - 40 - 51 - 52 - 63 - 73 - 83;;;;
31243;DISPONIBLE;12 - 22 - 34 - 35 - 45 - 49 - 50 - 52 - 53 - 85;10 - 16 - 23 - 24 - 27 - 39 - 51 - 54 - 65 - 67;;;;
31244;DISPONIBLE;13 - 16 - 21 - 24 - 29 - 33 - 37 - 51 - 58 - 64;20 - 23 - 26 - 30 - 31 - 33 - 39 - 51 - 66 - 73;;;;
31245;DISPONIBLE;13 - 15 - 18 - 31 - 33 - 59 - 62 - 65 - 71 - 86;07 - 27 - 32 - 34 - 50 - 67 - 69 - 82 - 89 - 90;;;;
31246;DISPONIBLE;28 - 31 - 32 - 33 - 53 - 59 - 69 - 70 - 86 - 90;07 - 19 - 26 - 33 - 46 - 64 - 77 - 79 - 83 - 85;;;;
31247;DISPONIBLE;03 - 08 - 15 - 17 - 32 - 36 - 48 - 53 - 63 - 66;06 - 08 - 30 - 35 - 56 - 65 - 74 - 81 - 86 - 88;;;;
31248;DISPONIBLE;08 - 15 - 20 - 24 - 27 - 38 - 43 - 51 - 64 - 87;04 - 16 - 46 - 54 - 56 - 67 - 70 - 73 - 83 - 84;;;;
31249;DISPONIBLE;09 - 26 - 34 - 36 - 65 - 66 - 69 - 74 - 75 - 79;23 - 27 - 29 - 38 - 53 - 54 - 67 - 68 - 71 - 75;;;;
31250;DISPONIBLE;22 - 27 - 43 - 47 - 57 - 62 - 64 - 68 - 69 - 79;16 - 44 - 53 - 55 - 59 - 65 - 71 - 84 - 89 - 90;;;;
31251;DISPONIBLE;08 - 13 - 18 - 22 - 29 - 57 - 63 - 71 - 76 - 80;16 - 18 - 24 - 26 - 39 - 48 - 49 - 56 - 61 - 62;;;;
31252;DISPONIBLE;06 - 22 - 39 - 47 - 49 - 56 - 66 - 83 - 85 - 86;02 - 05 - 06 - 25 - 33 - 39 - 42 - 61 - 74 - 79;;;;
31253;DISPONIBLE;06 - 09 - 14 - 19 - 30 - 32 - 38 - 43 - 55 - 58;04 - 08 - 27 - 38 - 42 - 46 - 57 - 67 - 73 - 75;;;;
31254;DISPONIBLE;03 - 12 - 20 - 25 - 27 - 37 - 41 - 48 - 52 - 66;11 - 13 - 30 - 50 - 72 - 75 - 76 - 77 - 82 - 85;;;;
31255;DISPONIBLE;12 - 19 - 23 - 31 - 38 - 41 - 42 - 54 - 72 - 80;04 - 07 - 14 - 17 - 23 - 25 - 43 - 51 - 61 - 73;;;;
31256;DISPONIBLE;06 - 17 - 26 - 27 - 34 - 40 - 49 - 53 - 60 - 62;11 - 12 - 31 - 39 - 57 - 68 - 71 - 72 - 86 - 88;;;;
31257;DISPONIBLE;08 - 11 - 12 - 19 - 21 - 40 - 57 - 69 - 78 - 80;09 - 21 - 22 - 23 - 42 - 51 - 67 - 87 - 89 - 90;;;;
31258;DISPONIBLE;01 - 12 - 29 - 37 - 40 - 49 - 59 - 70 - 83 - 88;08 - 11 - 43 - 51 - 55 - 56 - 66 - 68 - 86 - 87;;;;
31259;DISPONIBLE;14 - 15 - 19 - 32 - 34 - 35 - 50 - 56 - 61 - 64;02 - 11 - 22 - 38 - 47 - 55 - 67 - 70 - 76 - 78;;;;
31260;DISPONIBLE;11 - 12 - 17 - 18 - 32 - 33 - 38 - 42 - 48 - 57;06 - 08 - 14 - 28 - 36 - 40 - 53 - 58 - 69 - 74;;;;
31261;DISPONIBLE;08 - 09 - 20 - 39 - 53 - 56 - 59 - 67 - 74 - 82;04 - 23 - 25 - 30 - 36 - 57 - 64 - 76 - 80 - 84;;;;
31262;DISPONIBLE;10 - 11 - 20 - 42 - 54 - 61 - 70 - 71 - 76 - 78;06 - 17 - 24 - 25 - 27 - 46 - 52 - 53 - 60 - 84;;;;
31263;DISPONIBLE;10 - 15 - 18 - 19 - 21 - 47 - 60 - 72 - 80 - 85;12 - 13 - 23 - 27 - 33 - 43 - 67 - 70 - 76 - 84;;;;
31264;DISPONIBLE;06 - 07 - 09 - 18 - 29 - 49 - 62 - 68 - 70 - 85;11 - 24 - 32 - 38 - 48 - 63 - 75 - 86 - 87 - 89;;;;
31265;DISPONIBLE;04 - 21 - 26 - 27 - 29 - 35 - 71 - 72 - 73 - 78;16 - 23 - 33 - 34 - 38 - 45 - 53 - 71 - 75 - 87;;;;
31266;DISPONIBLE;07 - 09 - 11 - 21 - 39 - 42 - 43 - 50 - 52 - 57;10 - 14 - 26 - 45 - 59 - 60 - 61 - 68 - 69 - 87;;;;
31267;DISPONIBLE;04 - 11 - 18 - 51 - 52 - 53 - 54 - 70 - 75 - 81;04 - 26 - 40 - 46 - 52 - 59 - 64 - 67 - 81 - 86;;;;
31268;DISPONIBLE;01 - 04 - 46 - 50 - 69 - 71 - 75 - 81 - 84 - 89;03 - 09 - 44 - 45 - 53 - 57 - 76 - 82 - 83 - 89;;;;
31269;DISPONIBLE;05 - 18 - 25 - 41 - 46 - 47 - 61 - 80 - 81 - 82;04 - 20 - 29 - 31 - 35 - 39 - 42 - 55 - 57 - 74;;;;
31270;DISPONIBLE;03 - 11 - 13 - 14 - 62 - 68 - 69 - 74 - 78 - 90;02 - 09 - 10 - 33 - 35 - 36 - 39 - 57 - 62 - 72;;;;
31271;DISPONIBLE;03 - 27 - 30 - 39 - 43 - 78 - 79 - 83 - 84 - 86;03 - 08 - 19 - 36 - 40 - 44 - 47 - 63 - 82 - 87;;;;
31272;DISPONIBLE;02 - 27 - 28 - 31 - 36 - 42 - 43 - 66 - 79 - 82;12 - 24 - 34 - 47 - 56 - 62 - 64 - 76 - 77 - 90;;;;
31273;DISPONIBLE;01 - 07 - 44 - 46 - 50 - 55 - 68 - 70 - 73 - 80;07 - 24 - 34 - 44 - 51 - 52 - 61 - 68 - 70 - 71;;;;
31274;DISPONIBLE;02 - 10 - 17 - 23 - 28 - 33 - 38 - 57 - 82 - 90;14 - 25 - 45 - 46 - 48 - 65 - 70 - 71 - 79 - 87;;;;
31275;DISPONIBLE;10 - 11 - 18 - 23 - 24 - 30 - 51 - 55 - 59 - 61;01 - 05 - 06 - 12 - 21 - 23 - 26 - 38 - 44 - 57;;;;
31276;DISPONIBLE;11 - 25 - 27 - 31 - 37 - 48 - 51 - 58 - 72 - 90;38 - 44 - 67 - 71 - 72 - 73 - 81 - 85 - 87 - 88;;;;
31277;DISPONIBLE;17 - 26 - 40 - 46 - 47 - 51 - 54 - 68 - 72 - 85;06 - 09 - 13 - 16 - 20 - 26 - 31 - 37 - 60 - 79;;;;
31278;DISPONIBLE;03 - 04 - 13 - 16 - 33 - 36 - 53 - 73 - 74 - 82;03 - 11 - 26 - 37 - 38 - 47 - 58 - 64 - 71 - 86;;;;
31279;DISPONIBLE;01 - 03 - 12 - 16 - 32 - 36 - 64 - 76 - 81 - 85;11 - 15 - 24 - 35 - 42 - 46 - 51 - 84 - 86 - 90;;;;
31280;DISPONIBLE;01 - 20 - 21 - 59 - 63 - 69 - 72 - 75 - 76 - 85;24 - 27 - 42 - 44 - 46 - 55 - 57 - 59 - 64 - 69;;;;
31281;DISPONIBLE;10 - 13 - 18 - 33 - 43 - 44 - 51 - 71 - 86 - 89;03 - 28 - 32 - 33 - 43 - 54 - 56 - 65 - 77 - 80;;;;
31282;DISPONIBLE;11 - 23 - 50 - 56 - 64 - 67 - 74 - 85 - 86 - 88;08 - 10 - 13 - 15 - 23 - 36 - 48 - 57 - 59 - 73;;;;
31283;DISPONIBLE;08 - 10 - 12 - 27 - 33 - 35 - 65 - 77 - 83 - 86;03 - 08 - 26 - 40 - 46 - 58 - 73 - 74 - 81 - 82;;;;
31284;DISPONIBLE;16 - 25 - 30 - 32 - 37 - 45 - 69 - 71 - 74 - 85;10 - 24 - 25 - 31 - 32 - 45 - 50 - 52 - 56 - 77;;;;
31285;DISPONIBLE;05 - 09 - 26 - 29 - 33 - 35 - 46 - 58 - 72 - 75;06 - 22 - 28 - 29 - 35 - 37 - 39 - 58 - 64 - 78;;;;
31286;DISPONIBLE;06 - 18 - 28 - 42 - 43 - 55 - 69 - 70 - 72 - 75;05 - 09 - 20 - 23 - 30 - 40 - 51 - 63 - 67 - 85;;;;
31287;DISPONIBLE;04 - 09 - 38 - 39 - 64 - 65 - 67 - 69 - 77 - 78;20 - 21 - 32 - 35 - 41 - 43 - 50 - 66 - 87 - 88;;;;
31288;DISPONIBLE;17 - 18 - 23 - 24 - 32 - 34 - 51 - 61 - 77 - 88;10 - 25 - 30 - 46 - 61 - 74 - 78 - 82 - 85 - 90;;;;
31289;DISPONIBLE;02 - 04 - 14 - 22 - 26 - 32 - 33 - 41 - 44 - 48;07 - 12 - 20 - 25 - 33 - 37 - 48 - 73 - 74 - 85;;;;
31290;DISPONIBLE;02 - 18 - 22 - 32 - 37 - 38 - 47 - 57 - 65 - 83;45 - 52 - 53 - 55 - 70 - 71 - 73 - 84 - 85 - 87;;;;
31291;DISPONIBLE;14 - 17 - 39 - 55 - 60 - 64 - 65 - 70 - 72 - 85;01 - 20 - 32 - 39 - 40 - 45 - 61 - 73 - 88 - 89;;;;
31292;DISPONIBLE;13 - 14 - 15 - 23 - 54 - 56 - 61 - 63 - 68 - 80;06 - 15 - 17 - 21 - 30 - 33 - 35 - 37 - 60 - 81;;;;
31293;DISPONIBLE;16 - 20 - 21 - 33 - 37 - 58 - 64 - 68 - 88 - 90;07 - 20 - 25 - 34 - 56 - 61 - 64 - 69 - 73 - 86;;;;
31294;DISPONIBLE;01 - 21 - 26 - 33 - 37 - 62 - 71 - 77 - 79 - 82;12 - 24 - 30 - 53 - 58 - 62 - 71 - 82 - 83 - 89;;;;
31295;DISPONIBLE;08 - 20 - 38 - 48 - 50 - 55 - 61 - 70 - 82 - 85;05 - 13 - 33 - 35 - 44 - 59 - 68 - 72 - 89 - 90;;;;
31296;DISPONIBLE;14 - 17 - 26 - 37 - 42 - 49 - 51 - 71 - 77 - 79;03 - 15 - 29 - 32 - 38 - 42 - 71 - 78 - 84 - 88;;;;
31297;DISPONIBLE;02 - 03 - 08 - 20 - 25 - 36 - 41 - 71 - 73 - 86;20 - 24 - 26 - 29 - 37 - 47 - 49 - 58 - 62 - 85;;;;
31298;DISPONIBLE;03 - 09 - 16 - 26 - 29 - 33 - 40 - 45 - 58 - 74;19 - 36 - 43 - 44 - 58 - 67 - 69 - 74 - 83 - 87;;;;
31299;DISPONIBLE;05 - 10 - 24 - 33 - 37 - 49 - 63 - 66 - 69 - 87;08 - 21 - 27 - 34 - 49 - 52 - 69 - 75 - 78 - 81;;;;
31300;DISPONIBLE;13 - 29 - 31 - 33 - 48 - 50 - 55 - 56 - 70 - 88;05 - 10 - 14 - 24 - 27 - 32 - 37 - 39 - 73 - 76;;;;
31301;DISPONIBLE;08 - 09 - 27 - 30 - 32 - 43 - 44 - 63 - 65 - 82;08 - 18 - 26 - 34 - 37 - 40 - 43 - 58 - 77 - 78;;;;
31302;DISPONIBLE;01 - 05 - 09 - 10 - 34 - 51 - 61 - 65 - 82 - 86;14 - 17 - 22 - 26 - 41 - 43 - 52 - 65 - 69 - 78;;;;
31303;DISPONIBLE;01 - 13 - 16 - 19 - 21 - 23 - 43 - 52 - 75 - 87;01 - 03 - 05 - 08 - 11 - 12 - 20 - 22 - 26 - 85;;;;
31304;DISPONIBLE;01 - 27 - 42 - 45 - 47 - 55 - 62 - 78 - 85 - 86;04 - 05 - 17 - 21 - 47 - 49 - 52 - 68 - 80 - 88;;;;
31305;DISPONIBLE;01 - 11 - 14 - 24 - 44 - 56 - 60 - 74 - 82 - 84;02 - 03 - 15 - 16 - 32 - 45 - 46 - 64 - 70 - 74;;;;
31306;DISPONIBLE;08 - 09 - 13 - 16 - 23 - 30 - 59 - 69 - 77 - 89;06 - 27 - 32 - 40 - 48 - 50 - 70 - 85 - 86 - 90;;;;
31307;DISPONIBLE;05 - 18 - 21 - 27 - 28 - 44 - 46 - 61 - 81 - 89;01 - 10 - 12 - 33 - 37 - 39 - 62 - 72 - 83 - 84;;;;
31308;DISPONIBLE;01 - 02 - 03 - 07 - 26 - 48 - 49 - 51 - 62 - 67;01 - 05 - 10 - 36 - 38 - 42 - 52 - 66 - 70 - 80;;;;
31309;DISPONIBLE;06 - 09 - 10 - 18 - 25 - 29 - 35 - 59 - 69 - 88;18 - 34 - 38 - 39 - 43 - 53 - 60 - 63 - 70 - 78;;;;
31310;DISPONIBLE;03 - 14 - 37 - 45 - 56 - 58 - 66 - 69 - 70 - 75;08 - 23 - 26 - 31 - 45 - 48 - 63 - 64 - 65 - 71;;;;
31311;DISPONIBLE;10 - 12 - 19 - 26 - 29 - 30 - 58 - 65 - 68 - 70;15 - 18 - 26 - 33 - 41 - 59 - 85 - 87 - 89 - 90;;;;
31312;DISPONIBLE;01 - 05 - 08 - 16 - 20 - 33 - 40 - 49 - 51 - 59;05 - 16 - 22 - 40 - 45 - 57 - 60 - 61 - 70 - 83;;;;
31313;DISPONIBLE;01 - 07 - 26 - 47 - 63 - 68 - 71 - 76 - 78 - 80;05 - 11 - 16 - 25 - 27 - 32 - 36 - 52 - 68 - 69;;;;
31314;DISPONIBLE;01 - 13 - 27 - 31 - 36 - 50 - 69 - 70 - 86 - 90;31 - 39 - 46 - 53 - 54 - 60 - 62 - 67 - 74 - 79;;;;
31315;DISPONIBLE;06 - 17 - 32 - 35 - 37 - 43 - 69 - 74 - 78 - 81;03 - 08 - 09 - 10 - 18 - 19 - 27 - 40 - 61 - 75;;;;
31316;DISPONIBLE;10 - 16 - 30 - 35 - 54 - 56 - 63 - 66 - 70 - 81;03 - 17 - 24 - 34 - 35 - 40 - 57 - 81 - 84 - 87;;;;
31317;DISPONIBLE;03 - 07 - 14 - 23 - 42 - 43 - 56 - 81 - 82 - 89;12 - 21 - 33 - 35 - 40 - 50 - 70 - 75 - 78 - 84;;;;
31318;DISPONIBLE;28 - 37 - 40 - 42 - 43 - 58 - 64 - 65 - 67 - 84;04 - 10 - 40 - 49 - 50 - 52 - 60 - 62 - 80 - 85;;;;
31319;DISPONIBLE;14 - 24 - 32 - 33 - 37 - 38 - 60 - 68 - 73 - 81;01 - 24 - 31 - 45 - 52 - 62 - 71 - 73 - 77 - 88;;;;
31320;DISPONIBLE;03 - 09 - 11 - 44 - 50 - 61 - 67 - 71 - 74 - 80;05 - 07 - 11 - 20 - 43 - 46 - 49 - 54 - 65 - 81;;;;
31321;DISPONIBLE;06 - 13 - 26 - 28 - 31 - 32 - 36 - 77 - 80 - 83;08 - 13 - 18 - 20 - 24 - 35 - 44 - 45 - 48 - 79;;;;
31322;DISPONIBLE;22 - 25 - 26 - 28 - 51 - 53 - 58 - 74 - 82 - 87;06 - 31 - 44 - 63 - 66 - 67 - 68 - 81 - 88 - 90;;;;
31323;DISPONIBLE;04 - 09 - 29 - 36 - 60 - 67 - 70 - 79 - 82 - 83;03 - 23 - 34 - 37 - 40 - 49 - 50 - 85 - 86 - 88;;;;
31324;DISPONIBLE;04 - 26 - 28 - 29 - 33 - 40 - 48 - 52 - 53 - 64;10 - 19 - 35 - 39 - 42 - 53 - 55 - 66 - 67 - 74;;;;
31325;DISPONIBLE;14 - 18 - 19 - 23 - 35 - 37 - 57 - 63 - 78 - 80;16 - 20 - 21 - 40 - 53 - 80 - 82 - 85 - 88 - 90;;;;
31326;DISPONIBLE;03 - 26 - 27 - 28 - 45 - 47 - 58 - 73 - 74 - 90;24 - 34 - 41 - 43 - 44 - 53 - 70 - 75 - 77 - 80;;;;
31327;DISPONIBLE;02 - 09 - 11 - 18 - 19 - 25 - 29 - 45 - 67 - 84;07 - 12 - 16 - 51 - 53 - 59 - 61 - 64 - 72 - 76;;;;
31328;DISPONIBLE;05 - 32 - 37 - 43 - 45 - 46 - 65 - 69 - 70 - 72;03 - 26 - 30 - 36 - 47 - 48 - 57 - 70 - 78 - 86;;;;
31329;DISPONIBLE;10 - 33 - 41 - 48 - 55 - 66 - 71 - 73 - 87 - 89;05 - 14 - 15 - 20 - 48 - 53 - 60 - 68 - 75 - 85;;;;
31330;DISPONIBLE;01 - 12 - 30 - 50 - 55 - 63 - 70 - 71 - 84 - 90;04 - 05 - 28 - 33 - 44 - 51 - 57 - 80 - 83 - 84;;;;
31331;DISPONIBLE;12 - 17 - 21 - 30 - 50 - 61 - 71 - 79 - 84 - 85;14 - 16 - 20 - 23 - 25 - 39 - 43 - 55 - 61 - 88;;;;
31332;DISPONIBLE;06 - 11 - 14 - 17 - 30 - 32 - 50 - 61 - 85 - 86;07 - 18 - 23 - 26 - 41 - 51 - 62 - 66 - 67 - 77;;;;
31333;DISPONIBLE;04 - 14 - 19 - 42 - 51 - 56 - 58 - 66 - 78 - 89;09 - 30 - 46 - 50 - 57 - 58 - 61 - 66 - 78 - 88;;;;
31334;DISPONIBLE;19 - 27 - 35 - 37 - 41 - 47 - 53 - 68 - 69 - 89;03 - 05 - 15 - 17 - 22 - 24 - 45 - 47 - 61 - 90;;;;
31335;DISPONIBLE;14 - 28 - 35 - 42 - 46 - 57 - 75 - 78 - 81 - 84;22 - 23 - 28 - 40 - 45 - 56 - 63 - 64 - 75 - 90;;;;
31336;DISPONIBLE;05 - 08 - 13 - 33 - 40 - 46 - 47 - 53 - 74 - 85;01 - 13 - 31 - 32 - 36 - 57 - 69 - 70 - 72 - 81;;;;
31337;DISPONIBLE;03 - 07 - 26 - 31 - 49 - 54 - 74 - 75 - 88 - 90;08 - 13 - 17 - 24 - 44 - 63 - 65 - 74 - 76 - 90;;;;
31338;DISPONIBLE;23 - 27 - 31 - 45 - 57 - 60 - 62 - 75 - 77 - 86;09 - 27 - 36 - 39 - 43 - 51 - 54 - 79 - 83 - 87;;;;
31339;DISPONIBLE;09 - 33 - 36 - 39 - 44 - 54 - 57 - 60 - 66 - 77;08 - 10 - 11 - 14 - 33 - 38 - 46 - 55 - 81 - 90;;;;
31340;DISPONIBLE;13 - 15 - 21 - 22 - 35 - 38 - 46 - 51 - 66 - 69;07 - 08 - 39 - 45 - 46 - 47 - 54 - 68 - 77 - 79;;;;
31341;DISPONIBLE;02 - 19 - 30 - 33 - 57 - 65 - 75 - 78 - 79 - 80;02 - 09 - 14 - 15 - 20 - 22 - 26 - 41 - 66 - 88;;;;
31342;DISPONIBLE;09 - 16 - 29 - 31 - 42 - 47 - 51 - 63 - 71 - 80;01 - 08 - 14 - 16 - 18 - 32 - 40 - 52 - 66 - 77;;;;
31343;DISPONIBLE;02 - 09 - 36 - 49 - 56 - 62 - 75 - 76 - 77 - 84;02 - 17 - 47 - 53 - 62 - 63 - 69 - 74 - 85 - 90;;;;
31344;DISPONIBLE;02 - 03 - 10 - 21 - 22 - 48 - 67 - 71 - 79 - 80;02 - 05 - 16 - 20 - 48 - 51 - 63 - 70 - 71 - 80;;;;
31345;DISPONIBLE;02 - 04 - 05 - 14 - 31 - 40 - 49 - 72 - 74 - 75;16 - 18 - 44 - 49 - 59 - 64 - 72 - 76 - 77 - 88;;;;
31346;DISPONIBLE;06 - 07 - 19 - 22 - 27 - 49 - 58 - 72 - 79 - 83;02 - 16 - 20 - 42 - 43 - 48 - 52 - 53 - 79 - 85;;;;
31347;DISPONIBLE;10 - 22 - 28 - 48 - 50 - 59 - 77 - 83 - 87 - 89;04 - 15 - 22 - 30 - 36 - 48 - 49 - 76 - 82 - 88;;;;
31348;DISPONIBLE;01 - 07 - 13 - 14 - 35 - 44 - 62 - 70 - 76 - 81;01 - 28 - 33 - 36 - 39 - 40 - 41 - 72 - 77 - 83;;;;
31349;DISPONIBLE;01 - 03 - 06 - 14 - 35 - 41 - 72 - 73 - 74 - 76;10 - 11 - 20 - 22 - 49 - 50 - 65 - 67 - 78 - 85;;;;
31350;DISPONIBLE;01 - 07 - 10 - 22 - 24 - 25 - 27 - 49 - 63 - 73;05 - 17 - 20 - 24 - 35 - 43 - 51 - 58 - 76 - 90;;;;
31351;DISPONIBLE;03 - 13 - 17 - 37 - 41 - 54 - 59 - 63 - 72 - 88;50 - 51 - 62 - 69 - 71 - 73 - 78 - 83 - 84 - 87;;;;
31352;DISPONIBLE;11 - 19 - 26 - 28 - 35 - 41 - 56 - 60 - 79 - 90;03 - 04 - 34 - 43 - 44 - 47 - 75 - 83 - 87 - 88;;;;
31353;DISPONIBLE;03 - 04 - 18 - 28 - 60 - 62 - 68 - 72 - 88 - 90;06 - 22 - 31 - 44 - 45 - 57 - 58 - 59 - 67 - 87;;;;
31354;DISPONIBLE;05 - 32 - 42 - 45 - 46 - 53 - 59 - 63 - 76 - 85;08 - 12 - 17 - 23 - 30 - 38 - 55 - 66 - 69 - 76;;;;
31355;DISPONIBLE;12 - 21 - 26 - 32 - 39 - 49 - 50 - 65 - 75 - 82;04 - 10 - 20 - 27 - 29 - 37 - 48 - 50 - 81 - 86;;;;
31356;DISPONIBLE;24 - 25 - 34 - 35 - 36 - 38 - 49 - 51 - 75 - 86;11 - 32 - 37 - 46 - 47 - 50 - 80 - 86 - 88 - 90;;;;
31357;DISPONIBLE;08 - 20 - 45 - 49 - 55 - 71 - 78 - 79 - 83 - 85;04 - 33 - 35 - 47 - 51 - 61 - 66 - 67 - 74 - 77;;;;
31358;DISPONIBLE;02 - 08 - 20 - 27 - 33 - 47 - 50 - 51 - 87 - 88;18 - 32 - 34 - 40 - 43 - 55 - 59 - 68 - 79 - 85;;;;
31359;DISPONIBLE;14 - 26 - 39 - 40 - 45 - 47 - 57 - 67 - 68 - 80;15 - 17 - 22 - 31 - 32 - 46 - 54 - 63 - 70 - 87;;;;
31360;DISPONIBLE;01 - 09 - 40 - 42 - 44 - 61 - 63 - 64 - 84 - 90;08 - 15 - 37 - 49 - 54 - 64 - 70 - 76 - 77 - 90;;;;
31361;DISPONIBLE;30 - 31 - 37 - 46 - 53 - 61 - 62 - 66 - 79 - 90;04 - 13 - 38 - 41 - 49 - 57 - 58 - 82 - 84 - 89;;;;
31362;DISPONIBLE;01 - 04 - 06 - 11 - 13 - 18 - 21 - 40 - 50 - 82;04 - 06 - 07 - 31 - 36 - 37 - 52 - 67 - 74 - 87;;;;
31363;DISPONIBLE;01 - 12 - 16 - 20 - 22 - 41 - 68 - 75 - 86 - 88;17 - 23 - 32 - 34 - 48 - 55 - 60 - 65 - 71 - 81;;;;
31364;DISPONIBLE;02 - 07 - 08 - 27 - 28 - 33 - 47 - 63 - 68 - 88;01 - 03 - 20 - 28 - 42 - 44 - 52 - 56 - 70 - 90;;;;
31365;DISPONIBLE;01 - 13 - 43 - 44 - 48 - 57 - 62 - 67 - 73 - 82;01 - 03 - 04 - 08 - 11 - 20 - 35 - 43 - 49 - 75;;;;
31366;DISPONIBLE;14 - 30 - 31 - 35 - 38 - 41 - 47 - 69 - 72 - 85;07 - 25 - 31 - 37 - 46 - 47 - 48 - 71 - 82 - 86;;;;
31367;DISPONIBLE;10 - 11 - 17 - 26 - 36 - 39 - 59 - 81 - 89 - 90;01 - 07 - 08 - 09 - 31 - 37 - 54 - 84 - 85 - 90;;;;
31368;DISPONIBLE;05 - 06 - 15 - 20 - 43 - 45 - 68 - 80 - 82 - 85;23 - 44 - 58 - 59 - 60 - 62 - 74 - 77 - 78 - 85;;;;
31369;DISPONIBLE;04 - 11 - 16 - 23 - 33 - 54 - 61 - 62 - 67 - 83;04 - 06 - 12 - 35 - 46 - 70 - 74 - 84 - 85 - 90;;;;
31370;DISPONIBLE;06 - 12 - 37 - 41 - 54 - 56 - 59 - 81 - 83 - 84;07 - 09 - 16 - 22 - 51 - 60 - 62 - 72 - 73 - 88;;;;
31371;DISPONIBLE;13 - 16 - 22 - 27 - 32 - 35 - 44 - 53 - 86 - 90;03 - 04 - 05 - 12 - 19 - 35 - 39 - 50 - 73 - 80;;;;
31372;DISPONIBLE;09 - 20 - 21 - 26 - 27 - 46 - 49 - 67 - 71 - 77;04 - 21 - 27 - 41 - 44 - 60 - 67 - 75 - 78 - 81;;;;
31373;DISPONIBLE;05 - 17 - 24 - 31 - 32 - 36 - 42 - 48 - 63 - 75;08 - 18 - 23 - 24 - 28 - 29 - 41 - 45 - 53 - 79;;;;
31374;DISPONIBLE;18 - 20 - 39 - 53 - 54 - 61 - 71 - 73 - 83 - 87;09 - 16 - 18 - 20 - 25 - 42 - 48 - 51 - 60 - 64;;;;
31375;DISPONIBLE;02 - 20 - 23 - 29 - 35 - 56 - 68 - 76 - 79 - 86;02 - 03 - 16 - 18 - 35 - 37 - 59 - 64 - 84 - 89;;;;
31376;DISPONIBLE;07 - 19 - 24 - 25 - 32 - 53 - 70 - 74 - 76 - 85;15 - 18 - 21 - 24 - 32 - 34 - 75 - 84 - 86 - 88;;;;
31377;DISPONIBLE;05 - 06 - 13 - 14 - 16 - 39 - 44 - 50 - 59 - 87;10 - 23 - 27 - 51 - 64 - 70 - 72 - 73 - 82 - 87;;;;
31378;DISPONIBLE;06 - 20 - 31 - 35 - 43 - 47 - 62 - 63 - 88 - 89;20 - 25 - 28 - 29 - 48 - 59 - 72 - 84 - 86 - 88;;;;
31379;DISPONIBLE;06 - 17 - 35 - 43 - 59 - 63 - 73 - 79 - 81 - 84;05 - 10 - 12 - 29 - 36 - 46 - 49 - 52 - 60 - 79;;;;
31380;DISPONIBLE;03 - 09 - 30 - 48 - 57 - 58 - 61 - 63 - 72 - 83;12 - 21 - 34 - 55 - 59 - 60 - 61 - 69 - 71 - 79;;;;
31381;DISPONIBLE;19 - 26 - 28 - 40 - 44 - 52 - 58 - 62 - 64 - 68;17 - 25 - 26 - 27 - 56 - 60 - 70 - 78 - 86 - 88;;;;
31382;DISPONIBLE;13 - 28 - 39 - 42 - 57 - 65 - 70 - 78 - 85 - 88;06 - 07 - 09 - 19 - 24 - 35 - 50 - 54 - 60 - 89;;;;
31383;DISPONIBLE;03 - 20 - 22 - 38 - 44 - 70 - 77 - 82 - 85 - 88;30 - 43 - 49 - 53 - 66 - 68 - 69 - 74 - 81 - 88;;;;
31384;DISPONIBLE;02 - 03 - 14 - 44 - 51 - 55 - 61 - 68 - 82 - 84;02 - 21 - 25 - 40 - 42 - 50 - 51 - 52 - 63 - 81;;;;
31385;DISPONIBLE;04 - 06 - 12 - 19 - 39 - 44 - 52 - 60 - 67 - 85;06 - 17 - 23 - 44 - 45 - 65 - 70 - 78 - 81 - 88;;;;
31386;DISPONIBLE;05 - 16 - 38 - 52 - 61 - 63 - 71 - 81 - 87 - 89;12 - 16 - 20 - 21 - 27 - 40 - 44 - 50 - 66 - 77;;;;
31387;DISPONIBLE;05 - 12 - 16 - 22 - 48 - 50 - 52 - 55 - 63 - 78;24 - 29 - 30 - 47 - 54 - 63 - 67 - 73 - 77 - 86;;;;
31388;DISPONIBLE;05 - 14 - 18 - 35 - 36 - 55 - 57 - 58 - 66 - 67;04 - 06 - 11 - 21 - 33 - 41 - 56 - 58 - 67 - 80;;;;
31389;DISPONIBLE;18 - 20 - 26 - 31 - 33 - 35 - 40 - 50 - 66 - 67;23 - 26 - 29 - 40 - 50 - 64 - 65 - 71 - 88 - 89;;;;
31390;DISPONIBLE;22 - 23 - 26 - 44 - 48 - 60 - 67 - 79 - 80 - 82;16 - 19 - 20 - 26 - 43 - 47 - 48 - 55 - 82 - 85;;;;
31391;DISPONIBLE;19 - 32 - 34 - 40 - 48 - 49 - 52 - 68 - 69 - 86;04 - 09 - 23 - 45 - 52 - 54 - 55 - 59 - 60 - 68;;;;
31392;DISPONIBLE;14 - 24 - 27 - 38 - 53 - 55 - 63 - 64 - 83 - 87;04 - 11 - 14 - 39 - 44 - 47 - 48 - 67 - 75 - 84;;;;
31393;DISPONIBLE;01 - 08 - 11 - 30 - 37 - 62 - 64 - 73 - 83 - 85;02 - 15 - 26 - 27 - 32 - 34 - 66 - 71 - 72 - 79;;;;
31394;DISPONIBLE;04 - 06 - 22 - 34 - 39 - 55 - 57 - 62 - 67 - 71;01 - 11 - 31 - 41 - 42 - 47 - 49 - 53 - 61 - 80;;;;
31395;DISPONIBLE;04 - 16 - 30 - 41 - 44 - 50 - 55 - 62 - 68 - 88;04 - 16 - 25 - 28 - 33 - 42 - 48 - 52 - 62 - 68;;;;
31396;DISPONIBLE;21 - 34 - 38 - 57 - 60 - 67 - 81 - 82 - 83 - 88;10 - 12 - 29 - 41 - 54 - 55 - 57 - 65 - 69 - 85;;;;
31397;DISPONIBLE;05 - 08 - 14 - 20 - 28 - 30 - 36 - 60 - 62 - 78;21 - 26 - 58 - 61 - 65 - 67 - 73 - 76 - 83 - 84;;;;
31398;DISPONIBLE;10 - 12 - 23 - 24 - 28 - 31 - 37 - 55 - 71 - 86;17 - 25 - 38 - 53 - 64 - 66 - 76 - 83 - 88 - 89;;;;
31399;DISPONIBLE;03 - 04 - 07 - 15 - 30 - 51 - 53 - 60 - 74 - 82;05 - 17 - 26 - 27 - 29 - 46 - 53 - 60 - 68 - 85;;;;
31400;DISPONIBLE;02 - 06 - 11 - 17 - 20 - 38 - 46 - 49 - 67 - 90;05 - 07 - 08 - 09 - 19 - 21 - 30 - 46 - 65 - 82;;;;
31401;DISPONIBLE;04 - 08 - 30 - 33 - 39 - 46 - 59 - 64 - 81 - 86;14 - 28 - 33 - 40 - 52 - 64 - 70 - 71 - 77 - 83;;;;
31402;DISPONIBLE;07 - 18 - 23 - 26 - 35 - 44 - 64 - 69 - 85 - 90;32 - 33 - 47 - 52 - 54 - 66 - 72 - 73 - 75 - 82;;;;
31403;DISPONIBLE;13 - 14 - 18 - 23 - 47 - 50 - 73 - 77 - 86 - 90;03 - 09 - 11 - 18 - 24 - 35 - 44 - 45 - 56 - 75;;;;
31404;DISPONIBLE;05 - 07 - 08 - 46 - 50 - 54 - 55 - 78 - 84 - 90;13 - 18 - 23 - 33 - 37 - 46 - 62 - 63 - 69 - 87;;;;
31405;DISPONIBLE;15 - 24 - 25 - 32 - 65 - 67 - 75 - 81 - 88 - 90;08 - 09 - 23 - 39 - 42 - 46 - 58 - 62 - 77 - 79;;;;
31406;DISPONIBLE;01 - 23 - 33 - 49 - 52 - 63 - 66 - 69 - 70 - 85;05 - 09 - 16 - 19 - 32 - 46 - 47 - 49 - 72 - 75;;;;
31407;DISPONIBLE;07 - 34 - 41 - 58 - 60 - 67 - 69 - 75 - 78 - 88;05 - 21 - 22 - 24 - 31 - 41 - 42 - 52 - 81 - 85;;;;
31408;DISPONIBLE;08 - 20 - 23 - 29 - 31 - 33 - 36 - 42 - 44 - 51;21 - 27 - 34 - 43 - 47 - 51 - 54 - 55 - 75 - 88;;;;
31409;DISPONIBLE;09 - 13 - 20 - 32 - 44 - 48 - 52 - 66 - 81 - 82;03 - 14 - 20 - 22 - 40 - 44 - 50 - 51 - 59 - 62;;;;
31410;DISPONIBLE;12 - 17 - 18 - 20 - 34 - 48 - 62 - 75 - 77 - 82;38 - 46 - 50 - 58 - 62 - 66 - 68 - 70 - 81 - 85;;;;
31411;DISPONIBLE;01 - 12 - 27 - 28 - 40 - 43 - 50 - 56 - 79 - 89;03 - 16 - 26 - 43 - 59 - 65 - 69 - 74 - 81 - 83;;;;
31412;DISPONIBLE;02 - 16 - 35 - 36 - 46 - 55 - 57 - 58 - 67 - 82;06 - 17 - 24 - 34 - 38 - 39 - 54 - 75 - 85 - 88;;;;
31413;DISPONIBLE;03 - 07 - 15 - 33 - 34 - 40 - 44 - 50 - 56 - 70;04 - 17 - 30 - 38 - 41 - 54 - 55 - 56 - 61 - 82;;;;
31414;DISPONIBLE;15 - 16 - 17 - 21 - 32 - 56 - 63 - 68 - 83 - 86;04 - 29 - 34 - 55 - 63 - 65 - 67 - 74 - 78 - 79;;;;
31415;DISPONIBLE;04 - 05 - 34 - 44 - 50 - 61 - 62 - 74 - 84 - 85;03 - 21 - 23 - 32 - 34 - 36 - 37 - 38 - 55 - 82;;;;
31416;DISPONIBLE;01 - 42 - 52 - 53 - 67 - 68 - 74 - 75 - 80 - 82;04 - 05 - 06 - 29 - 39 - 48 - 53 - 68 - 70 - 79;;;;
31417;DISPONIBLE;03 - 04 - 09 - 32 - 34 - 36 - 59 - 70 - 73 - 82;04 - 19 - 43 - 50 - 51 - 52 - 56 - 57 - 71 - 89;;;;
31418;DISPONIBLE;31 - 37 - 44 - 49 - 55 - 57 - 71 - 75 - 81 - 87;10 - 18 - 27 - 37 - 45 - 54 - 59 - 68 - 72 - 76;;;;
31419;DISPONIBLE;11 - 13 - 16 - 22 - 31 - 41 - 52 - 70 - 73 - 74;38 - 42 - 43 - 44 - 53 - 56 - 60 - 66 - 74 - 77;;;;
31420;DISPONIBLE;07 - 10 - 13 - 37 - 47 - 63 - 71 - 75 - 80 - 85;20 - 30 - 38 - 39 - 46 - 54 - 63 - 69 - 78 - 82;;;;
31421;DISPONIBLE;09 - 20 - 33 - 41 - 48 - 51 - 52 - 81 - 82 - 90;14 - 15 - 21 - 39 - 50 - 62 - 65 - 68 - 71 - 79;;;;
31422;DISPONIBLE;16 - 17 - 18 - 31 - 42 - 47 - 48 - 69 - 78 - 90;15 - 17 - 21 - 22 - 25 - 27 - 69 - 83 - 84 - 89;;;;
31423;DISPONIBLE;06 - 26 - 33 - 34 - 49 - 55 - 58 - 64 - 65 - 77;08 - 23 - 26 - 39 - 45 - 46 - 47 - 52 - 77 - 81;;;;
31424;DISPONIBLE;07 - 16 - 28 - 30 - 49 - 61 - 64 - 81 - 84 - 85;05 - 21 - 28 - 30 - 32 - 37 - 40 - 43 - 60 - 90;;;;
31425;DISPONIBLE;01 - 28 - 40 - 41 - 42 - 51 - 52 - 59 - 63 - 77;10 - 12 - 20 - 27 - 37 - 47 - 49 - 62 - 66 - 87;;;;
31426;DISPONIBLE;10 - 26 - 27 - 30 - 41 - 42 - 47 - 50 - 64 - 88;10 - 12 - 16 - 23 - 29 - 37 - 44 - 49 - 70 - 72;;;;
31427;DISPONIBLE;13 - 14 - 21 - 32 - 38 - 55 - 79 - 80 - 87 - 88;13 - 39 - 40 - 51 - 60 - 63 - 67 - 72 - 75 - 81;;;;
31428;DISPONIBLE;05 - 23 - 33 - 38 - 39 - 43 - 55 - 58 - 59 - 79;07 - 08 - 17 - 36 - 49 - 57 - 62 - 63 - 75 - 79;;;;
31429;DISPONIBLE;05 - 16 - 22 - 37 - 44 - 51 - 65 - 80 - 87 - 88;16 - 20 - 22 - 27 - 33 - 37 - 62 - 65 - 77 - 90;;;;
31430;DISPONIBLE;28 - 47 - 53 - 56 - 57 - 59 - 66 - 68 - 77 - 85;18 - 39 - 40 - 68 - 69 - 70 - 71 - 77 - 82 - 89;;;;
31431;DISPONIBLE;09 - 28 - 36 - 37 - 63 - 69 - 75 - 83 - 88 - 89;01 - 04 - 07 - 17 - 19 - 23 - 56 - 59 - 61 - 89;;;;
31432;DISPONIBLE;31 - 39 - 41 - 58 - 66 - 69 - 74 - 77 - 82 - 87;06 - 13 - 19 - 41 - 45 - 50 - 71 - 80 - 82 - 90;;;;
31433;DISPONIBLE;07 - 22 - 30 - 38 - 40 - 46 - 51 - 62 - 86 - 87;14 - 20 - 22 - 23 - 34 - 35 - 41 - 60 - 61 - 82;;;;
31434;DISPONIBLE;10 - 13 - 39 - 41 - 56 - 71 - 74 - 81 - 84 - 89;05 - 06 - 10 - 27 - 37 - 47 - 80 - 82 - 83 - 88;;;;
31435;DISPONIBLE;01 - 04 - 27 - 41 - 46 - 49 - 52 - 78 - 83 - 87;05 - 15 - 18 - 21 - 26 - 50 - 51 - 54 - 85 - 89;;;;
31436;DISPONIBLE;08 - 20 - 35 - 46 - 64 - 72 - 79 - 82 - 86 - 87;03 - 14 - 28 - 46 - 49 - 62 - 68 - 71 - 81 - 84;;;;
31437;DISPONIBLE;23 - 27 - 29 - 46 - 47 - 71 - 73 - 78 - 82 - 87;04 - 22 - 27 - 28 - 30 - 37 - 56 - 61 - 70 - 84;;;;
31438;DISPONIBLE;13 - 33 - 38 - 40 - 49 - 57 - 58 - 72 - 85 - 90;05 - 09 - 12 - 17 - 20 - 34 - 48 - 67 - 69 - 90;;;;
31439;DISPONIBLE;14 - 25 - 26 - 32 - 48 - 53 - 57 - 72 - 73 - 85;01 - 03 - 08 - 14 - 15 - 23 - 28 - 49 - 64 - 80;;;;
31440;DISPONIBLE;21 - 23 - 29 - 32 - 43 - 59 - 69 - 72 - 75 - 86;03 - 20 - 23 - 25 - 28 - 29 - 44 - 66 - 67 - 75;;;;
31441;DISPONIBLE;02 - 05 - 13 - 31 - 33 - 49 - 71 - 73 - 74 - 80;06 - 29 - 39 - 41 - 55 - 61 - 62 - 69 - 76 - 88;;;;
31442;DISPONIBLE;01 - 07 - 11 - 23 - 32 - 41 - 42 - 43 - 50 - 55;14 - 18 - 21 - 24 - 28 - 35 - 46 - 52 - 75 - 80;;;;
31443;DISPONIBLE;09 - 13 - 23 - 31 - 51 - 52 - 59 - 68 - 76 - 77;09 - 21 - 26 - 33 - 50 - 56 - 62 - 67 - 76 - 88;;;;
31444;DISPONIBLE;05 - 14 - 15 - 23 - 24 - 25 - 28 - 34 - 47 - 66;05 - 09 - 34 - 36 - 37 - 42 - 45 - 50 - 59 - 78;;;;
31445;DISPONIBLE;11 - 15 - 21 - 23 - 31 - 38 - 46 - 52 - 61 - 68;06 - 10 - 17 - 22 - 38 - 42 - 44 - 51 - 66 - 88;;;;
31446;DISPONIBLE;04 - 05 - 15 - 16 - 23 - 57 - 58 - 74 - 76 - 82;03 - 27 - 28 - 29 - 46 - 48 - 49 - 58 - 78 - 89;;;;
31447;DISPONIBLE;06 - 33 - 36 - 39 - 46 - 52 - 61 - 66 - 71 - 77;11 - 36 - 52 - 53 - 57 - 69 - 76 - 81 - 83 - 84;;;;
31448;DISPONIBLE;05 - 11 - 24 - 40 - 42 - 43 - 46 - 59 - 61 - 69;02 - 05 - 21 - 23 - 32 - 37 - 43 - 45 - 64 - 67;;;;
31449;DISPONIBLE;08 - 10 - 28 - 30 - 34 - 52 - 61 - 67 - 68 - 75;01 - 03 - 23 - 31 - 44 - 50 - 66 - 71 - 75 - 80;;;;
31450;DISPONIBLE;16 - 23 - 25 - 27 - 30 - 39 - 43 - 60 - 75 - 89;01 - 19 - 26 - 28 - 45 - 65 - 67 - 68 - 71 - 72;;;;
31451;DISPONIBLE;02 - 04 - 06 - 13 - 16 - 39 - 43 - 50 - 57 - 72;03 - 11 - 12 - 24 - 42 - 64 - 74 - 75 - 76 - 81;;;;
31452;DISPONIBLE;06 - 14 - 17 - 24 - 33 - 39 - 49 - 76 - 78 - 87;20 - 32 - 33 - 48 - 49 - 55 - 61 - 79 - 88 - 90;;;;
31453;DISPONIBLE;04 - 21 - 26 - 30 - 44 - 49 - 52 - 65 - 82 - 88;12 - 21 - 23 - 27 - 35 - 48 - 70 - 74 - 76 - 79;;;;
31454;DISPONIBLE;01 - 07 - 27 - 30 - 38 - 48 - 59 - 67 - 72 - 78;13 - 21 - 36 - 48 - 49 - 56 - 61 - 67 - 76 - 81;;;;
31455;DISPONIBLE;02 - 10 - 27 - 28 - 37 - 40 - 52 - 58 - 73 - 90;02 - 06 - 17 - 37 - 38 - 47 - 48 - 49 - 65 - 78;;;;
31456;DISPONIBLE;13 - 14 - 39 - 46 - 51 - 54 - 64 - 65 - 81 - 89;10 - 13 - 37 - 41 - 48 - 55 - 68 - 75 - 78 - 84;;;;
31457;DISPONIBLE;20 - 30 - 37 - 48 - 53 - 55 - 57 - 61 - 64 - 72;09 - 20 - 23 - 28 - 60 - 69 - 76 - 78 - 82 - 83;;;;
31458;DISPONIBLE;09 - 35 - 39 - 52 - 70 - 71 - 75 - 79 - 80 - 85;21 - 23 - 35 - 45 - 50 - 56 - 58 - 61 - 85 - 86;;;;
31459;DISPONIBLE;05 - 23 - 39 - 42 - 53 - 57 - 62 - 70 - 73 - 82;06 - 17 - 37 - 40 - 41 - 46 - 52 - 55 - 71 - 81;;;;
31460;DISPONIBLE;06 - 09 - 10 - 15 - 17 - 24 - 26 - 67 - 73 - 78;12 - 17 - 21 - 31 - 34 - 51 - 53 - 64 - 80 - 83;;;;
31461;DISPONIBLE;07 - 10 - 11 - 30 - 36 - 50 - 75 - 82 - 83 - 89;19 - 24 - 29 - 34 - 40 - 47 - 54 - 60 - 67 - 90;;;;
31462;DISPONIBLE;17 - 20 - 32 - 40 - 42 - 52 - 57 - 80 - 86 - 90;03 - 04 - 10 - 20 - 28 - 39 - 44 - 50 - 64 - 65;;;;
31463;DISPONIBLE;03 - 07 - 24 - 26 - 42 - 53 - 70 - 71 - 73 - 88;07 - 12 - 26 - 43 - 45 - 64 - 65 - 68 - 78 - 87;;;;
31464;DISPONIBLE;15 - 20 - 25 - 28 - 38 - 41 - 49 - 64 - 70 - 80;03 - 07 - 11 - 20 - 24 - 30 - 31 - 34 - 36 - 41;;;;
31465;DISPONIBLE;01 - 34 - 46 - 47 - 52 - 56 - 73 - 79 - 81 - 83;02 - 17 - 28 - 32 - 36 - 47 - 60 - 69 - 74 - 75;;;;
31466;DISPONIBLE;04 - 13 - 15 - 16 - 38 - 53 - 54 - 84 - 85 - 90;14 - 17 - 19 - 26 - 29 - 55 - 63 - 76 - 82 - 90;;;;
31467;DISPONIBLE;08 - 14 - 17 - 20 - 41 - 51 - 58 - 60 - 69 - 88;33 - 34 - 46 - 52 - 53 - 54 - 62 - 65 - 74 - 85;;;;
31468;DISPONIBLE;02 - 20 - 30 - 34 - 38 - 53 - 62 - 69 - 80 - 85;09 - 13 - 15 - 25 - 35 - 59 - 66 - 70 - 83 - 84;;;;
31469;DISPONIBLE;06 - 07 - 13 - 26 - 27 - 41 - 46 - 48 - 50 - 51;04 - 19 - 20 - 25 - 26 - 34 - 50 - 51 - 64 - 86;;;;
31470;DISPONIBLE;09 - 25 - 27 - 40 - 42 - 54 - 55 - 63 - 80 - 86;07 - 10 - 16 - 29 - 33 - 54 - 65 - 69 - 84 - 85;;;;
31471;DISPONIBLE;06 - 09 - 13 - 16 - 25 - 34 - 46 - 66 - 68 - 90;05 - 44 - 57 - 67 - 70 - 74 - 75 - 77 - 84 - 85;;;;
31472;DISPONIBLE;02 - 07 - 26 - 32 - 44 - 67 - 68 - 71 - 75 - 77;01 - 03 - 04 - 10 - 15 - 41 - 44 - 63 - 83 - 85;;;;
31473;DISPONIBLE;01 - 19 - 24 - 45 - 48 - 63 - 68 - 75 - 83 - 86;03 - 19 - 28 - 29 - 35 - 49 - 52 - 56 - 77 - 82;;;;
31474;DISPONIBLE;08 - 22 - 35 - 43 - 53 - 54 - 56 - 68 - 72 - 90;06 - 18 - 29 - 40 - 55 - 67 - 79 - 86 - 87 - 90;;;;
31475;DISPONIBLE;33 - 37 - 40 - 49 - 63 - 68 - 69 - 73 - 85 - 86;08 - 27 - 30 - 34 - 39 - 42 - 52 - 53 - 66 - 74;;;;
31476;DISPONIBLE;07 - 16 - 22 - 35 - 49 - 52 - 54 - 56 - 76 - 77;04 - 07 - 10 - 32 - 40 - 54 - 60 - 68 - 82 - 83;;;;
31477;DISPONIBLE;07 - 29 - 50 - 62 - 68 - 69 - 75 - 76 - 82 - 83;04 - 07 - 14 - 15 - 32 - 36 - 39 - 42 - 49 - 82;;;;
31478;DISPONIBLE;07 - 09 - 28 - 43 - 51 - 56 - 59 - 70 - 75 - 79;05 - 19 - 30 - 33 - 37 - 39 - 51 - 56 - 64 - 87;;;;
31479;DISPONIBLE;02 - 11 - 20 - 22 - 38 - 39 - 52 - 53 - 83 - 86;24 - 32 - 34 - 35 - 36 - 37 - 38 - 40 - 54 - 67;;;;
31480;DISPONIBLE;03 - 09 - 16 - 18 - 21 - 55 - 60 - 65 - 80 - 81;07 - 15 - 31 - 44 - 51 - 52 - 56 - 79 - 81 - 84;;;;
31481;DISPONIBLE;24 - 35 - 36 - 49 - 51 - 55 - 61 - 65 - 72 - 76;13 - 14 - 15 - 19 - 31 - 40 - 48 - 77 - 79 - 89;;;;
31482;DISPONIBLE;05 - 20 - 32 - 39 - 43 - 46 - 52 - 56 - 79 - 86;18 - 25 - 43 - 56 - 59 - 66 - 68 - 73 - 76 - 85;;;;
31483;DISPONIBLE;21 - 34 - 38 - 46 - 66 - 67 - 70 - 77 - 86 - 88;01 - 20 - 28 - 33 - 43 - 47 - 57 - 60 - 61 - 80;;;;
31484;DISPONIBLE;13 - 17 - 42 - 43 - 51 - 52 - 56 - 59 - 68 - 70;07 - 13 - 33 - 36 - 40 - 47 - 50 - 64 - 79 - 87;;;;
31485;DISPONIBLE;39 - 45 - 58 - 65 - 71 - 72 - 74 - 77 - 79 - 80;23 - 29 - 33 - 49 - 50 - 59 - 60 - 62 - 73 - 80;;;;
31486;DISPONIBLE;06 - 14 - 17 - 21 - 23 - 26 - 49 - 56 - 59 - 76;08 - 14 - 23 - 24 - 27 - 37 - 57 - 58 - 67 - 87;;;;
31487;DISPONIBLE;08 - 12 - 24 - 35 - 43 - 50 - 58 - 62 - 84 - 87;03 - 23 - 30 - 40 - 43 - 46 - 50 - 75 - 88 - 89;;;;
31488;DISPONIBLE;06 - 11 - 12 - 22 - 26 - 35 - 38 - 42 - 56 - 82;13 - 21 - 28 - 42 - 50 - 52 - 54 - 61 - 73 - 89;;;;
31489;DISPONIBLE;05 - 13 - 27 - 30 - 34 - 46 - 48 - 51 - 86 - 90;04 - 19 - 25 - 34 - 46 - 49 - 74 - 84 - 87 - 89;;;;
31490;DISPONIBLE;05 - 10 - 14 - 17 - 23 - 29 - 46 - 48 - 51 - 87;32 - 36 - 46 - 54 - 58 - 62 - 65 - 67 - 74 - 75;;;;
31491;DISPONIBLE;06 - 20 - 26 - 28 - 37 - 49 - 51 - 59 - 69 - 70;08 - 32 - 42 - 47 - 57 - 60 - 65 - 70 - 72 - 81;;;;
31492;DISPONIBLE;10 - 16 - 20 - 22 - 38 - 47 - 56 - 76 - 80 - 83;09 - 13 - 20 - 21 - 40 - 49 - 51 - 57 - 62 - 67;;;;
31493;DISPONIBLE;01 - 05 - 12 - 19 - 34 - 50 - 74 - 80 - 81 - 84;01 - 07 - 09 - 16 - 23 - 54 - 58 - 64 - 78 - 87;;;;
31494;DISPONIBLE;08 - 12 - 13 - 15 - 24 - 29 - 57 - 68 - 84 - 85;16 - 18 - 20 - 21 - 43 - 44 - 49 - 51 - 56 - 73;;;;
31495;DISPONIBLE;05 - 12 - 35 - 45 - 49 - 54 - 65 - 68 - 74 - 81;08 - 10 - 23 - 43 - 57 - 61 - 65 - 70 - 71 - 83;;;;
31496;DISPONIBLE;08 - 13 - 30 - 41 - 42 - 45 - 59 - 70 - 77 - 89;05 - 12 - 21 - 31 - 45 - 49 - 57 - 58 - 66 - 90;;;;
31497;DISPONIBLE;10 - 15 - 16 - 35 - 38 - 40 - 66 - 76 - 84 - 89;07 - 26 - 28 - 37 - 40 - 45 - 50 - 65 - 76 - 78;;;;
31498;DISPONIBLE;12 - 18 - 22 - 41 - 48 - 59 - 62 - 68 - 70 - 89;04 - 07 - 15 - 17 - 26 - 42 - 50 - 72 - 78 - 82;;;;
31499;DISPONIBLE;01 - 23 - 26 - 39 - 57 - 60 - 77 - 84 - 89 - 90;10 - 25 - 38 - 41 - 48 - 52 - 67 - 82 - 87 - 89;;;;
31500;DISPONIBLE;41 - 45 - 55 - 57 - 65 - 66 - 67 - 69 - 71 - 75;03 - 04 - 19 - 26 - 33 - 42 - 53 - 75 - 77 - 90;;;;
31501;DISPONIBLE;08 - 20 - 31 - 32 - 36 - 57 - 58 - 63 - 71 - 86;02 - 10 - 12 - 19 - 20 - 25 - 32 - 40 - 47 - 48;;;;
31502;DISPONIBLE;06 - 34 - 35 - 38 - 48 - 57 - 63 - 70 - 76 - 85;12 - 37 - 41 - 42 - 47 - 53 - 66 - 68 - 76 - 84;;;;
31503;DISPONIBLE;09 - 10 - 16 - 31 - 36 - 37 - 49 - 51 - 53 - 61;01 - 14 - 15 - 18 - 19 - 63 - 66 - 67 - 73 - 83;;;;
31504;DISPONIBLE;07 - 20 - 21 - 27 - 28 - 39 - 51 - 62 - 83 - 84;02 - 19 - 20 - 27 - 28 - 41 - 50 - 66 - 78 - 86;;;;
31505;DISPONIBLE;02 - 08 - 19 - 27 - 34 - 59 - 64 - 66 - 69 - 74;14 - 21 - 24 - 27 - 29 - 34 - 44 - 72 - 79 - 88;;;;
31506;DISPONIBLE;11 - 27 - 29 - 51 - 60 - 62 - 63 - 65 - 72 - 87;05 - 13 - 32 - 33 - 36 - 47 - 57 - 71 - 85 - 86;;;;
31507;DISPONIBLE;03 - 17 - 25 - 34 - 35 - 58 - 76 - 81 - 82 - 86;11 - 19 - 36 - 48 - 68 - 72 - 75 - 84 - 85 - 90;;;;
31508;DISPONIBLE;01 - 10 - 20 - 27 - 35 - 37 - 47 - 68 - 70 - 87;03 - 10 - 23 - 24 - 30 - 31 - 38 - 48 - 51 - 72;;;;
31509;DISPONIBLE;03 - 04 - 13 - 28 - 43 - 44 - 55 - 66 - 82 - 87;12 - 13 - 23 - 29 - 38 - 65 - 66 - 68 - 75 - 77;;;;
31510;DISPONIBLE;02 - 09 - 39 - 47 - 57 - 72 - 74 - 81 - 84 - 89;03 - 22 - 24 - 42 - 44 - 50 - 61 - 65 - 73 - 88;;;;
31511;DISPONIBLE;04 - 07 - 17 - 19 - 21 - 34 - 39 - 43 - 69 - 78;09 - 12 - 25 - 28 - 30 - 46 - 64 - 65 - 73 - 80;;;;
31512;DISPONIBLE;04 - 10 - 26 - 47 - 51 - 56 - 59 - 60 - 62 - 81;11 - 23 - 35 - 49 - 50 - 60 - 64 - 73 - 82 - 83;;;;
31513;DISPONIBLE;35 - 39 - 44 - 45 - 58 - 63 - 71 - 83 - 85 - 86;07 - 10 - 26 - 37 - 41 - 54 - 56 - 64 - 66 - 72;;;;
31514;DISPONIBLE;11 - 30 - 32 - 53 - 58 - 63 - 64 - 67 - 82 - 89;02 - 06 - 14 - 29 - 32 - 34 - 46 - 53 - 64 - 83;;;;
31515;DISPONIBLE;18 - 24 - 43 - 51 - 54 - 63 - 68 - 82 - 84 - 85;04 - 08 - 16 - 19 - 21 - 31 - 42 - 46 - 48 - 64;;;;
31516;DISPONIBLE;07 - 25 - 26 - 38 - 42 - 45 - 56 - 66 - 73 - 83;04 - 09 - 11 - 17 - 39 - 52 - 55 - 58 - 84 - 90;;;;
31517;DISPONIBLE;10 - 12 - 25 - 61 - 63 - 67 - 70 - 71 - 74 - 90;10 - 24 - 30 - 32 - 40 - 45 - 57 - 64 - 83 - 90;;;;
31518;DISPONIBLE;07 - 19 - 29 - 44 - 50 - 55 - 57 - 62 - 81 - 86;01 - 17 - 19 - 26 - 31 - 39 - 46 - 58 - 76 - 82;;;;
31519;DISPONIBLE;09 - 15 - 16 - 30 - 43 - 44 - 68 - 69 - 73 - 74;04 - 21 - 22 - 30 - 38 - 54 - 59 - 60 - 67 - 72;;;;
31520;DISPONIBLE;04 - 19 - 20 - 25 - 30 - 54 - 68 - 74 - 75 - 90;04 - 09 - 24 - 26 - 28 - 61 - 68 - 75 - 80 - 88;;;;
31521;DISPONIBLE;06 - 12 - 22 - 32 - 41 - 43 - 46 - 51 - 67 - 69;03 - 05 - 12 - 13 - 20 - 32 - 42 - 48 - 63 - 70;;;;
31522;DISPONIBLE;12 - 29 - 52 - 63 - 66 - 72 - 73 - 83 - 84 - 85;46 - 54 - 55 - 63 - 74 - 80 - 82 - 85 - 86 - 88;;;;
31523;DISPONIBLE;21 - 27 - 29 - 34 - 42 - 43 - 49 - 52 - 60 - 72;10 - 23 - 29 - 31 - 34 - 65 - 67 - 73 - 83 - 88;;;;
31524;DISPONIBLE;14 - 25 - 31 - 35 - 43 - 50 - 61 - 66 - 70 - 72;15 - 25 - 29 - 31 - 41 - 50 - 53 - 67 - 79 - 90;;;;
31525;DISPONIBLE;17 - 18 - 24 - 72 - 74 - 75 - 77 - 86 - 87 - 89;05 - 11 - 18 - 34 - 43 - 46 - 52 - 58 - 59 - 74;;;;
31526;DISPONIBLE;03 - 10 - 16 - 21 - 31 - 34 - 38 - 58 - 59 - 61;10 - 15 - 36 - 39 - 44 - 45 - 49 - 60 - 79 - 83;;;;
31527;DISPONIBLE;09 - 21 - 26 - 34 - 40 - 54 - 73 - 77 - 81 - 88;20 - 43 - 46 - 50 - 52 - 56 - 72 - 74 - 77 - 87;;;;
31528;DISPONIBLE;09 - 38 - 45 - 53 - 59 - 60 - 65 - 70 - 72 - 79;04 - 17 - 18 - 26 - 55 - 60 - 84 - 85 - 86 - 88;;;;
31529;DISPONIBLE;08 - 09 - 15 - 19 - 21 - 28 - 48 - 64 - 72 - 90;09 - 10 - 14 - 30 - 42 - 46 - 47 - 51 - 59 - 90;;;;
31530;DISPONIBLE;04 - 07 - 11 - 25 - 28 - 29 - 32 - 42 - 45 - 50;03 - 26 - 49 - 60 - 71 - 79 - 80 - 81 - 82 - 83;;;;
31531;DISPONIBLE;06 - 10 - 22 - 35 - 38 - 52 - 60 - 71 - 75 - 84;04 - 16 - 24 - 28 - 40 - 47 - 52 - 56 - 66 - 84;;;;
31532;DISPONIBLE;05 - 26 - 41 - 49 - 52 - 62 - 69 - 78 - 83 - 89;11 - 12 - 15 - 39 - 44 - 51 - 59 - 64 - 71 - 74;;;;
31533;DISPONIBLE;15 - 20 - 34 - 49 - 51 - 52 - 62 - 64 - 73 - 82;01 - 08 - 13 - 18 - 31 - 35 - 36 - 47 - 53 - 86;;;;
31534;DISPONIBLE;08 - 09 - 13 - 21 - 30 - 32 - 40 - 45 - 48 - 66;12 - 15 - 21 - 43 - 51 - 54 - 61 - 62 - 64 - 66;;;;
31535;DISPONIBLE;06 - 09 - 17 - 29 - 33 - 34 - 66 - 73 - 74 - 84;02 - 05 - 07 - 14 - 16 - 44 - 55 - 66 - 79 - 90;;;;
31536;DISPONIBLE;03 - 08 - 36 - 46 - 67 - 69 - 72 - 74 - 77 - 86;01 - 15 - 32 - 36 - 41 - 53 - 56 - 70 - 73 - 87;;;;
31537;DISPONIBLE;14 - 18 - 29 - 48 - 58 - 59 - 68 - 70 - 74 - 86;03 - 06 - 09 - 27 - 35 - 39 - 63 - 76 - 80 - 90;;;;
31538;DISPONIBLE;01 - 03 - 35 - 56 - 65 - 75 - 76 - 81 - 82 - 85;03 - 10 - 19 - 21 - 30 - 56 - 60 - 68 - 80 - 81;;;;
31539;DISPONIBLE;02 - 29 - 30 - 38 - 46 - 48 - 50 - 57 - 73 - 78;06 - 19 - 36 - 40 - 64 - 65 - 70 - 78 - 79 - 81;;;;
31540;DISPONIBLE;01 - 25 - 32 - 43 - 51 - 63 - 65 - 68 - 88 - 89;23 - 26 - 33 - 34 - 43 - 60 - 63 - 77 - 80 - 83;;;;
31541;DISPONIBLE;15 - 16 - 30 - 31 - 35 - 44 - 47 - 86 - 89 - 90;05 - 15 - 26 - 31 - 41 - 45 - 54 - 69 - 83 - 85;;;;
31542;DISPONIBLE;14 - 26 - 30 - 32 - 40 - 47 - 49 - 56 - 70 - 76;15 - 28 - 32 - 37 - 54 - 67 - 69 - 70 - 73 - 88;;;;
31543;DISPONIBLE;07 - 09 - 28 - 35 - 36 - 58 - 67 - 73 - 80 - 83;08 - 24 - 39 - 45 - 53 - 61 - 67 - 69 - 87 - 88;;;;
31544;DISPONIBLE;03 - 24 - 40 - 41 - 44 - 48 - 49 - 50 - 74 - 82;02 - 03 - 05 - 07 - 32 - 73 - 74 - 78 - 86 - 89;;;;
31545;DISPONIBLE;16 - 30 - 55 - 56 - 65 - 69 - 73 - 75 - 83 - 88;02 - 05 - 11 - 19 - 23 - 25 - 43 - 59 - 67 - 85;;;;
31546;DISPONIBLE;08 - 16 - 42 - 45 - 51 - 64 - 65 - 67 - 79 - 86;02 - 07 - 39 - 45 - 57 - 62 - 71 - 74 - 77 - 79;;;;
31547;DISPONIBLE;18 - 19 - 22 - 28 - 32 - 41 - 56 - 68 - 78 - 85;12 - 17 - 25 - 38 - 42 - 44 - 69 - 70 - 75 - 88;;;;
31548;DISPONIBLE;10 - 13 - 18 - 32 - 41 - 42 - 54 - 56 - 58 - 82;05 - 12 - 15 - 25 - 28 - 43 - 51 - 73 - 77 - 81;;;;
31549;DISPONIBLE;10 - 13 - 20 - 23 - 26 - 42 - 47 - 48 - 62 - 64;07 - 15 - 23 - 42 - 50 - 59 - 63 - 68 - 79 - 81;;;;
31550;DISPONIBLE;07 - 14 - 17 - 19 - 34 - 51 - 63 - 71 - 72 - 88;32 - 33 - 36 - 38 - 57 - 59 - 61 - 75 - 84 - 90;;;;
31551;DISPONIBLE;11 - 20 - 27 - 32 - 37 - 38 - 58 - 63 - 74 - 87;07 - 25 - 27 - 38 - 46 - 57 - 58 - 67 - 79 - 88;;;;
31552;DISPONIBLE;07 - 08 - 12 - 24 - 33 - 41 - 42 - 72 - 79 - 88;08 - 11 - 25 - 49 - 56 - 59 - 62 - 64 - 70 - 82;;;;
31553;DISPONIBLE;08 - 10 - 13 - 30 - 32 - 47 - 70 - 71 - 80 - 87;06 - 08 - 12 - 23 - 30 - 38 - 46 - 52 - 64 - 81;;;;
31554;DISPONIBLE;19 - 21 - 37 - 45 - 46 - 51 - 72 - 76 - 80 - 89;27 - 39 - 42 - 49 - 59 - 66 - 72 - 74 - 75 - 79;;;;
31555;DISPONIBLE;02 - 16 - 32 - 54 - 56 - 58 - 61 - 65 - 80 - 86;31 - 53 - 55 - 59 - 62 - 63 - 70 - 81 - 82 - 89;;;;
31556;DISPONIBLE;02 - 33 - 34 - 35 - 56 - 59 - 61 - 69 - 82 - 85;04 - 05 - 15 - 22 - 37 - 64 - 72 - 79 - 86 - 87;;;;
31557;DISPONIBLE;15 - 25 - 40 - 47 - 58 - 61 - 62 - 81 - 83 - 90;07 - 11 - 18 - 34 - 37 - 48 - 50 - 63 - 66 - 85;;;;
31558;DISPONIBLE;03 - 08 - 10 - 14 - 16 - 19 - 42 - 60 - 76 - 88;01 - 25 - 26 - 37 - 40 - 57 - 63 - 77 - 78 - 80;;;;
31559;DISPONIBLE;46 - 47 - 52 - 57 - 62 - 71 - 72 - 77 - 87 - 89;02 - 03 - 13 - 15 - 17 - 21 - 31 - 60 - 77 - 79;;;;
31560;DISPONIBLE;06 - 11 - 34 - 40 - 50 - 54 - 61 - 68 - 80 - 87;01 - 09 - 15 - 19 - 21 - 38 - 57 - 59 - 75 - 89;;;;
31561;DISPONIBLE;06 - 13 - 17 - 29 - 39 - 46 - 50 - 61 - 62 - 72;20 - 24 - 34 - 55 - 56 - 58 - 76 - 79 - 88 - 90;;;;
31562;DISPONIBLE;02 - 04 - 05 - 19 - 29 - 42 - 57 - 65 - 71 - 73;01 - 19 - 30 - 32 - 48 - 52 - 70 - 72 - 76 - 83;;;;
31563;DISPONIBLE;03 - 09 - 44 - 48 - 56 - 57 - 61 - 76 - 87 - 89;01 - 06 - 15 - 26 - 35 - 41 - 50 - 53 - 83 - 89;;;;
31564;DISPONIBLE;20 - 21 - 25 - 27 - 56 - 62 - 65 - 68 - 77 - 84;06 - 10 - 18 - 24 - 39 - 70 - 71 - 72 - 76 - 83;;;;
31565;DISPONIBLE;12 - 18 - 23 - 36 - 49 - 51 - 78 - 80 - 81 - 84;03 - 04 - 08 - 11 - 16 - 61 - 63 - 64 - 86 - 87;;;;
31566;DISPONIBLE;10 - 14 - 16 - 18 - 29 - 32 - 43 - 51 - 66 - 67;02 - 15 - 23 - 27 - 31 - 36 - 39 - 63 - 68 - 74;;;;
31567;DISPONIBLE;08 - 12 - 14 - 19 - 39 - 50 - 56 - 58 - 68 - 75;22 - 27 - 29 - 54 - 66 - 68 - 69 - 75 - 82 - 87;;;;
31568;DISPONIBLE;28 - 35 - 39 - 40 - 47 - 52 - 55 - 58 - 70 - 85;02 - 15 - 18 - 27 - 36 - 41 - 59 - 63 - 69 - 84;;;;
31569;DISPONIBLE;07 - 12 - 15 - 21 - 25 - 42 - 43 - 58 - 71 - 72;32 - 33 - 35 - 36 - 49 - 57 - 63 - 65 - 74 - 78;;;;
31570;DISPONIBLE;05 - 06 - 20 - 22 - 35 - 47 - 60 - 62 - 77 - 84;11 - 25 - 41 - 48 - 51 - 52 - 67 - 72 - 76 - 90;;;;
31571;DISPONIBLE;02 - 04 - 31 - 35 - 44 - 46 - 47 - 56 - 67 - 74;03 - 19 - 22 - 30 - 32 - 45 - 60 - 67 - 83 - 84;;;;
31572;DISPONIBLE;45 - 46 - 49 - 55 - 61 - 63 - 67 - 70 - 73 - 90;07 - 15 - 19 - 24 - 48 - 60 - 63 - 69 - 74 - 87;;;;
31573;DISPONIBLE;06 - 11 - 18 - 35 - 39 - 43 - 62 - 64 - 78 - 82;02 - 13 - 18 - 42 - 45 - 56 - 57 - 62 - 79 - 86;;;;
31574;DISPONIBLE;04 - 07 - 09 - 13 - 32 - 38 - 53 - 67 - 69 - 77;36 - 44 - 46 - 50 - 56 - 70 - 73 - 80 - 83 - 88;;;;
31575;DISPONIBLE;05 - 11 - 15 - 33 - 51 - 52 - 57 - 66 - 75 - 88;04 - 12 - 18 - 29 - 57 - 61 - 67 - 72 - 79 - 84;;;;
31576;DISPONIBLE;15 - 26 - 38 - 43 - 54 - 60 - 65 - 69 - 86 - 89;06 - 24 - 27 - 29 - 35 - 44 - 54 - 62 - 67 - 79;;;;
31577;DISPONIBLE;07 - 12 - 15 - 19 - 20 - 33 - 45 - 55 - 75 - 80;09 - 16 - 31 - 40 - 51 - 52 - 64 - 65 - 81 - 88;;;;
31578;DISPONIBLE;29 - 35 - 44 - 51 - 53 - 58 - 62 - 69 - 71 - 87;01 - 10 - 20 - 22 - 36 - 42 - 61 - 76 - 79 - 80;;;;
31579;DISPONIBLE;04 - 19 - 23 - 28 - 30 - 31 - 66 - 67 - 76 - 77;04 - 07 - 08 - 12 - 43 - 54 - 61 - 67 - 72 - 76;;;;
31580;DISPONIBLE;08 - 10 - 18 - 19 - 21 - 23 - 46 - 52 - 64 - 79;01 - 02 - 07 - 14 - 24 - 47 - 53 - 79 - 80 - 88;;;;
31581;DISPONIBLE;07 - 12 - 19 - 27 - 28 - 32 - 38 - 52 - 54 - 58;18 - 19 - 27 - 41 - 52 - 57 - 66 - 74 - 76 - 77;;;;
31582;DISPONIBLE;22 - 26 - 27 - 48 - 53 - 68 - 75 - 80 - 86 - 89;03 - 08 - 11 - 15 - 33 - 37 - 41 - 73 - 81 - 87;;;;
31583;DISPONIBLE;04 - 10 - 19 - 22 - 34 - 38 - 47 - 71 - 81 - 85;04 - 09 - 29 - 32 - 39 - 53 - 63 - 71 - 74 - 78;;;;
31584;DISPONIBLE;04 - 17 - 26 - 43 - 47 - 52 - 57 - 79 - 82 - 84;12 - 13 - 31 - 37 - 46 - 57 - 68 - 82 - 85 - 90;;;;
31585;DISPONIBLE;03 - 04 - 27 - 28 - 42 - 50 - 55 - 65 - 72 - 78;10 - 13 - 14 - 19 - 23 - 27 - 45 - 59 - 76 - 83;;;;
31586;DISPONIBLE;05 - 06 - 16 - 17 - 31 - 36 - 59 - 61 - 73 - 78;02 - 08 - 23 - 30 - 32 - 54 - 72 - 84 - 87 - 88;;;;
31587;DISPONIBLE;16 - 23 - 30 - 35 - 43 - 44 - 49 - 51 - 52 - 67;01 - 25 - 27 - 41 - 50 - 69 - 71 - 84 - 85 - 90;;;;
31588;DISPONIBLE;05 - 06 - 07 - 21 - 27 - 41 - 45 - 68 - 75 - 78;08 - 25 - 27 - 29 - 49 - 52 - 59 - 61 - 71 - 81;;;;
31589;DISPONIBLE;27 - 29 - 35 - 44 - 45 - 55 - 56 - 64 - 79 - 87;01 - 02 - 17 - 20 - 23 - 25 - 49 - 65 - 68 - 90;;;;
31590;DISPONIBLE;01 - 02 - 04 - 24 - 25 - 47 - 71 - 73 - 77 - 86;08 - 13 - 15 - 20 - 40 - 55 - 56 - 62 - 69 - 75;;;;
31591;DISPONIBLE;03 - 05 - 06 - 08 - 17 - 19 - 32 - 37 - 60 - 75;13 - 22 - 29 - 45 - 47 - 68 - 74 - 78 - 89 - 90;;;;
31592;DISPONIBLE;17 - 23 - 24 - 25 - 30 - 40 - 42 - 47 - 50 - 64;09 - 22 - 31 - 37 - 46 - 47 - 49 - 54 - 63 - 64;;;;
31593;DISPONIBLE;04 - 05 - 19 - 33 - 54 - 57 - 63 - 66 - 71 - 73;15 - 40 - 42 - 53 - 54 - 55 - 63 - 64 - 68 - 71;;;;
31594;DISPONIBLE;16 - 17 - 19 - 44 - 45 - 71 - 72 - 77 - 79 - 81;05 - 18 - 31 - 34 - 37 - 39 - 46 - 51 - 61 - 72;;;;
31595;DISPONIBLE;17 - 32 - 37 - 40 - 54 - 60 - 67 - 80 - 84 - 89;13 - 15 - 25 - 36 - 60 - 69 - 77 - 79 - 86 - 87;;;;
31596;DISPONIBLE;08 - 15 - 22 - 44 - 52 - 57 - 62 - 64 - 76 - 80;04 - 11 - 20 - 25 - 28 - 37 - 44 - 49 - 60 - 65;;;;
31597;DISPONIBLE;09 - 15 - 36 - 37 - 48 - 55 - 64 - 69 - 73 - 82;02 - 09 - 14 - 15 - 50 - 53 - 61 - 63 - 73 - 83;;;;
31598;DISPONIBLE;21 - 23 - 24 - 28 - 49 - 51 - 54 - 65 - 77 - 85;06 - 12 - 14 - 26 - 32 - 42 - 53 - 79 - 84 - 86;;;;
31599;DISPONIBLE;27 - 28 - 29 - 32 - 39 - 40 - 46 - 61 - 74 - 86;20 - 25 - 26 - 37 - 38 - 49 - 55 - 56 - 58 - 89;;;;
31600;DISPONIBLE;11 - 22 - 42 - 43 - 48 - 61 - 62 - 66 - 67 - 76;27 - 30 - 37 - 38 - 39 - 40 - 56 - 57 - 74 - 88;;;;
31601;DISPONIBLE;05 - 11 - 16 - 45 - 52 - 54 - 62 - 64 - 70 - 73;01 - 08 - 12 - 19 - 24 - 26 - 31 - 64 - 71 - 85;;;;
31602;DISPONIBLE;13 - 21 - 31 - 32 - 51 - 60 - 66 - 72 - 77 - 86;22 - 28 - 34 - 40 - 42 - 43 - 47 - 68 - 75 - 83;;;;
31603;DISPONIBLE;07 - 19 - 23 - 28 - 39 - 49 - 65 - 68 - 76 - 90;02 - 05 - 20 - 27 - 62 - 64 - 71 - 73 - 75 - 82;;;;
31604;DISPONIBLE;35 - 47 - 52 - 61 - 62 - 63 - 66 - 70 - 78 - 80;17 - 26 - 28 - 43 - 47 - 52 - 66 - 70 - 76 - 85;;;;
31605;DISPONIBLE;02 - 11 - 17 - 31 - 34 - 35 - 48 - 71 - 79 - 90;06 - 26 - 29 - 42 - 49 - 59 - 61 - 70 - 77 - 81;;;;
31606;DISPONIBLE;01 - 06 - 07 - 21 - 41 - 53 - 55 - 58 - 71 - 87;01 - 05 - 12 - 15 - 42 - 44 - 61 - 74 - 79 - 87;;;;
31607;DISPONIBLE;08 - 10 - 12 - 18 - 23 - 29 - 33 - 40 - 52 - 69;09 - 47 - 51 - 52 - 56 - 57 - 63 - 82 - 84 - 86;;;;
31608;DISPONIBLE;01 - 02 - 12 - 26 - 32 - 42 - 60 - 62 - 65 - 75;23 - 29 - 48 - 51 - 53 - 62 - 66 - 69 - 73 - 88;;;;
31609;DISPONIBLE;06 - 12 - 22 - 29 - 35 - 39 - 64 - 73 - 80 - 90;03 - 12 - 31 - 36 - 55 - 57 - 75 - 81 - 87 - 88;;;;
31610;DISPONIBLE;15 - 32 - 42 - 44 - 45 - 56 - 57 - 67 - 80 - 83;12 - 18 - 36 - 37 - 45 - 57 - 59 - 62 - 75 - 84;;;;
31611;DISPONIBLE;19 - 24 - 25 - 28 - 38 - 42 - 52 - 74 - 76 - 85;06 - 23 - 36 - 51 - 60 - 63 - 69 - 73 - 76 - 85;;;;
31612;DISPONIBLE;06 - 17 - 18 - 47 - 50 - 52 - 54 - 62 - 63 - 70;02 - 10 - 17 - 49 - 53 - 54 - 55 - 63 - 72 - 75;;;;
31613;DISPONIBLE;12 - 16 - 20 - 21 - 39 - 47 - 49 - 64 - 75 - 80;12 - 17 - 21 - 29 - 33 - 50 - 52 - 53 - 68 - 72;;;;
31614;DISPONIBLE;17 - 22 - 23 - 32 - 34 - 40 - 45 - 58 - 74 - 89;05 - 11 - 25 - 36 - 40 - 50 - 62 - 63 - 65 - 66;;;;
31615;DISPONIBLE;06 - 09 - 24 - 49 - 57 - 69 - 77 - 78 - 80 - 89;20 - 41 - 45 - 49 - 52 - 71 - 77 - 81 - 83 - 86;;;;
31616;DISPONIBLE;03 - 11 - 13 - 21 - 43 - 49 - 74 - 76 - 85 - 89;01 - 06 - 20 - 48 - 61 - 63 - 69 - 81 - 84 - 86;;;;
31617;DISPONIBLE;07 - 34 - 38 - 42 - 47 - 64 - 72 - 77 - 80 - 84;12 - 21 - 22 - 26 - 27 - 34 - 42 - 49 - 55 - 63;;;;
31618;DISPONIBLE;18 - 19 - 23 - 30 - 37 - 38 - 44 - 79 - 84 - 85;12 - 17 - 22 - 36 - 39 - 40 - 41 - 54 - 57 - 90;;;;
31619;DISPONIBLE;05 - 07 - 09 - 17 - 21 - 42 - 60 - 67 - 71 - 77;19 - 30 - 41 - 49 - 54 - 55 - 58 - 69 - 77 - 86;;;;
31620;DISPONIBLE;17 - 30 - 41 - 45 - 49 - 52 - 60 - 77 - 79 - 87;07 - 12 - 13 - 18 - 44 - 50 - 53 - 62 - 67 - 87;;;;
31621;DISPONIBLE;06 - 10 - 21 - 23 - 44 - 47 - 57 - 62 - 73 - 79;15 - 19 - 21 - 34 - 36 - 44 - 46 - 53 - 65 - 80;;;;
31622;DISPONIBLE;36 - 39 - 49 - 52 - 58 - 60 - 63 - 71 - 87 - 90;11 - 34 - 42 - 46 - 47 - 49 - 67 - 68 - 79 - 86;;;;
31623;DISPONIBLE;15 - 29 - 41 - 43 - 51 - 59 - 64 - 71 - 78 - 89;16 - 24 - 31 - 38 - 40 - 45 - 64 - 69 - 80 - 86;;;;
31624;DISPONIBLE;01 - 12 - 29 - 40 - 57 - 63 - 77 - 82 - 87 - 89;07 - 16 - 30 - 31 - 32 - 47 - 59 - 60 - 78 - 82;;;;
31625;DISPONIBLE;03 - 04 - 05 - 08 - 12 - 50 - 79 - 87 - 89 - 90;08 - 10 - 23 - 38 - 53 - 55 - 76 - 82 - 87 - 89;;;;
31626;DISPONIBLE;08 - 10 - 21 - 24 - 34 - 41 - 47 - 72 - 83 - 85;03 - 09 - 20 - 23 - 26 - 38 - 62 - 73 - 80 - 87;;;;
31627;DISPONIBLE;05 - 12 - 29 - 46 - 47 - 62 - 75 - 81 - 87 - 89;02 - 06 - 21 - 30 - 34 - 35 - 37 - 38 - 47 - 49;;;;
31628;DISPONIBLE;04 - 20 - 23 - 29 - 30 - 53 - 61 - 77 - 83 - 86;02 - 04 - 14 - 28 - 43 - 50 - 51 - 56 - 72 - 85;;;;
31629;DISPONIBLE;08 - 10 - 16 - 17 - 51 - 54 - 63 - 64 - 66 - 68;02 - 14 - 18 - 34 - 38 - 49 - 62 - 72 - 84 - 85;;;;
31630;DISPONIBLE;16 - 22 - 23 - 30 - 40 - 44 - 50 - 65 - 89 - 90;02 - 03 - 08 - 16 - 24 - 39 - 54 - 70 - 73 - 74;;;;
31631;DISPONIBLE;03 - 18 - 23 - 32 - 46 - 47 - 61 - 70 - 80 - 89;04 - 05 - 08 - 13 - 39 - 40 - 42 - 43 - 63 - 83;;;;
31632;DISPONIBLE;02 - 11 - 28 - 30 - 44 - 58 - 64 - 70 - 76 - 78;14 - 39 - 40 - 42 - 44 - 53 - 77 - 86 - 88 - 90;;;;
31633;DISPONIBLE;03 - 06 - 17 - 23 - 40 - 44 - 68 - 70 - 83 - 87;01 - 11 - 19 - 32 - 40 - 41 - 46 - 54 - 73 - 76;;;;
31634;DISPONIBLE;19 - 25 - 33 - 34 - 37 - 38 - 39 - 56 - 66 - 74;05 - 07 - 17 - 18 - 27 - 29 - 38 - 46 - 47 - 72;;;;
31635;DISPONIBLE;14 - 35 - 37 - 48 - 54 - 55 - 63 - 67 - 70 - 86;01 - 03 - 32 - 40 - 51 - 57 - 58 - 68 - 83 - 86;;;;
31636;DISPONIBLE;09 - 15 - 21 - 25 - 33 - 65 - 66 - 70 - 81 - 82;15 - 16 - 26 - 30 - 35 - 37 - 39 - 52 - 61 - 64;;;;
31637;DISPONIBLE;01 - 04 - 05 - 07 - 16 - 23 - 56 - 59 - 69 - 77;02 - 10 - 25 - 34 - 70 - 73 - 78 - 83 - 86 - 90;;;;
31638;DISPONIBLE;09 - 10 - 12 - 22 - 28 - 46 - 68 - 76 - 82 - 89;08 - 14 - 20 - 22 - 25 - 28 - 34 - 58 - 59 - 90;;;;
31639;DISPONIBLE;01 - 06 - 15 - 17 - 18 - 19 - 24 - 55 - 59 - 77;01 - 13 - 15 - 19 - 24 - 49 - 56 - 59 - 60 - 75;;;;
31640;DISPONIBLE;13 - 14 - 20 - 22 - 39 - 50 - 53 - 57 - 64 - 67;13 - 16 - 26 - 40 - 60 - 66 - 74 - 85 - 87 - 89;;;;
31641;DISPONIBLE;04 - 09 - 29 - 33 - 38 - 47 - 50 - 56 - 67 - 70;04 - 08 - 10 - 28 - 39 - 47 - 53 - 63 - 65 - 90;;;;
31642;DISPONIBLE;03 - 20 - 25 - 27 - 29 - 33 - 43 - 44 - 54 - 65;10 - 11 - 17 - 24 - 60 - 67 - 68 - 73 - 77 - 84;;;;
31643;DISPONIBLE;10 - 13 - 14 - 24 - 43 - 51 - 56 - 63 - 64 - 66;08 - 11 - 14 - 15 - 16 - 28 - 32 - 33 - 34 - 85;;;;
31644;DISPONIBLE;09 - 11 - 52 - 57 - 58 - 66 - 67 - 71 - 77 - 85;06 - 18 - 34 - 47 - 71 - 80 - 82 - 85 - 89 - 90;;;;
31645;DISPONIBLE;02 - 05 - 12 - 13 - 24 - 41 - 50 - 56 - 84 - 85;13 - 22 - 26 - 29 - 32 - 51 - 55 - 60 - 71 - 75;;;;
31646;DISPONIBLE;05 - 21 - 36 - 38 - 42 - 44 - 45 - 48 - 53 - 69;09 - 16 - 22 - 32 - 41 - 47 - 64 - 73 - 75 - 80;;;;
31647;DISPONIBLE;07 - 11 - 13 - 28 - 32 - 42 - 59 - 61 - 73 - 74;03 - 13 - 22 - 31 - 33 - 39 - 47 - 61 - 76 - 79;;;;
31648;DISPONIBLE;01 - 17 - 19 - 28 - 42 - 58 - 65 - 73 - 77 - 88;02 - 08 - 15 - 30 - 33 - 47 - 51 - 53 - 82 - 87;;;;
31649;DISPONIBLE;13 - 22 - 29 - 33 - 56 - 58 - 78 - 80 - 83 - 85;07 - 09 - 14 - 32 - 46 - 58 - 72 - 79 - 83 - 86;;;;
31650;DISPONIBLE;10 - 13 - 26 - 36 - 57 - 69 - 70 - 85 - 87 - 90;10 - 11 - 15 - 22 - 31 - 52 - 63 - 75 - 85 - 88;;;;
31651;DISPONIBLE;11 - 15 - 20 - 37 - 43 - 47 - 50 - 56 - 61 - 79;04 - 12 - 14 - 16 - 34 - 38 - 57 - 61 - 71 - 72;;;;
31652;DISPONIBLE;02 - 08 - 09 - 16 - 19 - 43 - 44 - 54 - 72 - 82;03 - 07 - 18 - 34 - 45 - 47 - 49 - 50 - 59 - 71;;;;
31653;DISPONIBLE;08 - 09 - 16 - 40 - 46 - 51 - 53 - 60 - 61 - 63;10 - 16 - 31 - 35 - 60 - 61 - 65 - 68 - 70 - 85;;;;
31654;DISPONIBLE;22 - 25 - 36 - 39 - 41 - 42 - 51 - 57 - 68 - 85;08 - 18 - 29 - 36 - 43 - 50 - 55 - 66 - 81 - 90;;;;
31655;DISPONIBLE;05 - 24 - 26 - 27 - 46 - 50 - 52 - 55 - 61 - 76;04 - 12 - 13 - 18 - 32 - 34 - 39 - 51 - 67 - 70;;;;
31656;DISPONIBLE;04 - 05 - 07 - 28 - 39 - 42 - 44 - 72 - 81 - 90;11 - 12 - 17 - 24 - 47 - 58 - 70 - 80 - 86 - 87;;;;
31657;DISPONIBLE;13 - 14 - 16 - 24 - 42 - 52 - 60 - 78 - 82 - 84;02 - 06 - 12 - 21 - 29 - 43 - 50 - 61 - 79 - 85;;;;
31658;DISPONIBLE;01 - 06 - 20 - 27 - 36 - 38 - 47 - 54 - 69 - 78;03 - 10 - 16 - 34 - 35 - 41 - 51 - 81 - 83 - 84;;;;
31659;DISPONIBLE;25 - 36 - 38 - 40 - 41 - 48 - 51 - 55 - 57 - 77;23 - 26 - 35 - 46 - 50 - 65 - 67 - 79 - 81 - 82;;;;
31660;DISPONIBLE;04 - 11 - 13 - 17 - 18 - 20 - 26 - 37 - 39 - 89;11 - 20 - 25 - 29 - 32 - 34 - 38 - 55 - 56 - 61;;;;
31661;DISPONIBLE;11 - 13 - 16 - 39 - 47 - 49 - 52 - 66 - 76 - 85;03 - 05 - 27 - 28 - 57 - 58 - 83 - 85 - 87 - 90;;;;
31662;DISPONIBLE;15 - 24 - 35 - 44 - 50 - 52 - 54 - 63 - 73 - 75;04 - 17 - 20 - 21 - 26 - 54 - 56 - 62 - 71 - 80;;;;
31663;DISPONIBLE;07 - 09 - 23 - 27 - 32 - 35 - 42 - 73 - 88 - 89;24 - 25 - 38 - 44 - 55 - 65 - 71 - 78 - 83 - 88;;;;
31664;DISPONIBLE;05 - 15 - 29 - 37 - 44 - 54 - 68 - 74 - 79 - 81;09 - 19 - 37 - 49 - 58 - 69 - 77 - 79 - 84 - 90;;;;
31665;DISPONIBLE;15 - 21 - 23 - 33 - 44 - 49 - 52 - 68 - 77 - 83;08 - 09 - 17 - 21 - 24 - 36 - 38 - 55 - 77 - 82;;;;
31666;DISPONIBLE;04 - 12 - 15 - 55 - 69 - 73 - 85 - 86 - 88 - 90;21 - 23 - 30 - 38 - 41 - 54 - 60 - 81 - 88 - 90;;;;
31667;DISPONIBLE;05 - 12 - 25 - 30 - 46 - 61 - 67 - 71 - 75 - 89;02 - 10 - 31 - 46 - 50 - 54 - 59 - 66 - 73 - 81;;;;
31668;DISPONIBLE;01 - 15 - 17 - 23 - 27 - 36 - 59 - 61 - 71 - 77;16 - 17 - 35 - 38 - 42 - 45 - 55 - 57 - 77 - 83;;;;
31669;DISPONIBLE;11 - 14 - 26 - 31 - 38 - 59 - 67 - 71 - 80 - 90;12 - 22 - 35 - 37 - 44 - 74 - 77 - 78 - 79 - 88;;;;
31670;DISPONIBLE;02 - 06 - 13 - 19 - 40 - 68 - 83 - 84 - 86 - 87;02 - 14 - 22 - 37 - 47 - 58 - 75 - 79 - 81 - 82;;;;
31671;DISPONIBLE;13 - 39 - 40 - 47 - 49 - 51 - 53 - 62 - 74 - 75;02 - 14 - 23 - 24 - 27 - 30 - 45 - 54 - 57 - 80;;;;
31672;DISPONIBLE;09 - 12 - 13 - 22 - 26 - 43 - 49 - 51 - 59 - 60;01 - 03 - 30 - 37 - 61 - 70 - 71 - 79 - 85 - 89;;;;
31673;DISPONIBLE;08 - 14 - 21 - 22 - 24 - 27 - 41 - 53 - 54 - 77;10 - 23 - 34 - 38 - 40 - 46 - 56 - 64 - 67 - 87;;;;
31674;DISPONIBLE;11 - 12 - 46 - 47 - 48 - 51 - 66 - 70 - 80 - 90;03 - 04 - 11 - 40 - 46 - 62 - 63 - 75 - 78 - 83;;;;
31675;DISPONIBLE;08 - 26 - 32 - 42 - 61 - 65 - 71 - 73 - 75 - 90;05 - 15 - 22 - 61 - 66 - 70 - 73 - 83 - 85 - 90;;;;
31676;DISPONIBLE;03 - 24 - 25 - 26 - 31 - 42 - 51 - 58 - 69 - 76;05 - 16 - 37 - 47 - 51 - 59 - 67 - 72 - 77 - 83;;;;
31677;DISPONIBLE;10 - 11 - 45 - 52 - 53 - 65 - 79 - 81 - 83 - 87;10 - 19 - 24 - 38 - 40 - 51 - 55 - 64 - 76 - 90;;;;
31678;DISPONIBLE;10 - 11 - 25 - 47 - 54 - 68 - 79 - 86 - 88 - 89;04 - 16 - 18 - 23 - 24 - 28 - 68 - 71 - 87 - 90;;;;
31679;DISPONIBLE;03 - 07 - 12 - 22 - 31 - 43 - 51 - 59 - 63 - 73;01 - 05 - 09 - 17 - 23 - 42 - 48 - 64 - 67 - 75;;;;
31680;DISPONIBLE;11 - 14 - 22 - 30 - 36 - 38 - 44 - 61 - 76 - 86;04 - 11 - 14 - 18 - 19 - 29 - 44 - 58 - 67 - 69;;;;
31681;DISPONIBLE;21 - 26 - 41 - 46 - 61 - 62 - 70 - 72 - 75 - 85;09 - 10 - 13 - 19 - 24 - 57 - 62 - 64 - 67 - 74;;;;
31682;DISPONIBLE;03 - 09 - 15 - 18 - 28 - 46 - 72 - 75 - 82 - 88;01 - 03 - 17 - 22 - 52 - 60 - 63 - 64 - 65 - 66;;;;
31683;DISPONIBLE;08 - 29 - 34 - 38 - 49 - 54 - 67 - 72 - 87 - 89;11 - 15 - 20 - 28 - 48 - 52 - 54 - 60 - 63 - 89;;;;
31684;DISPONIBLE;15 - 48 - 51 - 54 - 64 - 74 - 75 - 79 - 85 - 89;03 - 08 - 25 - 27 - 47 - 54 - 58 - 65 - 72 - 88;;;;
31685;DISPONIBLE;11 - 13 - 24 - 36 - 41 - 48 - 50 - 53 - 80 - 81;07 - 13 - 25 - 35 - 36 - 41 - 44 - 58 - 70 - 83;;;;
31686;DISPONIBLE;09 - 25 - 54 - 60 - 61 - 74 - 75 - 79 - 83 - 85;13 - 15 - 16 - 27 - 28 - 37 - 56 - 59 - 67 - 88;;;;
31687;DISPONIBLE;17 - 26 - 27 - 28 - 47 - 49 - 65 - 79 - 84 - 89;16 - 17 - 20 - 22 - 38 - 42 - 74 - 77 - 81 - 83;;;;
31688;DISPONIBLE;05 - 12 - 19 - 36 - 43 - 45 - 63 - 67 - 70 - 73;18 - 22 - 28 - 35 - 36 - 39 - 46 - 69 - 78 - 79;;;;
31689;DISPONIBLE;09 - 16 - 18 - 20 - 25 - 37 - 47 - 61 - 80 - 89;10 - 15 - 40 - 42 - 45 - 47 - 58 - 61 - 72 - 86;;;;
31690;DISPONIBLE;05 - 06 - 32 - 42 - 44 - 45 - 71 - 74 - 77 - 89;13 - 18 - 31 - 38 - 49 - 53 - 78 - 79 - 82 - 89;;;;
31691;DISPONIBLE;03 - 09 - 14 - 50 - 55 - 61 - 63 - 68 - 69 - 75;03 - 22 - 33 - 38 - 48 - 59 - 69 - 79 - 85 - 87;;;;
31692;DISPONIBLE;02 - 03 - 10 - 19 - 22 - 55 - 64 - 65 - 76 - 83;02 - 07 - 11 - 12 - 16 - 41 - 42 - 50 - 51 - 55;;;;
31693;DISPONIBLE;01 - 09 - 11 - 43 - 44 - 45 - 46 - 48 - 56 - 80;10 - 23 - 26 - 36 - 46 - 47 - 54 - 62 - 72 - 82;;;;
31694;DISPONIBLE;10 - 29 - 42 - 60 - 62 - 68 - 71 - 72 - 74 - 89;05 - 06 - 08 - 12 - 24 - 27 - 51 - 55 - 77 - 83;;;;
31695;DISPONIBLE;11 - 16 - 22 - 32 - 33 - 47 - 49 - 64 - 65 - 79;04 - 18 - 24 - 26 - 28 - 31 - 43 - 47 - 75 - 85;;;;
31696;DISPONIBLE;04 - 10 - 17 - 27 - 45 - 60 - 61 - 62 - 83 - 90;03 - 05 - 06 - 19 - 25 - 35 - 39 - 47 - 60 - 83;;;;
31697;DISPONIBLE;07 - 08 - 11 - 17 - 19 - 28 - 48 - 54 - 71 - 85;14 - 23 - 32 - 35 - 36 - 39 - 43 - 69 - 81 - 83;;;;
31698;DISPONIBLE;26 - 29 - 37 - 42 - 49 - 52 - 64 - 67 - 78 - 81;16 - 28 - 29 - 37 - 40 - 47 - 49 - 61 - 62 - 89;;;;
31699;DISPONIBLE;03 - 19 - 23 - 25 - 36 - 37 - 47 - 48 - 52 - 54;01 - 24 - 29 - 38 - 39 - 47 - 60 - 67 - 79 - 87;;;;
31700;DISPONIBLE;10 - 18 - 26 - 27 - 35 - 37 - 38 - 39 - 68 - 75;02 - 04 - 36 - 44 - 55 - 57 - 58 - 60 - 65 - 81;;;;
31701;DISPONIBLE;15 - 19 - 22 - 26 - 40 - 49 - 50 - 52 - 73 - 85;13 - 17 - 18 - 19 - 34 - 37 - 52 - 63 - 70 - 85;;;;
31702;DISPONIBLE;03 - 24 - 27 - 32 - 45 - 54 - 56 - 60 - 86 - 88;02 - 18 - 32 - 36 - 46 - 50 - 59 - 62 - 65 - 66;;;;
31703;DISPONIBLE;02 - 09 - 10 - 18 - 45 - 60 - 61 - 75 - 77 - 90;11 - 27 - 33 - 39 - 41 - 43 - 47 - 53 - 54 - 67;;;;
31704;DISPONIBLE;04 - 11 - 25 - 31 - 40 - 48 - 49 - 70 - 72 - 88;04 - 30 - 32 - 35 - 53 - 59 - 60 - 63 - 67 - 84;;;;
31705;DISPONIBLE;19 - 20 - 32 - 39 - 41 - 43 - 47 - 56 - 77 - 81;09 - 23 - 39 - 52 - 61 - 67 - 77 - 79 - 81 - 88;;;;
31706;DISPONIBLE;11 - 16 - 17 - 29 - 43 - 52 - 53 - 57 - 58 - 62;07 - 17 - 20 - 44 - 50 - 63 - 65 - 83 - 84 - 89;;;;
31707;DISPONIBLE;10 - 15 - 33 - 42 - 71 - 76 - 81 - 82 - 85 - 90;05 - 11 - 44 - 47 - 48 - 50 - 65 - 69 - 80 - 81;;;;
31708;DISPONIBLE;01 - 05 - 06 - 07 - 13 - 51 - 58 - 60 - 78 - 82;03 - 06 - 11 - 19 - 20 - 38 - 45 - 50 - 77 - 86;;;;
31709;DISPONIBLE;11 - 16 - 27 - 39 - 41 - 46 - 49 - 63 - 71 - 80;01 - 08 - 11 - 15 - 23 - 26 - 29 - 53 - 58 - 80;;;;
31710;DISPONIBLE;32 - 40 - 41 - 48 - 52 - 63 - 67 - 72 - 83 - 88;02 - 11 - 34 - 41 - 42 - 47 - 51 - 68 - 76 - 79;;;;
31711;DISPONIBLE;13 - 25 - 31 - 38 - 48 - 61 - 65 - 76 - 82 - 86;02 - 13 - 20 - 22 - 24 - 45 - 50 - 59 - 70 - 89;;;;
31712;DISPONIBLE;15 - 28 - 30 - 37 - 40 - 45 - 58 - 63 - 74 - 78;21 - 22 - 25 - 37 - 44 - 52 - 57 - 73 - 75 - 81;;;;
31713;DISPONIBLE;01 - 05 - 11 - 16 - 18 - 24 - 32 - 52 - 86 - 89;01 - 34 - 35 - 48 - 50 - 57 - 62 - 65 - 79 - 88;;;;
31714;DISPONIBLE;04 - 23 - 24 - 33 - 58 - 63 - 66 - 72 - 73 - 78;06 - 33 - 34 - 38 - 41 - 58 - 62 - 64 - 71 - 74;;;;
31715;DISPONIBLE;03 - 08 - 39 - 41 - 46 - 53 - 67 - 75 - 78 - 90;27 - 31 - 44 - 47 - 55 - 63 - 67 - 74 - 80 - 82;;;;
31716;DISPONIBLE;07 - 20 - 24 - 38 - 40 - 41 - 44 - 52 - 62 - 73;08 - 09 - 17 - 22 - 33 - 41 - 60 - 62 - 82 - 89;;;;
31717;DISPONIBLE;09 - 11 - 15 - 17 - 27 - 34 - 38 - 39 - 56 - 76;03 - 35 - 45 - 46 - 52 - 70 - 71 - 83 - 84 - 88;;;;
31718;DISPONIBLE;10 - 16 - 31 - 35 - 43 - 66 - 68 - 77 - 78 - 82;01 - 19 - 21 - 24 - 31 - 47 - 52 - 53 - 64 - 83;;;;
31719;DISPONIBLE;09 - 16 - 22 - 31 - 36 - 49 - 52 - 54 - 58 - 80;19 - 29 - 32 - 34 - 55 - 57 - 62 - 69 - 74 - 75;;;;
31720;DISPONIBLE;07 - 16 - 34 - 45 - 61 - 64 - 67 - 72 - 85 - 88;09 - 10 - 44 - 57 - 62 - 68 - 77 - 80 - 83 - 87;;;;
31721;DISPONIBLE;17 - 18 - 20 - 21 - 48 - 65 - 66 - 74 - 75 - 82;03 - 07 - 08 - 15 - 30 - 31 - 32 - 58 - 64 - 72;;;;
31722;DISPONIBLE;01 - 09 - 18 - 27 - 35 - 41 - 45 - 58 - 64 - 87;16 - 29 - 30 - 35 - 39 - 52 - 68 - 79 - 83 - 86;;;;
31723;DISPONIBLE;04 - 16 - 17 - 20 - 45 - 51 - 52 - 67 - 68 - 75;04 - 11 - 15 - 23 - 40 - 44 - 45 - 55 - 75 - 85;;;;
31724;DISPONIBLE;03 - 11 - 26 - 32 - 35 - 38 - 53 - 58 - 75 - 84;01 - 17 - 18 - 26 - 33 - 37 - 65 - 77 - 81 - 82;;;;
31725;DISPONIBLE;29 - 35 - 43 - 50 - 52 - 53 - 57 - 68 - 76 - 82;02 - 09 - 16 - 19 - 23 - 28 - 33 - 43 - 68 - 82;;;;
31726;DISPONIBLE;04 - 24 - 26 - 32 - 33 - 36 - 51 - 65 - 71 - 74;03 - 05 - 08 - 11 - 33 - 50 - 69 - 73 - 84 - 88;;;;
31727;DISPONIBLE;35 - 36 - 40 - 42 - 55 - 64 - 65 - 66 - 68 - 70;06 - 17 - 35 - 39 - 41 - 42 - 54 - 68 - 76 - 83;;;;
31728;DISPONIBLE;04 - 06 - 10 - 29 - 33 - 41 - 64 - 68 - 69 - 77;08 - 27 - 30 - 36 - 40 - 47 - 55 - 56 - 57 - 86;;;;
31729;DISPONIBLE;08 - 15 - 16 - 41 - 49 - 58 - 62 - 74 - 76 - 88;07 - 09 - 14 - 15 - 23 - 24 - 57 - 78 - 88 - 89;;;;
31730;DISPONIBLE;07 - 13 - 25 - 32 - 38 - 51 - 64 - 70 - 73 - 81;11 - 13 - 18 - 29 - 40 - 46 - 72 - 76 - 79 - 85;;;;
31731;DISPONIBLE;17 - 21 - 23 - 31 - 41 - 45 - 50 - 52 - 58 - 60;50 - 60 - 61 - 63 - 65 - 77 - 79 - 81 - 83 - 90;;;;
31732;DISPONIBLE;11 - 14 - 15 - 21 - 26 - 41 - 44 - 47 - 59 - 73;07 - 21 - 24 - 30 - 44 - 48 - 50 - 63 - 66 - 86;;;;
31733;DISPONIBLE;01 - 10 - 20 - 31 - 32 - 40 - 48 - 53 - 58 - 90;02 - 17 - 37 - 38 - 39 - 47 - 54 - 67 - 83 - 89;;;;
31734;DISPONIBLE;07 - 17 - 34 - 36 - 38 - 47 - 51 - 54 - 73 - 81;06 - 19 - 23 - 41 - 43 - 55 - 61 - 68 - 72 - 75;;;;
31735;DISPONIBLE;16 - 19 - 20 - 23 - 26 - 29 - 33 - 41 - 58 - 83;02 - 28 - 38 - 49 - 59 - 63 - 67 - 69 - 86 - 88;;;;
31736;DISPONIBLE;05 - 22 - 24 - 33 - 41 - 45 - 50 - 53 - 64 - 76;07 - 10 - 14 - 18 - 21 - 33 - 43 - 46 - 67 - 85;;;;
31737;DISPONIBLE;06 - 55 - 57 - 61 - 67 - 68 - 72 - 77 - 78 - 85;06 - 22 - 28 - 52 - 61 - 63 - 74 - 75 - 87 - 89;;;;
31738;DISPONIBLE;06 - 11 - 23 - 25 - 41 - 47 - 57 - 60 - 64 - 87;24 - 59 - 63 - 64 - 70 - 74 - 77 - 83 - 85 - 90;;;;
31739;DISPONIBLE;01 - 08 - 16 - 26 - 28 - 36 - 40 - 45 - 62 - 65;03 - 05 - 15 - 16 - 36 - 46 - 55 - 60 - 79 - 82;;;;
31740;DISPONIBLE;10 - 16 - 26 - 42 - 62 - 64 - 66 - 74 - 80 - 89;09 - 12 - 38 - 48 - 49 - 65 - 67 - 69 - 77 - 90;;;;
31741;DISPONIBLE;13 - 19 - 23 - 25 - 28 - 58 - 62 - 69 - 79 - 88;05 - 21 - 23 - 24 - 35 - 52 - 55 - 56 - 75 - 88;;;;
31742;DISPONIBLE;01 - 07 - 32 - 50 - 54 - 57 - 63 - 75 - 81 - 83;10 - 39 - 43 - 51 - 54 - 59 - 69 - 73 - 80 - 88;;;;
31743;DISPONIBLE;07 - 08 - 09 - 24 - 35 - 40 - 41 - 74 - 77 - 86;14 - 17 - 20 - 22 - 25 - 54 - 65 - 73 - 78 - 81;;;;
31744;DISPONIBLE;01 - 11 - 15 - 23 - 34 - 43 - 45 - 48 - 59 - 77;16 - 22 - 38 - 47 - 50 - 58 - 61 - 65 - 84 - 85;;;;
31745;DISPONIBLE;01 - 06 - 07 - 10 - 16 - 26 - 55 - 65 - 76 - 79;02 - 20 - 24 - 29 - 31 - 37 - 38 - 47 - 55 - 84;;;;
31746;DISPONIBLE;01 - 05 - 34 - 39 - 48 - 68 - 70 - 75 - 79 - 86;14 - 29 - 37 - 39 - 48 - 53 - 54 - 57 - 61 - 64;;;;
31747;DISPONIBLE;08 - 13 - 14 - 15 - 18 - 23 - 24 - 46 - 69 - 73;01 - 04 - 06 - 10 - 20 - 27 - 41 - 75 - 79 - 83;;;;
31748;DISPONIBLE;06 - 08 - 13 - 37 - 49 - 61 - 77 - 81 - 87 - 89;01 - 03 - 12 - 17 - 24 - 35 - 42 - 59 - 84 - 87;;;;
31749;DISPONIBLE;13 - 16 - 17 - 28 - 29 - 42 - 55 - 68 - 75 - 83;06 - 11 - 20 - 24 - 35 - 37 - 65 - 74 - 78 - 81;;;;
31750;DISPONIBLE;06 - 29 - 35 - 58 - 73 - 77 - 81 - 82 - 88 - 90;13 - 21 - 23 - 25 - 27 - 56 - 73 - 80 - 83 - 86;;;;
31751;DISPONIBLE;02 - 06 - 22 - 25 - 26 - 34 - 58 - 72 - 80 - 89;23 - 33 - 44 - 46 - 47 - 57 - 60 - 63 - 82 - 90;;;;
31752;DISPONIBLE;06 - 15 - 19 - 34 - 37 - 40 - 45 - 47 - 59 - 71;11 - 26 - 36 - 44 - 53 - 58 - 69 - 73 - 78 - 85;;;;
31753;DISPONIBLE;16 - 35 - 40 - 42 - 53 - 58 - 59 - 67 - 68 - 79;20 - 23 - 31 - 33 - 42 - 56 - 68 - 74 - 81 - 82;;;;
31754;DISPONIBLE;08 - 22 - 33 - 39 - 40 - 48 - 67 - 84 - 85 - 88;09 - 16 - 19 - 31 - 40 - 48 - 49 - 53 - 75 - 83;;;;
31755;DISPONIBLE;09 - 12 - 29 - 43 - 49 - 53 - 67 - 74 - 79 - 81;01 - 05 - 17 - 31 - 51 - 66 - 68 - 70 - 74 - 81;;;;
31756;DISPONIBLE;05 - 15 - 22 - 39 - 44 - 46 - 58 - 71 - 78 - 81;01 - 03 - 18 - 19 - 25 - 47 - 49 - 64 - 83 - 85;;;;
31757;DISPONIBLE;04 - 05 - 08 - 10 - 39 - 41 - 43 - 44 - 48 - 50;07 - 09 - 11 - 14 - 29 - 40 - 47 - 63 - 79 - 82;;;;
31758;DISPONIBLE;25 - 26 - 27 - 29 - 36 - 40 - 49 - 69 - 80 - 83;03 - 07 - 23 - 32 - 67 - 68 - 74 - 76 - 78 - 88;;;;
31759;DISPONIBLE;01 - 07 - 08 - 10 - 11 - 28 - 54 - 61 - 63 - 82;11 - 12 - 15 - 32 - 33 - 57 - 63 - 73 - 75 - 83;;;;
31760;DISPONIBLE;10 - 14 - 20 - 24 - 51 - 53 - 62 - 69 - 79 - 88;01 - 03 - 07 - 36 - 43 - 44 - 52 - 75 - 77 - 82;;;;
31761;DISPONIBLE;13 - 17 - 24 - 33 - 34 - 45 - 57 - 66 - 67 - 88;04 - 23 - 40 - 48 - 49 - 57 - 59 - 67 - 88 - 89;;;;
31762;DISPONIBLE;05 - 31 - 33 - 38 - 41 - 46 - 72 - 75 - 78 - 85;01 - 06 - 22 - 23 - 24 - 35 - 57 - 62 - 72 - 73;;;;
31763;DISPONIBLE;10 - 17 - 26 - 33 - 34 - 41 - 61 - 72 - 76 - 81;10 - 14 - 15 - 32 - 33 - 51 - 61 - 66 - 67 - 85;;;;
31764;DISPONIBLE;10 - 14 - 35 - 39 - 54 - 56 - 71 - 83 - 85 - 87;01 - 04 - 05 - 08 - 12 - 15 - 40 - 61 - 79 - 90;;;;
31765;DISPONIBLE;05 - 23 - 38 - 39 - 41 - 54 - 63 - 64 - 66 - 79;01 - 02 - 22 - 27 - 30 - 35 - 39 - 41 - 77 - 90;;;;
31766;DISPONIBLE;15 - 19 - 20 - 21 - 39 - 42 - 55 - 63 - 79 - 83;12 - 21 - 28 - 33 - 37 - 44 - 54 - 72 - 75 - 82;;;;
31767;DISPONIBLE;03 - 12 - 28 - 34 - 45 - 52 - 64 - 70 - 72 - 89;11 - 13 - 23 - 29 - 31 - 33 - 38 - 40 - 48 - 59;;;;
31768;DISPONIBLE;16 - 17 - 27 - 40 - 45 - 53 - 76 - 82 - 83 - 87;09 - 11 - 34 - 36 - 42 - 50 - 58 - 85 - 87 - 89;;;;
31769;DISPONIBLE;03 - 20 - 31 - 43 - 45 - 64 - 67 - 71 - 78 - 85;07 - 22 - 27 - 29 - 41 - 44 - 48 - 58 - 67 - 75;;;;
31770;DISPONIBLE;16 - 17 - 32 - 45 - 58 - 61 - 68 - 70 - 80 - 81;01 - 11 - 12 - 27 - 48 - 51 - 55 - 84 - 86 - 90;;;;
31771;DISPONIBLE;08 - 15 - 16 - 17 - 26 - 32 - 33 - 65 - 77 - 78;01 - 03 - 09 - 11 - 26 - 42 - 52 - 61 - 63 - 70;;;;
31772;DISPONIBLE;01 - 13 - 14 - 28 - 36 - 40 - 60 - 70 - 88 - 89;18 - 22 - 24 - 25 - 37 - 42 - 55 - 64 - 69 - 76;;;;
31773;DISPONIBLE;21 - 22 - 29 - 52 - 53 - 63 - 77 - 81 - 83 - 90;05 - 20 - 23 - 36 - 46 - 66 - 73 - 83 - 89 - 90;;;;
31774;DISPONIBLE;03 - 08 - 18 - 28 - 36 - 56 - 75 - 77 - 79 - 81;07 - 10 - 28 - 37 - 39 - 58 - 66 - 69 - 87 - 90;;;;
31775;DISPONIBLE;07 - 20 - 23 - 30 - 32 - 33 - 43 - 55 - 59 - 87;08 - 14 - 27 - 29 - 33 - 34 - 36 - 44 - 65 - 81;;;;
31776;DISPONIBLE;10 - 14 - 24 - 26 - 27 - 35 - 41 - 60 - 83 - 85;01 - 07 - 10 - 18 - 33 - 42 - 57 - 75 - 83 - 88;;;;
31777;DISPONIBLE;03 - 04 - 27 - 40 - 43 - 46 - 53 - 55 - 72 - 75;31 - 35 - 41 - 55 - 62 - 65 - 67 - 72 - 79 - 84;;;;
31778;DISPONIBLE;03 - 08 - 25 - 30 - 42 - 74 - 76 - 79 - 81 - 89;06 - 17 - 23 - 25 - 28 - 29 - 56 - 59 - 62 - 70;;;;
31779;DISPONIBLE;04 - 29 - 30 - 60 - 61 - 72 - 80 - 82 - 85 - 90;07 - 08 - 22 - 32 - 33 - 42 - 47 - 53 - 64 - 87;;;;
31780;DISPONIBLE;01 - 02 - 04 - 51 - 59 - 62 - 71 - 74 - 78 - 81;06 - 09 - 12 - 13 - 16 - 58 - 66 - 68 - 72 - 83;;;;
31781;DISPONIBLE;10 - 11 - 21 - 38 - 41 - 45 - 49 - 50 - 75 - 85;06 - 11 - 32 - 33 - 36 - 38 - 50 - 52 - 64 - 85;;;;
31782;DISPONIBLE;03 - 06 - 17 - 18 - 32 - 40 - 44 - 65 - 68 - 74;06 - 08 - 09 - 14 - 20 - 35 - 56 - 62 - 67 - 86;;;;
31783;DISPONIBLE;07 - 22 - 39 - 42 - 51 - 60 - 72 - 78 - 82 - 90;04 - 21 - 24 - 34 - 67 - 78 - 79 - 80 - 83 - 90;;;;
31784;DISPONIBLE;04 - 08 - 15 - 16 - 28 - 36 - 41 - 49 - 68 - 88;11 - 12 - 16 - 29 - 32 - 57 - 61 - 63 - 69 - 76;;;;
31785;DISPONIBLE;23 - 47 - 50 - 61 - 66 - 67 - 69 - 82 - 88 - 90;06 - 21 - 30 - 35 - 50 - 55 - 58 - 59 - 65 - 76;;;;
31786;DISPONIBLE;09 - 18 - 24 - 26 - 40 - 48 - 49 - 53 - 79 - 85;14 - 17 - 21 - 23 - 53 - 56 - 61 - 67 - 81 - 90;;;;
31787;DISPONIBLE;02 - 30 - 38 - 44 - 52 - 55 - 63 - 68 - 72 - 87;07 - 12 - 15 - 26 - 38 - 63 - 75 - 76 - 82 - 84;;;;
31788;DISPONIBLE;06 - 37 - 46 - 47 - 51 - 58 - 77 - 81 - 86 - 89;08 - 15 - 16 - 22 - 25 - 49 - 53 - 63 - 77 - 79;;;;
31789;DISPONIBLE;05 - 08 - 33 - 40 - 44 - 45 - 46 - 55 - 66 - 70;09 - 18 - 31 - 52 - 67 - 68 - 69 - 73 - 85 - 86;;;;
31790;DISPONIBLE;01 - 06 - 07 - 09 - 25 - 31 - 58 - 70 - 75 - 78;15 - 32 - 42 - 46 - 47 - 48 - 52 - 54 - 80 - 87;;;;
31791;DISPONIBLE;03 - 34 - 35 - 49 - 51 - 59 - 74 - 81 - 82 - 84;06 - 07 - 19 - 20 - 22 - 40 - 69 - 77 - 87 - 88;;;;
31792;DISPONIBLE;18 - 27 - 44 - 46 - 48 - 51 - 52 - 70 - 77 - 84;12 - 17 - 31 - 34 - 44 - 49 - 53 - 69 - 85 - 86;;;;
31793;DISPONIBLE;11 - 25 - 35 - 54 - 58 - 67 - 70 - 71 - 77 - 84;03 - 12 - 28 - 44 - 49 - 60 - 65 - 67 - 73 - 87;;;;
31794;DISPONIBLE;05 - 16 - 18 - 25 - 30 - 38 - 61 - 66 - 87 - 89;17 - 21 - 23 - 30 - 41 - 45 - 69 - 77 - 81 - 88;;;;
31795;DISPONIBLE;03 - 07 - 13 - 19 - 31 - 40 - 68 - 72 - 78 - 80;10 - 13 - 22 - 29 - 31 - 67 - 70 - 72 - 81 - 89;;;;
31796;DISPONIBLE;03 - 04 - 12 - 23 - 48 - 77 - 83 - 84 - 87 - 90;18 - 30 - 33 - 57 - 68 - 74 - 78 - 79 - 89 - 90;;;;
31797;DISPONIBLE;01 - 06 - 11 - 29 - 50 - 53 - 68 - 70 - 82 - 90;09 - 35 - 36 - 42 - 51 - 60 - 70 - 75 - 79 - 88;;;;
31798;DISPONIBLE;02 - 07 - 12 - 13 - 28 - 38 - 44 - 55 - 79 - 82;10 - 14 - 17 - 21 - 22 - 41 - 45 - 64 - 65 - 80;;;;
31799;DISPONIBLE;04 - 15 - 24 - 32 - 35 - 42 - 65 - 78 - 86 - 88;15 - 25 - 29 - 36 - 45 - 58 - 64 - 65 - 75 - 87;;;;
31800;DISPONIBLE;08 - 11 - 19 - 38 - 41 - 48 - 54 - 70 - 73 - 86;11 - 19 - 31 - 45 - 51 - 59 - 68 - 78 - 80 - 85;;;;
31801;DISPONIBLE;15 - 25 - 46 - 50 - 62 - 63 - 65 - 77 - 84 - 88;01 - 12 - 21 - 24 - 31 - 36 - 68 - 71 - 74 - 83;;;;
31802;DISPONIBLE;15 - 20 - 22 - 27 - 38 - 48 - 53 - 59 - 70 - 86;19 - 21 - 25 - 46 - 51 - 60 - 64 - 77 - 86 - 87;;;;
31803;DISPONIBLE;02 - 04 - 24 - 36 - 71 - 72 - 76 - 78 - 86 - 89;10 - 18 - 26 - 38 - 54 - 64 - 70 - 71 - 75 - 90;;;;
31804;DISPONIBLE;08 - 30 - 31 - 38 - 41 - 42 - 62 - 69 - 75 - 83;03 - 04 - 13 - 16 - 17 - 42 - 52 - 61 - 72 - 73;;;;
31805;DISPONIBLE;06 - 16 - 26 - 29 - 30 - 46 - 64 - 67 - 83 - 87;02 - 09 - 30 - 36 - 44 - 58 - 72 - 75 - 77 - 86;;;;
31806;DISPONIBLE;08 - 09 - 23 - 26 - 54 - 60 - 64 - 76 - 80 - 82;06 - 24 - 42 - 50 - 55 - 58 - 70 - 79 - 84 - 90;;;;
31807;DISPONIBLE;03 - 19 - 24 - 27 - 38 - 45 - 61 - 67 - 72 - 85;05 - 14 - 26 - 31 - 34 - 41 - 49 - 55 - 64 - 70;;;;
31808;DISPONIBLE;09 - 16 - 26 - 33 - 47 - 63 - 73 - 78 - 84 - 90;01 - 03 - 18 - 20 - 31 - 48 - 50 - 78 - 83 - 88;;;;
31809;DISPONIBLE;12 - 28 - 40 - 51 - 53 - 56 - 59 - 65 - 78 - 85;19 - 28 - 32 - 48 - 50 - 51 - 66 - 67 - 74 - 90;;;;
31810;DISPONIBLE;02 - 04 - 09 - 10 - 13 - 27 - 35 - 53 - 68 - 70;08 - 16 - 19 - 36 - 53 - 57 - 68 - 79 - 81 - 90;;;;
31811;DISPONIBLE;07 - 11 - 24 - 29 - 62 - 74 - 75 - 76 - 78 - 88;01 - 06 - 07 - 11 - 33 - 47 - 54 - 55 - 67 - 75;;;;
31812;DISPONIBLE;07 - 21 - 27 - 38 - 42 - 43 - 58 - 73 - 78 - 82;30 - 32 - 37 - 45 - 51 - 52 - 65 - 71 - 76 - 78;;;;
31813;DISPONIBLE;05 - 11 - 14 - 22 - 41 - 53 - 54 - 55 - 64 - 76;07 - 14 - 20 - 32 - 45 - 63 - 66 - 73 - 74 - 81;;;;
31814;DISPONIBLE;20 - 23 - 32 - 52 - 58 - 60 - 62 - 66 - 76 - 78;11 - 14 - 16 - 21 - 29 - 49 - 56 - 62 - 69 - 80;;;;
31815;DISPONIBLE;04 - 10 - 17 - 22 - 33 - 35 - 52 - 53 - 54 - 75;08 - 11 - 19 - 24 - 53 - 55 - 58 - 68 - 74 - 76;;;;
31816;DISPONIBLE;16 - 23 - 25 - 56 - 63 - 64 - 70 - 73 - 75 - 89;13 - 18 - 20 - 27 - 58 - 61 - 63 - 76 - 79 - 89;;;;
31817;DISPONIBLE;13 - 25 - 31 - 42 - 53 - 54 - 59 - 65 - 68 - 78;11 - 16 - 34 - 39 - 53 - 61 - 68 - 69 - 78 - 82;;;;
31818;DISPONIBLE;03 - 28 - 35 - 40 - 47 - 54 - 57 - 69 - 83 - 84;02 - 06 - 07 - 18 - 26 - 51 - 62 - 74 - 77 - 90;;;;
31819;DISPONIBLE;17 - 30 - 34 - 37 - 40 - 47 - 52 - 64 - 65 - 77;05 - 11 - 26 - 38 - 50 - 59 - 72 - 86 - 88 - 90;;;;
31820;DISPONIBLE;03 - 12 - 18 - 29 - 49 - 55 - 63 - 75 - 82 - 85;06 - 11 - 12 - 16 - 28 - 37 - 41 - 72 - 73 - 79;;;;
31821;DISPONIBLE;06 - 41 - 44 - 54 - 55 - 57 - 58 - 61 - 77 - 83;31 - 35 - 44 - 49 - 51 - 54 - 69 - 71 - 77 - 80;;;;
31822;DISPONIBLE;06 - 12 - 14 - 24 - 26 - 31 - 42 - 44 - 85 - 90;01 - 05 - 09 - 10 - 11 - 45 - 59 - 64 - 75 - 76;;;;
31823;DISPONIBLE;01 - 07 - 08 - 15 - 17 - 30 - 39 - 42 - 45 - 75;05 - 10 - 17 - 25 - 32 - 39 - 41 - 61 - 63 - 89;;;;
31824;DISPONIBLE;03 - 05 - 09 - 40 - 42 - 45 - 56 - 79 - 81 - 89;07 - 28 - 31 - 33 - 37 - 41 - 42 - 46 - 47 - 48;;;;
31825;DISPONIBLE;02 - 20 - 25 - 33 - 39 - 61 - 62 - 75 - 80 - 83;27 - 29 - 49 - 60 - 65 - 71 - 82 - 83 - 85 - 86;;;;
31826;DISPONIBLE;11 - 19 - 32 - 33 - 36 - 56 - 57 - 81 - 85 - 89;08 - 18 - 43 - 48 - 52 - 60 - 61 - 63 - 64 - 74;;;;
31827;DISPONIBLE;05 - 10 - 23 - 35 - 38 - 44 - 54 - 57 - 59 - 70;07 - 08 - 29 - 31 - 34 - 42 - 47 - 76 - 79 - 84;;;;
31828;DISPONIBLE;01 - 18 - 26 - 57 - 61 - 65 - 67 - 71 - 74 - 77;08 - 09 - 10 - 14 - 20 - 25 - 41 - 53 - 64 - 87;;;;
31829;DISPONIBLE;05 - 10 - 28 - 55 - 56 - 68 - 70 - 77 - 85 - 89;21 - 26 - 41 - 43 - 44 - 49 - 69 - 76 - 88 - 90;;;;
31830;DISPONIBLE;01 - 06 - 24 - 26 - 39 - 46 - 48 - 57 - 58 - 88;09 - 22 - 27 - 57 - 61 - 67 - 73 - 77 - 85 - 89;;;;
31831;DISPONIBLE;11 - 15 - 18 - 22 - 55 - 60 - 62 - 65 - 66 - 87;06 - 09 - 12 - 46 - 51 - 59 - 71 - 78 - 80 - 87;;;;
31832;DISPONIBLE;14 - 15 - 17 - 22 - 54 - 67 - 69 - 70 - 76 - 82;02 - 28 - 38 - 52 - 55 - 59 - 69 - 83 - 84 - 85;;;;
31833;DISPONIBLE;05 - 07 - 31 - 45 - 50 - 52 - 83 - 85 - 88 - 90;12 - 25 - 37 - 39 - 53 - 60 - 61 - 63 - 76 - 90;;;;
31834;DISPONIBLE;01 - 05 - 13 - 21 - 25 - 30 - 45 - 56 - 81 - 82;16 - 25 - 32 - 36 - 47 - 69 - 71 - 80 - 81 - 86;;;;
31835;DISPONIBLE;02 - 10 - 14 - 17 - 25 - 39 - 44 - 49 - 69 - 84;12 - 30 - 36 - 50 - 57 - 63 - 75 - 77 - 82 - 83;;;;
31836;DISPONIBLE;09 - 16 - 24 - 27 - 41 - 47 - 54 - 66 - 79 - 90;24 - 27 - 31 - 33 - 34 - 57 - 61 - 65 - 69 - 79;;;;
31837;DISPONIBLE;04 - 08 - 15 - 19 - 55 - 76 - 82 - 83 - 85 - 88;12 - 18 - 21 - 24 - 26 - 28 - 37 - 40 - 43 - 48;;;;
31838;DISPONIBLE;03 - 06 - 13 - 33 - 36 - 46 - 49 - 76 - 84 - 89;05 - 31 - 32 - 33 - 45 - 46 - 47 - 62 - 66 - 86;;;;
31839;DISPONIBLE;23 - 24 - 39 - 49 - 55 - 60 - 64 - 80 - 82 - 86;08 - 09 - 10 - 11 - 16 - 44 - 59 - 62 - 63 - 86;;;;
31840;DISPONIBLE;04 - 06 - 32 - 52 - 55 - 61 - 72 - 74 - 80 - 88;08 - 12 - 16 - 21 - 25 - 30 - 33 - 38 - 77 - 79;;;;
31841;DISPONIBLE;19 - 22 - 37 - 48 - 61 - 68 - 78 - 79 - 81 - 90;03 - 05 - 16 - 26 - 39 - 41 - 55 - 67 - 81 - 84;;;;
31842;DISPONIBLE;08 - 27 - 30 - 40 - 56 - 64 - 66 - 67 - 77 - 81;01 - 06 - 07 - 13 - 21 - 27 - 33 - 45 - 60 - 65;;;;
31843;DISPONIBLE;01 - 06 - 12 - 13 - 30 - 39 - 55 - 68 - 78 - 89;01 - 04 - 09 - 15 - 27 - 39 - 49 - 64 - 72 - 87;;;;
31844;DISPONIBLE;03 - 15 - 21 - 22 - 32 - 35 - 37 - 43 - 66 - 85;04 - 05 - 19 - 25 - 29 - 34 - 53 - 57 - 69 - 89;;;;
31845;DISPONIBLE;07 - 11 - 24 - 31 - 36 - 69 - 76 - 77 - 81 - 88;01 - 42 - 43 - 52 - 57 - 59 - 60 - 64 - 74 - 80;;;;
31846;DISPONIBLE;02 - 06 - 12 - 19 - 39 - 50 - 55 - 60 - 67 - 68;05 - 18 - 38 - 65 - 67 - 80 - 82 - 83 - 84 - 85;;;;
31847;DISPONIBLE;11 - 18 - 33 - 37 - 44 - 49 - 54 - 70 - 74 - 87;08 - 10 - 18 - 29 - 66 - 69 - 74 - 79 - 82 - 86;;;;
31848;DISPONIBLE;03 - 22 - 25 - 31 - 41 - 46 - 68 - 70 - 76 - 80;01 - 17 - 22 - 23 - 29 - 43 - 45 - 61 - 78 - 80;;;;
31849;DISPONIBLE;07 - 09 - 11 - 12 - 21 - 28 - 39 - 62 - 65 - 76;02 - 05 - 12 - 14 - 35 - 68 - 69 - 70 - 77 - 82;;;;
31850;DISPONIBLE;07 - 20 - 29 - 36 - 37 - 40 - 45 - 50 - 51 - 68;11 - 12 - 25 - 26 - 31 - 37 - 48 - 57 - 60 - 80;;;;
31851;DISPONIBLE;07 - 28 - 31 - 34 - 44 - 47 - 54 - 56 - 66 - 84;27 - 46 - 49 - 50 - 59 - 63 - 68 - 69 - 76 - 82;;;;
31852;DISPONIBLE;09 - 11 - 14 - 35 - 37 - 41 - 59 - 60 - 66 - 86;06 - 08 - 14 - 20 - 25 - 41 - 50 - 51 - 63 - 90;;;;
31853;DISPONIBLE;27 - 28 - 32 - 33 - 37 - 38 - 44 - 61 - 74 - 83;05 - 19 - 20 - 29 - 32 - 41 - 54 - 79 - 86 - 88;;;;
31854;DISPONIBLE;01 - 16 - 34 - 37 - 39 - 40 - 68 - 75 - 78 - 81;02 - 08 - 24 - 26 - 34 - 43 - 60 - 73 - 81 - 87;;;;
31855;DISPONIBLE;04 - 05 - 13 - 36 - 45 - 59 - 62 - 64 - 78 - 87;04 - 24 - 28 - 29 - 30 - 38 - 52 - 55 - 72 - 76;;;;
31856;DISPONIBLE;13 - 18 - 32 - 47 - 60 - 66 - 77 - 84 - 89 - 90;05 - 09 - 23 - 36 - 42 - 47 - 49 - 65 - 81 - 89;;;;
31857;DISPONIBLE;03 - 06 - 12 - 16 - 26 - 29 - 36 - 57 - 58 - 79;05 - 16 - 17 - 18 - 19 - 23 - 67 - 70 - 74 - 79;;;;
31858;DISPONIBLE;27 - 35 - 43 - 47 - 53 - 62 - 69 - 72 - 74 - 79;14 - 33 - 34 - 35 - 40 - 52 - 58 - 59 - 63 - 85;;;;
31859;DISPONIBLE;10 - 22 - 40 - 47 - 56 - 57 - 60 - 70 - 71 - 88;04 - 05 - 06 - 14 - 26 - 34 - 38 - 52 - 59 - 83;;;;
31860;DISPONIBLE;11 - 26 - 31 - 65 - 71 - 74 - 78 - 80 - 83 - 89;11 - 20 - 31 - 32 - 34 - 35 - 47 - 57 - 62 - 73;;;;
31861;DISPONIBLE;06 - 14 - 24 - 25 - 30 - 42 - 43 - 60 - 68 - 82;01 - 13 - 27 - 31 - 37 - 38 - 53 - 61 - 63 - 67;;;;
31862;DISPONIBLE;06 - 07 - 09 - 16 - 17 - 57 - 62 - 72 - 77 - 83;08 - 10 - 22 - 28 - 30 - 33 - 43 - 48 - 56 - 63;;;;
31863;DISPONIBLE;01 - 06 - 09 - 22 - 26 - 34 - 37 - 38 - 84 - 85;15 - 17 - 23 - 34 - 38 - 50 - 64 - 81 - 85 - 90;;;;
31864;DISPONIBLE;04 - 14 - 21 - 25 - 26 - 32 - 41 - 48 - 51 - 71;01 - 02 - 03 - 07 - 38 - 47 - 58 - 66 - 83 - 87;;;;
31865;DISPONIBLE;08 - 34 - 39 - 49 - 55 - 66 - 76 - 81 - 83 - 86;03 - 19 - 33 - 35 - 40 - 41 - 42 - 53 - 71 - 73;;;;
31866;DISPONIBLE;11 - 19 - 32 - 36 - 46 - 56 - 61 - 68 - 76 - 84;05 - 18 - 25 - 33 - 48 - 64 - 69 - 79 - 81 - 85;;;;
31867;DISPONIBLE;01 - 10 - 20 - 26 - 27 - 37 - 40 - 50 - 61 - 70;04 - 05 - 16 - 19 - 31 - 45 - 62 - 64 - 76 - 88;;;;
31868;DISPONIBLE;10 - 22 - 24 - 48 - 50 - 58 - 66 - 67 - 72 - 79;01 - 19 - 23 - 27 - 28 - 40 - 58 - 79 - 82 - 90;;;;
31869;DISPONIBLE;17 - 20 - 25 - 28 - 34 - 37 - 50 - 59 - 81 - 82;01 - 02 - 04 - 13 - 25 - 33 - 40 - 62 - 64 - 75;;;;
31870;DISPONIBLE;16 - 24 - 31 - 37 - 39 - 44 - 59 - 65 - 70 - 78;05 - 16 - 24 - 26 - 38 - 43 - 56 - 57 - 60 - 74;;;;
31871;DISPONIBLE;03 - 21 - 27 - 28 - 35 - 56 - 60 - 61 - 62 - 79;02 - 20 - 24 - 26 - 43 - 58 - 60 - 68 - 70 - 90;;;;
31872;DISPONIBLE;28 - 36 - 45 - 46 - 47 - 54 - 56 - 60 - 68 - 84;17 - 34 - 57 - 65 - 67 - 68 - 70 - 76 - 80 - 81;;;;
31873;DISPONIBLE;04 - 10 - 12 - 18 - 19 - 31 - 37 - 45 - 51 - 68;15 - 22 - 29 - 33 - 36 - 37 - 54 - 59 - 71 - 89;;;;
31874;DISPONIBLE;03 - 10 - 23 - 34 - 36 - 42 - 47 - 49 - 50 - 82;09 - 15 - 23 - 27 - 34 - 65 - 67 - 68 - 81 - 88;;;;
31875;DISPONIBLE;12 - 13 - 16 - 37 - 38 - 48 - 49 - 58 - 61 - 81;02 - 07 - 26 - 33 - 37 - 44 - 45 - 57 - 68 - 74;;;;
31876;DISPONIBLE;06 - 21 - 30 - 32 - 38 - 43 - 50 - 58 - 82 - 88;13 - 15 - 42 - 43 - 47 - 62 - 75 - 77 - 82 - 90;;;;
31877;DISPONIBLE;04 - 14 - 48 - 57 - 64 - 72 - 75 - 79 - 80 - 89;12 - 25 - 27 - 30 - 44 - 50 - 53 - 56 - 73 - 85;;;;
31878;DISPONIBLE;03 - 04 - 21 - 26 - 41 - 48 - 54 - 59 - 75 - 84;04 - 11 - 17 - 21 - 24 - 38 - 41 - 49 - 52 - 87;;;;
31879;DISPONIBLE;16 - 22 - 30 - 38 - 46 - 55 - 59 - 63 - 66 - 90;09 - 20 - 24 - 36 - 44 - 46 - 48 - 67 - 83 - 86;;;;
31880;DISPONIBLE;14 - 21 - 33 - 40 - 41 - 52 - 68 - 71 - 82 - 89;11 - 31 - 39 - 42 - 52 - 62 - 64 - 67 - 84 - 87;;;;
31881;DISPONIBLE;10 - 13 - 29 - 34 - 35 - 36 - 45 - 49 - 78 - 88;13 - 25 - 35 - 37 - 54 - 67 - 71 - 78 - 82 - 86;;;;
31882;DISPONIBLE;08 - 30 - 34 - 43 - 51 - 52 - 55 - 68 - 69 - 72;01 - 14 - 20 - 30 - 37 - 44 - 66 - 70 - 71 - 82;;;;
31883;DISPONIBLE;03 - 12 - 19 - 38 - 54 - 64 - 65 - 77 - 78 - 89;30 - 50 - 54 - 58 - 61 - 62 - 65 - 71 - 81 - 86;;;;
31884;DISPONIBLE;02 - 13 - 37 - 41 - 42 - 46 - 62 - 66 - 84 - 85;09 - 27 - 41 - 45 - 55 - 59 - 60 - 63 - 64 - 73;;;;
31885;DISPONIBLE;04 - 07 - 09 - 10 - 25 - 28 - 29 - 67 - 69 - 73;01 - 39 - 41 - 43 - 50 - 55 - 63 - 78 - 83 - 85;;;;
31886;DISPONIBLE;08 - 11 - 16 - 36 - 41 - 46 - 51 - 64 - 73 - 81;21 - 39 - 41 - 44 - 50 - 61 - 64 - 74 - 76 - 78;;;;
31887;DISPONIBLE;08 - 11 - 17 - 25 - 31 - 32 - 35 - 38 - 60 - 84;01 - 13 - 18 - 24 - 25 - 32 - 47 - 52 - 70 - 82;;;;
31888;DISPONIBLE;09 - 15 - 17 - 39 - 40 - 42 - 47 - 67 - 70 - 77;04 - 57 - 63 - 67 - 68 - 70 - 71 - 80 - 89 - 90;;;;
31889;DISPONIBLE;10 - 18 - 26 - 29 - 32 - 34 - 68 - 69 - 72 - 78;02 - 15 - 25 - 30 - 39 - 50 - 51 - 70 - 72 - 81;;;;
31890;DISPONIBLE;01 - 23 - 30 - 33 - 37 - 47 - 55 - 81 - 82 - 87;01 - 22 - 29 - 49 - 51 - 55 - 60 - 68 - 69 - 76;;;;
31891;DISPONIBLE;13 - 14 - 32 - 36 - 47 - 50 - 61 - 69 - 81 - 83;01 - 10 - 25 - 28 - 33 - 40 - 55 - 62 - 71 - 87;;;;
31892;DISPONIBLE;04 - 15 - 17 - 22 - 26 - 40 - 48 - 57 - 78 - 84;02 - 15 - 19 - 22 - 36 - 45 - 47 - 77 - 79 - 85;;;;
31893;DISPONIBLE;03 - 18 - 20 - 24 - 29 - 48 - 68 - 73 - 80 - 85;03 - 06 - 11 - 12 - 24 - 54 - 65 - 73 - 82 - 83;;;;
31894;DISPONIBLE;17 - 20 - 21 - 23 - 25 - 45 - 58 - 59 - 73 - 88;02 - 33 - 36 - 37 - 43 - 55 - 67 - 73 - 74 - 80;;;;
31895;DISPONIBLE;16 - 17 - 34 - 39 - 42 - 44 - 49 - 50 - 69 - 84;03 - 19 - 27 - 33 - 55 - 56 - 61 - 67 - 68 - 84;;;;
31896;DISPONIBLE;03 - 06 - 13 - 26 - 29 - 51 - 62 - 63 - 66 - 79;04 - 07 - 11 - 13 - 16 - 33 - 62 - 66 - 78 - 81;;;;
31897;DISPONIBLE;02 - 06 - 08 - 13 - 14 - 34 - 36 - 71 - 80 - 82;02 - 18 - 22 - 39 - 41 - 53 - 57 - 65 - 74 - 87;;;;
31898;DISPONIBLE;03 - 14 - 18 - 19 - 37 - 50 - 58 - 69 - 82 - 89;01 - 14 - 27 - 43 - 51 - 57 - 62 - 73 - 78 - 87;;;;
31899;DISPONIBLE;10 - 30 - 49 - 55 - 59 - 70 - 80 - 81 - 83 - 86;24 - 32 - 37 - 47 - 51 - 54 - 56 - 60 - 64 - 77;;;;
31900;DISPONIBLE;11 - 23 - 24 - 26 - 32 - 39 - 43 - 49 - 60 - 78;12 - 16 - 21 - 25 - 33 - 58 - 61 - 72 - 81 - 86;;;;
31901;DISPONIBLE;01 - 19 - 20 - 28 - 35 - 37 - 57 - 75 - 86 - 90;11 - 12 - 17 - 35 - 48 - 65 - 68 - 74 - 82 - 83;;;;
31902;DISPONIBLE;06 - 19 - 35 - 42 - 46 - 66 - 67 - 69 - 75 - 87;28 - 36 - 45 - 47 - 52 - 60 - 63 - 65 - 74 - 83;;;;
31903;DISPONIBLE;18 - 25 - 28 - 51 - 54 - 73 - 76 - 80 - 85 - 86;26 - 29 - 33 - 48 - 51 - 56 - 64 - 66 - 77 - 78;;;;
31904;DISPONIBLE;09 - 28 - 30 - 33 - 34 - 39 - 47 - 56 - 65 - 85;02 - 15 - 18 - 23 - 33 - 43 - 54 - 57 - 77 - 79;;;;
31905;DISPONIBLE;11 - 22 - 24 - 27 - 40 - 56 - 58 - 60 - 67 - 73;11 - 13 - 36 - 39 - 58 - 59 - 60 - 65 - 81 - 82;;;;
31906;DISPONIBLE;14 - 16 - 18 - 24 - 32 - 42 - 49 - 66 - 72 - 80;04 - 10 - 12 - 18 - 23 - 24 - 28 - 69 - 77 - 89;;;;
31907;DISPONIBLE;06 - 18 - 24 - 30 - 54 - 57 - 61 - 62 - 63 - 66;10 - 35 - 36 - 37 - 43 - 60 - 64 - 75 - 77 - 84;;;;
31908;DISPONIBLE;03 - 06 - 11 - 13 - 14 - 18 - 20 - 64 - 81 - 88;03 - 05 - 19 - 43 - 65 - 75 - 76 - 78 - 80 - 88;;;;
31909;DISPONIBLE;11 - 14 - 19 - 21 - 23 - 33 - 38 - 68 - 84 - 85;34 - 39 - 40 - 43 - 45 - 56 - 68 - 69 - 76 - 78;;;;
31910;DISPONIBLE;06 - 08 - 23 - 35 - 38 - 43 - 44 - 49 - 55 - 68;04 - 26 - 31 - 60 - 71 - 75 - 80 - 83 - 85 - 88;;;;
31911;DISPONIBLE;26 - 35 - 36 - 40 - 41 - 51 - 60 - 64 - 77 - 82;11 - 25 - 30 - 32 - 33 - 40 - 47 - 63 - 87 - 89;;;;
31912;DISPONIBLE;01 - 09 - 19 - 22 - 23 - 30 - 34 - 47 - 55 - 56;05 - 09 - 17 - 21 - 23 - 30 - 39 - 70 - 80 - 88;;;;
31913;DISPONIBLE;15 - 23 - 55 - 56 - 57 - 60 - 62 - 70 - 82 - 85;02 - 04 - 22 - 25 - 34 - 54 - 58 - 59 - 60 - 75;;;;
31914;DISPONIBLE;05 - 26 - 28 - 34 - 36 - 38 - 67 - 82 - 88 - 89;08 - 10 - 14 - 17 - 25 - 31 - 58 - 61 - 64 - 86;;;;
31915;DISPONIBLE;01 - 03 - 06 - 14 - 17 - 45 - 61 - 74 - 80 - 83;01 - 20 - 36 - 37 - 38 - 39 - 42 - 46 - 69 - 87;;;;
31916;DISPONIBLE;11 - 19 - 20 - 24 - 33 - 52 - 59 - 71 - 73 - 89;05 - 12 - 30 - 47 - 49 - 51 - 53 - 69 - 73 - 80;;;;
31917;DISPONIBLE;04 - 27 - 30 - 35 - 37 - 42 - 56 - 57 - 71 - 77;06 - 09 - 10 - 19 - 36 - 44 - 45 - 55 - 74 - 78;;;;
31918;DISPONIBLE;05 - 11 - 22 - 27 - 54 - 58 - 64 - 71 - 72 - 89;01 - 07 - 08 - 14 - 25 - 29 - 43 - 56 - 85 - 90;;;;
31919;DISPONIBLE;02 - 15 - 38 - 48 - 49 - 55 - 65 - 79 - 80 - 82;13 - 20 - 24 - 29 - 38 - 54 - 55 - 70 - 81 - 83;;;;
31920;DISPONIBLE;06 - 20 - 40 - 41 - 44 - 47 - 55 - 59 - 74 - 80;03 - 11 - 16 - 26 - 27 - 35 - 49 - 50 - 72 - 81;;;;
31921;DISPONIBLE;09 - 17 - 30 - 44 - 52 - 54 - 64 - 68 - 83 - 89;07 - 36 - 46 - 48 - 59 - 61 - 63 - 71 - 77 - 84;;;;
31922;DISPONIBLE;08 - 09 - 17 - 22 - 31 - 37 - 51 - 63 - 65 - 66;10 - 18 - 24 - 29 - 32 - 45 - 46 - 51 - 63 - 85;;;;
31923;DISPONIBLE;01 - 14 - 26 - 42 - 49 - 60 - 61 - 75 - 82 - 84;08 - 14 - 38 - 42 - 47 - 60 - 69 - 70 - 76 - 82;;;;
31924;DISPONIBLE;04 - 07 - 32 - 35 - 49 - 50 - 65 - 86 - 87 - 88;17 - 25 - 28 - 30 - 33 - 38 - 55 - 64 - 70 - 80;;;;
31925;DISPONIBLE;29 - 41 - 57 - 59 - 72 - 73 - 76 - 80 - 81 - 87;03 - 06 - 21 - 56 - 61 - 62 - 71 - 76 - 83 - 85;;;;
31926;DISPONIBLE;07 - 12 - 14 - 27 - 34 - 36 - 58 - 60 - 62 - 69;09 - 14 - 20 - 26 - 27 - 31 - 56 - 65 - 79 - 82;;;;
31927;DISPONIBLE;31 - 32 - 34 - 51 - 52 - 63 - 67 - 69 - 70 - 82;04 - 11 - 13 - 28 - 55 - 56 - 64 - 79 - 81 - 86;;;;
31928;DISPONIBLE;08 - 19 - 32 - 35 - 46 - 56 - 66 - 71 - 82 - 88;01 - 17 - 23 - 27 - 36 - 46 - 55 - 76 - 83 - 85;;;;
31929;DISPONIBLE;02 - 17 - 22 - 31 - 32 - 45 - 59 - 63 - 64 - 65;05 - 06 - 10 - 28 - 51 - 52 - 65 - 79 - 82 - 84;;;;
31930;DISPONIBLE;01 - 04 - 08 - 29 - 38 - 41 - 52 - 56 - 74 - 77;12 - 32 - 36 - 38 - 43 - 46 - 52 - 58 - 70 - 76;;;;
31931;DISPONIBLE;10 - 28 - 30 - 42 - 44 - 58 - 62 - 66 - 77 - 78;03 - 13 - 19 - 25 - 32 - 38 - 41 - 49 - 52 - 57;;;;
31932;DISPONIBLE;03 - 08 - 17 - 18 - 24 - 27 - 33 - 38 - 52 - 65;01 - 05 - 15 - 30 - 34 - 43 - 49 - 69 - 74 - 79;;;;
31933;DISPONIBLE;13 - 15 - 26 - 35 - 44 - 47 - 60 - 63 - 67 - 86;04 - 06 - 10 - 28 - 30 - 40 - 55 - 71 - 85 - 87;;;;
31934;DISPONIBLE;06 - 10 - 15 - 27 - 38 - 46 - 59 - 61 - 82 - 85;16 - 29 - 30 - 36 - 52 - 67 - 79 - 81 - 83 - 88;;;;
31935;DISPONIBLE;01 - 23 - 30 - 36 - 43 - 45 - 47 - 51 - 59 - 81;08 - 20 - 22 - 34 - 37 - 66 - 67 - 77 - 83 - 89;;;;
31936;DISPONIBLE;09 - 11 - 17 - 19 - 21 - 27 - 30 - 37 - 69 - 76;04 - 13 - 24 - 45 - 61 - 64 - 67 - 81 - 87 - 90;;;;
31937;DISPONIBLE;19 - 27 - 37 - 43 - 58 - 61 - 63 - 66 - 69 - 87;05 - 06 - 11 - 19 - 32 - 40 - 52 - 61 - 65 - 84;;;;
31938;DISPONIBLE;11 - 15 - 26 - 36 - 54 - 64 - 70 - 75 - 86 - 87;06 - 17 - 18 - 22 - 25 - 51 - 58 - 71 - 81 - 89;;;;
31939;DISPONIBLE;01 - 14 - 16 - 39 - 66 - 70 - 73 - 77 - 84 - 85;11 - 12 - 13 - 24 - 27 - 40 - 50 - 61 - 72 - 89;;;;
31940;DISPONIBLE;15 - 20 - 31 - 35 - 36 - 37 - 44 - 47 - 63 - 88;06 - 16 - 30 - 37 - 42 - 49 - 63 - 66 - 81 - 83;;;;
31941;DISPONIBLE;14 - 15 - 24 - 25 - 29 - 53 - 62 - 78 - 81 - 82;23 - 24 - 46 - 49 - 51 - 69 - 73 - 77 - 82 - 89;;;;
31942;DISPONIBLE;03 - 09 - 22 - 26 - 47 - 53 - 55 - 82 - 83 - 85;23 - 24 - 44 - 47 - 55 - 61 - 63 - 64 - 83 - 87;;;;
31943;DISPONIBLE;03 - 04 - 06 - 22 - 34 - 43 - 49 - 55 - 63 - 89;15 - 20 - 26 - 33 - 45 - 50 - 75 - 76 - 77 - 90;;;;
31944;DISPONIBLE;13 - 17 - 20 - 34 - 40 - 43 - 44 - 48 - 50 - 62;04 - 14 - 19 - 29 - 45 - 48 - 53 - 54 - 67 - 72;;;;
31945;DISPONIBLE;25 - 32 - 35 - 38 - 42 - 51 - 60 - 67 - 76 - 85;04 - 09 - 13 - 14 - 23 - 32 - 41 - 49 - 50 - 90;;;;
31946;DISPONIBLE;03 - 11 - 43 - 59 - 69 - 77 - 78 - 79 - 83 - 88;20 - 27 - 37 - 42 - 49 - 52 - 71 - 72 - 74 - 76;;;;
31947;DISPONIBLE;11 - 16 - 39 - 42 - 47 - 59 - 61 - 74 - 79 - 82;02 - 04 - 18 - 43 - 53 - 55 - 57 - 66 - 82 - 85;;;;
31948;DISPONIBLE;07 - 20 - 35 - 36 - 58 - 70 - 76 - 77 - 88 - 89;03 - 08 - 19 - 30 - 31 - 51 - 72 - 76 - 82 - 83;;;;
31949;DISPONIBLE;06 - 14 - 29 - 31 - 37 - 55 - 64 - 82 - 84 - 85;03 - 19 - 24 - 29 - 60 - 62 - 66 - 68 - 77 - 80;;;;
31950;DISPONIBLE;15 - 22 - 23 - 24 - 42 - 50 - 52 - 57 - 66 - 82;07 - 15 - 20 - 28 - 31 - 40 - 69 - 70 - 71 - 84;;;;
31951;DISPONIBLE;10 - 13 - 31 - 32 - 59 - 65 - 68 - 83 - 85 - 87;16 - 23 - 54 - 58 - 63 - 68 - 70 - 72 - 75 - 87;;;;
31952;DISPONIBLE;22 - 29 - 30 - 33 - 62 - 66 - 72 - 76 - 84 - 87;04 - 05 - 07 - 24 - 32 - 35 - 43 - 44 - 47 - 74;;;;
31953;DISPONIBLE;02 - 03 - 04 - 05 - 08 - 17 - 36 - 52 - 68 - 86;14 - 26 - 27 - 35 - 42 - 66 - 71 - 72 - 76 - 77;;;;
31954;DISPONIBLE;05 - 07 - 13 - 45 - 46 - 56 - 63 - 71 - 82 - 84;04 - 05 - 17 - 20 - 25 - 41 - 43 - 48 - 59 - 87;;;;
31955;DISPONIBLE;26 - 32 - 34 - 39 - 40 - 48 - 58 - 77 - 79 - 85;10 - 21 - 36 - 39 - 42 - 54 - 55 - 60 - 80 - 84;;;;
31956;DISPONIBLE;12 - 22 - 37 - 42 - 46 - 47 - 55 - 63 - 70 - 81;10 - 21 - 25 - 30 - 34 - 50 - 55 - 67 - 73 - 82;;;;
31957;DISPONIBLE;06 - 09 - 15 - 25 - 33 - 34 - 36 - 47 - 62 - 67;32 - 36 - 43 - 45 - 49 - 50 - 59 - 67 - 80 - 89;;;;
31958;DISPONIBLE;13 - 30 - 38 - 40 - 58 - 73 - 75 - 83 - 85 - 86;24 - 27 - 29 - 41 - 42 - 45 - 55 - 62 - 72 - 89;;;;
31959;DISPONIBLE;03 - 13 - 43 - 54 - 56 - 75 - 77 - 86 - 89 - 90;15 - 31 - 40 - 43 - 46 - 52 - 53 - 64 - 72 - 76;;;;
31960;DISPONIBLE;02 - 09 - 13 - 17 - 22 - 26 - 33 - 45 - 57 - 78;12 - 21 - 34 - 35 - 41 - 49 - 58 - 64 - 72 - 81;;;;
31961;DISPONIBLE;20 - 32 - 35 - 36 - 43 - 48 - 49 - 68 - 71 - 73;04 - 25 - 28 - 44 - 52 - 60 - 67 - 73 - 77 - 81;;;;
31962;DISPONIBLE;01 - 06 - 15 - 24 - 42 - 49 - 55 - 60 - 75 - 86;02 - 20 - 21 - 46 - 60 - 69 - 71 - 73 - 74 - 77;;;;
31963;DISPONIBLE;08 - 09 - 16 - 17 - 23 - 24 - 26 - 29 - 41 - 84;12 - 19 - 23 - 37 - 43 - 74 - 76 - 80 - 87 - 88;;;;
31964;DISPONIBLE;10 - 25 - 34 - 36 - 48 - 57 - 59 - 71 - 76 - 82;05 - 24 - 25 - 26 - 32 - 35 - 58 - 59 - 67 - 73;;;;
31965;DISPONIBLE;08 - 12 - 21 - 31 - 32 - 37 - 65 - 73 - 75 - 90;05 - 06 - 18 - 27 - 31 - 37 - 39 - 47 - 60 - 64;;;;
31966;DISPONIBLE;05 - 10 - 12 - 14 - 26 - 28 - 33 - 42 - 72 - 78;02 - 19 - 35 - 36 - 40 - 50 - 52 - 73 - 74 - 76;;;;
31967;DISPONIBLE;04 - 09 - 10 - 25 - 31 - 33 - 53 - 65 - 66 - 74;08 - 13 - 14 - 20 - 35 - 40 - 41 - 57 - 69 - 78;;;;
31968;DISPONIBLE;03 - 09 - 14 - 24 - 29 - 33 - 37 - 73 - 77 - 81;04 - 06 - 18 - 22 - 23 - 41 - 42 - 47 - 63 - 82;;;;
31969;DISPONIBLE;03 - 06 - 09 - 18 - 30 - 46 - 52 - 80 - 88 - 89;19 - 35 - 38 - 44 - 47 - 55 - 59 - 73 - 77 - 82;;;;
31970;DISPONIBLE;16 - 49 - 54 - 56 - 75 - 77 - 79 - 83 - 84 - 87;02 - 12 - 18 - 19 - 23 - 27 - 29 - 49 - 52 - 81;;;;
31971;DISPONIBLE;12 - 26 - 31 - 32 - 38 - 42 - 47 - 55 - 60 - 73;19 - 22 - 32 - 34 - 41 - 53 - 59 - 68 - 73 - 82;;;;
31972;DISPONIBLE;07 - 12 - 33 - 46 - 49 - 54 - 57 - 62 - 63 - 82;05 - 11 - 47 - 58 - 62 - 64 - 75 - 80 - 86 - 88;;;;
31973;DISPONIBLE;04 - 07 - 10 - 30 - 32 - 61 - 64 - 65 - 68 - 83;05 - 12 - 13 - 15 - 35 - 41 - 54 - 63 - 79 - 85;;;;
31974;DISPONIBLE;16 - 29 - 30 - 45 - 48 - 50 - 58 - 65 - 77 - 83;15 - 26 - 30 - 36 - 37 - 42 - 46 - 47 - 53 - 84;;;;
31975;DISPONIBLE;22 - 23 - 27 - 30 - 32 - 41 - 57 - 61 - 78 - 85;11 - 12 - 14 - 55 - 61 - 63 - 67 - 73 - 76 - 89;;;;
31976;DISPONIBLE;06 - 28 - 29 - 35 - 36 - 52 - 55 - 68 - 76 - 78;04 - 26 - 45 - 50 - 51 - 60 - 67 - 74 - 76 - 80;;;;
31977;DISPONIBLE;03 - 04 - 19 - 23 - 40 - 49 - 58 - 64 - 80 - 83;01 - 14 - 32 - 48 - 59 - 65 - 71 - 72 - 79 - 87;;;;
31978;DISPONIBLE;14 - 19 - 43 - 51 - 53 - 61 - 66 - 69 - 74 - 88;14 - 16 - 17 - 20 - 34 - 35 - 52 - 70 - 72 - 90;;;;
31979;DISPONIBLE;10 - 19 - 20 - 37 - 45 - 47 - 60 - 68 - 76 - 79;03 - 04 - 05 - 23 - 25 - 41 - 42 - 49 - 53 - 76;;;;
31980;DISPONIBLE;01 - 27 - 29 - 30 - 37 - 42 - 67 - 80 - 85 - 89;26 - 34 - 36 - 39 - 51 - 52 - 54 - 65 - 68 - 71;;;;
31981;DISPONIBLE;03 - 10 - 18 - 30 - 31 - 32 - 37 - 40 - 49 - 83;21 - 23 - 44 - 52 - 54 - 55 - 65 - 71 - 72 - 88;;;;
31982;DISPONIBLE;03 - 20 - 24 - 27 - 28 - 40 - 64 - 71 - 81 - 90;07 - 25 - 30 - 43 - 72 - 75 - 78 - 80 - 82 - 83;;;;
31983;DISPONIBLE;05 - 30 - 49 - 57 - 59 - 65 - 68 - 78 - 79 - 87;09 - 11 - 12 - 13 - 23 - 28 - 29 - 35 - 45 - 89;;;;
31984;DISPONIBLE;17 - 25 - 27 - 33 - 65 - 68 - 69 - 72 - 78 - 84;22 - 27 - 30 - 39 - 58 - 63 - 76 - 80 - 81 - 84;;;;
31985;DISPONIBLE;06 - 15 - 24 - 36 - 51 - 63 - 71 - 79 - 87 - 90;03 - 04 - 15 - 31 - 32 - 41 - 53 - 67 - 71 - 90;;;;
31986;DISPONIBLE;01 - 21 - 27 - 31 - 55 - 57 - 71 - 74 - 75 - 79;11 - 29 - 44 - 48 - 52 - 60 - 67 - 84 - 89 - 90;;;;
31987;DISPONIBLE;13 - 27 - 51 - 58 - 61 - 67 - 68 - 70 - 74 - 78;02 - 07 - 18 - 34 - 38 - 39 - 49 - 73 - 78 - 88;;;;
31988;DISPONIBLE;07 - 12 - 47 - 50 - 51 - 55 - 63 - 65 - 76 - 81;04 - 06 - 10 - 29 - 38 - 51 - 58 - 66 - 67 - 75;;;;
31989;DISPONIBLE;06 - 07 - 18 - 29 - 30 - 40 - 41 - 63 - 69 - 89;10 - 25 - 31 - 36 - 57 - 62 - 65 - 66 - 77 - 83;;;;
31990;DISPONIBLE;14 - 16 - 18 - 20 - 26 - 35 - 42 - 60 - 70 - 83;02 - 08 - 10 - 11 - 13 - 39 - 41 - 70 - 74 - 75;;;;
31991;DISPONIBLE;08 - 30 - 46 - 53 - 60 - 61 - 66 - 74 - 83 - 87;01 - 03 - 56 - 57 - 61 - 68 - 79 - 82 - 84 - 90;;;;
31992;DISPONIBLE;03 - 23 - 31 - 42 - 52 - 53 - 66 - 69 - 75 - 84;09 - 14 - 43 - 53 - 59 - 67 - 80 - 82 - 87 - 89;;;;
31993;DISPONIBLE;04 - 19 - 38 - 41 - 42 - 52 - 59 - 61 - 69 - 87;06 - 12 - 14 - 16 - 21 - 24 - 32 - 33 - 41 - 59;;;;
31994;DISPONIBLE;07 - 14 - 28 - 31 - 35 - 37 - 38 - 71 - 79 - 88;09 - 11 - 32 - 37 - 38 - 49 - 68 - 73 - 77 - 78;;;;
31995;DISPONIBLE;01 - 02 - 15 - 16 - 33 - 46 - 51 - 61 - 80 - 86;05 - 11 - 15 - 21 - 44 - 49 - 52 - 76 - 86 - 88;;;;
31996;DISPONIBLE;31 - 33 - 34 - 42 - 43 - 55 - 64 - 73 - 81 - 87;03 - 08 - 12 - 33 - 37 - 46 - 62 - 67 - 73 - 90;;;;
31997;DISPONIBLE;05 - 20 - 29 - 32 - 42 - 55 - 58 - 62 - 65 - 76;07 - 12 - 16 - 24 - 27 - 30 - 46 - 59 - 76 - 81;;;;
31998;DISPONIBLE;02 - 08 - 14 - 20 - 41 - 54 - 56 - 87 - 88 - 89;13 - 17 - 20 - 36 - 41 - 55 - 66 - 71 - 85 - 90;;;;
31999;DISPONIBLE;07 - 20 - 29 - 40 - 43 - 51 - 58 - 70 - 71 - 87;05 - 12 - 16 - 33 - 41 - 42 - 59 - 66 - 78 - 88;;;;
32000;DISPONIBLE;02 - 13 - 45 - 55 - 57 - 61 - 64 - 68 - 73 - 90;01 - 02 - 08 - 14 - 16 - 21 - 56 - 74 - 85 - 86;;;;
32001;DISPONIBLE;05 - 12 - 14 - 17 - 25 - 29 - 35 - 39 - 40 - 79;13 - 20 - 30 - 39 - 52 - 67 - 74 - 75 - 83 - 86;;;;
32002;DISPONIBLE;20 - 26 - 33 - 43 - 54 - 72 - 75 - 77 - 84 - 90;06 - 14 - 24 - 27 - 41 - 44 - 52 - 60 - 65 - 83;;;;
32003;DISPONIBLE;05 - 07 - 10 - 15 - 24 - 32 - 45 - 72 - 84 - 85;15 - 21 - 39 - 48 - 55 - 71 - 72 - 75 - 80 - 87;;;;
32004;DISPONIBLE;25 - 27 - 30 - 48 - 52 - 53 - 56 - 74 - 79 - 90;01 - 06 - 16 - 30 - 33 - 35 - 42 - 47 - 51 - 75;;;;
32005;DISPONIBLE;02 - 09 - 12 - 22 - 28 - 32 - 76 - 77 - 78 - 87;18 - 28 - 32 - 44 - 49 - 52 - 63 - 72 - 82 - 84;;;;
32006;DISPONIBLE;39 - 47 - 56 - 68 - 69 - 84 - 85 - 86 - 88 - 89;14 - 19 - 22 - 23 - 31 - 48 - 50 - 51 - 70 - 75;;;;
32007;DISPONIBLE;02 - 03 - 04 - 31 - 35 - 40 - 55 - 76 - 78 - 88;04 - 05 - 45 - 46 - 47 - 48 - 59 - 65 - 72 - 76;;;;
32008;DISPONIBLE;04 - 06 - 09 - 32 - 49 - 55 - 66 - 81 - 84 - 89;03 - 14 - 31 - 43 - 45 - 46 - 56 - 66 - 79 - 84;;;;
32009;DISPONIBLE;19 - 22 - 25 - 54 - 56 - 57 - 59 - 71 - 80 - 88;02 - 06 - 16 - 22 - 37 - 48 - 60 - 62 - 64 - 65;;;;
32010;DISPONIBLE;07 - 19 - 24 - 33 - 41 - 46 - 58 - 65 - 75 - 81;17 - 27 - 30 - 44 - 50 - 51 - 61 - 66 - 75 - 78;;;;
32011;DISPONIBLE;01 - 02 - 19 - 22 - 23 - 28 - 48 - 57 - 62 - 89;03 - 12 - 16 - 22 - 33 - 35 - 37 - 58 - 66 - 79;;;;
32012;DISPONIBLE;03 - 07 - 14 - 37 - 38 - 42 - 66 - 87 - 89 - 90;09 - 10 - 22 - 29 - 34 - 39 - 55 - 59 - 60 - 89;;;;
32013;DISPONIBLE;06 - 17 - 19 - 41 - 43 - 48 - 65 - 68 - 73 - 87;16 - 21 - 29 - 42 - 45 - 60 - 69 - 82 - 83 - 88;;;;
32014;DISPONIBLE;05 - 14 - 21 - 23 - 28 - 56 - 61 - 67 - 84 - 90;10 - 14 - 18 - 27 - 28 - 32 - 37 - 51 - 65 - 80;;;;
32015;DISPONIBLE;23 - 41 - 52 - 55 - 59 - 61 - 71 - 74 - 80 - 87;09 - 11 - 16 - 23 - 42 - 43 - 47 - 48 - 70 - 74;;;;
32016;DISPONIBLE;03 - 25 - 46 - 49 - 52 - 53 - 64 - 68 - 71 - 90;10 - 21 - 23 - 36 - 37 - 39 - 42 - 48 - 77 - 87;;;;
32017;DISPONIBLE;09 - 19 - 22 - 27 - 40 - 44 - 57 - 66 - 70 - 75;15 - 16 - 34 - 39 - 53 - 68 - 71 - 75 - 84 - 87;;;;
32018;DISPONIBLE;21 - 34 - 36 - 38 - 53 - 58 - 59 - 64 - 68 - 73;01 - 16 - 24 - 30 - 43 - 51 - 57 - 62 - 74 - 84;;;;
32019;DISPONIBLE;03 - 04 - 12 - 17 - 22 - 23 - 42 - 67 - 74 - 90;02 - 05 - 10 - 21 - 33 - 35 - 38 - 39 - 51 - 83;;;;
32020;DISPONIBLE;03 - 14 - 15 - 21 - 23 - 46 - 47 - 58 - 81 - 87;02 - 08 - 21 - 26 - 43 - 50 - 59 - 60 - 68 - 90;;;;
32021;DISPONIBLE;08 - 09 - 12 - 35 - 36 - 45 - 54 - 61 - 73 - 78;02 - 07 - 25 - 29 - 41 - 51 - 66 - 83 - 86 - 88;;;;
32022;DISPONIBLE;03 - 04 - 25 - 34 - 52 - 56 - 72 - 75 - 76 - 84;28 - 39 - 43 - 51 - 68 - 69 - 73 - 74 - 75 - 90;;;;
32023;DISPONIBLE;31 - 32 - 39 - 40 - 41 - 57 - 59 - 69 - 74 - 80;07 - 09 - 18 - 23 - 35 - 42 - 44 - 74 - 75 - 77;;;;
32024;DISPONIBLE;05 - 10 - 48 - 49 - 60 - 66 - 73 - 77 - 79 - 81;01 - 02 - 08 - 10 - 15 - 16 - 56 - 64 - 89 - 90;;;;
32025;DISPONIBLE;12 - 21 - 36 - 42 - 59 - 63 - 79 - 84 - 86 - 89;06 - 11 - 15 - 27 - 41 - 53 - 63 - 64 - 68 - 73;;;;
32026;DISPONIBLE;02 - 26 - 35 - 38 - 41 - 44 - 48 - 52 - 73 - 77;06 - 07 - 17 - 20 - 40 - 42 - 45 - 49 - 55 - 71;;;;
32027;DISPONIBLE;03 - 07 - 15 - 16 - 19 - 31 - 48 - 49 - 53 - 79;03 - 09 - 27 - 31 - 51 - 59 - 65 - 82 - 83 - 85;;;;
32028;DISPONIBLE;04 - 28 - 31 - 34 - 37 - 40 - 56 - 60 - 66 - 87;04 - 16 - 17 - 18 - 38 - 40 - 48 - 56 - 74 - 75;;;;
32029;DISPONIBLE;04 - 08 - 10 - 12 - 23 - 30 - 41 - 43 - 44 - 72;28 - 30 - 40 - 50 - 55 - 56 - 58 - 72 - 76 - 89;;;;
32030;DISPONIBLE;04 - 14 - 17 - 34 - 38 - 42 - 66 - 72 - 79 - 81;02 - 16 - 25 - 35 - 41 - 42 - 52 - 57 - 73 - 87;;;;
32031;DISPONIBLE;05 - 07 - 13 - 17 - 38 - 68 - 79 - 80 - 85 - 89;08 - 12 - 45 - 46 - 53 - 55 - 57 - 64 - 67 - 85;;;;
32032;DISPONIBLE;03 - 04 - 22 - 35 - 36 - 41 - 42 - 54 - 67 - 78;01 - 14 - 43 - 48 - 52 - 60 - 67 - 74 - 81 - 90;;;;
32033;DISPONIBLE;06 - 07 - 31 - 33 - 38 - 46 - 47 - 55 - 80 - 83;02 - 06 - 20 - 40 - 54 - 59 - 60 - 71 - 73 - 78;;;;
32034;DISPONIBLE;13 - 18 - 30 - 38 - 45 - 58 - 77 - 78 - 86 - 89;14 - 30 - 34 - 41 - 45 - 56 - 75 - 82 - 87 - 88;;;;
32035;DISPONIBLE;12 - 16 - 29 - 33 - 46 - 47 - 48 - 67 - 86 - 90;16 - 28 - 30 - 41 - 50 - 52 - 69 - 81 - 82 - 88;;;;
32036;DISPONIBLE;11 - 17 - 31 - 55 - 56 - 58 - 70 - 77 - 83 - 89;01 - 02 - 08 - 12 - 14 - 17 - 20 - 48 - 62 - 83;;;;
32037;DISPONIBLE;21 - 29 - 33 - 35 - 38 - 50 - 58 - 64 - 86 - 88;23 - 28 - 38 - 44 - 52 - 59 - 60 - 79 - 83 - 87;;;;
32038;DISPONIBLE;04 - 09 - 23 - 31 - 33 - 37 - 41 - 42 - 60 - 81;06 - 21 - 24 - 27 - 33 - 36 - 43 - 58 - 59 - 81;;;;
32039;DISPONIBLE;03 - 07 - 20 - 30 - 33 - 51 - 54 - 74 - 76 - 79;02 - 04 - 06 - 08 - 13 - 15 - 22 - 48 - 77 - 82;;;;
32040;DISPONIBLE;03 - 05 - 08 - 10 - 14 - 21 - 23 - 34 - 44 - 86;17 - 18 - 21 - 33 - 35 - 59 - 63 - 69 - 78 - 90;;;;
32041;DISPONIBLE;10 - 35 - 38 - 47 - 71 - 75 - 78 - 79 - 82 - 84;08 - 16 - 27 - 28 - 32 - 34 - 50 - 62 - 77 - 81;;;;
32042;DISPONIBLE;13 - 14 - 35 - 36 - 40 - 45 - 49 - 55 - 71 - 90;12 - 20 - 30 - 38 - 44 - 53 - 68 - 83 - 85 - 86;;;;
32043;DISPONIBLE;06 - 24 - 41 - 44 - 59 - 61 - 62 - 69 - 72 - 81;07 - 10 - 11 - 32 - 38 - 46 - 48 - 64 - 74 - 76;;;;
32044;DISPONIBLE;03 - 06 - 16 - 17 - 24 - 71 - 72 - 79 - 80 - 88;02 - 07 - 08 - 19 - 23 - 26 - 29 - 74 - 79 - 85;;;;
32045;DISPONIBLE;19 - 37 - 41 - 42 - 52 - 53 - 64 - 72 - 88 - 89;18 - 19 - 27 - 29 - 45 - 51 - 54 - 55 - 64 - 68;;;;
32046;DISPONIBLE;03 - 12 - 20 - 25 - 29 - 41 - 43 - 45 - 73 - 89;14 - 15 - 20 - 26 - 28 - 29 - 35 - 52 - 76 - 88;;;;
32047;DISPONIBLE;05 - 08 - 13 - 31 - 39 - 40 - 52 - 55 - 71 - 83;17 - 27 - 29 - 33 - 36 - 40 - 58 - 73 - 75 - 85;;;;
32048;DISPONIBLE;02 - 09 - 24 - 34 - 36 - 46 - 54 - 63 - 84 - 87;09 - 11 - 14 - 15 - 32 - 63 - 66 - 67 - 74 - 80;;;;
32049;DISPONIBLE;13 - 24 - 31 - 49 - 53 - 61 - 64 - 67 - 79 - 86;01 - 04 - 10 - 11 - 21 - 22 - 37 - 42 - 74 - 78;;;;
32050;DISPONIBLE;07 - 19 - 30 - 41 - 54 - 63 - 73 - 74 - 75 - 77;01 - 02 - 08 - 26 - 36 - 65 - 72 - 73 - 85 - 89;;;;
32051;DISPONIBLE;10 - 20 - 29 - 33 - 34 - 47 - 48 - 51 - 54 - 57;21 - 31 - 32 - 50 - 53 - 64 - 71 - 72 - 78 - 79;;;;
32052;DISPONIBLE;06 - 07 - 19 - 42 - 43 - 46 - 59 - 68 - 84 - 88;02 - 04 - 17 - 19 - 24 - 36 - 45 - 48 - 50 - 90;;;;
32053;DISPONIBLE;07 - 26 - 31 - 40 - 42 - 43 - 48 - 62 - 70 - 82;07 - 14 - 18 - 20 - 25 - 41 - 54 - 59 - 79 - 81;;;;
32054;DISPONIBLE;10 - 27 - 33 - 42 - 60 - 64 - 72 - 75 - 83 - 89;03 - 05 - 38 - 42 - 43 - 44 - 64 - 67 - 74 - 76;;;;
32055;DISPONIBLE;08 - 09 - 18 - 21 - 31 - 50 - 58 - 67 - 81 - 87;08 - 16 - 25 - 31 - 39 - 46 - 50 - 60 - 69 - 82;;;;
32056;DISPONIBLE;01 - 10 - 23 - 39 - 56 - 62 - 65 - 74 - 81 - 88;07 - 11 - 27 - 28 - 32 - 36 - 40 - 58 - 60 - 87;;;;
32057;DISPONIBLE;13 - 18 - 26 - 29 - 36 - 55 - 68 - 74 - 75 - 79;09 - 22 - 24 - 33 - 49 - 60 - 70 - 74 - 83 - 88;;;;
32058;DISPONIBLE;03 - 07 - 14 - 19 - 30 - 39 - 52 - 76 - 83 - 87;21 - 26 - 42 - 50 - 53 - 58 - 72 - 73 - 77 - 90;;;;
32059;DISPONIBLE;04 - 15 - 40 - 61 - 63 - 75 - 83 - 87 - 88 - 89;06 - 11 - 56 - 58 - 61 - 69 - 71 - 75 - 76 - 85;;;;
32060;DISPONIBLE;05 - 06 - 10 - 12 - 20 - 46 - 66 - 68 - 77 - 82;13 - 28 - 44 - 55 - 58 - 62 - 64 - 75 - 79 - 85;;;;
32061;DISPONIBLE;02 - 06 - 07 - 21 - 31 - 47 - 56 - 60 - 61 - 70;04 - 21 - 25 - 40 - 43 - 68 - 73 - 74 - 80 - 86;;;;
32062;DISPONIBLE;05 - 06 - 15 - 16 - 29 - 35 - 38 - 46 - 69 - 82;07 - 27 - 51 - 53 - 57 - 71 - 72 - 76 - 88 - 90;;;;
32063;DISPONIBLE;07 - 11 - 12 - 13 - 17 - 27 - 49 - 58 - 76 - 90;12 - 17 - 19 - 23 - 26 - 33 - 38 - 46 - 54 - 89;;;;
32064;DISPONIBLE;14 - 21 - 25 - 30 - 31 - 53 - 65 - 73 - 76 - 86;14 - 17 - 35 - 45 - 53 - 62 - 64 - 74 - 76 - 79;;;;
32065;DISPONIBLE;20 - 27 - 32 - 45 - 53 - 64 - 67 - 79 - 81 - 87;10 - 32 - 34 - 46 - 48 - 49 - 56 - 72 - 76 - 84;;;;
32066;DISPONIBLE;01 - 04 - 25 - 36 - 39 - 50 - 68 - 74 - 75 - 90;23 - 28 - 36 - 38 - 45 - 57 - 70 - 78 - 83 - 90;;;;
32067;DISPONIBLE;01 - 14 - 30 - 48 - 50 - 63 - 73 - 84 - 87 - 88;05 - 25 - 28 - 37 - 41 - 51 - 61 - 62 - 72 - 80;;;;
32068;DISPONIBLE;06 - 23 - 25 - 32 - 34 - 45 - 56 - 62 - 73 - 88;07 - 11 - 15 - 26 - 33 - 46 - 47 - 72 - 81 - 86;;;;
32069;DISPONIBLE;06 - 13 - 15 - 21 - 55 - 60 - 71 - 73 - 80 - 89;13 - 20 - 29 - 34 - 39 - 54 - 55 - 76 - 82 - 87;;;;
32070;DISPONIBLE;09 - 15 - 21 - 33 - 48 - 60 - 65 - 66 - 68 - 74;18 - 20 - 24 - 41 - 49 - 57 - 62 - 70 - 80 - 81;;;;
32071;DISPONIBLE;09 - 11 - 13 - 21 - 23 - 31 - 32 - 33 - 69 - 90;05 - 37 - 43 - 47 - 64 - 65 - 66 - 71 - 80 - 89;;;;
32072;DISPONIBLE;02 - 06 - 15 - 22 - 39 - 68 - 73 - 74 - 76 - 81;02 - 12 - 21 - 24 - 28 - 29 - 56 - 61 - 78 - 83;;;;
32073;DISPONIBLE;01 - 04 - 07 - 17 - 43 - 48 - 56 - 79 - 81 - 83;07 - 24 - 25 - 30 - 31 - 42 - 52 - 56 - 75 - 82;;;;
32074;DISPONIBLE;02 - 06 - 15 - 33 - 36 - 43 - 53 - 56 - 65 - 81;03 - 24 - 60 - 61 - 67 - 76 - 78 - 80 - 83 - 84;;;;
32075;DISPONIBLE;26 - 30 - 38 - 39 - 66 - 69 - 73 - 81 - 85 - 87;01 - 24 - 28 - 38 - 43 - 51 - 53 - 60 - 67 - 72;;;;
32076;DISPONIBLE;09 - 11 - 18 - 21 - 29 - 38 - 40 - 43 - 82 - 89;01 - 05 - 27 - 30 - 33 - 51 - 67 - 69 - 75 - 83;;;;
32077;DISPONIBLE;14 - 28 - 40 - 41 - 43 - 47 - 52 - 75 - 76 - 81;02 - 04 - 12 - 29 - 52 - 54 - 66 - 69 - 83 - 89;;;;
32078;DISPONIBLE;06 - 13 - 19 - 23 - 29 - 33 - 46 - 64 - 69 - 90;05 - 13 - 18 - 23 - 27 - 49 - 60 - 68 - 77 - 85;;;;
32079;DISPONIBLE;16 - 21 - 28 - 40 - 48 - 49 - 60 - 70 - 71 - 80;07 - 12 - 20 - 22 - 26 - 57 - 60 - 69 - 80 - 84;;;;
32080;DISPONIBLE;16 - 24 - 25 - 31 - 36 - 55 - 71 - 82 - 86 - 88;25 - 34 - 36 - 39 - 53 - 60 - 62 - 63 - 80 - 87;;;;
32081;DISPONIBLE;25 - 30 - 46 - 48 - 50 - 52 - 54 - 55 - 68 - 87;15 - 29 - 43 - 53 - 58 - 67 - 73 - 76 - 81 - 84;;;;
32082;DISPONIBLE;11 - 15 - 17 - 35 - 51 - 53 - 64 - 67 - 70 - 80;02 - 11 - 15 - 26 - 33 - 35 - 57 - 62 - 72 - 90;;;;
32083;DISPONIBLE;02 - 12 - 21 - 22 - 43 - 54 - 65 - 79 - 80 - 90;02 - 06 - 44 - 46 - 54 - 63 - 65 - 74 - 75 - 84;;;;
32084;DISPONIBLE;04 - 13 - 19 - 21 - 40 - 48 - 65 - 70 - 79 - 80;18 - 20 - 33 - 34 - 42 - 58 - 63 - 72 - 84 - 87;;;;
32085;DISPONIBLE;44 - 46 - 50 - 61 - 66 - 70 - 76 - 80 - 81 - 88;14 - 16 - 19 - 30 - 44 - 54 - 58 - 71 - 89 - 90;;;;
32086;DISPONIBLE;03 - 04 - 17 - 35 - 53 - 62 - 65 - 68 - 70 - 74;01 - 04 - 06 - 16 - 28 - 33 - 64 - 65 - 66 - 70;;;;
32087;DISPONIBLE;12 - 14 - 16 - 19 - 26 - 33 - 45 - 64 - 74 - 81;17 - 24 - 26 - 29 - 31 - 44 - 46 - 70 - 75 - 89;;;;
32088;DISPONIBLE;01 - 09 - 29 - 46 - 64 - 65 - 74 - 76 - 84 - 87;09 - 12 - 31 - 54 - 55 - 65 - 81 - 82 - 88 - 90;;;;
32089;DISPONIBLE;01 - 05 - 09 - 19 - 31 - 37 - 46 - 48 - 54 - 81;10 - 16 - 21 - 33 - 36 - 48 - 55 - 64 - 77 - 85;;;;
32090;DISPONIBLE;25 - 44 - 58 - 62 - 63 - 73 - 79 - 82 - 87 - 89;01 - 15 - 28 - 30 - 34 - 59 - 68 - 74 - 82 - 83;;;;
32091;DISPONIBLE;17 - 29 - 36 - 41 - 53 - 66 - 68 - 69 - 76 - 87;01 - 21 - 22 - 23 - 24 - 34 - 39 - 48 - 52 - 71;;;;
32092;DISPONIBLE;12 - 13 - 24 - 28 - 50 - 55 - 68 - 69 - 80 - 85;03 - 22 - 24 - 30 - 32 - 51 - 56 - 60 - 70 - 82;;;;
32093;DISPONIBLE;04 - 08 - 16 - 20 - 28 - 30 - 69 - 72 - 84 - 89;06 - 10 - 11 - 13 - 38 - 45 - 48 - 54 - 78 - 90;;;;
32094;DISPONIBLE;04 - 11 - 20 - 33 - 39 - 43 - 63 - 79 - 86 - 88;10 - 16 - 18 - 30 - 38 - 40 - 45 - 50 - 58 - 63;;;;
32095;DISPONIBLE;11 - 15 - 23 - 36 - 62 - 65 - 68 - 77 - 84 - 90;02 - 11 - 20 - 25 - 41 - 47 - 57 - 62 - 65 - 87;;;;
32096;DISPONIBLE;05 - 14 - 26 - 31 - 41 - 48 - 60 - 65 - 72 - 74;04 - 37 - 44 - 47 - 53 - 55 - 65 - 74 - 82 - 87;;;;
32097;DISPONIBLE;04 - 06 - 09 - 20 - 35 - 58 - 63 - 73 - 79 - 83;13 - 37 - 40 - 46 - 49 - 66 - 72 - 77 - 83 - 84;;;;
32098;DISPONIBLE;06 - 11 - 14 - 21 - 30 - 31 - 33 - 34 - 70 - 79;21 - 33 - 52 - 57 - 64 - 66 - 69 - 70 - 72 - 88;;;;
32099;DISPONIBLE;02 - 04 - 31 - 44 - 52 - 56 - 69 - 77 - 80 - 85;09 - 29 - 50 - 51 - 55 - 57 - 63 - 81 - 88 - 89;;;;
32100;DISPONIBLE;42 - 44 - 53 - 68 - 70 - 81 - 82 - 84 - 86 - 90;01 - 10 - 13 - 15 - 24 - 54 - 60 - 69 - 79 - 81;;;;
32101;DISPONIBLE;12 - 23 - 29 - 30 - 33 - 38 - 62 - 71 - 72 - 87;08 - 31 - 42 - 44 - 46 - 51 - 69 - 73 - 86 - 87;;;;
32102;DISPONIBLE;04 - 13 - 20 - 29 - 65 - 67 - 73 - 76 - 81 - 87;09 - 13 - 16 - 20 - 37 - 39 - 43 - 46 - 48 - 56;;;;
32103;DISPONIBLE;06 - 11 - 19 - 24 - 25 - 35 - 60 - 63 - 69 - 87;10 - 19 - 21 - 22 - 37 - 40 - 41 - 48 - 71 - 89;;;;
32104;DISPONIBLE;09 - 18 - 19 - 22 - 28 - 30 - 33 - 38 - 42 - 84;03 - 15 - 17 - 22 - 27 - 57 - 63 - 67 - 69 - 83;;;;
32105;DISPONIBLE;12 - 16 - 20 - 22 - 44 - 48 - 60 - 61 - 82 - 87;07 - 30 - 38 - 47 - 59 - 61 - 81 - 84 - 86 - 87;;;;
32106;DISPONIBLE;14 - 33 - 43 - 44 - 68 - 77 - 78 - 82 - 84 - 87;14 - 18 - 30 - 33 - 53 - 57 - 59 - 69 - 80 - 81;;;;
32107;DISPONIBLE;02 - 06 - 39 - 50 - 61 - 62 - 70 - 71 - 75 - 83;19 - 26 - 37 - 38 - 40 - 42 - 48 - 51 - 58 - 71;;;;
32108;DISPONIBLE;11 - 20 - 22 - 28 - 37 - 45 - 46 - 57 - 62 - 79;11 - 23 - 25 - 26 - 35 - 39 - 63 - 64 - 66 - 86;;;;
32109;DISPONIBLE;11 - 31 - 64 - 67 - 69 - 73 - 76 - 81 - 83 - 89;23 - 31 - 40 - 41 - 45 - 46 - 60 - 74 - 79 - 86;;;;
32110;DISPONIBLE;03 - 06 - 11 - 13 - 15 - 23 - 52 - 63 - 68 - 69;10 - 12 - 20 - 25 - 26 - 34 - 57 - 73 - 83 - 84;;;;
32111;DISPONIBLE;06 - 25 - 26 - 34 - 47 - 62 - 66 - 69 - 72 - 75;07 - 15 - 26 - 41 - 61 - 62 - 63 - 73 - 75 - 76;;;;
32112;DISPONIBLE;11 - 27 - 33 - 45 - 49 - 63 - 67 - 70 - 77 - 88;02 - 04 - 11 - 14 - 18 - 32 - 56 - 62 - 68 - 77;;;;
32113;DISPONIBLE;14 - 22 - 29 - 32 - 34 - 35 - 38 - 42 - 69 - 90;13 - 32 - 33 - 47 - 50 - 59 - 70 - 75 - 77 - 83;;;;
32114;DISPONIBLE;07 - 12 - 13 - 25 - 30 - 31 - 33 - 36 - 38 - 40;20 - 23 - 29 - 39 - 44 - 48 - 52 - 74 - 77 - 82;;;;
32115;DISPONIBLE;08 - 16 - 35 - 55 - 59 - 61 - 68 - 78 - 81 - 89;10 - 21 - 34 - 41 - 45 - 64 - 68 - 72 - 77 - 84;;;;
32116;DISPONIBLE;16 - 23 - 28 - 37 - 41 - 67 - 82 - 84 - 86 - 89;05 - 08 - 17 - 32 - 38 - 45 - 56 - 57 - 65 - 73;;;;
32117;DISPONIBLE;10 - 11 - 12 - 25 - 27 - 56 - 60 - 74 - 82 - 89;02 - 11 - 16 - 25 - 47 - 66 - 72 - 80 - 81 - 86;;;;
32118;DISPONIBLE;02 - 11 - 14 - 18 - 33 - 39 - 52 - 67 - 73 - 74;03 - 21 - 33 - 39 - 52 - 56 - 63 - 78 - 82 - 88;;;;
32119;DISPONIBLE;07 - 09 - 40 - 44 - 47 - 55 - 61 - 65 - 82 - 85;05 - 13 - 17 - 34 - 49 - 77 - 78 - 86 - 87 - 89;;;;
32120;DISPONIBLE;14 - 16 - 29 - 38 - 39 - 48 - 49 - 88 - 89 - 90;03 - 29 - 35 - 47 - 49 - 52 - 61 - 66 - 70 - 86;;;;
32121;DISPONIBLE;04 - 08 - 09 - 14 - 19 - 34 - 41 - 57 - 62 - 87;04 - 07 - 14 - 18 - 23 - 59 - 60 - 83 - 84 - 89;;;;
32122;DISPONIBLE;02 - 15 - 24 - 30 - 32 - 57 - 64 - 67 - 87 - 88;04 - 05 - 19 - 27 - 40 - 70 - 78 - 83 - 87 - 90;;;;
32123;DISPONIBLE;16 - 19 - 41 - 42 - 46 - 54 - 65 - 72 - 77 - 86;07 - 16 - 20 - 31 - 36 - 38 - 40 - 52 - 83 - 86;;;;
32124;DISPONIBLE;05 - 07 - 12 - 42 - 52 - 57 - 65 - 69 - 77 - 88;22 - 40 - 41 - 52 - 59 - 61 - 82 - 85 - 87 - 89;;;;
32125;DISPONIBLE;02 - 15 - 39 - 66 - 70 - 73 - 74 - 76 - 82 - 86;20 - 22 - 28 - 39 - 43 - 53 - 80 - 81 - 82 - 83;;;;
32126;DISPONIBLE;05 - 15 - 36 - 40 - 54 - 69 - 76 - 77 - 85 - 88;03 - 07 - 18 - 25 - 29 - 32 - 41 - 70 - 84 - 88;;;;
32127;DISPONIBLE;07 - 11 - 18 - 23 - 30 - 32 - 34 - 36 - 64 - 72;11 - 13 - 39 - 45 - 55 - 67 - 68 - 71 - 74 - 85;;;;
32128;DISPONIBLE;05 - 17 - 36 - 49 - 50 - 58 - 63 - 76 - 86 - 88;10 - 24 - 32 - 41 - 42 - 60 - 74 - 75 - 78 - 87;;;;
32129;DISPONIBLE;19 - 42 - 46 - 50 - 52 - 60 - 75 - 77 - 87 - 88;05 - 09 - 19 - 20 - 25 - 32 - 38 - 70 - 75 - 76;;;;
32130;DISPONIBLE;14 - 17 - 25 - 27 - 28 - 34 - 39 - 52 - 87 - 89;11 - 19 - 23 - 38 - 55 - 59 - 63 - 66 - 69 - 73;;;;
32131;DISPONIBLE;05 - 06 - 25 - 34 - 43 - 55 - 57 - 61 - 76 - 78;06 - 10 - 19 - 20 - 35 - 42 - 59 - 66 - 77 - 86;;;;
32132;DISPONIBLE;02 - 09 - 10 - 16 - 20 - 33 - 51 - 60 - 84 - 88;02 - 03 - 04 - 23 - 33 - 40 - 44 - 53 - 59 - 80;;;;
32133;DISPONIBLE;23 - 29 - 32 - 34 - 42 - 51 - 58 - 72 - 78 - 80;01 - 05 - 07 - 30 - 38 - 50 - 53 - 55 - 65 - 86;;;;
32134;DISPONIBLE;25 - 33 - 42 - 50 - 55 - 58 - 68 - 69 - 75 - 85;09 - 26 - 41 - 45 - 46 - 55 - 56 - 68 - 80 - 82;;;;
32135;DISPONIBLE;10 - 20 - 22 - 31 - 49 - 52 - 59 - 61 - 81 - 82;04 - 13 - 16 - 18 - 34 - 35 - 47 - 53 - 60 - 72;;;;
32136;DISPONIBLE;03 - 24 - 34 - 39 - 42 - 56 - 60 - 66 - 68 - 79;09 - 12 - 21 - 30 - 33 - 48 - 55 - 61 - 67 - 90;;;;
32137;DISPONIBLE;16 - 18 - 23 - 30 - 58 - 71 - 75 - 80 - 84 - 87;11 - 17 - 20 - 27 - 34 - 41 - 50 - 55 - 68 - 88;;;;
32138;DISPONIBLE;23 - 26 - 27 - 44 - 50 - 53 - 55 - 74 - 76 - 86;12 - 28 - 31 - 49 - 53 - 60 - 61 - 64 - 86 - 89;;;;
32139;DISPONIBLE;05 - 24 - 30 - 38 - 43 - 45 - 46 - 49 - 73 - 81;02 - 13 - 16 - 29 - 33 - 39 - 40 - 59 - 79 - 84;;;;
32140;DISPONIBLE;17 - 25 - 27 - 37 - 59 - 60 - 63 - 71 - 78 - 87;13 - 14 - 21 - 27 - 34 - 46 - 49 - 58 - 67 - 68;;;;
32141;DISPONIBLE;01 - 04 - 09 - 12 - 39 - 52 - 57 - 61 - 74 - 80;02 - 03 - 16 - 17 - 34 - 38 - 51 - 54 - 63 - 66;;;;
32142;DISPONIBLE;05 - 09 - 11 - 13 - 19 - 35 - 39 - 42 - 50 - 82;08 - 16 - 49 - 52 - 55 - 59 - 61 - 68 - 70 - 83;;;;
32143;DISPONIBLE;10 - 40 - 50 - 51 - 63 - 64 - 66 - 73 - 78 - 82;12 - 13 - 16 - 21 - 27 - 38 - 39 - 40 - 53 - 76;;;;
32144;DISPONIBLE;03 - 14 - 17 - 25 - 36 - 37 - 38 - 56 - 61 - 66;14 - 20 - 28 - 35 - 37 - 46 - 48 - 53 - 71 - 79;;;;
32145;DISPONIBLE;10 - 17 - 27 - 31 - 49 - 52 - 54 - 70 - 77 - 80;01 - 04 - 18 - 27 - 30 - 38 - 46 - 54 - 66 - 70;;;;
32146;DISPONIBLE;11 - 13 - 14 - 36 - 41 - 55 - 59 - 61 - 76 - 81;02 - 05 - 18 - 35 - 36 - 38 - 44 - 45 - 77 - 81;;;;
32147;DISPONIBLE;06 - 14 - 27 - 28 - 43 - 55 - 61 - 69 - 76 - 86;01 - 04 - 10 - 23 - 27 - 28 - 59 - 64 - 71 - 80;;;;
32148;DISPONIBLE;03 - 13 - 16 - 60 - 67 - 73 - 75 - 80 - 84 - 88;02 - 17 - 20 - 28 - 30 - 45 - 62 - 70 - 76 - 85;;;;
32149;DISPONIBLE;16 - 32 - 33 - 39 - 44 - 70 - 75 - 82 - 85 - 89;11 - 13 - 20 - 37 - 41 - 57 - 63 - 73 - 79 - 82;;;;
32150;DISPONIBLE;06 - 11 - 18 - 28 - 37 - 45 - 53 - 55 - 56 - 67;22 - 25 - 44 - 45 - 49 - 53 - 56 - 60 - 61 - 89;;;;
32151;DISPONIBLE;03 - 17 - 19 - 41 - 43 - 53 - 64 - 86 - 88 - 90;02 - 15 - 27 - 30 - 36 - 39 - 44 - 50 - 65 - 72;;;;
32152;DISPONIBLE;01 - 03 - 05 - 08 - 11 - 28 - 46 - 50 - 69 - 78;06 - 07 - 13 - 18 - 19 - 39 - 48 - 52 - 56 - 60;;;;
32153;DISPONIBLE;20 - 23 - 25 - 26 - 38 - 54 - 56 - 68 - 85 - 90;06 - 18 - 19 - 24 - 33 - 38 - 42 - 58 - 87 - 88;;;;
32154;DISPONIBLE;07 - 14 - 21 - 24 - 29 - 65 - 68 - 77 - 83 - 84;10 - 15 - 22 - 34 - 44 - 58 - 59 - 60 - 82 - 90;;;;
32155;DISPONIBLE;06 - 14 - 19 - 36 - 37 - 49 - 65 - 68 - 78 - 89;08 - 13 - 28 - 29 - 44 - 48 - 49 - 66 - 69 - 70;;;;
32156;DISPONIBLE;14 - 16 - 24 - 27 - 35 - 38 - 52 - 54 - 61 - 73;12 - 16 - 25 - 29 - 37 - 49 - 53 - 76 - 78 - 82;;;;
32157;DISPONIBLE;13 - 26 - 34 - 35 - 40 - 53 - 60 - 63 - 66 - 73;20 - 27 - 38 - 39 - 43 - 48 - 49 - 57 - 65 - 71;;;;
32158;DISPONIBLE;01 - 16 - 28 - 49 - 59 - 65 - 78 - 79 - 83 - 84;11 - 15 - 32 - 42 - 43 - 46 - 60 - 70 - 72 - 81;;;;
32159;DISPONIBLE;04 - 06 - 14 - 32 - 36 - 39 - 63 - 65 - 74 - 82;05 - 12 - 22 - 24 - 44 - 46 - 49 - 54 - 66 - 67;;;;
32160;DISPONIBLE;09 - 18 - 40 - 46 - 52 - 61 - 65 - 66 - 82 - 88;16 - 22 - 38 - 42 - 43 - 45 - 48 - 59 - 71 - 79;;;;
32161;DISPONIBLE;01 - 02 - 16 - 33 - 42 - 47 - 53 - 71 - 72 - 81;01 - 02 - 12 - 14 - 25 - 34 - 55 - 60 - 76 - 77;;;;
32162;DISPONIBLE;02 - 03 - 22 - 28 - 43 - 47 - 53 - 67 - 69 - 88;03 - 07 - 33 - 48 - 51 - 55 - 57 - 85 - 88 - 90;;;;
32163;DISPONIBLE;07 - 09 - 17 - 29 - 31 - 37 - 51 - 52 - 53 - 56;01 - 04 - 12 - 18 - 20 - 38 - 52 - 62 - 66 - 84;;;;
32164;DISPONIBLE;12 - 33 - 40 - 65 - 68 - 78 - 80 - 87 - 88 - 90;07 - 10 - 13 - 14 - 16 - 20 - 40 - 58 - 74 - 83;;;;
32165;DISPONIBLE;07 - 15 - 29 - 48 - 49 - 56 - 59 - 75 - 78 - 87;15 - 16 - 29 - 30 - 33 - 36 - 44 - 69 - 71 - 75;;;;
32166;DISPONIBLE;02 - 09 - 11 - 12 - 15 - 20 - 26 - 52 - 59 - 83;04 - 08 - 19 - 26 - 28 - 35 - 49 - 52 - 61 - 77;;;;
32167;DISPONIBLE;02 - 03 - 30 - 45 - 51 - 63 - 68 - 71 - 75 - 89;03 - 07 - 15 - 19 - 29 - 40 - 43 - 48 - 51 - 61;;;;
32168;DISPONIBLE;02 - 03 - 05 - 06 - 12 - 30 - 33 - 56 - 66 - 77;06 - 09 - 13 - 24 - 25 - 67 - 68 - 69 - 71 - 88;;;;
32169;DISPONIBLE;02 - 07 - 14 - 22 - 27 - 33 - 41 - 62 - 64 - 86;11 - 14 - 30 - 45 - 54 - 59 - 67 - 69 - 79 - 85;;;;
32170;DISPONIBLE;05 - 08 - 10 - 17 - 19 - 24 - 30 - 33 - 56 - 89;12 - 21 - 22 - 23 - 30 - 35 - 49 - 61 - 72 - 77;;;;
32171;DISPONIBLE;13 - 22 - 31 - 40 - 43 - 53 - 60 - 67 - 81 - 83;04 - 30 - 36 - 48 - 49 - 68 - 69 - 77 - 83 - 89;;;;
32172;DISPONIBLE;01 - 11 - 12 - 20 - 25 - 26 - 44 - 80 - 84 - 87;11 - 16 - 31 - 33 - 43 - 64 - 69 - 70 - 86 - 87;;;;
32173;DISPONIBLE;03 - 10 - 16 - 52 - 56 - 59 - 69 - 82 - 86 - 89;11 - 12 - 15 - 34 - 43 - 47 - 51 - 67 - 71 - 78;;;;
32174;DISPONIBLE;15 - 21 - 28 - 38 - 55 - 64 - 65 - 66 - 77 - 79;11 - 25 - 27 - 44 - 58 - 63 - 85 - 87 - 88 - 90;;;;
32175;DISPONIBLE;06 - 13 - 29 - 30 - 31 - 37 - 49 - 59 - 61 - 77;05 - 12 - 13 - 25 - 45 - 47 - 53 - 54 - 79 - 88;;;;
32176;DISPONIBLE;04 - 07 - 19 - 36 - 49 - 53 - 59 - 66 - 84 - 86;04 - 10 - 34 - 36 - 46 - 50 - 56 - 75 - 78 - 87;;;;
32177;DISPONIBLE;07 - 20 - 26 - 37 - 46 - 58 - 61 - 71 - 81 - 88;03 - 06 - 23 - 36 - 39 - 69 - 78 - 82 - 85 - 89;;;;
32178;DISPONIBLE;01 - 02 - 06 - 27 - 31 - 53 - 54 - 71 - 78 - 89;06 - 21 - 29 - 50 - 53 - 64 - 66 - 77 - 79 - 86;;;;
32179;DISPONIBLE;05 - 14 - 22 - 41 - 59 - 62 - 64 - 70 - 87 - 88;03 - 06 - 21 - 45 - 46 - 55 - 58 - 74 - 82 - 90;;;;
32180;DISPONIBLE;05 - 08 - 13 - 24 - 26 - 56 - 60 - 71 - 74 - 83;07 - 13 - 20 - 29 - 35 - 40 - 48 - 66 - 72 - 83;;;;
32181;DISPONIBLE;23 - 29 - 33 - 37 - 40 - 55 - 70 - 72 - 87 - 88;01 - 05 - 19 - 30 - 46 - 52 - 55 - 74 - 78 - 90;;;;
32182;DISPONIBLE;18 - 33 - 36 - 40 - 42 - 46 - 56 - 63 - 65 - 67;06 - 10 - 14 - 18 - 35 - 39 - 50 - 54 - 71 - 89;;;;
32183;DISPONIBLE;08 - 35 - 45 - 50 - 55 - 62 - 64 - 66 - 74 - 81;08 - 13 - 22 - 24 - 28 - 30 - 34 - 39 - 63 - 75;;;;
32184;DISPONIBLE;03 - 05 - 08 - 10 - 12 - 18 - 40 - 63 - 72 - 83;06 - 20 - 44 - 48 - 49 - 63 - 66 - 69 - 83 - 85;;;;
32185;DISPONIBLE;14 - 15 - 19 - 32 - 41 - 48 - 54 - 68 - 79 - 83;05 - 10 - 32 - 43 - 55 - 57 - 63 - 78 - 83 - 88;;;;
32186;DISPONIBLE;02 - 09 - 11 - 26 - 28 - 33 - 43 - 63 - 66 - 81;06 - 35 - 41 - 49 - 60 - 69 - 73 - 77 - 78 - 79;;;;
32187;DISPONIBLE;03 - 07 - 14 - 31 - 46 - 70 - 74 - 75 - 84 - 89;03 - 18 - 26 - 40 - 45 - 47 - 53 - 54 - 75 - 77;;;;
32188;DISPONIBLE;02 - 05 - 09 - 40 - 44 - 48 - 49 - 54 - 56 - 59;02 - 06 - 16 - 19 - 29 - 33 - 61 - 69 - 85 - 86;;;;
32189;DISPONIBLE;02 - 09 - 23 - 39 - 51 - 52 - 53 - 56 - 81 - 89;09 - 14 - 15 - 34 - 40 - 42 - 46 - 62 - 79 - 85;;;;
32190;DISPONIBLE;16 - 21 - 44 - 46 - 55 - 64 - 68 - 70 - 72 - 82;13 - 14 - 19 - 36 - 59 - 70 - 71 - 74 - 83 - 87;;;;
32191;DISPONIBLE;05 - 10 - 17 - 21 - 33 - 39 - 43 - 44 - 74 - 90;09 - 15 - 20 - 33 - 40 - 43 - 48 - 53 - 59 - 65;;;;
32192;DISPONIBLE;07 - 13 - 24 - 27 - 52 - 54 - 78 - 85 - 87 - 90;26 - 28 - 35 - 42 - 61 - 67 - 69 - 71 - 72 - 80;;;;
32193;DISPONIBLE;07 - 12 - 14 - 32 - 48 - 52 - 59 - 71 - 77 - 88;03 - 06 - 09 - 22 - 23 - 26 - 42 - 67 - 80 - 86;;;;
32194;DISPONIBLE;04 - 12 - 14 - 25 - 26 - 35 - 36 - 45 - 61 - 73;14 - 18 - 20 - 21 - 32 - 56 - 67 - 85 - 87 - 89;;;;
32195;DISPONIBLE;07 - 10 - 14 - 29 - 40 - 41 - 59 - 69 - 71 - 76;09 - 13 - 25 - 33 - 38 - 42 - 61 - 80 - 82 - 86;;;;
32196;DISPONIBLE;05 - 21 - 36 - 40 - 48 - 69 - 76 - 81 - 85 - 90;03 - 22 - 35 - 37 - 56 - 61 - 72 - 74 - 76 - 88;;;;
32197;DISPONIBLE;03 - 05 - 14 - 15 - 24 - 31 - 32 - 47 - 79 - 85;03 - 10 - 21 - 22 - 23 - 34 - 47 - 50 - 52 - 55;;;;
32198;DISPONIBLE;13 - 31 - 45 - 64 - 68 - 73 - 75 - 76 - 81 - 85;09 - 19 - 42 - 46 - 48 - 52 - 58 - 59 - 63 - 90;;;;
32199;DISPONIBLE;08 - 15 - 17 - 18 - 20 - 63 - 72 - 76 - 80 - 90;01 - 05 - 06 - 20 - 25 - 56 - 61 - 70 - 71 - 72;;;;
32200;DISPONIBLE;01 - 19 - 23 - 40 - 47 - 48 - 56 - 62 - 64 - 69;09 - 22 - 31 - 57 - 63 - 66 - 77 - 78 - 79 - 87;;;;
32201;DISPONIBLE;05 - 06 - 28 - 29 - 32 - 37 - 49 - 61 - 68 - 84;12 - 24 - 25 - 34 - 36 - 43 - 44 - 58 - 77 - 83;;;;
32202;DISPONIBLE;05 - 09 - 11 - 20 - 30 - 36 - 39 - 54 - 83 - 90;07 - 18 - 19 - 20 - 24 - 60 - 75 - 78 - 89 - 90;;;;
32203;DISPONIBLE;06 - 12 - 26 - 37 - 40 - 43 - 54 - 57 - 62 - 84;03 - 05 - 07 - 26 - 33 - 34 - 46 - 48 - 58 - 60;;;;
32204;DISPONIBLE;03 - 14 - 20 - 26 - 31 - 52 - 70 - 71 - 74 - 90;01 - 08 - 41 - 42 - 46 - 51 - 69 - 76 - 77 - 83;;;;
32205;DISPONIBLE;10 - 30 - 51 - 58 - 61 - 69 - 77 - 83 - 84 - 85;09 - 27 - 36 - 46 - 48 - 55 - 64 - 67 - 70 - 81;;;;
32206;DISPONIBLE;05 - 22 - 24 - 42 - 48 - 51 - 63 - 75 - 82 - 89;04 - 12 - 33 - 44 - 45 - 58 - 70 - 78 - 89 - 90;;;;
32207;DISPONIBLE;10 - 21 - 26 - 27 - 56 - 59 - 71 - 74 - 83 - 85;07 - 37 - 54 - 55 - 56 - 70 - 79 - 80 - 84 - 88;;;;
32208;DISPONIBLE;06 - 16 - 20 - 23 - 35 - 39 - 52 - 59 - 81 - 88;02 - 04 - 15 - 17 - 24 - 32 - 45 - 50 - 79 - 90;;;;
32209;DISPONIBLE;02 - 15 - 19 - 48 - 55 - 59 - 60 - 61 - 78 - 82;08 - 14 - 16 - 23 - 46 - 57 - 58 - 61 - 62 - 87;;;;
32210;DISPONIBLE;05 - 08 - 11 - 58 - 59 - 63 - 70 - 75 - 76 - 85;10 - 25 - 36 - 39 - 49 - 50 - 55 - 75 - 86 - 87;;;;
32211;DISPONIBLE;06 - 25 - 29 - 38 - 46 - 66 - 67 - 70 - 79 - 82;15 - 33 - 35 - 44 - 49 - 77 - 78 - 82 - 85 - 87;;;;
32212;DISPONIBLE;11 - 12 - 31 - 42 - 48 - 50 - 75 - 76 - 88 - 89;09 - 30 - 31 - 41 - 47 - 51 - 58 - 67 - 76 - 85;;;;
32213;DISPONIBLE;09 - 19 - 20 - 21 - 28 - 31 - 45 - 46 - 55 - 77;04 - 21 - 27 - 37 - 40 - 43 - 62 - 80 - 87 - 90;;;;
32214;DISPONIBLE;11 - 30 - 43 - 57 - 62 - 66 - 70 - 71 - 72 - 87;04 - 25 - 36 - 37 - 46 - 56 - 69 - 72 - 87 - 89;;;;
32215;DISPONIBLE;04 - 08 - 29 - 42 - 44 - 53 - 63 - 67 - 71 - 83;17 - 18 - 23 - 32 - 44 - 47 - 58 - 60 - 79 - 84;;;;
32216;DISPONIBLE;06 - 07 - 12 - 15 - 34 - 36 - 40 - 61 - 80 - 81;24 - 34 - 35 - 45 - 51 - 54 - 57 - 60 - 79 - 89;;;;
32217;DISPONIBLE;10 - 15 - 18 - 21 - 29 - 35 - 49 - 56 - 64 - 76;06 - 28 - 29 - 42 - 52 - 56 - 58 - 62 - 71 - 82;;;;
32218;DISPONIBLE;14 - 30 - 39 - 44 - 47 - 52 - 59 - 61 - 76 - 86;08 - 12 - 22 - 29 - 53 - 60 - 62 - 74 - 84 - 86;;;;
32219;DISPONIBLE;01 - 19 - 22 - 23 - 26 - 31 - 33 - 34 - 38 - 81;12 - 14 - 17 - 25 - 41 - 45 - 52 - 71 - 87 - 90;;;;
32220;DISPONIBLE;17 - 35 - 37 - 48 - 59 - 66 - 70 - 82 - 85 - 89;10 - 16 - 17 - 19 - 23 - 26 - 37 - 43 - 71 - 73;;;;
32221;DISPONIBLE;24 - 26 - 36 - 47 - 79 - 80 - 82 - 83 - 85 - 90;10 - 17 - 23 - 34 - 36 - 49 - 59 - 69 - 75 - 88;;;;
32222;DISPONIBLE;03 - 04 - 10 - 29 - 34 - 37 - 38 - 55 - 66 - 88;05 - 06 - 23 - 33 - 37 - 66 - 71 - 74 - 79 - 90;;;;
32223;DISPONIBLE;05 - 07 - 20 - 27 - 31 - 40 - 53 - 66 - 67 - 70;15 - 17 - 37 - 45 - 47 - 50 - 51 - 56 - 71 - 85;;;;
32224;DISPONIBLE;05 - 22 - 24 - 28 - 34 - 35 - 40 - 47 - 48 - 65;09 - 26 - 33 - 36 - 42 - 50 - 57 - 81 - 83 - 84;;;;
32225;DISPONIBLE;02 - 18 - 35 - 54 - 56 - 66 - 67 - 75 - 78 - 83;15 - 20 - 27 - 28 - 56 - 59 - 78 - 79 - 82 - 87;;;;
32226;DISPONIBLE;05 - 10 - 12 - 14 - 22 - 34 - 47 - 53 - 72 - 87;08 - 09 - 10 - 12 - 31 - 37 - 47 - 68 - 80 - 90;;;;
32227;DISPONIBLE;22 - 39 - 46 - 55 - 56 - 57 - 60 - 62 - 77 - 86;08 - 15 - 25 - 34 - 41 - 63 - 71 - 78 - 79 - 81;;;;
32228;DISPONIBLE;01 - 09 - 20 - 29 - 31 - 43 - 52 - 69 - 74 - 89;01 - 03 - 13 - 21 - 36 - 43 - 53 - 70 - 83 - 89;;;;
32229;DISPONIBLE;02 - 15 - 23 - 27 - 29 - 48 - 61 - 71 - 72 - 88;01 - 04 - 21 - 22 - 26 - 30 - 78 - 81 - 84 - 90;;;;
32230;DISPONIBLE;04 - 11 - 13 - 15 - 22 - 29 - 42 - 67 - 78 - 84;01 - 10 - 31 - 39 - 40 - 42 - 43 - 46 - 72 - 84;;;;
32231;DISPONIBLE;32 - 43 - 54 - 70 - 73 - 81 - 82 - 84 - 85 - 86;03 - 07 - 09 - 26 - 27 - 30 - 33 - 50 - 61 - 72;;;;
32232;DISPONIBLE;01 - 08 - 15 - 20 - 21 - 27 - 39 - 49 - 54 - 69;07 - 08 - 10 - 25 - 30 - 37 - 46 - 51 - 85 - 87;;;;
32233;DISPONIBLE;01 - 10 - 23 - 25 - 26 - 39 - 61 - 68 - 82 - 89;02 - 12 - 44 - 46 - 53 - 59 - 79 - 85 - 86 - 88;;;;
32234;DISPONIBLE;01 - 03 - 11 - 22 - 27 - 31 - 52 - 68 - 77 - 79;04 - 09 - 13 - 16 - 24 - 39 - 60 - 66 - 71 - 79;;;;
32235;DISPONIBLE;03 - 13 - 15 - 23 - 35 - 36 - 44 - 45 - 52 - 75;11 - 13 - 27 - 33 - 37 - 39 - 54 - 58 - 79 - 86;;;;
32236;DISPONIBLE;04 - 06 - 23 - 41 - 42 - 46 - 47 - 49 - 51 - 63;01 - 23 - 41 - 43 - 45 - 60 - 61 - 66 - 71 - 81;;;;
32237;DISPONIBLE;11 - 28 - 33 - 39 - 57 - 65 - 68 - 79 - 85 - 86;11 - 22 - 30 - 32 - 41 - 42 - 59 - 67 - 78 - 83;;;;
32238;DISPONIBLE;10 - 36 - 39 - 41 - 59 - 60 - 63 - 68 - 69 - 70;01 - 02 - 03 - 07 - 16 - 19 - 43 - 52 - 81 - 83;;;;
32239;DISPONIBLE;09 - 10 - 21 - 26 - 33 - 39 - 65 - 78 - 79 - 82;10 - 34 - 44 - 45 - 55 - 58 - 60 - 71 - 77 - 89;;;;
32240;DISPONIBLE;10 - 25 - 35 - 42 - 56 - 60 - 65 - 77 - 80 - 88;28 - 40 - 46 - 58 - 63 - 68 - 70 - 77 - 78 - 80;;;;
32241;DISPONIBLE;05 - 11 - 15 - 22 - 33 - 36 - 40 - 46 - 54 - 83;01 - 08 - 10 - 13 - 16 - 17 - 40 - 42 - 83 - 88;;;;
32242;DISPONIBLE;08 - 13 - 33 - 36 - 49 - 51 - 52 - 58 - 88 - 90;09 - 31 - 46 - 47 - 52 - 57 - 75 - 82 - 87 - 88;;;;
32243;DISPONIBLE;04 - 09 - 16 - 31 - 37 - 38 - 58 - 60 - 71 - 73;06 - 11 - 21 - 29 - 42 - 44 - 53 - 61 - 70 - 87;;;;
32244;DISPONIBLE;01 - 16 - 23 - 27 - 29 - 34 - 61 - 62 - 72 - 85;05 - 12 - 15 - 34 - 55 - 75 - 77 - 82 - 83 - 85;;;;
32245;DISPONIBLE;04 - 17 - 23 - 26 - 35 - 37 - 44 - 66 - 70 - 84;03 - 22 - 36 - 41 - 42 - 76 - 79 - 82 - 84 - 88;;;;
32246;DISPONIBLE;07 - 08 - 12 - 19 - 25 - 32 - 33 - 51 - 70 - 87;04 - 07 - 25 - 51 - 52 - 57 - 63 - 77 - 81 - 86;;;;
32247;DISPONIBLE;07 - 19 - 32 - 43 - 54 - 56 - 62 - 72 - 79 - 88;03 - 08 - 11 - 21 - 38 - 61 - 62 - 65 - 66 - 71;;;;
32248;DISPONIBLE;12 - 25 - 31 - 42 - 48 - 59 - 75 - 83 - 84 - 87;08 - 12 - 26 - 47 - 66 - 74 - 75 - 80 - 86 - 87;;;;
32249;DISPONIBLE;08 - 10 - 26 - 35 - 38 - 44 - 59 - 60 - 69 - 72;08 - 14 - 15 - 25 - 40 - 41 - 52 - 55 - 64 - 87;;;;
32250;DISPONIBLE;02 - 08 - 12 - 34 - 56 - 69 - 77 - 81 - 85 - 90;20 - 31 - 34 - 35 - 47 - 51 - 58 - 60 - 72 - 80;;;;
32251;DISPONIBLE;18 - 31 - 33 - 34 - 35 - 38 - 46 - 81 - 82 - 83;11 - 19 - 26 - 29 - 40 - 47 - 48 - 50 - 57 - 64;;;;
32252;DISPONIBLE;12 - 14 - 27 - 31 - 32 - 34 - 38 - 42 - 68 - 74;08 - 40 - 48 - 51 - 56 - 61 - 62 - 66 - 69 - 75;;;;
32253;DISPONIBLE;02 - 07 - 16 - 20 - 23 - 32 - 35 - 62 - 80 - 84;08 - 09 - 10 - 20 - 21 - 33 - 50 - 57 - 84 - 89;;;;
32254;DISPONIBLE;05 - 28 - 38 - 43 - 50 - 51 - 64 - 77 - 80 - 90;01 - 04 - 07 - 28 - 42 - 54 - 70 - 71 - 72 - 82;;;;
32255;DISPONIBLE;04 - 05 - 21 - 32 - 34 - 41 - 57 - 70 - 74 - 90;17 - 26 - 27 - 30 - 40 - 60 - 67 - 73 - 83 - 86;;;;
32256;DISPONIBLE;01 - 08 - 17 - 23 - 40 - 44 - 58 - 85 - 86 - 87;02 - 35 - 46 - 50 - 54 - 58 - 64 - 66 - 79 - 83;;;;
32257;DISPONIBLE;13 - 14 - 16 - 42 - 50 - 51 - 53 - 63 - 79 - 82;01 - 02 - 03 - 05 - 14 - 15 - 22 - 34 - 48 - 53;;;;
32258;DISPONIBLE;01 - 05 - 06 - 15 - 47 - 52 - 63 - 66 - 71 - 89;15 - 18 - 20 - 38 - 41 - 57 - 64 - 72 - 80 - 83;;;;
32259;DISPONIBLE;06 - 11 - 16 - 28 - 31 - 37 - 55 - 73 - 81 - 82;07 - 11 - 14 - 15 - 26 - 35 - 41 - 59 - 69 - 87;;;;
32260;DISPONIBLE;06 - 15 - 18 - 19 - 36 - 45 - 46 - 55 - 79 - 89;02 - 29 - 30 - 44 - 45 - 48 - 50 - 71 - 86 - 88;;;;
32261;DISPONIBLE;06 - 32 - 36 - 38 - 42 - 51 - 64 - 80 - 89 - 90;06 - 07 - 23 - 37 - 61 - 67 - 69 - 75 - 87 - 88;;;;
32262;DISPONIBLE;02 - 07 - 09 - 14 - 18 - 25 - 36 - 61 - 71 - 81;08 - 09 - 10 - 11 - 17 - 45 - 50 - 61 - 74 - 86;;;;
32263;DISPONIBLE;02 - 10 - 12 - 22 - 34 - 58 - 60 - 75 - 83 - 84;11 - 18 - 27 - 31 - 34 - 44 - 51 - 66 - 70 - 80;;;;
32264;DISPONIBLE;03 - 07 - 10 - 34 - 37 - 42 - 49 - 72 - 83 - 85;02 - 14 - 18 - 25 - 29 - 36 - 46 - 56 - 65 - 89;;;;
32265;DISPONIBLE;13 - 15 - 17 - 25 - 30 - 34 - 40 - 71 - 84 - 90;05 - 22 - 32 - 52 - 71 - 74 - 82 - 86 - 88 - 90;;;;
32266;DISPONIBLE;01 - 09 - 12 - 13 - 40 - 44 - 47 - 68 - 70 - 85;10 - 47 - 54 - 64 - 65 - 71 - 74 - 75 - 76 - 81;;;;
32267;DISPONIBLE;10 - 16 - 22 - 23 - 27 - 31 - 35 - 47 - 56 - 63;03 - 08 - 30 - 35 - 47 - 49 - 51 - 68 - 75 - 82;;;;
32268;DISPONIBLE;04 - 06 - 11 - 14 - 45 - 60 - 64 - 70 - 72 - 77;02 - 03 - 12 - 17 - 49 - 52 - 61 - 65 - 72 - 87;;;;
32269;DISPONIBLE;02 - 30 - 39 - 40 - 56 - 69 - 72 - 74 - 83 - 86;08 - 11 - 12 - 23 - 25 - 28 - 58 - 59 - 67 - 77;;;;
32270;DISPONIBLE;05 - 11 - 41 - 44 - 55 - 67 - 70 - 73 - 74 - 81;02 - 09 - 17 - 21 - 30 - 51 - 56 - 58 - 68 - 81;;;;
32271;DISPONIBLE;28 - 29 - 32 - 35 - 39 - 40 - 65 - 76 - 88 - 90;05 - 12 - 26 - 33 - 40 - 44 - 51 - 62 - 78 - 82;;;;
32272;DISPONIBLE;14 - 15 - 21 - 22 - 43 - 49 - 62 - 63 - 69 - 76;04 - 23 - 27 - 32 - 33 - 37 - 49 - 55 - 62 - 84;;;;
32273;DISPONIBLE;10 - 22 - 23 - 26 - 32 - 33 - 81 - 82 - 84 - 85;02 - 17 - 23 - 28 - 34 - 55 - 58 - 67 - 83 - 84;;;;
32274;DISPONIBLE;07 - 19 - 23 - 27 - 34 - 50 - 51 - 70 - 80 - 84;02 - 04 - 05 - 18 - 25 - 30 - 65 - 66 - 75 - 83;;;;
32275;DISPONIBLE;03 - 11 - 14 - 17 - 19 - 37 - 40 - 42 - 85 - 90;01 - 04 - 26 - 30 - 34 - 40 - 53 - 61 - 64 - 76;;;;
32276;DISPONIBLE;14 - 28 - 32 - 39 - 44 - 48 - 53 - 73 - 77 - 87;02 - 30 - 37 - 40 - 57 - 60 - 63 - 73 - 76 - 89;;;;
32277;DISPONIBLE;04 - 06 - 16 - 21 - 29 - 36 - 43 - 52 - 55 - 66;09 - 23 - 25 - 36 - 41 - 46 - 54 - 84 - 87 - 90;;;;
32278;DISPONIBLE;01 - 06 - 07 - 13 - 26 - 29 - 44 - 50 - 60 - 73;17 - 24 - 28 - 35 - 37 - 43 - 50 - 61 - 62 - 80;;;;
32279;DISPONIBLE;05 - 07 - 48 - 64 - 66 - 68 - 70 - 76 - 82 - 86;04 - 10 - 14 - 23 - 40 - 45 - 53 - 67 - 78 - 85;;;;
32280;DISPONIBLE;08 - 48 - 54 - 56 - 58 - 59 - 73 - 77 - 78 - 82;05 - 16 - 22 - 32 - 34 - 44 - 48 - 61 - 62 - 63;;;;
32281;DISPONIBLE;02 - 07 - 15 - 22 - 27 - 30 - 39 - 46 - 79 - 80;01 - 08 - 28 - 39 - 61 - 62 - 64 - 72 - 78 - 80;;;;
32282;DISPONIBLE;09 - 16 - 21 - 22 - 29 - 30 - 32 - 35 - 52 - 65;04 - 13 - 14 - 20 - 39 - 40 - 66 - 70 - 76 - 77;;;;
32283;DISPONIBLE;05 - 16 - 26 - 44 - 52 - 57 - 62 - 77 - 86 - 88;10 - 14 - 25 - 26 - 37 - 44 - 48 - 51 - 57 - 89;;;;
32284;DISPONIBLE;04 - 22 - 25 - 39 - 43 - 47 - 49 - 53 - 59 - 66;21 - 22 - 26 - 28 - 30 - 31 - 34 - 50 - 71 - 81;;;;
32285;DISPONIBLE;11 - 27 - 35 - 36 - 56 - 59 - 67 - 72 - 83 - 85;01 - 02 - 05 - 06 - 19 - 38 - 42 - 54 - 58 - 76;;;;
32286;DISPONIBLE;21 - 24 - 35 - 39 - 46 - 57 - 58 - 67 - 77 - 78;08 - 09 - 11 - 28 - 39 - 40 - 41 - 55 - 77 - 83;;;;
32287;DISPONIBLE;03 - 07 - 12 - 28 - 34 - 42 - 43 - 63 - 72 - 74;04 - 14 - 26 - 27 - 36 - 40 - 54 - 56 - 58 - 89;;;;
32288;DISPONIBLE;02 - 13 - 17 - 22 - 28 - 52 - 54 - 61 - 86 - 90;33 - 44 - 47 - 52 - 58 - 61 - 62 - 65 - 67 - 77;;;;
32289;DISPONIBLE;19 - 32 - 37 - 51 - 58 - 69 - 71 - 74 - 79 - 82;08 - 22 - 29 - 32 - 47 - 50 - 55 - 58 - 80 - 90;;;;
32290;DISPONIBLE;01 - 07 - 09 - 23 - 26 - 47 - 55 - 56 - 65 - 80;04 - 14 - 20 - 29 - 32 - 38 - 57 - 71 - 76 - 85;;;;
32291;DISPONIBLE;33 - 35 - 39 - 45 - 65 - 66 - 68 - 72 - 75 - 78;16 - 21 - 32 - 44 - 49 - 53 - 60 - 75 - 76 - 83;;;;
32292;DISPONIBLE;04 - 08 - 11 - 24 - 33 - 55 - 61 - 65 - 72 - 85;07 - 10 - 15 - 26 - 34 - 43 - 49 - 60 - 72 - 77;;;;
32293;DISPONIBLE;01 - 38 - 42 - 47 - 56 - 59 - 75 - 80 - 86 - 89;03 - 23 - 27 - 48 - 64 - 66 - 67 - 74 - 84 - 90;;;;
32294;DISPONIBLE;01 - 21 - 61 - 63 - 64 - 65 - 77 - 79 - 80 - 82;03 - 10 - 15 - 25 - 37 - 45 - 59 - 66 - 71 - 85;;;;
32295;DISPONIBLE;26 - 40 - 43 - 49 - 52 - 63 - 71 - 78 - 83 - 85;02 - 26 - 32 - 36 - 38 - 52 - 53 - 55 - 60 - 87;;;;
32296;DISPONIBLE;03 - 14 - 16 - 17 - 32 - 34 - 67 - 71 - 76 - 85;03 - 18 - 24 - 39 - 44 - 54 - 69 - 70 - 77 - 88;;;;
32297;DISPONIBLE;06 - 09 - 15 - 24 - 37 - 52 - 56 - 63 - 74 - 87;18 - 22 - 23 - 24 - 30 - 34 - 41 - 45 - 58 - 77;;;;
32298;DISPONIBLE;23 - 31 - 33 - 46 - 61 - 67 - 76 - 80 - 86 - 89;03 - 16 - 40 - 42 - 58 - 60 - 64 - 65 - 66 - 79;;;;
32299;DISPONIBLE;03 - 06 - 22 - 42 - 45 - 55 - 63 - 66 - 69 - 82;11 - 12 - 21 - 33 - 44 - 48 - 53 - 55 - 60 - 83;;;;
32300;DISPONIBLE;11 - 12 - 13 - 18 - 19 - 24 - 28 - 38 - 71 - 89;06 - 09 - 11 - 13 - 20 - 30 - 32 - 40 - 51 - 78;;;;
32301;DISPONIBLE;13 - 31 - 36 - 40 - 53 - 65 - 74 - 83 - 84 - 85;04 - 06 - 17 - 22 - 39 - 52 - 66 - 69 - 70 - 71;;;;
32302;DISPONIBLE;05 - 12 - 22 - 26 - 34 - 48 - 58 - 72 - 73 - 80;17 - 35 - 40 - 59 - 64 - 72 - 73 - 79 - 83 - 90;;;;
32303;DISPONIBLE;14 - 16 - 18 - 36 - 44 - 52 - 75 - 80 - 81 - 83;09 - 15 - 16 - 30 - 31 - 38 - 49 - 59 - 64 - 80;;;;
32304;DISPONIBLE;06 - 07 - 17 - 18 - 27 - 37 - 48 - 65 - 80 - 81;01 - 23 - 35 - 39 - 50 - 66 - 77 - 78 - 82 - 84;;;;
32305;DISPONIBLE;01 - 07 - 22 - 47 - 49 - 61 - 69 - 82 - 87 - 90;05 - 06 - 11 - 24 - 39 - 48 - 49 - 50 - 59 - 88;;;;
32306;DISPONIBLE;06 - 10 - 24 - 28 - 43 - 51 - 61 - 71 - 77 - 86;07 - 33 - 54 - 56 - 57 - 61 - 73 - 82 - 83 - 84;;;;
32307;DISPONIBLE;14 - 41 - 48 - 49 - 62 - 63 - 67 - 70 - 80 - 85;06 - 20 - 21 - 27 - 36 - 52 - 57 - 68 - 80 - 82;;;;
32308;DISPONIBLE;01 - 03 - 10 - 18 - 26 - 30 - 34 - 57 - 58 - 61;05 - 08 - 14 - 15 - 27 - 33 - 52 - 56 - 72 - 78;;;;
32309;DISPONIBLE;02 - 08 - 12 - 26 - 41 - 53 - 58 - 59 - 81 - 85;13 - 36 - 43 - 64 - 73 - 74 - 75 - 84 - 88 - 90;;;;
32310;DISPONIBLE;10 - 20 - 32 - 34 - 35 - 40 - 42 - 56 - 59 - 75;05 - 10 - 21 - 32 - 44 - 48 - 54 - 56 - 67 - 76;;;;
32311;DISPONIBLE;15 - 17 - 29 - 32 - 37 - 51 - 53 - 62 - 65 - 71;31 - 33 - 44 - 51 - 54 - 65 - 70 - 80 - 81 - 87;;;;
32312;DISPONIBLE;19 - 20 - 23 - 45 - 51 - 65 - 67 - 69 - 78 - 81;01 - 26 - 35 - 56 - 61 - 62 - 75 - 85 - 88 - 89;;;;
32313;DISPONIBLE;14 - 16 - 40 - 42 - 43 - 46 - 69 - 77 - 81 - 89;02 - 15 - 16 - 20 - 24 - 26 - 33 - 54 - 81 - 83;;;;
32314;DISPONIBLE;01 - 05 - 14 - 21 - 29 - 41 - 58 - 67 - 70 - 79;06 - 14 - 20 - 26 - 29 - 35 - 58 - 61 - 70 - 72;;;;
32315;DISPONIBLE;07 - 34 - 56 - 59 - 61 - 67 - 76 - 78 - 79 - 87;01 - 09 - 27 - 28 - 47 - 59 - 65 - 68 - 76 - 80;;;;
32316;DISPONIBLE;04 - 32 - 38 - 45 - 52 - 59 - 73 - 77 - 80 - 88;01 - 11 - 26 - 34 - 40 - 42 - 43 - 57 - 66 - 81;;;;
32317;DISPONIBLE;11 - 20 - 28 - 29 - 30 - 56 - 66 - 70 - 78 - 86;14 - 15 - 20 - 38 - 43 - 73 - 74 - 75 - 76 - 83;;;;
32318;DISPONIBLE;09 - 12 - 28 - 50 - 52 - 53 - 55 - 63 - 66 - 89;03 - 14 - 31 - 38 - 46 - 47 - 51 - 53 - 54 - 55;;;;
32319;DISPONIBLE;20 - 33 - 43 - 52 - 60 - 61 - 63 - 68 - 77 - 84;11 - 19 - 25 - 45 - 51 - 55 - 63 - 81 - 84 - 90;;;;
32320;DISPONIBLE;17 - 25 - 29 - 52 - 60 - 61 - 70 - 82 - 87 - 88;01 - 03 - 05 - 20 - 37 - 48 - 57 - 68 - 83 - 88;;;;
32321;DISPONIBLE;01 - 09 - 14 - 18 - 24 - 52 - 53 - 66 - 78 - 88;07 - 19 - 30 - 39 - 60 - 72 - 73 - 74 - 75 - 87;;;;
32322;DISPONIBLE;03 - 12 - 14 - 39 - 41 - 65 - 68 - 75 - 79 - 80;01 - 09 - 20 - 36 - 48 - 60 - 62 - 66 - 69 - 88;;;;
32323;DISPONIBLE;03 - 07 - 08 - 19 - 30 - 34 - 42 - 48 - 74 - 78;05 - 10 - 25 - 32 - 38 - 48 - 56 - 63 - 73 - 74;;;;
32324;DISPONIBLE;02 - 03 - 13 - 25 - 37 - 39 - 40 - 57 - 61 - 68;01 - 03 - 20 - 22 - 29 - 30 - 72 - 76 - 86 - 87;;;;
32325;DISPONIBLE;01 - 03 - 13 - 20 - 28 - 46 - 55 - 58 - 59 - 60;28 - 38 - 42 - 45 - 70 - 71 - 72 - 80 - 84 - 87;;;;
32326;DISPONIBLE;04 - 06 - 18 - 26 - 34 - 55 - 64 - 68 - 77 - 82;11 - 13 - 28 - 35 - 43 - 46 - 51 - 67 - 81 - 84;;;;
32327;DISPONIBLE;01 - 11 - 29 - 39 - 42 - 53 - 69 - 76 - 87 - 89;11 - 42 - 48 - 54 - 59 - 64 - 75 - 80 - 83 - 87;;;;
32328;DISPONIBLE;01 - 22 - 27 - 43 - 46 - 58 - 75 - 78 - 79 - 86;15 - 22 - 37 - 41 - 43 - 47 - 54 - 56 - 76 - 80;;;;
32329;DISPONIBLE;12 - 13 - 14 - 17 - 31 - 38 - 59 - 63 - 70 - 76;12 - 16 - 20 - 30 - 49 - 64 - 77 - 82 - 87 - 89;;;;
32330;DISPONIBLE;06 - 09 - 12 - 28 - 39 - 46 - 55 - 59 - 63 - 89;05 - 06 - 18 - 28 - 34 - 50 - 58 - 70 - 72 - 83;;;;
32331;DISPONIBLE;08 - 36 - 41 - 45 - 46 - 58 - 72 - 76 - 81 - 90;15 - 37 - 44 - 50 - 52 - 62 - 73 - 75 - 77 - 78;;;;
32332;DISPONIBLE;06 - 15 - 27 - 28 - 39 - 40 - 45 - 55 - 70 - 77;06 - 07 - 08 - 29 - 30 - 32 - 34 - 51 - 59 - 64;;;;
32333;DISPONIBLE;03 - 04 - 06 - 24 - 38 - 39 - 42 - 47 - 48 - 60;08 - 18 - 27 - 31 - 34 - 35 - 39 - 51 - 63 - 76;;;;
32334;DISPONIBLE;01 - 02 - 06 - 13 - 16 - 47 - 53 - 79 - 89 - 90;04 - 10 - 11 - 19 - 29 - 43 - 48 - 54 - 66 - 85;;;;
32335;DISPONIBLE;15 - 30 - 32 - 56 - 63 - 64 - 65 - 71 - 79 - 90;07 - 36 - 37 - 60 - 66 - 73 - 74 - 79 - 84 - 90;;;;
32336;DISPONIBLE;10 - 11 - 20 - 30 - 32 - 33 - 43 - 45 - 46 - 73;10 - 15 - 26 - 30 - 34 - 40 - 55 - 66 - 79 - 90;;;;
32337;DISPONIBLE;10 - 12 - 32 - 58 - 62 - 64 - 73 - 74 - 83 - 90;02 - 12 - 25 - 43 - 65 - 70 - 73 - 77 - 78 - 89;;;;
32338;DISPONIBLE;08 - 10 - 24 - 38 - 39 - 51 - 71 - 76 - 79 - 84;06 - 08 - 10 - 11 - 32 - 35 - 46 - 55 - 70 - 81;;;;
32339;DISPONIBLE;08 - 17 - 21 - 36 - 40 - 49 - 56 - 61 - 62 - 63;23 - 40 - 42 - 55 - 57 - 64 - 65 - 71 - 78 - 89;;;;
32340;DISPONIBLE;19 - 30 - 31 - 34 - 40 - 43 - 63 - 68 - 80 - 82;01 - 25 - 38 - 40 - 42 - 56 - 65 - 66 - 79 - 89;;;;
32341;DISPONIBLE;03 - 04 - 11 - 14 - 17 - 22 - 24 - 55 - 61 - 88;12 - 14 - 27 - 31 - 33 - 37 - 51 - 57 - 58 - 87;;;;
32342;DISPONIBLE;10 - 19 - 20 - 21 - 36 - 39 - 42 - 60 - 63 - 75;03 - 09 - 10 - 16 - 28 - 41 - 53 - 75 - 80 - 84;;;;
32343;DISPONIBLE;04 - 09 - 22 - 25 - 41 - 57 - 62 - 63 - 86 - 87;08 - 13 - 17 - 18 - 31 - 49 - 53 - 57 - 76 - 84;;;;
32344;DISPONIBLE;08 - 11 - 12 - 14 - 15 - 30 - 38 - 51 - 67 - 87;20 - 35 - 38 - 40 - 44 - 48 - 60 - 66 - 70 - 79;;;;
32345;DISPONIBLE;04 - 06 - 08 - 09 - 15 - 30 - 36 - 61 - 72 - 74;19 - 37 - 53 - 57 - 62 - 63 - 64 - 86 - 88 - 90;;;;
32346;DISPONIBLE;10 - 34 - 38 - 40 - 41 - 45 - 48 - 71 - 74 - 78;12 - 14 - 28 - 32 - 33 - 52 - 56 - 65 - 83 - 87;;;;
32347;DISPONIBLE;05 - 23 - 28 - 51 - 53 - 54 - 60 - 61 - 67 - 90;05 - 08 - 09 - 20 - 29 - 30 - 48 - 58 - 69 - 78;;;;
32348;DISPONIBLE;05 - 14 - 17 - 20 - 23 - 54 - 57 - 60 - 82 - 84;07 - 16 - 25 - 36 - 42 - 47 - 52 - 53 - 65 - 81;;;;
32349;DISPONIBLE;14 - 15 - 47 - 54 - 60 - 71 - 76 - 77 - 84 - 85;04 - 09 - 16 - 25 - 46 - 47 - 50 - 60 - 68 - 88;;;;
32350;DISPONIBLE;32 - 34 - 45 - 49 - 60 - 63 - 74 - 75 - 76 - 77;01 - 05 - 08 - 09 - 27 - 46 - 49 - 57 - 72 - 88;;;;
32351;DISPONIBLE;13 - 24 - 27 - 33 - 36 - 51 - 53 - 55 - 72 - 75;13 - 22 - 32 - 42 - 49 - 53 - 55 - 57 - 59 - 90;;;;
32352;DISPONIBLE;03 - 10 - 22 - 30 - 37 - 40 - 54 - 56 - 85 - 89;12 - 14 - 33 - 35 - 37 - 42 - 48 - 67 - 70 - 87;;;;
32353;DISPONIBLE;24 - 33 - 41 - 48 - 60 - 64 - 72 - 77 - 78 - 80;18 - 22 - 24 - 36 - 44 - 56 - 64 - 71 - 73 - 76;;;;
32354;DISPONIBLE;06 - 07 - 31 - 36 - 49 - 53 - 54 - 62 - 67 - 85;15 - 24 - 33 - 34 - 35 - 39 - 47 - 65 - 67 - 74;;;;
32355;DISPONIBLE;11 - 14 - 19 - 21 - 37 - 56 - 64 - 66 - 73 - 88;10 - 17 - 20 - 28 - 53 - 64 - 73 - 80 - 81 - 88;;;;
32356;DISPONIBLE;11 - 18 - 27 - 29 - 36 - 55 - 58 - 69 - 76 - 90;04 - 11 - 27 - 29 - 41 - 58 - 64 - 74 - 85 - 90;;;;
32357;DISPONIBLE;14 - 21 - 23 - 29 - 31 - 40 - 54 - 55 - 71 - 84;14 - 20 - 50 - 53 - 57 - 62 - 67 - 72 - 75 - 77;;;;
32358;DISPONIBLE;17 - 21 - 36 - 41 - 44 - 47 - 80 - 86 - 89 - 90;16 - 18 - 19 - 40 - 42 - 46 - 47 - 81 - 85 - 87;;;;
32359;DISPONIBLE;13 - 17 - 19 - 24 - 52 - 57 - 59 - 64 - 82 - 83;01 - 03 - 06 - 07 - 15 - 27 - 33 - 53 - 55 - 81;;;;
32360;DISPONIBLE;37 - 43 - 45 - 51 - 61 - 67 - 73 - 79 - 82 - 88;05 - 34 - 50 - 54 - 55 - 65 - 71 - 74 - 76 - 79;;;;
32361;DISPONIBLE;02 - 16 - 20 - 22 - 56 - 63 - 67 - 70 - 76 - 78;01 - 10 - 16 - 22 - 38 - 56 - 58 - 63 - 66 - 80;;;;
32362;DISPONIBLE;05 - 15 - 17 - 27 - 31 - 57 - 61 - 70 - 81 - 90;10 - 15 - 18 - 22 - 33 - 35 - 39 - 54 - 74 - 77;;;;
32363;DISPONIBLE;11 - 19 - 24 - 25 - 31 - 37 - 46 - 53 - 69 - 77;08 - 13 - 17 - 21 - 37 - 45 - 47 - 49 - 61 - 81;;;;
32364;DISPONIBLE;04 - 10 - 31 - 35 - 39 - 47 - 48 - 55 - 66 - 72;08 - 13 - 14 - 25 - 33 - 43 - 46 - 47 - 54 - 70;;;;
32365;DISPONIBLE;10 - 17 - 30 - 31 - 39 - 55 - 62 - 63 - 82 - 85;04 - 13 - 16 - 19 - 30 - 33 - 48 - 57 - 64 - 88;;;;
32366;DISPONIBLE;07 - 10 - 25 - 26 - 29 - 43 - 48 - 49 - 56 - 58;01 - 06 - 08 - 09 - 10 - 20 - 34 - 39 - 55 - 89;;;;
32367;DISPONIBLE;09 - 13 - 27 - 29 - 51 - 56 - 62 - 75 - 82 - 87;12 - 23 - 34 - 38 - 41 - 60 - 67 - 68 - 77 - 82;;;;
32368;DISPONIBLE;18 - 33 - 46 - 54 - 69 - 78 - 80 - 82 - 84 - 89;16 - 25 - 29 - 32 - 33 - 37 - 47 - 51 - 54 - 61;;;;
32369;DISPONIBLE;07 - 08 - 27 - 28 - 31 - 36 - 41 - 75 - 80 - 90;42 - 45 - 47 - 59 - 68 - 73 - 75 - 76 - 82 - 90;;;;
32370;DISPONIBLE;01 - 05 - 23 - 28 - 35 - 47 - 53 - 63 - 71 - 80;12 - 29 - 38 - 41 - 50 - 51 - 52 - 65 - 69 - 70;;;;
32371;DISPONIBLE;15 - 16 - 20 - 24 - 37 - 48 - 71 - 77 - 78 - 87;01 - 15 - 27 - 31 - 34 - 48 - 66 - 69 - 77 - 87;;;;
32372;DISPONIBLE;09 - 20 - 24 - 27 - 43 - 61 - 68 - 69 - 72 - 85;27 - 34 - 40 - 46 - 47 - 51 - 64 - 65 - 69 - 81;;;;
32373;DISPONIBLE;10 - 11 - 29 - 30 - 44 - 47 - 48 - 51 - 58 - 68;05 - 13 - 31 - 41 - 49 - 52 - 63 - 66 - 67 - 85;;;;
32374;DISPONIBLE;06 - 07 - 23 - 26 - 42 - 45 - 50 - 67 - 80 - 88;06 - 09 - 16 - 22 - 26 - 33 - 39 - 59 - 60 - 84;;;;
32375;DISPONIBLE;22 - 28 - 37 - 48 - 50 - 51 - 55 - 56 - 83 - 84;03 - 16 - 23 - 40 - 45 - 46 - 63 - 65 - 71 - 85;;;;
32376;DISPONIBLE;04 - 09 - 39 - 43 - 51 - 53 - 58 - 63 - 69 - 88;01 - 05 - 06 - 15 - 17 - 18 - 23 - 41 - 49 - 66;;;;
32377;DISPONIBLE;15 - 30 - 33 - 37 - 42 - 49 - 54 - 60 - 68 - 80;21 - 26 - 28 - 46 - 47 - 58 - 62 - 65 - 67 - 81;;;;
32378;DISPONIBLE;11 - 19 - 34 - 36 - 47 - 54 - 58 - 71 - 75 - 82;10 - 17 - 19 - 27 - 28 - 32 - 45 - 47 - 53 - 69;;;;
32379;DISPONIBLE;06 - 10 - 16 - 32 - 33 - 51 - 58 - 73 - 80 - 85;35 - 37 - 41 - 43 - 51 - 65 - 69 - 70 - 79 - 84;;;;
32380;DISPONIBLE;08 - 13 - 18 - 20 - 43 - 46 - 55 - 68 - 75 - 79;07 - 24 - 44 - 61 - 63 - 64 - 67 - 73 - 74 - 76;;;;
32381;DISPONIBLE;04 - 08 - 36 - 42 - 66 - 68 - 69 - 81 - 87 - 89;14 - 24 - 25 - 27 - 33 - 38 - 40 - 51 - 79 - 85;;;;
32382;DISPONIBLE;13 - 19 - 21 - 28 - 36 - 41 - 45 - 47 - 51 - 52;07 - 14 - 38 - 43 - 45 - 50 - 67 - 69 - 76 - 84;;;;
32383;DISPONIBLE;02 - 05 - 06 - 07 - 15 - 31 - 37 - 50 - 56 - 77;22 - 23 - 29 - 31 - 58 - 61 - 62 - 65 - 73 - 82;;;;
32384;DISPONIBLE;03 - 09 - 16 - 36 - 40 - 64 - 66 - 70 - 82 - 90;07 - 17 - 29 - 47 - 48 - 57 - 64 - 65 - 69 - 70;;;;
32385;DISPONIBLE;02 - 07 - 34 - 35 - 43 - 44 - 46 - 49 - 82 - 87;05 - 13 - 22 - 29 - 33 - 48 - 59 - 73 - 75 - 78;;;;
32386;DISPONIBLE;19 - 25 - 36 - 47 - 48 - 57 - 59 - 68 - 70 - 89;07 - 09 - 18 - 44 - 50 - 54 - 55 - 73 - 89 - 90;;;;
32387;DISPONIBLE;05 - 09 - 15 - 22 - 25 - 50 - 74 - 75 - 85 - 87;35 - 36 - 42 - 43 - 51 - 58 - 69 - 73 - 74 - 87;;;;
32388;DISPONIBLE;09 - 28 - 33 - 53 - 59 - 63 - 65 - 75 - 84 - 86;18 - 25 - 26 - 28 - 37 - 40 - 45 - 57 - 78 - 87;;;;
32389;DISPONIBLE;13 - 26 - 38 - 40 - 44 - 64 - 70 - 75 - 77 - 90;01 - 24 - 26 - 28 - 29 - 32 - 49 - 70 - 80 - 84;;;;
32390;DISPONIBLE;08 - 10 - 12 - 27 - 32 - 46 - 52 - 78 - 80 - 84;11 - 20 - 26 - 43 - 51 - 56 - 73 - 81 - 84 - 88;;;;
32391;DISPONIBLE;09 - 27 - 42 - 48 - 49 - 53 - 60 - 65 - 77 - 82;09 - 11 - 20 - 29 - 62 - 73 - 81 - 83 - 85 - 90;;;;
32392;DISPONIBLE;31 - 36 - 39 - 51 - 52 - 58 - 67 - 68 - 79 - 81;36 - 39 - 45 - 47 - 49 - 52 - 63 - 77 - 83 - 88;;;;
32393;DISPONIBLE;03 - 08 - 17 - 34 - 52 - 57 - 74 - 79 - 85 - 89;04 - 09 - 20 - 40 - 48 - 66 - 68 - 69 - 73 - 75;;;;
32394;DISPONIBLE;09 - 11 - 15 - 22 - 36 - 37 - 40 - 68 - 83 - 88;13 - 15 - 17 - 21 - 27 - 41 - 46 - 60 - 72 - 84;;;;
32395;DISPONIBLE;16 - 22 - 50 - 51 - 68 - 71 - 73 - 79 - 86 - 89;26 - 32 - 42 - 52 - 62 - 63 - 64 - 65 - 71 - 85;;;;
32396;DISPONIBLE;01 - 23 - 29 - 35 - 36 - 41 - 42 - 53 - 79 - 80;07 - 08 - 11 - 21 - 48 - 49 - 52 - 60 - 67 - 85;;;;
32397;DISPONIBLE;06 - 17 - 23 - 34 - 60 - 66 - 68 - 84 - 88 - 90;11 - 13 - 21 - 25 - 33 - 38 - 39 - 50 - 65 - 80;;;;
32398;DISPONIBLE;05 - 06 - 12 - 21 - 35 - 40 - 53 - 59 - 85 - 90;01 - 06 - 14 - 25 - 27 - 48 - 67 - 69 - 72 - 81;;;;
32399;DISPONIBLE;07 - 24 - 49 - 51 - 52 - 53 - 57 - 60 - 66 - 85;21 - 24 - 34 - 35 - 36 - 66 - 67 - 70 - 81 - 88;;;;
32400;DISPONIBLE;07 - 22 - 23 - 56 - 57 - 66 - 81 - 83 - 84 - 88;01 - 05 - 06 - 33 - 58 - 64 - 75 - 77 - 82 - 89;;;;
32401;DISPONIBLE;01 - 15 - 19 - 22 - 25 - 37 - 41 - 61 - 63 - 81;19 - 35 - 47 - 53 - 57 - 60 - 65 - 81 - 82 - 89;;;;
32402;DISPONIBLE;01 - 08 - 10 - 18 - 21 - 27 - 38 - 64 - 68 - 81;02 - 20 - 33 - 40 - 49 - 54 - 59 - 65 - 76 - 79;;;;
32403;DISPONIBLE;20 - 22 - 31 - 32 - 36 - 44 - 46 - 58 - 63 - 66;22 - 23 - 27 - 30 - 31 - 34 - 39 - 63 - 74 - 77;;;;
32404;DISPONIBLE;03 - 09 - 20 - 41 - 44 - 45 - 58 - 63 - 70 - 77;11 - 27 - 30 - 31 - 32 - 51 - 58 - 64 - 67 - 86;;;;
32405;DISPONIBLE;16 - 19 - 27 - 28 - 29 - 40 - 44 - 76 - 82 - 89;01 - 13 - 20 - 21 - 23 - 29 - 43 - 54 - 72 - 80;;;;
32406;DISPONIBLE;03 - 05 - 15 - 21 - 28 - 38 - 39 - 41 - 43 - 47;07 - 37 - 54 - 63 - 65 - 72 - 73 - 82 - 83 - 90;;;;
32407;DISPONIBLE;02 - 19 - 42 - 47 - 51 - 61 - 62 - 71 - 79 - 90;01 - 08 - 09 - 20 - 28 - 30 - 41 - 61 - 76 - 82;;;;
32408;DISPONIBLE;08 - 12 - 20 - 24 - 29 - 38 - 43 - 47 - 71 - 76;14 - 15 - 28 - 36 - 42 - 55 - 56 - 69 - 75 - 90;;;;
32409;DISPONIBLE;01 - 04 - 16 - 20 - 31 - 41 - 67 - 69 - 75 - 76;11 - 21 - 35 - 37 - 43 - 44 - 48 - 59 - 74 - 75;;;;
32410;DISPONIBLE;09 - 11 - 14 - 24 - 49 - 51 - 64 - 78 - 88 - 89;04 - 18 - 23 - 29 - 31 - 38 - 46 - 48 - 60 - 69;;;;
32411;DISPONIBLE;01 - 19 - 27 - 38 - 42 - 55 - 57 - 59 - 67 - 68;07 - 15 - 19 - 30 - 35 - 60 - 67 - 68 - 82 - 83;;;;
32412;DISPONIBLE;06 - 14 - 21 - 36 - 43 - 44 - 48 - 58 - 64 - 73;12 - 23 - 30 - 39 - 43 - 53 - 75 - 83 - 85 - 86;;;;
32413;DISPONIBLE;25 - 28 - 29 - 33 - 35 - 38 - 54 - 64 - 68 - 75;01 - 08 - 15 - 56 - 58 - 64 - 68 - 72 - 82 - 87;;;;
32414;DISPONIBLE;15 - 16 - 30 - 32 - 49 - 52 - 57 - 76 - 79 - 89;06 - 08 - 17 - 49 - 58 - 68 - 69 - 71 - 73 - 90;;;;
32415;DISPONIBLE;04 - 22 - 27 - 28 - 36 - 37 - 42 - 52 - 63 - 76;06 - 22 - 28 - 31 - 34 - 55 - 61 - 67 - 68 - 79;;;;
32416;DISPONIBLE;14 - 16 - 26 - 32 - 35 - 54 - 62 - 69 - 79 - 84;03 - 14 - 18 - 29 - 30 - 35 - 59 - 61 - 64 - 90;;;;
32417;DISPONIBLE;04 - 05 - 07 - 09 - 28 - 36 - 38 - 51 - 53 - 64;01 - 06 - 13 - 26 - 39 - 45 - 49 - 60 - 61 - 63;;;;
32418;DISPONIBLE;01 - 06 - 08 - 12 - 22 - 24 - 34 - 38 - 47 - 70;16 - 26 - 38 - 55 - 69 - 71 - 72 - 80 - 83 - 87;;;;
32419;DISPONIBLE;01 - 02 - 13 - 16 - 28 - 32 - 35 - 62 - 67 - 83;06 - 07 - 08 - 25 - 31 - 36 - 44 - 57 - 63 - 86;;;;
32420;DISPONIBLE;02 - 03 - 12 - 25 - 27 - 52 - 59 - 78 - 82 - 89;04 - 08 - 18 - 30 - 36 - 67 - 72 - 75 - 78 - 81;;;;
32421;DISPONIBLE;03 - 12 - 13 - 16 - 31 - 41 - 59 - 62 - 64 - 87;13 - 17 - 33 - 50 - 58 - 63 - 72 - 75 - 86 - 90;;;;
32422;DISPONIBLE;08 - 17 - 27 - 29 - 55 - 70 - 76 - 78 - 81 - 87;04 - 12 - 20 - 49 - 54 - 58 - 70 - 82 - 86 - 89;;;;
32423;DISPONIBLE;05 - 16 - 32 - 40 - 49 - 51 - 54 - 59 - 62 - 68;05 - 12 - 17 - 26 - 45 - 53 - 61 - 62 - 86 - 88;;;;
32424;DISPONIBLE;07 - 39 - 41 - 54 - 59 - 62 - 63 - 78 - 84 - 86;02 - 21 - 34 - 38 - 39 - 41 - 45 - 49 - 73 - 82;;;;
32425;DISPONIBLE;08 - 11 - 14 - 26 - 31 - 38 - 50 - 54 - 85 - 89;05 - 24 - 26 - 27 - 30 - 32 - 50 - 51 - 57 - 70;;;;
32426;DISPONIBLE;05 - 07 - 26 - 40 - 44 - 60 - 79 - 80 - 82 - 88;27 - 36 - 38 - 41 - 50 - 69 - 75 - 81 - 85 - 86;;;;
32427;DISPONIBLE;10 - 12 - 34 - 38 - 52 - 55 - 56 - 77 - 87 - 88;08 - 26 - 46 - 58 - 59 - 61 - 66 - 67 - 70 - 75;;;;
32428;DISPONIBLE;08 - 24 - 31 - 41 - 49 - 53 - 55 - 68 - 81 - 88;05 - 11 - 47 - 54 - 61 - 64 - 69 - 73 - 74 - 81;;;;
32429;DISPONIBLE;04 - 10 - 13 - 15 - 23 - 38 - 43 - 66 - 70 - 85;01 - 07 - 27 - 29 - 45 - 47 - 57 - 71 - 77 - 85;;;;
32430;DISPONIBLE;03 - 08 - 13 - 28 - 29 - 33 - 62 - 65 - 66 - 79;35 - 37 - 38 - 52 - 56 - 58 - 68 - 75 - 76 - 77;;;;
32431;DISPONIBLE;03 - 25 - 26 - 28 - 30 - 33 - 45 - 56 - 65 - 78;11 - 22 - 29 - 36 - 41 - 52 - 54 - 65 - 67 - 88;;;;
32432;DISPONIBLE;01 - 10 - 33 - 50 - 57 - 59 - 64 - 65 - 79 - 82;08 - 11 - 40 - 43 - 45 - 54 - 77 - 81 - 83 - 86;;;;
32433;DISPONIBLE;02 - 12 - 45 - 46 - 50 - 57 - 66 - 76 - 84 - 88;04 - 05 - 28 - 43 - 61 - 66 - 73 - 76 - 79 - 88;;;;
32434;DISPONIBLE;15 - 16 - 19 - 27 - 39 - 51 - 68 - 69 - 77 - 90;04 - 08 - 30 - 42 - 51 - 54 - 64 - 72 - 77 - 85;;;;
32435;DISPONIBLE;02 - 21 - 23 - 26 - 34 - 37 - 61 - 71 - 78 - 83;11 - 26 - 27 - 31 - 48 - 51 - 53 - 65 - 76 - 79;;;;
32436;DISPONIBLE;01 - 08 - 09 - 10 - 18 - 22 - 23 - 36 - 63 - 70;08 - 24 - 28 - 47 - 49 - 66 - 74 - 75 - 80 - 87;;;;
32437;DISPONIBLE;04 - 16 - 18 - 32 - 43 - 48 - 56 - 58 - 80 - 90;11 - 35 - 38 - 43 - 54 - 57 - 64 - 73 - 78 - 90;;;;
32438;DISPONIBLE;03 - 09 - 11 - 22 - 29 - 36 - 47 - 49 - 52 - 54;25 - 34 - 36 - 43 - 47 - 53 - 54 - 57 - 61 - 77;;;;
32439;DISPONIBLE;06 - 25 - 27 - 30 - 52 - 60 - 61 - 62 - 76 - 90;03 - 05 - 15 - 24 - 29 - 36 - 44 - 75 - 77 - 84;;;;
32440;DISPONIBLE;19 - 30 - 32 - 41 - 51 - 54 - 57 - 63 - 77 - 78;09 - 26 - 28 - 30 - 38 - 41 - 45 - 47 - 77 - 83;;;;
32441;DISPONIBLE;24 - 28 - 36 - 46 - 48 - 53 - 54 - 65 - 75 - 87;05 - 08 - 20 - 31 - 32 - 36 - 41 - 44 - 46 - 54;;;;
32442;DISPONIBLE;22 - 34 - 36 - 48 - 49 - 50 - 58 - 80 - 87 - 88;03 - 09 - 13 - 22 - 28 - 52 - 56 - 74 - 86 - 89;;;;
32443;DISPONIBLE;05 - 09 - 15 - 32 - 37 - 39 - 47 - 49 - 59 - 68;07 - 17 - 22 - 26 - 28 - 34 - 43 - 48 - 49 - 71;;;;
32444;DISPONIBLE;18 - 23 - 34 - 36 - 38 - 41 - 42 - 44 - 61 - 66;19 - 20 - 35 - 44 - 48 - 49 - 66 - 67 - 71 - 73;;;;
32445;DISPONIBLE;09 - 22 - 26 - 29 - 37 - 40 - 56 - 64 - 67 - 89;08 - 24 - 26 - 35 - 46 - 47 - 48 - 59 - 67 - 81;;;;
32446;DISPONIBLE;23 - 40 - 50 - 52 - 59 - 65 - 67 - 79 - 82 - 89;04 - 11 - 13 - 37 - 41 - 48 - 58 - 66 - 81 - 84;;;;
32447;DISPONIBLE;06 - 08 - 27 - 34 - 43 - 46 - 54 - 67 - 71 - 79;02 - 08 - 09 - 12 - 13 - 21 - 34 - 52 - 59 - 88;;;;
32448;DISPONIBLE;04 - 10 - 11 - 21 - 53 - 56 - 59 - 77 - 80 - 83;32 - 35 - 36 - 39 - 49 - 54 - 55 - 58 - 82 - 88;;;;
32449;DISPONIBLE;26 - 29 - 36 - 46 - 50 - 54 - 57 - 66 - 70 - 83;04 - 05 - 06 - 22 - 37 - 42 - 53 - 54 - 62 - 76;;;;
32450;DISPONIBLE;02 - 29 - 31 - 36 - 56 - 57 - 58 - 63 - 71 - 89;24 - 32 - 38 - 48 - 53 - 64 - 66 - 68 - 69 - 80;;;;
32451;DISPONIBLE;12 - 31 - 35 - 37 - 44 - 60 - 65 - 69 - 82 - 86;01 - 07 - 16 - 17 - 18 - 46 - 50 - 64 - 80 - 86;;;;
32452;DISPONIBLE;05 - 19 - 22 - 30 - 39 - 61 - 73 - 81 - 82 - 89;13 - 29 - 43 - 44 - 65 - 72 - 76 - 80 - 89 - 90;;;;
32453;DISPONIBLE;06 - 08 - 09 - 32 - 48 - 71 - 72 - 78 - 79 - 90;03 - 24 - 25 - 35 - 45 - 53 - 69 - 70 - 87 - 89;;;;
32454;DISPONIBLE;03 - 19 - 20 - 27 - 30 - 46 - 47 - 48 - 50 - 53;02 - 14 - 19 - 29 - 36 - 39 - 68 - 78 - 79 - 80;;;;
32455;DISPONIBLE;21 - 28 - 45 - 48 - 50 - 64 - 70 - 79 - 81 - 82;03 - 07 - 22 - 46 - 50 - 55 - 63 - 65 - 77 - 89;;;;
32456;DISPONIBLE;11 - 20 - 29 - 39 - 43 - 49 - 51 - 65 - 70 - 81;14 - 22 - 24 - 42 - 43 - 53 - 60 - 71 - 85 - 88;;;;
32457;DISPONIBLE;13 - 26 - 27 - 32 - 41 - 45 - 66 - 72 - 78 - 81;18 - 35 - 37 - 39 - 41 - 49 - 50 - 51 - 56 - 65;;;;
32458;DISPONIBLE;29 - 37 - 44 - 45 - 46 - 50 - 61 - 70 - 74 - 89;02 - 12 - 17 - 34 - 66 - 67 - 68 - 72 - 80 - 84;;;;
32459;DISPONIBLE;04 - 10 - 14 - 20 - 32 - 40 - 62 - 64 - 73 - 90;10 - 12 - 17 - 23 - 26 - 49 - 54 - 59 - 64 - 66;;;;
32460;DISPONIBLE;06 - 11 - 14 - 24 - 26 - 33 - 53 - 61 - 64 - 78;02 - 14 - 39 - 42 - 44 - 57 - 68 - 74 - 75 - 78;;;;
32461;DISPONIBLE;07 - 10 - 26 - 31 - 34 - 43 - 72 - 77 - 80 - 83;01 - 06 - 27 - 28 - 31 - 53 - 58 - 65 - 75 - 83;;;;
32462;DISPONIBLE;05 - 08 - 17 - 20 - 24 - 28 - 35 - 52 - 60 - 76;08 - 14 - 17 - 25 - 27 - 36 - 53 - 54 - 66 - 70;;;;
32463;DISPONIBLE;08 - 19 - 37 - 43 - 46 - 50 - 56 - 65 - 71 - 85;11 - 17 - 42 - 54 - 66 - 78 - 81 - 82 - 85 - 87;;;;
32464;DISPONIBLE;04 - 10 - 13 - 23 - 26 - 32 - 37 - 53 - 65 - 76;04 - 05 - 27 - 38 - 48 - 54 - 63 - 67 - 71 - 80;;;;
32465;DISPONIBLE;18 - 33 - 34 - 36 - 40 - 70 - 74 - 76 - 77 - 83;05 - 12 - 13 - 29 - 51 - 58 - 64 - 66 - 69 - 76;;;;
32466;DISPONIBLE;20 - 22 - 27 - 38 - 43 - 58 - 59 - 70 - 78 - 86;20 - 30 - 31 - 34 - 40 - 72 - 75 - 84 - 89 - 90;;;;
32467;DISPONIBLE;02 - 07 - 27 - 39 - 41 - 48 - 55 - 68 - 86 - 89;18 - 19 - 22 - 28 - 61 - 64 - 67 - 79 - 89 - 90;;;;
32468;DISPONIBLE;02 - 17 - 19 - 20 - 35 - 59 - 68 - 72 - 82 - 90;03 - 11 - 13 - 32 - 40 - 41 - 62 - 66 - 75 - 80;;;;
32469;DISPONIBLE;01 - 02 - 04 - 18 - 42 - 50 - 51 - 57 - 76 - 81;06 - 07 - 08 - 18 - 23 - 36 - 45 - 54 - 75 - 79;;;;
32470;DISPONIBLE;12 - 17 - 20 - 22 - 29 - 45 - 61 - 73 - 78 - 89;02 - 16 - 21 - 31 - 33 - 41 - 42 - 53 - 57 - 88;;;;
32471;DISPONIBLE;05 - 10 - 15 - 46 - 49 - 59 - 62 - 65 - 66 - 74;05 - 07 - 09 - 10 - 31 - 62 - 66 - 74 - 76 - 85;;;;
32472;DISPONIBLE;14 - 23 - 26 - 30 - 35 - 51 - 59 - 63 - 69 - 71;02 - 06 - 07 - 16 - 28 - 36 - 42 - 63 - 75 - 77;;;;
32473;DISPONIBLE;06 - 16 - 27 - 29 - 30 - 32 - 37 - 38 - 65 - 89;01 - 18 - 29 - 47 - 52 - 62 - 64 - 69 - 72 - 81;;;;
32474;DISPONIBLE;18 - 26 - 27 - 32 - 40 - 53 - 60 - 61 - 67 - 73;05 - 15 - 24 - 25 - 38 - 54 - 69 - 70 - 77 - 88;;;;
32475;DISPONIBLE;15 - 16 - 33 - 39 - 54 - 66 - 76 - 77 - 80 - 81;09 - 10 - 22 - 23 - 40 - 49 - 51 - 52 - 78 - 85;;;;
32476;DISPONIBLE;05 - 08 - 20 - 26 - 41 - 44 - 53 - 55 - 57 - 62;03 - 26 - 27 - 49 - 64 - 70 - 71 - 75 - 87 - 89;;;;
32477;DISPONIBLE;01 - 20 - 23 - 46 - 49 - 52 - 56 - 59 - 76 - 82;02 - 06 - 15 - 19 - 32 - 45 - 48 - 67 - 89 - 90;;;;
32478;DISPONIBLE;02 - 03 - 14 - 17 - 44 - 46 - 48 - 56 - 61 - 87;02 - 07 - 09 - 13 - 16 - 24 - 37 - 40 - 47 - 74;;;;
32479;DISPONIBLE;20 - 22 - 26 - 27 - 33 - 45 - 48 - 59 - 87 - 90;05 - 06 - 10 - 19 - 25 - 34 - 42 - 66 - 69 - 81;;;;
32480;DISPONIBLE;18 - 27 - 28 - 35 - 37 - 49 - 61 - 75 - 76 - 83;07 - 18 - 30 - 39 - 40 - 54 - 55 - 70 - 73 - 77;;;;
32481;DISPONIBLE;05 - 10 - 12 - 22 - 25 - 33 - 46 - 52 - 59 - 78;10 - 20 - 23 - 34 - 39 - 65 - 71 - 81 - 83 - 84;;;;
32482;DISPONIBLE;02 - 03 - 24 - 51 - 58 - 61 - 69 - 71 - 72 - 86;06 - 08 - 17 - 28 - 50 - 57 - 70 - 74 - 87 - 88;;;;
32483;DISPONIBLE;16 - 20 - 25 - 29 - 35 - 37 - 44 - 80 - 81 - 86;04 - 31 - 32 - 43 - 57 - 68 - 74 - 76 - 82 - 88;;;;
32484;DISPONIBLE;19 - 24 - 30 - 39 - 47 - 66 - 77 - 79 - 88 - 90;16 - 34 - 36 - 37 - 42 - 47 - 61 - 66 - 84 - 90;;;;
32485;DISPONIBLE;13 - 16 - 30 - 35 - 58 - 63 - 66 - 70 - 80 - 84;01 - 08 - 26 - 64 - 65 - 77 - 79 - 80 - 89 - 90;;;;
32486;DISPONIBLE;10 - 11 - 21 - 25 - 27 - 51 - 56 - 65 - 73 - 86;22 - 30 - 31 - 36 - 40 - 45 - 49 - 53 - 57 - 59;;;;
32487;DISPONIBLE;06 - 10 - 23 - 46 - 49 - 56 - 68 - 74 - 79 - 81;03 - 20 - 31 - 35 - 51 - 52 - 53 - 76 - 80 - 88;;;;
32488;DISPONIBLE;08 - 14 - 18 - 24 - 28 - 35 - 63 - 65 - 70 - 75;01 - 03 - 10 - 29 - 32 - 46 - 57 - 64 - 79 - 83;;;;
32489;DISPONIBLE;01 - 10 - 21 - 34 - 44 - 47 - 51 - 52 - 60 - 65;03 - 08 - 20 - 27 - 30 - 40 - 47 - 66 - 70 - 81;;;;
32490;DISPONIBLE;12 - 15 - 20 - 30 - 34 - 36 - 44 - 69 - 80 - 88;16 - 18 - 23 - 25 - 28 - 32 - 35 - 37 - 82 - 83;;;;
32491;DISPONIBLE;04 - 25 - 32 - 38 - 39 - 48 - 51 - 53 - 67 - 81;09 - 11 - 22 - 32 - 41 - 53 - 57 - 66 - 70 - 86;;;;
32492;DISPONIBLE;07 - 28 - 31 - 51 - 65 - 67 - 68 - 72 - 81 - 89;08 - 14 - 27 - 38 - 40 - 41 - 46 - 68 - 75 - 77;;;;
32493;DISPONIBLE;05 - 25 - 30 - 32 - 44 - 58 - 59 - 66 - 83 - 86;01 - 18 - 19 - 21 - 25 - 43 - 56 - 69 - 71 - 76;;;;
32494;DISPONIBLE;15 - 27 - 36 - 40 - 42 - 54 - 68 - 74 - 76 - 90;05 - 11 - 13 - 21 - 32 - 57 - 70 - 75 - 84 - 90;;;;
32495;DISPONIBLE;02 - 09 - 15 - 32 - 33 - 48 - 52 - 61 - 71 - 82;16 - 17 - 18 - 29 - 34 - 55 - 60 - 61 - 67 - 80;;;;
32496;DISPONIBLE;06 - 09 - 10 - 15 - 23 - 27 - 45 - 60 - 68 - 73;01 - 08 - 15 - 16 - 23 - 28 - 41 - 53 - 65 - 86;;;;
32497;DISPONIBLE;10 - 18 - 26 - 35 - 50 - 51 - 55 - 56 - 58 - 85;11 - 17 - 44 - 56 - 76 - 79 - 80 - 82 - 83 - 89;;;;
32498;DISPONIBLE;25 - 28 - 29 - 33 - 56 - 57 - 74 - 79 - 80 - 87;04 - 09 - 19 - 29 - 32 - 61 - 62 - 63 - 71 - 90;;;;
32499;DISPONIBLE;10 - 13 - 21 - 31 - 42 - 49 - 51 - 68 - 72 - 78;04 - 05 - 07 - 28 - 34 - 42 - 48 - 73 - 80 - 81;;;;
32500;DISPONIBLE;15 - 30 - 31 - 33 - 34 - 54 - 58 - 60 - 73 - 86;01 - 06 - 52 - 59 - 61 - 62 - 63 - 85 - 86 - 89;;;;
32501;DISPONIBLE;20 - 23 - 37 - 42 - 70 - 73 - 78 - 82 - 83 - 89;13 - 15 - 19 - 39 - 51 - 68 - 76 - 79 - 82 - 90;;;;
32502;DISPONIBLE;01 - 06 - 09 - 18 - 24 - 50 - 51 - 69 - 76 - 89;06 - 09 - 15 - 28 - 31 - 54 - 67 - 70 - 76 - 79;;;;
32503;DISPONIBLE;02 - 05 - 14 - 17 - 47 - 48 - 64 - 68 - 78 - 87;01 - 07 - 14 - 16 - 37 - 46 - 48 - 58 - 72 - 84;;;;
32504;DISPONIBLE;07 - 20 - 21 - 23 - 37 - 40 - 44 - 45 - 57 - 81;16 - 37 - 48 - 50 - 51 - 60 - 73 - 82 - 85 - 90;;;;
32505;DISPONIBLE;14 - 24 - 25 - 29 - 30 - 43 - 48 - 66 - 73 - 80;05 - 10 - 11 - 30 - 51 - 67 - 72 - 74 - 89 - 90;;;;
32506;DISPONIBLE;04 - 11 - 31 - 43 - 47 - 56 - 59 - 63 - 67 - 76;01 - 09 - 24 - 30 - 45 - 49 - 57 - 72 - 77 - 89;;;;
32507;DISPONIBLE;06 - 24 - 33 - 41 - 43 - 44 - 54 - 67 - 69 - 83;06 - 08 - 10 - 12 - 13 - 15 - 18 - 67 - 68 - 84;;;;
32508;DISPONIBLE;08 - 13 - 15 - 19 - 31 - 44 - 49 - 54 - 56 - 79;03 - 12 - 17 - 19 - 28 - 42 - 46 - 53 - 59 - 62;;;;
32509;DISPONIBLE;02 - 16 - 19 - 20 - 24 - 36 - 44 - 64 - 70 - 78;12 - 13 - 32 - 37 - 42 - 46 - 60 - 69 - 71 - 77;;;;
32510;DISPONIBLE;10 - 15 - 23 - 24 - 31 - 41 - 44 - 47 - 56 - 68;02 - 09 - 15 - 20 - 26 - 36 - 37 - 67 - 78 - 86;;;;
32511;DISPONIBLE;01 - 06 - 09 - 12 - 13 - 22 - 32 - 48 - 49 - 75;05 - 06 - 09 - 14 - 19 - 30 - 50 - 51 - 63 - 68;;;;
32512;DISPONIBLE;19 - 35 - 37 - 55 - 57 - 59 - 75 - 83 - 86 - 88;09 - 20 - 27 - 29 - 39 - 44 - 47 - 57 - 75 - 84;;;;
32513;DISPONIBLE;03 - 06 - 22 - 34 - 45 - 53 - 54 - 65 - 81 - 89;07 - 20 - 23 - 33 - 62 - 65 - 68 - 74 - 77 - 78;;;;
32514;DISPONIBLE;13 - 16 - 20 - 21 - 27 - 39 - 45 - 47 - 64 - 85;01 - 03 - 09 - 11 - 30 - 39 - 56 - 68 - 82 - 84;;;;
32515;DISPONIBLE;18 - 24 - 29 - 34 - 46 - 61 - 72 - 78 - 82 - 88;26 - 35 - 49 - 50 - 53 - 64 - 68 - 80 - 81 - 85;;;;
32516;DISPONIBLE;07 - 11 - 15 - 20 - 22 - 24 - 40 - 43 - 57 - 76;09 - 17 - 32 - 55 - 61 - 69 - 74 - 75 - 77 - 86;;;;
32517;DISPONIBLE;28 - 29 - 36 - 43 - 45 - 46 - 51 - 53 - 87 - 90;02 - 03 - 10 - 12 - 28 - 30 - 33 - 50 - 58 - 88;;;;
32518;DISPONIBLE;18 - 41 - 48 - 63 - 65 - 71 - 75 - 78 - 83 - 90;08 - 30 - 44 - 45 - 47 - 57 - 63 - 77 - 80 - 84;;;;
32519;DISPONIBLE;14 - 16 - 32 - 37 - 43 - 44 - 48 - 49 - 59 - 74;07 - 18 - 24 - 30 - 36 - 50 - 63 - 64 - 69 - 82;;;;
32520;DISPONIBLE;04 - 07 - 26 - 32 - 33 - 34 - 35 - 46 - 48 - 84;01 - 04 - 07 - 08 - 27 - 43 - 58 - 69 - 73 - 89;;;;
32521;DISPONIBLE;01 - 11 - 22 - 29 - 30 - 43 - 46 - 56 - 73 - 84;02 - 15 - 17 - 24 - 35 - 40 - 51 - 58 - 66 - 71;;;;
32522;DISPONIBLE;03 - 23 - 26 - 27 - 44 - 49 - 70 - 79 - 84 - 85;05 - 10 - 17 - 29 - 48 - 62 - 66 - 83 - 84 - 90;;;;
32523;DISPONIBLE;03 - 11 - 22 - 50 - 53 - 69 - 75 - 76 - 79 - 85;06 - 15 - 19 - 32 - 35 - 37 - 44 - 45 - 64 - 77;;;;
32524;DISPONIBLE;14 - 17 - 25 - 26 - 43 - 50 - 51 - 69 - 84 - 90;02 - 20 - 24 - 31 - 35 - 36 - 41 - 51 - 80 - 85;;;;
32525;DISPONIBLE;21 - 37 - 40 - 41 - 42 - 48 - 59 - 63 - 64 - 78;05 - 17 - 27 - 55 - 58 - 65 - 73 - 84 - 87 - 89;;;;
32526;DISPONIBLE;15 - 26 - 30 - 33 - 41 - 62 - 65 - 69 - 76 - 83;04 - 10 - 13 - 20 - 23 - 34 - 67 - 75 - 79 - 80;;;;
32527;DISPONIBLE;02 - 07 - 10 - 29 - 37 - 38 - 56 - 76 - 79 - 90;06 - 16 - 23 - 28 - 45 - 47 - 53 - 60 - 67 - 85;;;;
32528;DISPONIBLE;02 - 07 - 12 - 26 - 28 - 44 - 56 - 71 - 76 - 88;05 - 06 - 20 - 24 - 27 - 53 - 55 - 67 - 89 - 90;;;;
32529;DISPONIBLE;05 - 19 - 21 - 26 - 44 - 63 - 64 - 76 - 78 - 85;12 - 14 - 19 - 25 - 34 - 53 - 64 - 65 - 68 - 73;;;;
32530;DISPONIBLE;07 - 11 - 17 - 21 - 23 - 32 - 41 - 63 - 70 - 77;08 - 13 - 21 - 25 - 32 - 33 - 61 - 63 - 84 - 89;;;;
32531;DISPONIBLE;03 - 17 - 19 - 25 - 42 - 61 - 64 - 76 - 77 - 88;12 - 28 - 32 - 33 - 37 - 50 - 59 - 61 - 76 - 89;;;;
32532;DISPONIBLE;02 - 03 - 26 - 27 - 31 - 46 - 49 - 66 - 80 - 90;12 - 15 - 28 - 32 - 47 - 54 - 55 - 59 - 81 - 86;;;;
32533;DISPONIBLE;08 - 09 - 30 - 40 - 41 - 46 - 47 - 57 - 59 - 63;02 - 07 - 23 - 29 - 32 - 63 - 66 - 73 - 87 - 89;;;;
32534;DISPONIBLE;05 - 11 - 34 - 35 - 52 - 67 - 71 - 85 - 86 - 88;09 - 13 - 31 - 40 - 50 - 67 - 71 - 76 - 78 - 84;;;;
32535;DISPONIBLE;07 - 12 - 17 - 18 - 23 - 32 - 45 - 58 - 61 - 70;09 - 18 - 28 - 33 - 48 - 51 - 62 - 65 - 71 - 75;;;;
32536;DISPONIBLE;20 - 25 - 42 - 44 - 56 - 60 - 63 - 67 - 77 - 83;46 - 62 - 63 - 65 - 67 - 68 - 71 - 78 - 79 - 81;;;;
32537;DISPONIBLE;01 - 03 - 06 - 17 - 25 - 48 - 49 - 64 - 74 - 88;03 - 13 - 17 - 39 - 42 - 45 - 53 - 56 - 64 - 80;;;;
32538;DISPONIBLE;07 - 10 - 23 - 25 - 26 - 31 - 73 - 79 - 82 - 83;07 - 08 - 15 - 32 - 33 - 64 - 72 - 82 - 83 - 89;;;;
32539;DISPONIBLE;02 - 10 - 11 - 12 - 18 - 19 - 35 - 43 - 55 - 62;04 - 16 - 18 - 19 - 32 - 38 - 40 - 42 - 67 - 76;;;;
32540;DISPONIBLE;07 - 18 - 29 - 30 - 59 - 68 - 73 - 79 - 83 - 85;15 - 19 - 23 - 38 - 39 - 40 - 51 - 74 - 77 - 89;;;;
32541;DISPONIBLE;02 - 07 - 12 - 13 - 14 - 30 - 35 - 55 - 73 - 81;07 - 09 - 12 - 22 - 26 - 31 - 43 - 60 - 74 - 75;;;;
32542;DISPONIBLE;10 - 12 - 28 - 32 - 48 - 49 - 71 - 74 - 85 - 89;07 - 21 - 31 - 35 - 42 - 47 - 54 - 66 - 71 - 84;;;;
32543;DISPONIBLE;02 - 04 - 23 - 25 - 43 - 61 - 66 - 68 - 73 - 83;07 - 22 - 23 - 24 - 32 - 38 - 41 - 43 - 56 - 62;;;;
32544;DISPONIBLE;04 - 14 - 27 - 40 - 50 - 51 - 70 - 76 - 79 - 82;10 - 14 - 23 - 26 - 37 - 66 - 67 - 71 - 74 - 88;;;;
32545;DISPONIBLE;01 - 13 - 17 - 21 - 66 - 80 - 82 - 83 - 86 - 87;07 - 09 - 15 - 17 - 23 - 27 - 35 - 68 - 82 - 90;;;;
32546;DISPONIBLE;08 - 17 - 20 - 31 - 38 - 41 - 45 - 55 - 68 - 77;07 - 08 - 24 - 27 - 36 - 44 - 60 - 62 - 72 - 85;;;;
32547;DISPONIBLE;15 - 19 - 27 - 29 - 44 - 62 - 69 - 81 - 82 - 86;10 - 15 - 19 - 34 - 46 - 50 - 55 - 56 - 61 - 73;;;;
32548;DISPONIBLE;20 - 29 - 34 - 39 - 40 - 43 - 54 - 66 - 69 - 84;06 - 08 - 16 - 20 - 32 - 46 - 47 - 52 - 68 - 81;;;;
32549;DISPONIBLE;02 - 04 - 22 - 24 - 31 - 34 - 57 - 68 - 78 - 88;17 - 28 - 29 - 30 - 35 - 52 - 61 - 62 - 67 - 70;;;;
32550;DISPONIBLE;02 - 06 - 13 - 21 - 40 - 42 - 57 - 65 - 71 - 87;05 - 08 - 22 - 26 - 30 - 42 - 60 - 78 - 81 - 83;;;;
32551;DISPONIBLE;02 - 13 - 17 - 22 - 53 - 54 - 56 - 68 - 69 - 89;22 - 24 - 31 - 35 - 38 - 42 - 53 - 77 - 78 - 82;;;;
32552;DISPONIBLE;18 - 19 - 45 - 46 - 50 - 56 - 57 - 60 - 80 - 86;01 - 06 - 30 - 51 - 61 - 62 - 66 - 74 - 79 - 84;;;;
32553;DISPONIBLE;04 - 13 - 14 - 54 - 57 - 80 - 81 - 82 - 85 - 88;09 - 10 - 13 - 46 - 48 - 50 - 58 - 66 - 81 - 84;;;;
32554;DISPONIBLE;17 - 25 - 32 - 33 - 50 - 59 - 61 - 67 - 72 - 87;02 - 10 - 31 - 35 - 39 - 55 - 67 - 71 - 75 - 90;;;;
32555;DISPONIBLE;03 - 04 - 16 - 22 - 24 - 26 - 37 - 42 - 72 - 79;06 - 16 - 22 - 30 - 38 - 48 - 50 - 79 - 84 - 90;;;;
32556;DISPONIBLE;08 - 09 - 16 - 35 - 46 - 51 - 53 - 57 - 59 - 64;10 - 13 - 15 - 25 - 26 - 43 - 55 - 66 - 67 - 87;;;;
32557;DISPONIBLE;05 - 19 - 21 - 23 - 46 - 48 - 52 - 83 - 85 - 89;05 - 10 - 14 - 17 - 20 - 21 - 22 - 38 - 73 - 74;;;;
32558;DISPONIBLE;11 - 18 - 33 - 37 - 39 - 47 - 55 - 75 - 79 - 86;08 - 17 - 22 - 50 - 54 - 60 - 77 - 80 - 82 - 85;;;;
32559;DISPONIBLE;35 - 43 - 53 - 55 - 59 - 65 - 66 - 67 - 74 - 88;08 - 11 - 23 - 27 - 46 - 49 - 50 - 62 - 65 - 79;;;;
32560;DISPONIBLE;06 - 14 - 19 - 20 - 23 - 29 - 51 - 59 - 63 - 67;15 - 30 - 32 - 48 - 61 - 62 - 64 - 65 - 83 - 89;;;;
32561;DISPONIBLE;03 - 24 - 25 - 28 - 29 - 36 - 48 - 56 - 57 - 83;01 - 10 - 17 - 20 - 25 - 37 - 48 - 62 - 65 - 66;;;;
32562;DISPONIBLE;07 - 26 - 38 - 40 - 47 - 49 - 63 - 71 - 82 - 86;02 - 13 - 24 - 35 - 37 - 39 - 49 - 53 - 54 - 63;;;;
32563;DISPONIBLE;01 - 07 - 22 - 24 - 25 - 30 - 31 - 62 - 67 - 68;04 - 06 - 12 - 15 - 25 - 29 - 31 - 43 - 79 - 89;;;;
32564;DISPONIBLE;15 - 16 - 27 - 49 - 52 - 59 - 71 - 73 - 77 - 85;01 - 02 - 27 - 32 - 36 - 44 - 56 - 57 - 68 - 81;;;;
32565;DISPONIBLE;07 - 13 - 17 - 26 - 42 - 53 - 57 - 63 - 67 - 69;06 - 14 - 23 - 48 - 54 - 62 - 74 - 80 - 81 - 82;;;;
32566;DISPONIBLE;08 - 23 - 29 - 32 - 43 - 56 - 65 - 68 - 81 - 88;12 - 21 - 24 - 28 - 35 - 46 - 49 - 62 - 78 - 88;;;;
32567;DISPONIBLE;02 - 10 - 13 - 28 - 30 - 38 - 44 - 56 - 79 - 82;10 - 21 - 29 - 31 - 36 - 49 - 55 - 60 - 85 - 87;;;;
32568;DISPONIBLE;01 - 23 - 26 - 27 - 36 - 41 - 54 - 55 - 74 - 76;27 - 42 - 49 - 50 - 53 - 67 - 69 - 70 - 73 - 88;;;;
32569;DISPONIBLE;17 - 26 - 52 - 55 - 73 - 74 - 76 - 86 - 87 - 90;11 - 13 - 21 - 22 - 30 - 47 - 50 - 54 - 62 - 87;;;;
32570;DISPONIBLE;04 - 10 - 30 - 32 - 36 - 40 - 42 - 84 - 87 - 90;15 - 38 - 44 - 47 - 54 - 68 - 72 - 74 - 75 - 76;;;;
32571;DISPONIBLE;07 - 09 - 11 - 23 - 24 - 41 - 62 - 64 - 77 - 87;04 - 13 - 20 - 26 - 37 - 40 - 42 - 67 - 81 - 85;;;;
32572;DISPONIBLE;06 - 10 - 14 - 20 - 29 - 62 - 65 - 66 - 80 - 90;03 - 04 - 08 - 13 - 27 - 31 - 34 - 49 - 61 - 67;;;;
32573;DISPONIBLE;01 - 08 - 19 - 21 - 49 - 52 - 55 - 64 - 70 - 72;01 - 07 - 21 - 26 - 54 - 58 - 72 - 78 - 81 - 82;;;;
32574;DISPONIBLE;07 - 16 - 18 - 54 - 55 - 57 - 71 - 78 - 84 - 86;02 - 28 - 33 - 43 - 47 - 54 - 55 - 60 - 63 - 70;;;;
32575;DISPONIBLE;05 - 16 - 21 - 25 - 26 - 41 - 48 - 59 - 72 - 83;06 - 18 - 20 - 27 - 28 - 29 - 33 - 34 - 37 - 50;;;;
32576;DISPONIBLE;01 - 06 - 07 - 27 - 31 - 35 - 52 - 59 - 60 - 77;04 - 09 - 13 - 45 - 54 - 61 - 62 - 72 - 75 - 76;;;;
32577;DISPONIBLE;05 - 09 - 10 - 12 - 14 - 25 - 52 - 56 - 58 - 89;04 - 14 - 15 - 19 - 32 - 38 - 42 - 58 - 59 - 77;;;;
32578;DISPONIBLE;10 - 16 - 25 - 29 - 30 - 36 - 38 - 46 - 54 - 86;05 - 23 - 40 - 42 - 46 - 52 - 63 - 74 - 77 - 81;;;;
32579;DISPONIBLE;06 - 15 - 20 - 29 - 50 - 63 - 64 - 65 - 77 - 82;06 - 15 - 18 - 23 - 36 - 38 - 53 - 55 - 80 - 83;;;;
32580;DISPONIBLE;05 - 07 - 11 - 33 - 37 - 39 - 44 - 53 - 54 - 64;06 - 16 - 21 - 28 - 40 - 41 - 44 - 45 - 61 - 70;;;;
32581;DISPONIBLE;36 - 43 - 44 - 50 - 60 - 63 - 66 - 76 - 79 - 80;11 - 36 - 40 - 42 - 46 - 54 - 63 - 65 - 83 - 88;;;;
32582;DISPONIBLE;06 - 09 - 12 - 23 - 46 - 49 - 56 - 63 - 85 - 87;03 - 07 - 08 - 34 - 49 - 53 - 54 - 60 - 68 - 70;;;;
32583;DISPONIBLE;08 - 11 - 12 - 16 - 19 - 26 - 57 - 61 - 74 - 80;18 - 20 - 25 - 32 - 34 - 52 - 55 - 64 - 73 - 81;;;;
32584;DISPONIBLE;05 - 08 - 15 - 22 - 25 - 37 - 52 - 53 - 54 - 79;01 - 15 - 28 - 32 - 48 - 52 - 55 - 57 - 67 - 88;;;;
32585;DISPONIBLE;02 - 17 - 30 - 42 - 44 - 45 - 48 - 56 - 66 - 82;09 - 16 - 19 - 20 - 35 - 38 - 44 - 74 - 75 - 79;;;;
32586;DISPONIBLE;03 - 05 - 23 - 33 - 36 - 41 - 43 - 76 - 88 - 89;03 - 12 - 28 - 29 - 33 - 37 - 50 - 51 - 57 - 82;;;;
32587;DISPONIBLE;03 - 11 - 21 - 23 - 34 - 35 - 82 - 84 - 86 - 87;06 - 13 - 15 - 34 - 35 - 51 - 55 - 60 - 68 - 79;;;;
32588;DISPONIBLE;16 - 26 - 50 - 51 - 56 - 58 - 69 - 74 - 87 - 89;07 - 10 - 16 - 23 - 35 - 39 - 43 - 47 - 78 - 81;;;;
32589;DISPONIBLE;02 - 04 - 07 - 13 - 17 - 23 - 27 - 45 - 78 - 79;04 - 05 - 18 - 20 - 30 - 33 - 42 - 60 - 67 - 87;;;;
32590;DISPONIBLE;03 - 12 - 20 - 21 - 34 - 65 - 71 - 72 - 83 - 86;03 - 07 - 10 - 14 - 21 - 38 - 44 - 55 - 62 - 63;;;;
32591;DISPONIBLE;02 - 09 - 22 - 26 - 32 - 42 - 71 - 79 - 86 - 87;01 - 08 - 27 - 40 - 51 - 52 - 58 - 64 - 78 - 89;;;;
32592;DISPONIBLE;01 - 04 - 10 - 12 - 17 - 20 - 39 - 42 - 60 - 81;13 - 24 - 42 - 46 - 56 - 68 - 69 - 73 - 79 - 86;;;;
32593;DISPONIBLE;06 - 07 - 08 - 14 - 25 - 44 - 45 - 55 - 64 - 84;04 - 17 - 24 - 27 - 40 - 43 - 68 - 72 - 82 - 85;;;;
32594;DISPONIBLE;10 - 20 - 45 - 62 - 73 - 75 - 76 - 80 - 81 - 84;05 - 23 - 29 - 37 - 45 - 47 - 52 - 57 - 65 - 89;;;;
32595;DISPONIBLE;05 - 12 - 22 - 29 - 31 - 48 - 50 - 59 - 78 - 80;12 - 21 - 22 - 26 - 46 - 54 - 58 - 70 - 79 - 86;;;;
32596;DISPONIBLE;09 - 16 - 29 - 60 - 76 - 78 - 79 - 82 - 84 - 85;19 - 23 - 38 - 43 - 53 - 69 - 72 - 74 - 78 - 87;;;;
32597;DISPONIBLE;15 - 16 - 18 - 21 - 26 - 46 - 68 - 72 - 80 - 86;03 - 06 - 21 - 30 - 33 - 36 - 40 - 52 - 68 - 88;;;;
32598;DISPONIBLE;04 - 06 - 16 - 20 - 22 - 23 - 34 - 37 - 47 - 58;01 - 09 - 16 - 22 - 26 - 36 - 47 - 59 - 71 - 88;;;;
32599;DISPONIBLE;06 - 08 - 19 - 35 - 44 - 47 - 64 - 66 - 73 - 81;19 - 25 - 30 - 34 - 39 - 50 - 66 - 72 - 73 - 78;;;;
32600;DISPONIBLE;07 - 10 - 28 - 29 - 41 - 49 - 50 - 54 - 80 - 82;13 - 25 - 32 - 38 - 41 - 44 - 45 - 58 - 76 - 85;;;;
32601;DISPONIBLE;09 - 16 - 18 - 22 - 63 - 73 - 74 - 83 - 87 - 90;01 - 21 - 23 - 24 - 35 - 37 - 59 - 74 - 77 - 88;;;;
32602;DISPONIBLE;10 - 14 - 28 - 31 - 47 - 71 - 78 - 80 - 81 - 90;01 - 02 - 05 - 11 - 16 - 19 - 22 - 26 - 40 - 85;;;;
32603;DISPONIBLE;13 - 17 - 27 - 30 - 39 - 48 - 57 - 68 - 74 - 84;08 - 25 - 28 - 30 - 40 - 47 - 54 - 75 - 76 - 89;;;;
32604;DISPONIBLE;01 - 07 - 17 - 27 - 28 - 41 - 48 - 57 - 78 - 79;03 - 09 - 16 - 26 - 32 - 47 - 60 - 62 - 64 - 81;;;;
32605;DISPONIBLE;13 - 19 - 31 - 32 - 34 - 41 - 66 - 67 - 78 - 82;04 - 17 - 44 - 48 - 64 - 67 - 75 - 76 - 86 - 90;;;;
32606;DISPONIBLE;05 - 08 - 11 - 17 - 21 - 25 - 31 - 37 - 67 - 70;03 - 10 - 17 - 37 - 52 - 55 - 61 - 67 - 80 - 85;;;;
32607;DISPONIBLE;11 - 13 - 21 - 25 - 47 - 63 - 79 - 82 - 86 - 87;04 - 14 - 18 - 29 - 33 - 37 - 59 - 63 - 65 - 83;;;;
32608;DISPONIBLE;13 - 17 - 27 - 40 - 47 - 56 - 64 - 66 - 68 - 79;04 - 06 - 14 - 27 - 48 - 55 - 59 - 60 - 64 - 90;;;;
32609;DISPONIBLE;05 - 07 - 24 - 31 - 40 - 48 - 59 - 70 - 77 - 88;02 - 11 - 40 - 41 - 60 - 71 - 80 - 82 - 84 - 85;;;;
32610;DISPONIBLE;14 - 27 - 34 - 37 - 39 - 52 - 61 - 62 - 64 - 75;19 - 20 - 37 - 49 - 50 - 52 - 62 - 69 - 82 - 85;;;;
32611;DISPONIBLE;17 - 24 - 44 - 48 - 53 - 55 - 57 - 64 - 84 - 87;23 - 34 - 36 - 60 - 61 - 72 - 77 - 81 - 82 - 84;;;;
32612;DISPONIBLE;17 - 26 - 30 - 44 - 47 - 48 - 55 - 62 - 76 - 82;21 - 23 - 38 - 50 - 60 - 67 - 70 - 73 - 75 - 84;;;;
32613;DISPONIBLE;03 - 06 - 27 - 36 - 38 - 45 - 50 - 52 - 61 - 84;04 - 05 - 32 - 37 - 41 - 73 - 75 - 76 - 79 - 84;;;;
32614;DISPONIBLE;12 - 18 - 21 - 24 - 31 - 54 - 58 - 69 - 75 - 90;09 - 14 - 19 - 21 - 25 - 42 - 45 - 46 - 58 - 74;;;;
32615;DISPONIBLE;03 - 20 - 25 - 27 - 38 - 48 - 49 - 51 - 72 - 78;26 - 28 - 38 - 48 - 52 - 68 - 73 - 76 - 84 - 90;;;;
32616;DISPONIBLE;29 - 41 - 55 - 62 - 71 - 79 - 81 - 85 - 86 - 88;08 - 22 - 34 - 37 - 50 - 56 - 58 - 61 - 79 - 83;;;;
32617;DISPONIBLE;04 - 06 - 16 - 18 - 23 - 30 - 40 - 43 - 70 - 72;01 - 18 - 29 - 31 - 38 - 54 - 58 - 62 - 68 - 81;;;;
32618;DISPONIBLE;08 - 24 - 31 - 43 - 46 - 50 - 57 - 69 - 80 - 81;03 - 08 - 40 - 46 - 47 - 48 - 49 - 54 - 78 - 84;;;;
32619;DISPONIBLE;18 - 26 - 48 - 52 - 55 - 60 - 64 - 66 - 69 - 82;04 - 05 - 16 - 21 - 39 - 59 - 62 - 71 - 86 - 89;;;;
32620;DISPONIBLE;06 - 26 - 28 - 39 - 54 - 75 - 79 - 83 - 86 - 88;18 - 27 - 28 - 37 - 44 - 45 - 49 - 58 - 70 - 74;;;;
32621;DISPONIBLE;08 - 11 - 12 - 14 - 35 - 37 - 44 - 54 - 62 - 88;01 - 11 - 16 - 24 - 37 - 50 - 62 - 67 - 79 - 81;;;;
32622;DISPONIBLE;19 - 22 - 36 - 51 - 52 - 57 - 60 - 63 - 69 - 88;33 - 39 - 40 - 43 - 46 - 51 - 61 - 63 - 68 - 89;;;;
32623;DISPONIBLE;05 - 14 - 17 - 18 - 34 - 39 - 52 - 59 - 74 - 79;02 - 07 - 11 - 33 - 34 - 37 - 46 - 61 - 74 - 75;;;;
32624;DISPONIBLE;05 - 08 - 11 - 27 - 29 - 34 - 35 - 64 - 66 - 73;06 - 18 - 19 - 23 - 37 - 58 - 63 - 83 - 84 - 88;;;;
32625;DISPONIBLE;10 - 13 - 16 - 18 - 22 - 25 - 58 - 62 - 70 - 71;15 - 24 - 40 - 44 - 65 - 66 - 77 - 85 - 89 - 90;;;;
32626;DISPONIBLE;06 - 12 - 20 - 33 - 34 - 38 - 42 - 47 - 88 - 90;01 - 15 - 21 - 24 - 25 - 26 - 60 - 66 - 69 - 89;;;;
32627;DISPONIBLE;03 - 08 - 25 - 27 - 35 - 41 - 68 - 72 - 73 - 77;02 - 07 - 21 - 27 - 33 - 39 - 57 - 75 - 80 - 85;;;;
32628;DISPONIBLE;16 - 19 - 27 - 36 - 42 - 66 - 68 - 75 - 84 - 85;02 - 12 - 13 - 15 - 19 - 31 - 54 - 70 - 71 - 74;;;;
32629;DISPONIBLE;06 - 12 - 15 - 33 - 37 - 42 - 69 - 70 - 74 - 84;01 - 06 - 08 - 25 - 26 - 41 - 48 - 54 - 61 - 67;;;;
32630;DISPONIBLE;05 - 15 - 18 - 19 - 37 - 38 - 39 - 60 - 86 - 90;02 - 24 - 26 - 55 - 57 - 61 - 74 - 75 - 76 - 80;;;;
32631;DISPONIBLE;08 - 16 - 23 - 29 - 40 - 42 - 48 - 67 - 70 - 89;06 - 17 - 18 - 24 - 56 - 65 - 69 - 71 - 73 - 84;;;;
32632;DISPONIBLE;01 - 09 - 10 - 17 - 35 - 43 - 46 - 47 - 49 - 59;07 - 19 - 21 - 25 - 31 - 34 - 35 - 59 - 71 - 89;;;;
32633;DISPONIBLE;02 - 04 - 06 - 12 - 37 - 39 - 42 - 49 - 82 - 86;10 - 35 - 38 - 40 - 49 - 55 - 73 - 76 - 82 - 84;;;;
32634;DISPONIBLE;05 - 11 - 18 - 29 - 42 - 53 - 64 - 76 - 79 - 86;39 - 45 - 49 - 64 - 68 - 72 - 75 - 76 - 77 - 78;;;;
32635;DISPONIBLE;20 - 27 - 31 - 37 - 49 - 52 - 62 - 65 - 73 - 81;03 - 08 - 16 - 18 - 32 - 53 - 59 - 70 - 75 - 78;;;;
32636;DISPONIBLE;16 - 25 - 28 - 33 - 41 - 60 - 65 - 78 - 87 - 89;03 - 14 - 18 - 23 - 31 - 45 - 60 - 70 - 81 - 86;;;;
32637;DISPONIBLE;10 - 12 - 34 - 41 - 55 - 66 - 74 - 78 - 82 - 90;25 - 34 - 36 - 52 - 53 - 54 - 62 - 71 - 78 - 84;;;;
32638;DISPONIBLE;05 - 06 - 11 - 34 - 40 - 59 - 65 - 75 - 83 - 87;04 - 11 - 13 - 22 - 25 - 38 - 45 - 47 - 54 - 70;;;;
32639;DISPONIBLE;09 - 24 - 31 - 38 - 54 - 56 - 61 - 63 - 71 - 75;09 - 14 - 30 - 49 - 50 - 67 - 71 - 75 - 77 - 88;;;;
32640;DISPONIBLE;04 - 20 - 23 - 28 - 29 - 54 - 61 - 75 - 78 - 83;20 - 27 - 29 - 31 - 44 - 57 - 60 - 69 - 74 - 80;;;;
32641;DISPONIBLE;10 - 26 - 27 - 37 - 53 - 54 - 59 - 65 - 85 - 87;06 - 16 - 36 - 42 - 45 - 48 - 54 - 55 - 72 - 75;;;;
32642;DISPONIBLE;05 - 09 - 20 - 43 - 58 - 63 - 68 - 74 - 78 - 80;04 - 05 - 24 - 25 - 44 - 48 - 53 - 62 - 63 - 76;;;;
32643;DISPONIBLE;08 - 16 - 17 - 20 - 46 - 57 - 61 - 78 - 85 - 90;05 - 09 - 21 - 28 - 31 - 35 - 63 - 69 - 71 - 85;;;;
32644;DISPONIBLE;06 - 11 - 18 - 22 - 26 - 37 - 51 - 54 - 66 - 86;12 - 14 - 19 - 31 - 57 - 61 - 70 - 72 - 83 - 87;;;;
32645;DISPONIBLE;06 - 18 - 26 - 37 - 44 - 54 - 67 - 68 - 76 - 81;12 - 26 - 39 - 40 - 54 - 56 - 71 - 75 - 78 - 83;;;;
32646;DISPONIBLE;01 - 16 - 17 - 35 - 40 - 54 - 60 - 75 - 77 - 85;06 - 10 - 25 - 43 - 58 - 66 - 75 - 80 - 83 - 88;;;;
32647;DISPONIBLE;02 - 07 - 14 - 27 - 49 - 64 - 68 - 70 - 79 - 82;03 - 23 - 49 - 54 - 57 - 60 - 63 - 70 - 83 - 89;;;;
32648;DISPONIBLE;01 - 18 - 26 - 31 - 33 - 39 - 40 - 64 - 67 - 74;02 - 05 - 06 - 08 - 31 - 45 - 49 - 85 - 86 - 87;;;;
32649;DISPONIBLE;05 - 28 - 46 - 49 - 56 - 66 - 68 - 75 - 80 - 86;04 - 31 - 32 - 34 - 35 - 46 - 48 - 56 - 77 - 86;;;;
32650;DISPONIBLE;13 - 21 - 23 - 43 - 49 - 51 - 59 - 70 - 80 - 88;08 - 17 - 21 - 30 - 31 - 38 - 41 - 53 - 66 - 89;;;;
32651;DISPONIBLE;03 - 12 - 17 - 25 - 29 - 34 - 36 - 55 - 71 - 85;11 - 12 - 18 - 23 - 45 - 51 - 71 - 72 - 80 - 81;;;;
32652;DISPONIBLE;17 - 39 - 40 - 42 - 49 - 64 - 67 - 70 - 76 - 85;10 - 13 - 14 - 21 - 41 - 44 - 48 - 59 - 64 - 65;;;;
32653;DISPONIBLE;01 - 14 - 20 - 25 - 26 - 53 - 60 - 61 - 66 - 88;06 - 09 - 12 - 15 - 19 - 47 - 53 - 58 - 68 - 74;;;;
32654;DISPONIBLE;03 - 06 - 08 - 12 - 21 - 38 - 39 - 40 - 42 - 80;18 - 24 - 36 - 37 - 39 - 40 - 41 - 48 - 52 - 87;;;;
32655;DISPONIBLE;09 - 12 - 19 - 34 - 60 - 65 - 72 - 75 - 76 - 82;12 - 17 - 38 - 42 - 43 - 45 - 55 - 58 - 60 - 62;;;;
32656;DISPONIBLE;02 - 06 - 13 - 14 - 24 - 32 - 51 - 70 - 71 - 85;23 - 31 - 38 - 39 - 40 - 56 - 57 - 70 - 80 - 81;;;;
32657;DISPONIBLE;09 - 10 - 11 - 37 - 40 - 53 - 56 - 70 - 79 - 83;11 - 15 - 39 - 44 - 51 - 53 - 61 - 64 - 65 - 77;;;;
32658;DISPONIBLE;05 - 06 - 10 - 13 - 35 - 38 - 43 - 46 - 73 - 81;12 - 20 - 28 - 42 - 43 - 69 - 74 - 75 - 85 - 89;;;;
32659;DISPONIBLE;05 - 08 - 11 - 30 - 44 - 62 - 69 - 72 - 82 - 87;04 - 08 - 27 - 28 - 37 - 40 - 46 - 73 - 82 - 89;;;;
32660;DISPONIBLE;06 - 14 - 27 - 30 - 39 - 44 - 55 - 67 - 83 - 85;12 - 17 - 25 - 37 - 41 - 54 - 71 - 72 - 86 - 87;;;;
32661;DISPONIBLE;02 - 17 - 22 - 23 - 38 - 40 - 73 - 83 - 87 - 89;13 - 15 - 32 - 40 - 57 - 65 - 66 - 68 - 79 - 87;;;;
32662;DISPONIBLE;05 - 07 - 22 - 23 - 30 - 55 - 57 - 66 - 68 - 71;11 - 25 - 31 - 37 - 47 - 59 - 63 - 68 - 72 - 88;;;;
32663;DISPONIBLE;21 - 38 - 46 - 54 - 67 - 68 - 71 - 79 - 84 - 88;04 - 06 - 12 - 25 - 27 - 28 - 34 - 82 - 86 - 88;;;;
32664;DISPONIBLE;11 - 19 - 35 - 36 - 42 - 43 - 52 - 74 - 85 - 90;09 - 17 - 29 - 30 - 35 - 36 - 63 - 66 - 82 - 89;;;;
32665;DISPONIBLE;01 - 20 - 21 - 28 - 32 - 53 - 56 - 75 - 76 - 86;24 - 25 - 31 - 33 - 45 - 50 - 56 - 78 - 83 - 86;;;;
32666;DISPONIBLE;07 - 34 - 40 - 41 - 49 - 50 - 68 - 72 - 73 - 84;01 - 25 - 29 - 43 - 58 - 63 - 66 - 70 - 75 - 89;;;;
32667;DISPONIBLE;09 - 12 - 26 - 41 - 42 - 54 - 57 - 69 - 71 - 88;13 - 24 - 29 - 34 - 41 - 58 - 67 - 71 - 72 - 76;;;;
32668;DISPONIBLE;03 - 06 - 13 - 15 - 18 - 28 - 32 - 38 - 77 - 90;07 - 20 - 21 - 36 - 37 - 54 - 56 - 67 - 72 - 88;;;;
32669;DISPONIBLE;03 - 06 - 11 - 19 - 28 - 36 - 41 - 42 - 76 - 87;04 - 06 - 14 - 15 - 20 - 53 - 54 - 58 - 69 - 79;;;;
32670;DISPONIBLE;06 - 10 - 24 - 39 - 50 - 60 - 61 - 71 - 75 - 81;01 - 10 - 31 - 32 - 38 - 67 - 76 - 80 - 88 - 89;;;;
32671;DISPONIBLE;21 - 24 - 26 - 28 - 36 - 49 - 50 - 56 - 67 - 81;37 - 38 - 44 - 50 - 51 - 66 - 69 - 70 - 71 - 89;;;;
32672;DISPONIBLE;03 - 13 - 22 - 24 - 28 - 43 - 45 - 52 - 67 - 78;04 - 18 - 23 - 25 - 27 - 43 - 49 - 77 - 85 - 90;;;;
32673;DISPONIBLE;09 - 21 - 25 - 33 - 36 - 40 - 44 - 68 - 81 - 83;25 - 26 - 51 - 54 - 56 - 69 - 74 - 82 - 83 - 88;;;;
32674;DISPONIBLE;13 - 14 - 23 - 24 - 25 - 41 - 42 - 46 - 48 - 74;06 - 10 - 11 - 19 - 20 - 33 - 52 - 73 - 77 - 79;;;;
32675;DISPONIBLE;23 - 31 - 33 - 36 - 41 - 46 - 55 - 56 - 76 - 80;05 - 32 - 36 - 44 - 46 - 60 - 61 - 67 - 71 - 80;;;;
32676;DISPONIBLE;13 - 29 - 36 - 39 - 45 - 47 - 51 - 66 - 74 - 75;01 - 05 - 06 - 08 - 14 - 16 - 55 - 65 - 69 - 82;;;;
32677;DISPONIBLE;22 - 31 - 43 - 49 - 52 - 57 - 59 - 63 - 67 - 83;31 - 34 - 43 - 48 - 49 - 66 - 70 - 74 - 83 - 89;;;;
32678;DISPONIBLE;01 - 05 - 10 - 13 - 25 - 28 - 46 - 51 - 58 - 82;09 - 15 - 22 - 26 - 34 - 38 - 47 - 48 - 79 - 82;;;;
32679;DISPONIBLE;03 - 09 - 20 - 35 - 40 - 59 - 65 - 70 - 77 - 81;01 - 12 - 16 - 38 - 49 - 60 - 69 - 70 - 79 - 80;;;;
32680;DISPONIBLE;07 - 13 - 18 - 28 - 29 - 31 - 37 - 58 - 87 - 90;13 - 25 - 35 - 40 - 64 - 69 - 70 - 84 - 85 - 90;;;;
32681;DISPONIBLE;01 - 05 - 30 - 33 - 37 - 48 - 53 - 65 - 74 - 89;41 - 44 - 57 - 59 - 63 - 69 - 70 - 71 - 84 - 88;;;;
32682;DISPONIBLE;21 - 23 - 26 - 27 - 31 - 47 - 56 - 57 - 85 - 89;06 - 24 - 33 - 38 - 41 - 60 - 61 - 62 - 68 - 88;;;;
32683;DISPONIBLE;05 - 09 - 22 - 31 - 45 - 49 - 52 - 57 - 61 - 79;15 - 35 - 47 - 52 - 59 - 61 - 66 - 70 - 79 - 81;;;;
32684;DISPONIBLE;11 - 28 - 35 - 49 - 55 - 60 - 64 - 66 - 81 - 86;10 - 17 - 32 - 39 - 49 - 59 - 69 - 80 - 88 - 90;;;;
32685;DISPONIBLE;02 - 16 - 20 - 22 - 26 - 35 - 46 - 49 - 71 - 78;03 - 11 - 46 - 61 - 64 - 67 - 71 - 73 - 75 - 87;;;;
32686;DISPONIBLE;16 - 23 - 31 - 43 - 46 - 50 - 62 - 70 - 79 - 82;04 - 05 - 15 - 19 - 26 - 42 - 58 - 62 - 80 - 83;;;;
32687;DISPONIBLE;03 - 05 - 08 - 16 - 21 - 25 - 27 - 32 - 46 - 70;05 - 17 - 21 - 50 - 52 - 65 - 72 - 83 - 87 - 88;;;;
32688;DISPONIBLE;08 - 20 - 37 - 53 - 54 - 69 - 71 - 74 - 75 - 81;02 - 11 - 26 - 29 - 43 - 45 - 70 - 79 - 80 - 82;;;;
32689;DISPONIBLE;04 - 05 - 14 - 27 - 29 - 37 - 47 - 60 - 66 - 87;10 - 14 - 26 - 30 - 42 - 44 - 46 - 71 - 73 - 77;;;;
32690;DISPONIBLE;05 - 15 - 19 - 22 - 35 - 36 - 65 - 73 - 77 - 89;23 - 24 - 25 - 29 - 45 - 57 - 62 - 64 - 81 - 89;;;;
32691;DISPONIBLE;03 - 18 - 23 - 27 - 30 - 33 - 34 - 60 - 64 - 72;08 - 17 - 19 - 25 - 26 - 54 - 55 - 62 - 76 - 88;;;;
32692;DISPONIBLE;06 - 08 - 20 - 22 - 36 - 38 - 45 - 48 - 67 - 86;03 - 05 - 16 - 22 - 53 - 58 - 62 - 69 - 83 - 90;;;;
32693;DISPONIBLE;02 - 09 - 35 - 45 - 52 - 56 - 63 - 69 - 70 - 81;06 - 10 - 22 - 24 - 27 - 49 - 63 - 64 - 87 - 89;;;;
32694;DISPONIBLE;05 - 23 - 27 - 36 - 50 - 57 - 61 - 66 - 76 - 82;09 - 22 - 27 - 29 - 42 - 64 - 73 - 76 - 81 - 84;;;;
32695;DISPONIBLE;06 - 21 - 25 - 40 - 41 - 53 - 56 - 75 - 80 - 85;08 - 19 - 33 - 37 - 53 - 64 - 72 - 84 - 88 - 90;;;;
32696;DISPONIBLE;01 - 02 - 17 - 19 - 30 - 43 - 51 - 63 - 83 - 86;02 - 23 - 31 - 36 - 43 - 46 - 63 - 65 - 80 - 90;;;;
32697;DISPONIBLE;12 - 13 - 16 - 19 - 24 - 55 - 63 - 81 - 82 - 88;08 - 13 - 16 - 24 - 43 - 55 - 69 - 73 - 76 - 79;;;;
32698;DISPONIBLE;07 - 14 - 19 - 25 - 34 - 40 - 51 - 56 - 62 - 75;03 - 08 - 10 - 16 - 29 - 32 - 45 - 52 - 78 - 82;;;;
32699;DISPONIBLE;05 - 06 - 13 - 19 - 27 - 32 - 38 - 57 - 74 - 88;04 - 13 - 42 - 45 - 48 - 60 - 73 - 74 - 75 - 76;;;;
32700;DISPONIBLE;25 - 27 - 33 - 35 - 38 - 39 - 48 - 61 - 83 - 90;10 - 11 - 16 - 31 - 35 - 46 - 52 - 56 - 68 - 88;;;;
32701;DISPONIBLE;05 - 11 - 18 - 20 - 29 - 40 - 42 - 51 - 63 - 85;11 - 12 - 22 - 47 - 53 - 57 - 60 - 61 - 63 - 72;;;;
32702;DISPONIBLE;03 - 09 - 24 - 29 - 34 - 37 - 52 - 54 - 65 - 81;05 - 07 - 11 - 16 - 22 - 28 - 57 - 69 - 70 - 80;;;;
32703;DISPONIBLE;09 - 11 - 29 - 39 - 40 - 50 - 59 - 68 - 79 - 87;03 - 07 - 09 - 16 - 28 - 31 - 43 - 68 - 69 - 85;;;;
32704;DISPONIBLE;13 - 17 - 18 - 23 - 44 - 48 - 52 - 61 - 62 - 68;08 - 09 - 11 - 15 - 48 - 56 - 63 - 67 - 76 - 90;;;;
32705;DISPONIBLE;04 - 16 - 17 - 19 - 21 - 47 - 55 - 67 - 71 - 73;04 - 12 - 31 - 39 - 49 - 54 - 61 - 67 - 71 - 83;;;;
32706;DISPONIBLE;07 - 08 - 17 - 41 - 47 - 48 - 62 - 64 - 67 - 72;02 - 03 - 11 - 12 - 37 - 51 - 58 - 61 - 67 - 85;;;;
32707;DISPONIBLE;01 - 04 - 15 - 17 - 21 - 26 - 37 - 53 - 55 - 69;07 - 21 - 24 - 29 - 70 - 75 - 76 - 80 - 86 - 88;;;;
32708;DISPONIBLE;09 - 14 - 15 - 22 - 30 - 51 - 58 - 62 - 73 - 85;08 - 12 - 16 - 24 - 29 - 51 - 63 - 79 - 82 - 90;;;;
32709;DISPONIBLE;08 - 12 - 13 - 14 - 25 - 27 - 48 - 58 - 60 - 85;18 - 29 - 30 - 53 - 55 - 57 - 61 - 77 - 80 - 86;;;;
32710;DISPONIBLE;08 - 12 - 13 - 14 - 15 - 28 - 41 - 42 - 43 - 46;07 - 10 - 16 - 46 - 53 - 57 - 78 - 88 - 89 - 90;;;;
32711;DISPONIBLE;09 - 15 - 20 - 38 - 40 - 44 - 46 - 58 - 78 - 84;02 - 08 - 15 - 26 - 27 - 45 - 51 - 52 - 84 - 89;;;;
32712;DISPONIBLE;09 - 14 - 15 - 41 - 50 - 53 - 63 - 69 - 75 - 87;02 - 14 - 16 - 18 - 19 - 25 - 34 - 62 - 76 - 86;;;;
32713;DISPONIBLE;03 - 30 - 38 - 55 - 57 - 67 - 69 - 76 - 82 - 87;30 - 31 - 33 - 39 - 42 - 66 - 70 - 83 - 86 - 89;;;;
32714;DISPONIBLE;21 - 24 - 26 - 33 - 34 - 35 - 41 - 67 - 82 - 89;11 - 16 - 35 - 36 - 37 - 43 - 47 - 62 - 81 - 84;;;;
32715;DISPONIBLE;03 - 18 - 33 - 34 - 35 - 37 - 46 - 72 - 75 - 83;01 - 08 - 17 - 18 - 25 - 27 - 44 - 49 - 63 - 88;;;;
32716;DISPONIBLE;01 - 02 - 15 - 19 - 30 - 34 - 47 - 62 - 65 - 73;01 - 20 - 32 - 36 - 51 - 53 - 59 - 70 - 77 - 84;;;;
32717;DISPONIBLE;03 - 04 - 32 - 37 - 43 - 48 - 53 - 67 - 85 - 88;09 - 12 - 15 - 30 - 43 - 44 - 57 - 73 - 84 - 89;;;;
32718;DISPONIBLE;10 - 29 - 54 - 55 - 58 - 60 - 66 - 78 - 82 - 84;04 - 21 - 28 - 44 - 51 - 55 - 56 - 59 - 64 - 75;;;;
32719;DISPONIBLE;06 - 08 - 10 - 19 - 31 - 64 - 68 - 82 - 83 - 84;06 - 25 - 31 - 40 - 50 - 51 - 58 - 69 - 78 - 79;;;;
32720;DISPONIBLE;16 - 25 - 40 - 44 - 49 - 52 - 58 - 63 - 66 - 68;01 - 05 - 07 - 12 - 27 - 35 - 40 - 52 - 75 - 80;;;;
32721;DISPONIBLE;08 - 17 - 19 - 23 - 43 - 52 - 57 - 67 - 80 - 87;26 - 27 - 41 - 43 - 52 - 55 - 59 - 69 - 78 - 85;;;;
32722;DISPONIBLE;06 - 22 - 23 - 34 - 47 - 53 - 73 - 79 - 81 - 90;06 - 09 - 18 - 25 - 41 - 48 - 63 - 64 - 77 - 80;;;;
32723;DISPONIBLE;20 - 32 - 34 - 36 - 41 - 59 - 63 - 69 - 73 - 82;01 - 13 - 24 - 26 - 30 - 46 - 49 - 61 - 64 - 67;;;;
32724;DISPONIBLE;15 - 25 - 30 - 35 - 45 - 59 - 67 - 70 - 73 - 81;04 - 10 - 14 - 20 - 26 - 47 - 52 - 63 - 66 - 69;;;;
32725;DISPONIBLE;01 - 06 - 11 - 18 - 30 - 33 - 47 - 48 - 64 - 81;13 - 14 - 26 - 28 - 36 - 46 - 55 - 69 - 71 - 76;;;;
32726;DISPONIBLE;08 - 10 - 12 - 36 - 39 - 65 - 72 - 77 - 84 - 86;20 - 26 - 30 - 32 - 35 - 47 - 51 - 64 - 76 - 82;;;;
32727;DISPONIBLE;02 - 09 - 11 - 15 - 16 - 22 - 38 - 50 - 55 - 62;05 - 09 - 13 - 17 - 30 - 52 - 57 - 59 - 62 - 74;;;;
32728;DISPONIBLE;12 - 37 - 47 - 50 - 52 - 70 - 71 - 74 - 81 - 89;02 - 13 - 31 - 43 - 44 - 67 - 68 - 70 - 81 - 83;;;;
32729;DISPONIBLE;05 - 23 - 28 - 32 - 48 - 49 - 73 - 75 - 76 - 87;18 - 33 - 38 - 50 - 58 - 65 - 77 - 80 - 85 - 86;;;;
32730;DISPONIBLE;02 - 11 - 16 - 33 - 34 - 35 - 39 - 40 - 49 - 86;03 - 04 - 20 - 32 - 54 - 72 - 77 - 81 - 83 - 89;;;;
32731;DISPONIBLE;03 - 06 - 18 - 38 - 45 - 46 - 60 - 61 - 65 - 87;02 - 26 - 27 - 36 - 48 - 50 - 63 - 75 - 82 - 90;;;;
32732;DISPONIBLE;19 - 24 - 30 - 31 - 36 - 42 - 47 - 61 - 71 - 81;13 - 15 - 34 - 41 - 51 - 60 - 61 - 63 - 64 - 77;;;;
32733;DISPONIBLE;06 - 09 - 19 - 24 - 26 - 46 - 56 - 60 - 68 - 70;07 - 23 - 27 - 28 - 36 - 46 - 62 - 64 - 81 - 87;;;;
32734;DISPONIBLE;04 - 11 - 19 - 22 - 27 - 28 - 30 - 36 - 67 - 85;21 - 30 - 32 - 38 - 39 - 42 - 53 - 71 - 74 - 75;;;;
32735;DISPONIBLE;06 - 21 - 22 - 42 - 67 - 68 - 74 - 75 - 87 - 90;08 - 23 - 34 - 49 - 63 - 68 - 72 - 73 - 78 - 79;;;;
32736;DISPONIBLE;01 - 04 - 05 - 07 - 16 - 17 - 35 - 54 - 58 - 82;05 - 55 - 64 - 66 - 79 - 81 - 82 - 86 - 87 - 90;;;;
32737;DISPONIBLE;08 - 11 - 20 - 22 - 29 - 30 - 38 - 54 - 63 - 82;02 - 34 - 35 - 37 - 38 - 39 - 50 - 63 - 67 - 68;;;;
32738;DISPONIBLE;12 - 14 - 19 - 21 - 27 - 38 - 49 - 57 - 70 - 83;05 - 09 - 22 - 28 - 30 - 32 - 70 - 81 - 82 - 85;;;;
32739;DISPONIBLE;01 - 20 - 24 - 27 - 29 - 58 - 65 - 80 - 83 - 84;13 - 26 - 34 - 37 - 55 - 59 - 67 - 75 - 85 - 90;;;;
32740;DISPONIBLE;02 - 04 - 40 - 50 - 55 - 57 - 61 - 64 - 78 - 89;01 - 12 - 21 - 27 - 34 - 39 - 44 - 52 - 58 - 69;;;;
32741;DISPONIBLE;19 - 23 - 26 - 38 - 42 - 67 - 72 - 77 - 82 - 88;04 - 07 - 22 - 39 - 49 - 52 - 63 - 71 - 82 - 85;;;;
32742;DISPONIBLE;01 - 07 - 10 - 49 - 54 - 65 - 74 - 76 - 77 - 86;02 - 06 - 14 - 15 - 29 - 30 - 33 - 56 - 67 - 87;;;;
32743;DISPONIBLE;28 - 29 - 33 - 50 - 55 - 62 - 64 - 65 - 78 - 86;13 - 19 - 24 - 36 - 38 - 46 - 62 - 72 - 77 - 82;;;;
32744;DISPONIBLE;07 - 32 - 40 - 41 - 55 - 62 - 65 - 69 - 76 - 90;02 - 05 - 22 - 36 - 38 - 40 - 47 - 52 - 78 - 82;;;;
32745;DISPONIBLE;11 - 18 - 20 - 29 - 41 - 54 - 63 - 70 - 79 - 88;10 - 17 - 22 - 33 - 34 - 43 - 46 - 49 - 55 - 90;;;;
32746;DISPONIBLE;03 - 04 - 13 - 15 - 16 - 32 - 61 - 71 - 78 - 90;12 - 25 - 47 - 48 - 50 - 53 - 55 - 63 - 74 - 82;;;;
32747;DISPONIBLE;11 - 41 - 43 - 44 - 50 - 51 - 64 - 67 - 70 - 89;03 - 12 - 36 - 42 - 44 - 50 - 53 - 66 - 77 - 90;;;;
32748;DISPONIBLE;04 - 10 - 17 - 33 - 50 - 53 - 61 - 65 - 80 - 88;01 - 02 - 07 - 10 - 11 - 20 - 31 - 32 - 60 - 77;;;;
32749;DISPONIBLE;02 - 20 - 27 - 30 - 49 - 52 - 67 - 74 - 75 - 89;02 - 08 - 09 - 17 - 28 - 34 - 42 - 65 - 68 - 69;;;;
32750;DISPONIBLE;04 - 09 - 29 - 30 - 37 - 62 - 66 - 80 - 83 - 86;05 - 11 - 27 - 44 - 46 - 52 - 58 - 59 - 67 - 72;;;;
32751;DISPONIBLE;14 - 15 - 22 - 37 - 40 - 45 - 53 - 57 - 65 - 81;03 - 21 - 23 - 51 - 52 - 56 - 57 - 60 - 86 - 88;;;;
32752;DISPONIBLE;03 - 04 - 17 - 23 - 33 - 56 - 71 - 84 - 88 - 89;23 - 24 - 26 - 36 - 53 - 59 - 62 - 76 - 83 - 84;;;;
32753;DISPONIBLE;04 - 05 - 06 - 26 - 27 - 38 - 45 - 65 - 71 - 76;04 - 25 - 29 - 33 - 37 - 41 - 58 - 78 - 81 - 87;;;;
32754;DISPONIBLE;12 - 28 - 34 - 39 - 49 - 60 - 73 - 76 - 78 - 79;01 - 23 - 32 - 52 - 58 - 73 - 81 - 86 - 87 - 89;;;;
32755;DISPONIBLE;03 - 24 - 34 - 35 - 50 - 53 - 55 - 69 - 79 - 88;13 - 16 - 42 - 56 - 61 - 65 - 68 - 71 - 81 - 86;;;;
32756;DISPONIBLE;07 - 17 - 19 - 21 - 26 - 29 - 50 - 52 - 62 - 82;03 - 06 - 17 - 21 - 22 - 41 - 45 - 66 - 76 - 81;;;;
32757;DISPONIBLE;16 - 28 - 29 - 40 - 46 - 52 - 56 - 57 - 66 - 86;01 - 04 - 07 - 29 - 45 - 52 - 56 - 76 - 82 - 83;;;;
32758;DISPONIBLE;17 - 29 - 47 - 50 - 64 - 68 - 69 - 76 - 77 - 79;01 - 03 - 26 - 29 - 30 - 37 - 50 - 52 - 53 - 62;;;;
32759;DISPONIBLE;20 - 27 - 33 - 43 - 44 - 53 - 60 - 64 - 70 - 83;04 - 10 - 23 - 32 - 35 - 54 - 57 - 69 - 78 - 87;;;;
32760;DISPONIBLE;14 - 17 - 32 - 41 - 52 - 63 - 68 - 82 - 83 - 86;03 - 13 - 20 - 28 - 47 - 50 - 69 - 70 - 71 - 86;;;;
32761;DISPONIBLE;09 - 10 - 25 - 29 - 41 - 45 - 69 - 83 - 84 - 90;03 - 04 - 39 - 41 - 42 - 44 - 52 - 56 - 58 - 62;;;;
32762;DISPONIBLE;18 - 20 - 46 - 49 - 53 - 62 - 64 - 69 - 71 - 74;10 - 12 - 14 - 19 - 54 - 58 - 64 - 73 - 78 - 80;;;;
32763;DISPONIBLE;02 - 10 - 26 - 31 - 32 - 40 - 47 - 69 - 70 - 79;01 - 06 - 10 - 17 - 30 - 47 - 50 - 61 - 75 - 87;;;;
32764;DISPONIBLE;27 - 30 - 34 - 56 - 58 - 62 - 65 - 82 - 83 - 87;01 - 07 - 41 - 42 - 51 - 53 - 56 - 76 - 83 - 84;;;;
32765;DISPONIBLE;01 - 04 - 05 - 11 - 13 - 22 - 27 - 61 - 62 - 75;01 - 04 - 07 - 11 - 26 - 27 - 71 - 76 - 87 - 89;;;;
32766;DISPONIBLE;11 - 17 - 22 - 31 - 33 - 51 - 61 - 78 - 86 - 89;04 - 08 - 14 - 21 - 38 - 40 - 66 - 74 - 80 - 89;;;;
32767;DISPONIBLE;04 - 19 - 22 - 37 - 56 - 59 - 62 - 75 - 80 - 85;11 - 27 - 37 - 38 - 43 - 50 - 61 - 70 - 73 - 83;;;;
32768;DISPONIBLE;08 - 12 - 18 - 41 - 51 - 59 - 65 - 70 - 78 - 83;27 - 28 - 29 - 30 - 37 - 46 - 55 - 60 - 70 - 88;;;;
32769;DISPONIBLE;01 - 29 - 32 - 37 - 51 - 57 - 59 - 61 - 65 - 86;02 - 06 - 37 - 44 - 56 - 64 - 68 - 72 - 81 - 88;;;;
32770;DISPONIBLE;18 - 26 - 41 - 44 - 50 - 57 - 62 - 86 - 87 - 89;06 - 09 - 12 - 17 - 51 - 55 - 69 - 75 - 83 - 89;;;;
32771;DISPONIBLE;11 - 18 - 27 - 34 - 35 - 51 - 66 - 77 - 86 - 88;01 - 11 - 13 - 20 - 22 - 25 - 37 - 50 - 53 - 66;;;;
32772;DISPONIBLE;03 - 07 - 08 - 09 - 15 - 43 - 45 - 56 - 68 - 69;02 - 04 - 29 - 44 - 50 - 55 - 62 - 73 - 81 - 85;;;;
32773;DISPONIBLE;01 - 02 - 13 - 29 - 33 - 40 - 61 - 73 - 76 - 79;49 - 53 - 55 - 60 - 64 - 65 - 71 - 76 - 78 - 84;;;;
32774;DISPONIBLE;14 - 23 - 32 - 36 - 38 - 39 - 59 - 71 - 73 - 81;02 - 07 - 19 - 20 - 21 - 36 - 47 - 56 - 69 - 75;;;;
32775;DISPONIBLE;18 - 28 - 32 - 43 - 50 - 55 - 74 - 75 - 85 - 90;01 - 02 - 30 - 32 - 56 - 58 - 76 - 84 - 88 - 90;;;;
32776;DISPONIBLE;07 - 11 - 29 - 32 - 33 - 36 - 39 - 41 - 59 - 89;01 - 11 - 19 - 27 - 34 - 35 - 47 - 54 - 62 - 71;;;;
32777;DISPONIBLE;02 - 19 - 33 - 38 - 39 - 40 - 62 - 64 - 74 - 87;01 - 05 - 15 - 31 - 34 - 38 - 43 - 65 - 68 - 89;;;;
32778;DISPONIBLE;22 - 34 - 36 - 63 - 65 - 67 - 75 - 77 - 81 - 82;09 - 20 - 35 - 36 - 40 - 43 - 52 - 54 - 82 - 89;;;;
32779;DISPONIBLE;05 - 15 - 22 - 35 - 51 - 52 - 59 - 62 - 72 - 81;02 - 19 - 21 - 32 - 39 - 66 - 71 - 83 - 85 - 88;;;;
32780;DISPONIBLE;01 - 10 - 14 - 15 - 24 - 32 - 52 - 61 - 64 - 67;02 - 06 - 09 - 17 - 23 - 28 - 55 - 65 - 70 - 74;;;;
32781;DISPONIBLE;05 - 11 - 17 - 44 - 45 - 46 - 68 - 79 - 85 - 86;15 - 16 - 32 - 51 - 52 - 53 - 56 - 59 - 68 - 84;;;;
32782;DISPONIBLE;09 - 17 - 26 - 41 - 49 - 58 - 66 - 67 - 72 - 79;02 - 03 - 29 - 43 - 58 - 62 - 73 - 75 - 82 - 83;;;;
32783;DISPONIBLE;03 - 20 - 26 - 39 - 56 - 62 - 64 - 70 - 72 - 77;02 - 13 - 20 - 22 - 35 - 39 - 41 - 58 - 68 - 81;;;;
32784;DISPONIBLE;12 - 28 - 30 - 38 - 49 - 59 - 64 - 65 - 72 - 79;15 - 24 - 28 - 45 - 57 - 70 - 81 - 84 - 86 - 90;;;;
32785;DISPONIBLE;49 - 51 - 58 - 65 - 68 - 71 - 74 - 77 - 86 - 89;02 - 08 - 23 - 54 - 60 - 64 - 67 - 77 - 81 - 83;;;;
32786;DISPONIBLE;15 - 17 - 35 - 38 - 50 - 54 - 60 - 78 - 81 - 85;16 - 21 - 22 - 29 - 51 - 53 - 66 - 78 - 84 - 90;;;;
32787;DISPONIBLE;04 - 05 - 13 - 39 - 47 - 48 - 53 - 55 - 71 - 90;05 - 16 - 21 - 24 - 26 - 32 - 43 - 50 - 55 - 75;;;;
32788;DISPONIBLE;04 - 05 - 07 - 24 - 35 - 49 - 53 - 58 - 85 - 86;20 - 36 - 41 - 53 - 59 - 64 - 71 - 72 - 73 - 80;;;;
32789;DISPONIBLE;03 - 19 - 28 - 38 - 40 - 49 - 50 - 59 - 65 - 81;06 - 17 - 25 - 28 - 44 - 45 - 51 - 58 - 59 - 77;;;;
32790;DISPONIBLE;08 - 10 - 12 - 19 - 38 - 49 - 60 - 69 - 80 - 86;04 - 05 - 18 - 29 - 37 - 51 - 64 - 65 - 86 - 89;;;;
32791;DISPONIBLE;07 - 34 - 36 - 39 - 54 - 66 - 76 - 81 - 83 - 86;15 - 22 - 41 - 51 - 64 - 66 - 67 - 82 - 84 - 90;;;;
32792;DISPONIBLE;01 - 35 - 37 - 39 - 46 - 61 - 67 - 74 - 82 - 84;16 - 20 - 24 - 34 - 35 - 39 - 57 - 60 - 69 - 84;;;;
32793;DISPONIBLE;07 - 26 - 39 - 43 - 52 - 70 - 78 - 82 - 87 - 90;09 - 10 - 28 - 32 - 37 - 48 - 55 - 63 - 81 - 86;;;;
32794;DISPONIBLE;20 - 21 - 28 - 30 - 42 - 45 - 65 - 71 - 77 - 79;08 - 19 - 20 - 21 - 30 - 49 - 65 - 77 - 79 - 84;;;;
32795;DISPONIBLE;06 - 12 - 14 - 17 - 28 - 34 - 36 - 45 - 50 - 71;01 - 28 - 35 - 41 - 43 - 47 - 50 - 71 - 77 - 89;;;;
32796;DISPONIBLE;11 - 17 - 25 - 34 - 35 - 65 - 70 - 81 - 82 - 89;16 - 20 - 33 - 37 - 60 - 77 - 82 - 83 - 86 - 88;;;;
32797;DISPONIBLE;23 - 27 - 42 - 50 - 61 - 69 - 72 - 74 - 75 - 89;14 - 15 - 17 - 31 - 56 - 60 - 77 - 81 - 83 - 87;;;;
32798;DISPONIBLE;06 - 14 - 16 - 27 - 39 - 53 - 78 - 79 - 80 - 84;11 - 18 - 22 - 38 - 47 - 52 - 57 - 66 - 67 - 85;;;;
32799;DISPONIBLE;08 - 20 - 25 - 32 - 40 - 76 - 84 - 85 - 86 - 88;01 - 15 - 19 - 28 - 38 - 45 - 52 - 55 - 69 - 79;;;;
32800;DISPONIBLE;10 - 14 - 15 - 18 - 29 - 36 - 67 - 81 - 86 - 87;18 - 32 - 33 - 48 - 58 - 62 - 69 - 78 - 88 - 89;;;;
32801;DISPONIBLE;16 - 26 - 44 - 52 - 65 - 68 - 71 - 72 - 80 - 86;06 - 15 - 22 - 46 - 49 - 57 - 73 - 77 - 79 - 86;;;;
32802;DISPONIBLE;11 - 19 - 36 - 42 - 43 - 45 - 53 - 69 - 72 - 88;06 - 10 - 17 - 24 - 32 - 51 - 58 - 63 - 76 - 89;;;;
32803;DISPONIBLE;09 - 16 - 19 - 36 - 50 - 54 - 62 - 68 - 80 - 87;01 - 02 - 14 - 15 - 24 - 53 - 55 - 56 - 71 - 80;;;;
32804;DISPONIBLE;03 - 04 - 05 - 12 - 48 - 54 - 57 - 69 - 74 - 75;06 - 07 - 15 - 24 - 27 - 30 - 48 - 54 - 58 - 63;;;;
32805;DISPONIBLE;04 - 07 - 11 - 12 - 37 - 46 - 49 - 59 - 62 - 64;06 - 24 - 27 - 51 - 52 - 53 - 61 - 65 - 80 - 84;;;;
32806;DISPONIBLE;04 - 08 - 09 - 15 - 21 - 62 - 63 - 77 - 82 - 85;20 - 29 - 33 - 39 - 58 - 63 - 64 - 71 - 76 - 80;;;;
32807;DISPONIBLE;02 - 24 - 28 - 31 - 42 - 49 - 61 - 66 - 68 - 84;16 - 23 - 25 - 28 - 40 - 53 - 66 - 86 - 88 - 90;;;;
32808;DISPONIBLE;04 - 10 - 14 - 19 - 21 - 31 - 33 - 48 - 56 - 79;09 - 14 - 25 - 28 - 40 - 41 - 49 - 69 - 81 - 85;;;;
32809;DISPONIBLE;26 - 28 - 35 - 36 - 39 - 53 - 54 - 55 - 58 - 88;04 - 16 - 18 - 23 - 38 - 39 - 51 - 65 - 69 - 76;;;;
32810;DISPONIBLE;01 - 19 - 23 - 26 - 27 - 40 - 44 - 52 - 69 - 71;13 - 17 - 32 - 33 - 35 - 37 - 48 - 64 - 68 - 77;;;;
32811;DISPONIBLE;03 - 04 - 05 - 18 - 45 - 47 - 60 - 62 - 89 - 90;19 - 26 - 34 - 37 - 58 - 63 - 65 - 69 - 70 - 78;;;;
32812;DISPONIBLE;01 - 13 - 17 - 24 - 28 - 41 - 55 - 62 - 67 - 89;13 - 30 - 32 - 60 - 64 - 69 - 72 - 79 - 81 - 83;;;;
32813;DISPONIBLE;22 - 27 - 31 - 43 - 49 - 57 - 58 - 66 - 86 - 87;01 - 06 - 20 - 30 - 39 - 47 - 52 - 53 - 64 - 82;;;;
32814;DISPONIBLE;38 - 44 - 48 - 49 - 64 - 68 - 70 - 71 - 81 - 90;02 - 05 - 08 - 15 - 20 - 40 - 51 - 60 - 69 - 80;;;;
32815;DISPONIBLE;21 - 27 - 33 - 39 - 47 - 50 - 61 - 69 - 74 - 90;03 - 06 - 12 - 25 - 29 - 48 - 50 - 56 - 69 - 87;;;;
32816;DISPONIBLE;03 - 11 - 15 - 26 - 31 - 51 - 57 - 67 - 82 - 88;07 - 13 - 26 - 29 - 45 - 53 - 58 - 65 - 69 - 80;;;;
32817;DISPONIBLE;21 - 23 - 25 - 38 - 47 - 51 - 52 - 54 - 78 - 84;06 - 08 - 17 - 31 - 34 - 71 - 72 - 77 - 83 - 86;;;;
32818;DISPONIBLE;02 - 09 - 11 - 18 - 35 - 56 - 61 - 76 - 79 - 80;01 - 10 - 11 - 20 - 23 - 31 - 56 - 66 - 76 - 86;;;;
32819;DISPONIBLE;08 - 18 - 21 - 35 - 38 - 41 - 44 - 74 - 82 - 90;07 - 14 - 26 - 33 - 38 - 42 - 51 - 73 - 85 - 88;;;;
32820;DISPONIBLE;02 - 09 - 26 - 27 - 31 - 43 - 52 - 54 - 57 - 90;02 - 18 - 20 - 34 - 38 - 57 - 59 - 67 - 83 - 86;;;;
32821;DISPONIBLE;01 - 03 - 10 - 20 - 27 - 40 - 44 - 47 - 51 - 65;01 - 13 - 19 - 31 - 32 - 36 - 42 - 64 - 82 - 89;;;;
32822;DISPONIBLE;01 - 05 - 09 - 18 - 21 - 33 - 49 - 50 - 58 - 89;03 - 06 - 08 - 25 - 33 - 52 - 55 - 58 - 82 - 83;;;;
32823;DISPONIBLE;06 - 08 - 09 - 22 - 25 - 26 - 38 - 42 - 54 - 74;04 - 16 - 25 - 29 - 40 - 49 - 57 - 58 - 61 - 85;;;;
32824;DISPONIBLE;02 - 07 - 13 - 21 - 31 - 32 - 52 - 55 - 73 - 82;05 - 48 - 51 - 54 - 61 - 69 - 72 - 77 - 80 - 81;;;;
32825;DISPONIBLE;03 - 21 - 53 - 58 - 65 - 66 - 71 - 77 - 83 - 90;19 - 20 - 34 - 46 - 50 - 60 - 61 - 77 - 79 - 84;;;;
32826;DISPONIBLE;01 - 22 - 35 - 36 - 53 - 61 - 65 - 73 - 80 - 81;08 - 11 - 21 - 23 - 25 - 38 - 40 - 44 - 56 - 67;;;;
32827;DISPONIBLE;03 - 08 - 29 - 39 - 44 - 56 - 61 - 69 - 81 - 84;08 - 23 - 24 - 35 - 36 - 54 - 71 - 81 - 83 - 84;;;;
32828;DISPONIBLE;07 - 10 - 12 - 16 - 49 - 56 - 58 - 60 - 63 - 89;06 - 08 - 11 - 29 - 35 - 56 - 62 - 74 - 75 - 88;;;;
32829;DISPONIBLE;03 - 11 - 18 - 19 - 20 - 44 - 60 - 74 - 79 - 82;05 - 07 - 54 - 56 - 57 - 68 - 72 - 82 - 86 - 89;;;;
32830;DISPONIBLE;32 - 40 - 42 - 44 - 60 - 63 - 81 - 82 - 87 - 90;08 - 15 - 18 - 22 - 30 - 37 - 62 - 72 - 73 - 87;;;;
32831;DISPONIBLE;04 - 09 - 11 - 15 - 18 - 22 - 28 - 60 - 73 - 86;03 - 35 - 41 - 46 - 52 - 53 - 67 - 71 - 85 - 88;;;;
32832;DISPONIBLE;18 - 21 - 23 - 26 - 40 - 44 - 54 - 61 - 69 - 80;03 - 04 - 06 - 12 - 32 - 34 - 43 - 59 - 85 - 86;;;;
32833;DISPONIBLE;28 - 53 - 55 - 57 - 67 - 71 - 75 - 76 - 81 - 90;01 - 06 - 19 - 38 - 46 - 52 - 53 - 71 - 73 - 87;;;;
32834;DISPONIBLE;04 - 22 - 25 - 26 - 48 - 49 - 55 - 63 - 83 - 85;04 - 11 - 26 - 34 - 51 - 54 - 58 - 75 - 80 - 83;;;;
32835;DISPONIBLE;11 - 21 - 28 - 57 - 71 - 74 - 77 - 82 - 84 - 87;01 - 12 - 14 - 37 - 43 - 46 - 50 - 57 - 67 - 76;;;;
32836;DISPONIBLE;01 - 04 - 11 - 21 - 27 - 31 - 34 - 37 - 51 - 84;13 - 18 - 21 - 22 - 46 - 48 - 57 - 59 - 67 - 71;;;;
32837;DISPONIBLE;10 - 11 - 17 - 38 - 44 - 59 - 64 - 68 - 75 - 84;01 - 05 - 10 - 18 - 39 - 54 - 56 - 59 - 62 - 74;;;;
32838;DISPONIBLE;07 - 14 - 18 - 24 - 25 - 36 - 45 - 54 - 55 - 87;04 - 05 - 07 - 20 - 34 - 48 - 54 - 67 - 68 - 87;;;;
32839;DISPONIBLE;03 - 08 - 12 - 48 - 61 - 64 - 71 - 73 - 80 - 84;02 - 17 - 18 - 26 - 30 - 49 - 62 - 65 - 75 - 76;;;;
32840;DISPONIBLE;08 - 22 - 27 - 32 - 38 - 54 - 56 - 57 - 69 - 87;03 - 11 - 27 - 34 - 54 - 66 - 76 - 79 - 81 - 85;;;;
32841;DISPONIBLE;14 - 16 - 19 - 27 - 40 - 45 - 51 - 52 - 62 - 66;04 - 12 - 13 - 30 - 53 - 57 - 64 - 72 - 78 - 83;;;;
32842;DISPONIBLE;06 - 07 - 24 - 34 - 35 - 36 - 50 - 54 - 66 - 82;17 - 19 - 21 - 24 - 28 - 32 - 75 - 76 - 78 - 86;;;;
32843;DISPONIBLE;05 - 13 - 16 - 17 - 23 - 27 - 35 - 60 - 66 - 75;01 - 18 - 27 - 59 - 67 - 68 - 69 - 72 - 76 - 78;;;;
32844;DISPONIBLE;09 - 12 - 18 - 19 - 26 - 33 - 35 - 51 - 62 - 79;06 - 27 - 38 - 46 - 53 - 54 - 63 - 78 - 88 - 89;;;;
32845;DISPONIBLE;08 - 11 - 24 - 33 - 41 - 46 - 50 - 69 - 73 - 74;04 - 05 - 07 - 18 - 22 - 37 - 43 - 54 - 64 - 75;;;;
32846;DISPONIBLE;05 - 11 - 13 - 46 - 50 - 57 - 59 - 65 - 83 - 87;16 - 18 - 31 - 38 - 39 - 43 - 61 - 74 - 82 - 84;;;;
32847;DISPONIBLE;06 - 21 - 29 - 41 - 48 - 63 - 76 - 79 - 87 - 89;08 - 15 - 19 - 46 - 55 - 67 - 74 - 76 - 86 - 88;;;;
32848;DISPONIBLE;17 - 35 - 37 - 51 - 54 - 62 - 67 - 70 - 72 - 82;05 - 12 - 26 - 32 - 38 - 41 - 45 - 54 - 87 - 90;;;;
32849;DISPONIBLE;15 - 29 - 51 - 53 - 55 - 57 - 60 - 64 - 81 - 85;10 - 18 - 22 - 26 - 52 - 57 - 61 - 62 - 64 - 69;;;;
32850;DISPONIBLE;10 - 18 - 32 - 36 - 37 - 59 - 66 - 73 - 85 - 88;01 - 06 - 23 - 27 - 42 - 51 - 62 - 85 - 87 - 90;;;;
32851;DISPONIBLE;04 - 05 - 06 - 17 - 19 - 31 - 52 - 56 - 68 - 76;16 - 39 - 40 - 48 - 53 - 60 - 62 - 64 - 71 - 79;;;;
32852;DISPONIBLE;05 - 08 - 15 - 32 - 48 - 69 - 71 - 73 - 87 - 90;05 - 13 - 20 - 23 - 31 - 38 - 65 - 68 - 85 - 88;;;;
32853;DISPONIBLE;08 - 16 - 19 - 27 - 29 - 38 - 48 - 58 - 64 - 87;18 - 37 - 39 - 55 - 63 - 64 - 74 - 78 - 80 - 88;;;;
32854;DISPONIBLE;14 - 21 - 29 - 40 - 53 - 60 - 78 - 80 - 87 - 88;15 - 16 - 20 - 33 - 38 - 39 - 49 - 50 - 53 - 65;;;;
32855;DISPONIBLE;06 - 10 - 25 - 31 - 37 - 42 - 43 - 59 - 72 - 78;03 - 04 - 15 - 23 - 27 - 33 - 37 - 39 - 57 - 79;;;;
32856;DISPONIBLE;03 - 05 - 12 - 15 - 61 - 64 - 71 - 72 - 73 - 84;26 - 37 - 38 - 42 - 46 - 52 - 59 - 62 - 68 - 80;;;;
32857;DISPONIBLE;15 - 21 - 22 - 26 - 34 - 38 - 60 - 61 - 70 - 75;32 - 39 - 42 - 46 - 66 - 71 - 75 - 77 - 80 - 87;;;;
32858;DISPONIBLE;04 - 05 - 08 - 30 - 31 - 41 - 42 - 52 - 66 - 83;01 - 08 - 10 - 38 - 51 - 60 - 67 - 75 - 77 - 85;;;;
32859;DISPONIBLE;03 - 15 - 31 - 34 - 39 - 60 - 67 - 69 - 87 - 88;07 - 27 - 30 - 32 - 55 - 58 - 68 - 73 - 76 - 88;;;;
32860;DISPONIBLE;02 - 09 - 21 - 27 - 33 - 50 - 55 - 58 - 61 - 82;14 - 21 - 25 - 29 - 35 - 45 - 46 - 59 - 72 - 73;;;;
32861;DISPONIBLE;04 - 16 - 25 - 37 - 38 - 52 - 60 - 63 - 65 - 83;09 - 21 - 30 - 31 - 32 - 35 - 37 - 55 - 80 - 87;;;;
32862;DISPONIBLE;11 - 33 - 34 - 40 - 48 - 53 - 65 - 74 - 84 - 90;02 - 18 - 23 - 34 - 47 - 54 - 56 - 72 - 74 - 82;;;;
32863;DISPONIBLE;05 - 20 - 21 - 24 - 28 - 29 - 36 - 45 - 53 - 57;03 - 14 - 21 - 34 - 35 - 49 - 84 - 85 - 86 - 90;;;;
32864;DISPONIBLE;04 - 05 - 09 - 20 - 24 - 69 - 76 - 84 - 85 - 89;03 - 04 - 23 - 26 - 35 - 69 - 78 - 79 - 81 - 87;;;;
32865;DISPONIBLE;25 - 28 - 32 - 33 - 45 - 60 - 66 - 67 - 71 - 75;12 - 16 - 31 - 45 - 56 - 73 - 79 - 81 - 82 - 88;;;;
32866;DISPONIBLE;14 - 25 - 34 - 35 - 46 - 49 - 52 - 64 - 67 - 90;03 - 05 - 17 - 26 - 28 - 30 - 36 - 79 - 80 - 81;;;;
32867;DISPONIBLE;14 - 24 - 40 - 47 - 57 - 58 - 72 - 77 - 80 - 90;12 - 13 - 26 - 31 - 56 - 59 - 62 - 67 - 81 - 89;;;;
32868;DISPONIBLE;02 - 06 - 29 - 33 - 39 - 46 - 52 - 58 - 77 - 87;16 - 21 - 29 - 33 - 38 - 46 - 49 - 51 - 58 - 79;;;;
32869;DISPONIBLE;04 - 08 - 11 - 15 - 28 - 54 - 56 - 78 - 79 - 85;01 - 13 - 21 - 38 - 42 - 45 - 49 - 58 - 68 - 75;;;;
32870;DISPONIBLE;17 - 19 - 26 - 27 - 38 - 44 - 47 - 63 - 73 - 80;09 - 12 - 26 - 40 - 47 - 48 - 62 - 71 - 81 - 89;;;;
32871;DISPONIBLE;05 - 11 - 28 - 37 - 45 - 49 - 53 - 57 - 71 - 78;04 - 15 - 19 - 48 - 50 - 60 - 72 - 75 - 83 - 90;;;;
32872;DISPONIBLE;03 - 08 - 14 - 20 - 27 - 38 - 41 - 51 - 86 - 89;02 - 08 - 10 - 13 - 17 - 29 - 32 - 68 - 70 - 82;;;;
32873;DISPONIBLE;07 - 12 - 13 - 14 - 24 - 26 - 31 - 46 - 54 - 62;04 - 14 - 25 - 47 - 52 - 60 - 63 - 64 - 66 - 83;;;;
32874;DISPONIBLE;13 - 15 - 28 - 32 - 48 - 51 - 59 - 61 - 76 - 85;02 - 06 - 09 - 17 - 22 - 46 - 49 - 58 - 61 - 85;;;;
32875;DISPONIBLE;04 - 06 - 18 - 19 - 22 - 32 - 52 - 60 - 61 - 72;04 - 08 - 14 - 15 - 38 - 39 - 42 - 51 - 62 - 75;;;;
32876;DISPONIBLE;02 - 08 - 10 - 12 - 27 - 41 - 49 - 56 - 58 - 70;01 - 10 - 13 - 26 - 33 - 41 - 49 - 53 - 56 - 77;;;;
32877;DISPONIBLE;30 - 31 - 32 - 50 - 63 - 66 - 67 - 71 - 78 - 82;17 - 28 - 30 - 41 - 50 - 51 - 70 - 71 - 85 - 90;;;;
32878;DISPONIBLE;04 - 11 - 22 - 37 - 42 - 47 - 60 - 78 - 87 - 88;05 - 06 - 08 - 13 - 26 - 60 - 68 - 75 - 79 - 89;;;;
32879;DISPONIBLE;06 - 10 - 25 - 43 - 68 - 69 - 70 - 74 - 80 - 83;01 - 03 - 04 - 08 - 09 - 11 - 35 - 65 - 70 - 79;;;;
32880;DISPONIBLE;11 - 18 - 25 - 28 - 34 - 46 - 58 - 59 - 64 - 77;03 - 30 - 31 - 35 - 52 - 60 - 69 - 71 - 75 - 85;;;;
32881;DISPONIBLE;07 - 09 - 10 - 15 - 20 - 30 - 60 - 70 - 72 - 79;03 - 37 - 48 - 49 - 56 - 57 - 58 - 72 - 76 - 80;;;;
32882;DISPONIBLE;07 - 16 - 37 - 49 - 51 - 63 - 66 - 70 - 78 - 84;23 - 32 - 41 - 44 - 48 - 51 - 57 - 65 - 68 - 82;;;;
32883;DISPONIBLE;03 - 21 - 27 - 44 - 47 - 49 - 61 - 76 - 79 - 88;09 - 25 - 32 - 35 - 38 - 39 - 52 - 63 - 69 - 71;;;;
32884;DISPONIBLE;01 - 31 - 37 - 47 - 54 - 66 - 75 - 76 - 80 - 84;09 - 15 - 22 - 23 - 34 - 46 - 47 - 52 - 66 - 75;;;;
32885;DISPONIBLE;03 - 35 - 39 - 40 - 60 - 65 - 72 - 77 - 87 - 90;01 - 04 - 18 - 19 - 23 - 28 - 41 - 44 - 55 - 67;;;;
32886;DISPONIBLE;14 - 29 - 35 - 46 - 60 - 66 - 79 - 82 - 83 - 84;12 - 23 - 24 - 25 - 53 - 54 - 55 - 57 - 89 - 90;;;;
32887;DISPONIBLE;06 - 14 - 21 - 25 - 31 - 32 - 50 - 60 - 63 - 73;10 - 27 - 33 - 34 - 41 - 50 - 55 - 58 - 86 - 90;;;;
32888;DISPONIBLE;04 - 07 - 09 - 14 - 24 - 31 - 54 - 70 - 75 - 81;06 - 18 - 34 - 37 - 48 - 57 - 58 - 79 - 81 - 89;;;;
32889;DISPONIBLE;06 - 14 - 19 - 22 - 28 - 48 - 52 - 53 - 71 - 86;05 - 13 - 16 - 27 - 28 - 42 - 45 - 46 - 48 - 56;;;;
32890;DISPONIBLE;19 - 20 - 37 - 47 - 62 - 63 - 67 - 69 - 73 - 81;12 - 23 - 41 - 53 - 67 - 71 - 78 - 79 - 83 - 87;;;;
32891;DISPONIBLE;01 - 10 - 15 - 16 - 32 - 46 - 53 - 65 - 84 - 87;01 - 14 - 17 - 22 - 26 - 32 - 37 - 51 - 57 - 58;;;;
32892;DISPONIBLE;04 - 19 - 34 - 37 - 52 - 56 - 61 - 63 - 65 - 66;07 - 21 - 29 - 31 - 40 - 49 - 53 - 54 - 84 - 86;;;;
32893;DISPONIBLE;01 - 05 - 06 - 22 - 32 - 46 - 47 - 56 - 79 - 87;01 - 17 - 29 - 35 - 36 - 37 - 57 - 72 - 84 - 87;;;;
32894;DISPONIBLE;12 - 14 - 22 - 61 - 62 - 65 - 75 - 79 - 83 - 90;10 - 17 - 26 - 35 - 45 - 51 - 63 - 64 - 74 - 78;;;;
32895;DISPONIBLE;10 - 38 - 43 - 45 - 55 - 62 - 73 - 75 - 86 - 88;14 - 19 - 22 - 26 - 36 - 38 - 45 - 69 - 71 - 76;;;;
32896;DISPONIBLE;05 - 10 - 18 - 19 - 29 - 33 - 46 - 56 - 59 - 90;08 - 13 - 37 - 45 - 48 - 49 - 54 - 66 - 69 - 73;;;;
32897;DISPONIBLE;06 - 12 - 17 - 29 - 35 - 59 - 69 - 74 - 84 - 89;01 - 03 - 08 - 25 - 39 - 47 - 61 - 80 - 86 - 89;;;;
32898;DISPONIBLE;08 - 14 - 22 - 30 - 42 - 51 - 52 - 63 - 77 - 83;04 - 06 - 34 - 38 - 43 - 46 - 61 - 67 - 76 - 81;;;;
32899;DISPONIBLE;04 - 12 - 22 - 24 - 36 - 44 - 51 - 57 - 64 - 71;23 - 25 - 54 - 56 - 64 - 66 - 77 - 82 - 83 - 88;;;;
32900;DISPONIBLE;05 - 09 - 18 - 26 - 32 - 38 - 69 - 73 - 77 - 84;23 - 29 - 36 - 37 - 53 - 59 - 60 - 81 - 87 - 90;;;;
32901;DISPONIBLE;12 - 14 - 15 - 19 - 32 - 43 - 53 - 55 - 56 - 72;07 - 20 - 22 - 24 - 56 - 62 - 64 - 76 - 81 - 87;;;;
32902;DISPONIBLE;21 - 26 - 35 - 39 - 43 - 49 - 50 - 52 - 85 - 88;04 - 22 - 25 - 49 - 63 - 66 - 73 - 75 - 82 - 87;;;;
32903;DISPONIBLE;04 - 11 - 15 - 21 - 55 - 66 - 67 - 78 - 80 - 85;01 - 05 - 06 - 16 - 39 - 68 - 71 - 72 - 86 - 89;;;;
32904;DISPONIBLE;21 - 29 - 31 - 33 - 34 - 48 - 63 - 65 - 75 - 78;22 - 24 - 30 - 42 - 43 - 47 - 69 - 74 - 80 - 83;;;;
32905;DISPONIBLE;05 - 08 - 17 - 22 - 33 - 38 - 51 - 55 - 68 - 70;10 - 21 - 23 - 31 - 47 - 54 - 62 - 63 - 65 - 77;;;;
32906;DISPONIBLE;04 - 16 - 19 - 22 - 26 - 36 - 42 - 57 - 69 - 88;04 - 07 - 17 - 22 - 39 - 45 - 53 - 68 - 71 - 72;;;;
32907;DISPONIBLE;08 - 11 - 35 - 40 - 56 - 59 - 65 - 66 - 83 - 88;16 - 18 - 23 - 54 - 58 - 73 - 79 - 82 - 85 - 86;;;;
32908;DISPONIBLE;08 - 11 - 13 - 33 - 51 - 59 - 65 - 76 - 83 - 86;04 - 31 - 32 - 42 - 48 - 61 - 66 - 71 - 74 - 82;;;;
32909;DISPONIBLE;11 - 18 - 22 - 23 - 49 - 52 - 65 - 72 - 73 - 82;01 - 09 - 25 - 41 - 43 - 51 - 59 - 60 - 80 - 83;;;;
32910;DISPONIBLE;04 - 23 - 34 - 38 - 46 - 47 - 52 - 55 - 75 - 88;04 - 24 - 29 - 37 - 40 - 42 - 44 - 46 - 61 - 62;;;;
32911;DISPONIBLE;10 - 14 - 23 - 38 - 41 - 49 - 51 - 60 - 66 - 87;22 - 26 - 32 - 41 - 43 - 57 - 60 - 67 - 68 - 88;;;;
32912;DISPONIBLE;01 - 10 - 30 - 34 - 43 - 47 - 56 - 74 - 76 - 90;02 - 10 - 12 - 16 - 19 - 28 - 49 - 52 - 55 - 89;;;;
32913;DISPONIBLE;04 - 19 - 28 - 31 - 33 - 37 - 48 - 49 - 60 - 69;07 - 18 - 23 - 27 - 30 - 37 - 77 - 82 - 86 - 87;;;;
32914;DISPONIBLE;06 - 13 - 16 - 33 - 62 - 63 - 68 - 70 - 74 - 84;07 - 27 - 36 - 39 - 44 - 59 - 77 - 84 - 87 - 90;;;;
32915;DISPONIBLE;02 - 04 - 20 - 25 - 28 - 42 - 50 - 73 - 88 - 90;11 - 12 - 22 - 39 - 40 - 58 - 63 - 73 - 74 - 87;;;;
32916;DISPONIBLE;10 - 14 - 24 - 28 - 42 - 48 - 53 - 64 - 74 - 78;02 - 09 - 15 - 33 - 34 - 42 - 51 - 54 - 60 - 69;;;;
32917;DISPONIBLE;02 - 09 - 49 - 53 - 54 - 57 - 64 - 80 - 83 - 87;01 - 06 - 19 - 36 - 37 - 39 - 45 - 49 - 68 - 70;;;;
32918;DISPONIBLE;03 - 14 - 15 - 35 - 37 - 40 - 46 - 50 - 56 - 79;03 - 04 - 10 - 24 - 27 - 52 - 58 - 63 - 67 - 82;;;;
32919;DISPONIBLE;03 - 11 - 37 - 42 - 43 - 44 - 59 - 71 - 84 - 90;01 - 06 - 09 - 22 - 29 - 38 - 69 - 76 - 79 - 88;;;;
32920;DISPONIBLE;07 - 08 - 20 - 27 - 30 - 35 - 42 - 63 - 74 - 89;05 - 14 - 25 - 49 - 54 - 65 - 74 - 82 - 85 - 90;;;;
32921;DISPONIBLE;06 - 07 - 16 - 28 - 44 - 48 - 49 - 56 - 63 - 68;01 - 03 - 24 - 32 - 56 - 62 - 65 - 75 - 81 - 86;;;;
32922;DISPONIBLE;05 - 15 - 22 - 26 - 47 - 50 - 66 - 70 - 78 - 79;10 - 11 - 24 - 26 - 29 - 31 - 57 - 59 - 68 - 71;;;;
32923;DISPONIBLE;05 - 07 - 08 - 14 - 40 - 47 - 49 - 60 - 63 - 82;04 - 11 - 23 - 43 - 47 - 48 - 50 - 52 - 55 - 67;;;;
32924;DISPONIBLE;25 - 27 - 50 - 63 - 65 - 69 - 70 - 74 - 75 - 88;05 - 08 - 12 - 24 - 30 - 44 - 64 - 75 - 80 - 83;;;;
32925;DISPONIBLE;14 - 23 - 27 - 45 - 49 - 53 - 56 - 69 - 74 - 85;04 - 15 - 21 - 25 - 36 - 44 - 54 - 80 - 81 - 88;;;;
32926;DISPONIBLE;08 - 27 - 29 - 37 - 39 - 44 - 48 - 58 - 71 - 84;05 - 20 - 24 - 28 - 33 - 36 - 62 - 70 - 80 - 85;;;;
32927;DISPONIBLE;16 - 24 - 26 - 40 - 53 - 55 - 61 - 67 - 76 - 78;21 - 22 - 41 - 42 - 44 - 56 - 57 - 68 - 71 - 85;;;;
32928;DISPONIBLE;01 - 05 - 14 - 41 - 46 - 50 - 58 - 62 - 75 - 88;04 - 05 - 28 - 47 - 50 - 63 - 64 - 66 - 70 - 84;;;;
32929;DISPONIBLE;11 - 12 - 15 - 22 - 32 - 49 - 57 - 58 - 62 - 89;03 - 11 - 21 - 26 - 30 - 40 - 54 - 58 - 67 - 76;;;;
32930;DISPONIBLE;21 - 29 - 33 - 36 - 48 - 53 - 56 - 62 - 63 - 77;01 - 08 - 11 - 20 - 32 - 35 - 43 - 51 - 79 - 89;;;;
32931;DISPONIBLE;20 - 21 - 27 - 33 - 35 - 38 - 58 - 76 - 85 - 90;02 - 29 - 33 - 35 - 42 - 46 - 52 - 54 - 78 - 87;;;;
32932;DISPONIBLE;18 - 32 - 33 - 37 - 38 - 55 - 61 - 74 - 77 - 89;14 - 39 - 59 - 61 - 63 - 65 - 67 - 68 - 77 - 85;;;;
32933;DISPONIBLE;07 - 28 - 31 - 34 - 52 - 70 - 72 - 79 - 81 - 89;03 - 07 - 12 - 31 - 47 - 60 - 65 - 74 - 79 - 84;;;;
32934;DISPONIBLE;10 - 20 - 35 - 45 - 50 - 56 - 71 - 81 - 85 - 88;18 - 25 - 26 - 30 - 32 - 42 - 53 - 56 - 66 - 67;;;;
32935;DISPONIBLE;03 - 05 - 10 - 11 - 20 - 37 - 43 - 55 - 80 - 90;04 - 09 - 11 - 33 - 42 - 51 - 58 - 59 - 62 - 65;;;;
32936;DISPONIBLE;02 - 17 - 26 - 27 - 41 - 45 - 56 - 58 - 59 - 72;01 - 13 - 23 - 24 - 33 - 44 - 52 - 86 - 88 - 90;;;;
32937;DISPONIBLE;12 - 14 - 19 - 21 - 23 - 26 - 31 - 51 - 61 - 88;02 - 05 - 20 - 34 - 35 - 47 - 49 - 67 - 74 - 81;;;;
32938;DISPONIBLE;12 - 31 - 33 - 48 - 53 - 55 - 57 - 81 - 84 - 89;08 - 26 - 30 - 33 - 34 - 45 - 56 - 81 - 83 - 85;;;;
32939;DISPONIBLE;14 - 17 - 45 - 53 - 55 - 58 - 62 - 73 - 75 - 81;01 - 04 - 08 - 21 - 27 - 38 - 41 - 57 - 64 - 67;;;;
32940;DISPONIBLE;09 - 11 - 13 - 29 - 31 - 39 - 40 - 81 - 82 - 85;06 - 17 - 19 - 20 - 32 - 39 - 74 - 82 - 86 - 90;;;;
32941;DISPONIBLE;03 - 04 - 10 - 25 - 28 - 31 - 33 - 42 - 50 - 70;06 - 28 - 39 - 47 - 53 - 66 - 68 - 75 - 84 - 88;;;;
32942;DISPONIBLE;02 - 09 - 32 - 34 - 38 - 40 - 66 - 72 - 80 - 86;07 - 14 - 15 - 16 - 25 - 40 - 54 - 69 - 71 - 87;;;;
32943;DISPONIBLE;03 - 07 - 24 - 32 - 41 - 52 - 66 - 71 - 72 - 73;12 - 19 - 26 - 35 - 40 - 45 - 63 - 68 - 73 - 77;;;;
32944;DISPONIBLE;03 - 15 - 18 - 20 - 29 - 55 - 63 - 70 - 84 - 85;27 - 29 - 48 - 56 - 60 - 64 - 69 - 74 - 86 - 90;;;;
32945;DISPONIBLE;04 - 13 - 34 - 40 - 47 - 48 - 51 - 60 - 62 - 79;02 - 09 - 14 - 21 - 25 - 34 - 35 - 36 - 59 - 70;;;;
32946;DISPONIBLE;17 - 21 - 33 - 35 - 42 - 63 - 69 - 77 - 78 - 89;16 - 36 - 39 - 46 - 62 - 67 - 68 - 80 - 81 - 83;;;;
32947;DISPONIBLE;21 - 36 - 47 - 53 - 54 - 56 - 79 - 84 - 86 - 88;06 - 15 - 29 - 40 - 42 - 50 - 53 - 73 - 78 - 84;;;;
32948;DISPONIBLE;03 - 19 - 35 - 40 - 41 - 43 - 57 - 58 - 71 - 87;33 - 44 - 48 - 49 - 57 - 58 - 62 - 71 - 76 - 83;;;;
32949;DISPONIBLE;23 - 43 - 48 - 52 - 55 - 59 - 68 - 77 - 80 - 83;02 - 03 - 08 - 22 - 30 - 32 - 34 - 62 - 67 - 87;;;;
32950;DISPONIBLE;06 - 09 - 13 - 19 - 26 - 33 - 34 - 69 - 70 - 79;05 - 10 - 32 - 34 - 35 - 39 - 58 - 60 - 72 - 74;;;;
32951;DISPONIBLE;14 - 19 - 30 - 44 - 60 - 65 - 76 - 81 - 85 - 88;02 - 04 - 18 - 39 - 44 - 49 - 50 - 58 - 67 - 80;;;;
32952;DISPONIBLE;04 - 10 - 18 - 21 - 25 - 28 - 51 - 56 - 60 - 65;03 - 09 - 13 - 22 - 38 - 72 - 73 - 75 - 85 - 90;;;;
32953;DISPONIBLE;31 - 32 - 36 - 51 - 54 - 58 - 62 - 71 - 74 - 80;09 - 11 - 13 - 22 - 31 - 38 - 45 - 75 - 76 - 82;;;;
32954;DISPONIBLE;03 - 07 - 21 - 23 - 24 - 38 - 39 - 45 - 49 - 58;11 - 20 - 22 - 35 - 37 - 46 - 47 - 57 - 58 - 72;;;;
32955;DISPONIBLE;13 - 16 - 17 - 25 - 26 - 40 - 53 - 63 - 70 - 86;13 - 24 - 27 - 34 - 41 - 53 - 64 - 78 - 82 - 83;;;;
32956;DISPONIBLE;08 - 16 - 18 - 24 - 47 - 72 - 75 - 80 - 82 - 89;10 - 25 - 27 - 28 - 43 - 54 - 56 - 64 - 82 - 90;;;;
32957;DISPONIBLE;07 - 10 - 18 - 20 - 25 - 41 - 63 - 77 - 84 - 86;14 - 19 - 23 - 26 - 34 - 43 - 49 - 62 - 71 - 78;;;;
32958;DISPONIBLE;10 - 18 - 21 - 24 - 28 - 33 - 45 - 77 - 81 - 83;07 - 29 - 33 - 41 - 43 - 48 - 52 - 59 - 62 - 84;;;;
32959;DISPONIBLE;14 - 25 - 29 - 43 - 51 - 57 - 59 - 61 - 71 - 90;10 - 15 - 19 - 26 - 48 - 49 - 55 - 61 - 70 - 81;;;;
32960;DISPONIBLE;14 - 22 - 27 - 31 - 39 - 44 - 53 - 56 - 61 - 83;07 - 10 - 23 - 38 - 49 - 51 - 53 - 57 - 67 - 71;;;;
32961;DISPONIBLE;04 - 16 - 43 - 44 - 51 - 64 - 70 - 80 - 85 - 89;02 - 11 - 14 - 17 - 35 - 37 - 40 - 47 - 79 - 88;;;;
32962;DISPONIBLE;14 - 16 - 33 - 35 - 49 - 51 - 65 - 70 - 79 - 80;02 - 24 - 32 - 47 - 52 - 70 - 82 - 83 - 86 - 87;;;;
32963;DISPONIBLE;01 - 13 - 18 - 29 - 30 - 32 - 46 - 64 - 67 - 73;10 - 16 - 22 - 39 - 40 - 46 - 52 - 73 - 74 - 82;;;;
32964;DISPONIBLE;04 - 18 - 29 - 30 - 47 - 49 - 69 - 74 - 77 - 83;04 - 09 - 16 - 19 - 20 - 27 - 28 - 42 - 51 - 75;;;;
32965;DISPONIBLE;01 - 15 - 27 - 45 - 60 - 69 - 74 - 76 - 82 - 83;04 - 13 - 28 - 30 - 33 - 38 - 43 - 45 - 73 - 87;;;;
32966;DISPONIBLE;06 - 14 - 28 - 34 - 36 - 42 - 62 - 65 - 81 - 88;02 - 17 - 22 - 25 - 28 - 49 - 52 - 54 - 71 - 80;;;;
32967;DISPONIBLE;02 - 05 - 11 - 18 - 26 - 33 - 37 - 45 - 52 - 65;01 - 12 - 14 - 17 - 24 - 28 - 50 - 53 - 56 - 62;;;;
32968;DISPONIBLE;01 - 04 - 14 - 15 - 27 - 31 - 41 - 49 - 73 - 81;15 - 17 - 20 - 22 - 26 - 30 - 56 - 61 - 75 - 85;;;;
32969;DISPONIBLE;06 - 10 - 12 - 29 - 40 - 42 - 44 - 62 - 71 - 90;01 - 02 - 06 - 23 - 38 - 40 - 45 - 47 - 62 - 75;;;;
32970;DISPONIBLE;06 - 08 - 21 - 30 - 37 - 39 - 60 - 65 - 74 - 75;24 - 25 - 33 - 42 - 45 - 54 - 61 - 62 - 70 - 73;;;;
32971;DISPONIBLE;02 - 13 - 15 - 16 - 32 - 48 - 50 - 68 - 69 - 70;22 - 24 - 26 - 27 - 28 - 36 - 41 - 50 - 66 - 82;;;;
32972;DISPONIBLE;01 - 26 - 27 - 28 - 29 - 37 - 57 - 61 - 73 - 83;05 - 09 - 16 - 29 - 40 - 44 - 46 - 56 - 61 - 78;;;;
32973;DISPONIBLE;10 - 12 - 13 - 17 - 24 - 36 - 63 - 76 - 77 - 87;20 - 23 - 25 - 35 - 45 - 54 - 59 - 63 - 67 - 87;;;;
32974;DISPONIBLE;04 - 13 - 18 - 30 - 39 - 42 - 45 - 56 - 76 - 78;03 - 27 - 42 - 44 - 54 - 67 - 69 - 70 - 82 - 87;;;;
32975;DISPONIBLE;15 - 18 - 21 - 26 - 33 - 34 - 40 - 60 - 68 - 80;06 - 16 - 18 - 21 - 27 - 56 - 60 - 68 - 70 - 89;;;;
32976;DISPONIBLE;01 - 04 - 08 - 12 - 17 - 40 - 56 - 59 - 63 - 85;03 - 06 - 14 - 20 - 27 - 28 - 37 - 45 - 59 - 62;;;;
32977;DISPONIBLE;12 - 17 - 26 - 29 - 38 - 49 - 50 - 52 - 70 - 71;08 - 14 - 20 - 60 - 63 - 67 - 69 - 80 - 82 - 85;;;;
32978;DISPONIBLE;06 - 09 - 21 - 23 - 29 - 32 - 40 - 58 - 70 - 82;01 - 19 - 31 - 32 - 41 - 56 - 57 - 61 - 81 - 88;;;;
32979;DISPONIBLE;11 - 13 - 19 - 23 - 28 - 46 - 50 - 59 - 67 - 82;02 - 03 - 09 - 20 - 27 - 39 - 50 - 54 - 59 - 68;;;;
32980;DISPONIBLE;02 - 11 - 16 - 29 - 56 - 73 - 75 - 77 - 86 - 87;05 - 33 - 55 - 61 - 63 - 68 - 74 - 79 - 86 - 90;;;;
32981;DISPONIBLE;14 - 15 - 30 - 47 - 54 - 58 - 74 - 77 - 82 - 90;14 - 19 - 28 - 30 - 36 - 37 - 38 - 62 - 76 - 89;;;;
32982;DISPONIBLE;09 - 13 - 14 - 22 - 41 - 56 - 62 - 69 - 72 - 73;03 - 09 - 29 - 48 - 59 - 68 - 71 - 74 - 84 - 85;;;;
32983;DISPONIBLE;11 - 17 - 32 - 33 - 43 - 46 - 57 - 62 - 69 - 81;03 - 19 - 32 - 40 - 55 - 58 - 64 - 65 - 71 - 72;;;;
32984;DISPONIBLE;07 - 13 - 18 - 31 - 34 - 38 - 64 - 74 - 77 - 81;23 - 34 - 39 - 55 - 56 - 71 - 84 - 87 - 88 - 90;;;;
32985;DISPONIBLE;27 - 35 - 40 - 47 - 50 - 55 - 56 - 60 - 78 - 82;25 - 32 - 34 - 39 - 49 - 61 - 66 - 76 - 83 - 86;;;;
32986;DISPONIBLE;02 - 10 - 12 - 23 - 30 - 32 - 51 - 63 - 79 - 84;07 - 16 - 30 - 46 - 53 - 61 - 64 - 69 - 76 - 85;;;;
32987;DISPONIBLE;01 - 02 - 05 - 24 - 27 - 35 - 43 - 46 - 58 - 88;02 - 05 - 18 - 27 - 43 - 49 - 63 - 67 - 70 - 73;;;;
32988;DISPONIBLE;03 - 11 - 12 - 27 - 35 - 40 - 46 - 47 - 67 - 89;08 - 10 - 35 - 39 - 54 - 64 - 65 - 66 - 82 - 87;;;;
32989;DISPONIBLE;05 - 11 - 16 - 21 - 26 - 48 - 49 - 72 - 75 - 76;02 - 07 - 26 - 28 - 29 - 35 - 44 - 70 - 77 - 79;;;;
32990;DISPONIBLE;25 - 28 - 32 - 35 - 52 - 56 - 71 - 72 - 77 - 85;02 - 11 - 12 - 42 - 61 - 68 - 69 - 72 - 74 - 79;;;;
32991;DISPONIBLE;04 - 16 - 18 - 25 - 50 - 66 - 67 - 75 - 82 - 87;02 - 05 - 06 - 10 - 32 - 34 - 54 - 78 - 82 - 83;;;;
32992;DISPONIBLE;07 - 19 - 26 - 29 - 33 - 47 - 49 - 54 - 57 - 81;01 - 19 - 21 - 32 - 37 - 45 - 67 - 74 - 86 - 89;;;;
32993;DISPONIBLE;07 - 11 - 12 - 33 - 34 - 36 - 45 - 62 - 69 - 87;03 - 05 - 10 - 19 - 20 - 41 - 68 - 72 - 77 - 78;;;;
32994;DISPONIBLE;05 - 16 - 46 - 52 - 66 - 67 - 70 - 71 - 78 - 84;03 - 04 - 16 - 45 - 52 - 57 - 76 - 78 - 84 - 90;;;;
32995;DISPONIBLE;01 - 06 - 08 - 20 - 31 - 35 - 57 - 68 - 69 - 79;10 - 19 - 36 - 42 - 51 - 55 - 65 - 71 - 74 - 75;;;;
32996;DISPONIBLE;01 - 02 - 04 - 13 - 24 - 47 - 65 - 66 - 84 - 85;21 - 48 - 51 - 54 - 59 - 75 - 77 - 78 - 81 - 84;;;;
32997;DISPONIBLE;03 - 14 - 34 - 44 - 45 - 48 - 64 - 72 - 78 - 81;04 - 05 - 09 - 34 - 35 - 38 - 44 - 71 - 77 - 83;;;;
32998;DISPONIBLE;03 - 06 - 12 - 27 - 32 - 43 - 72 - 77 - 81 - 87;24 - 27 - 37 - 44 - 48 - 60 - 79 - 83 - 86 - 89;;;;
32999;DISPONIBLE;20 - 24 - 41 - 46 - 58 - 59 - 70 - 80 - 82 - 87;24 - 36 - 39 - 43 - 45 - 54 - 55 - 67 - 74 - 89;;;;
33000;DISPONIBLE;02 - 04 - 09 - 12 - 16 - 24 - 31 - 53 - 76 - 79;09 - 15 - 17 - 22 - 34 - 39 - 55 - 58 - 60 - 65;;;;
33001;DISPONIBLE;10 - 36 - 37 - 38 - 39 - 42 - 48 - 65 - 74 - 81;09 - 13 - 16 - 27 - 51 - 55 - 71 - 83 - 85 - 86;;;;
33002;DISPONIBLE;04 - 09 - 14 - 16 - 17 - 38 - 46 - 49 - 63 - 66;02 - 18 - 20 - 22 - 24 - 34 - 38 - 43 - 50 - 75;;;;
33003;DISPONIBLE;02 - 16 - 17 - 33 - 42 - 43 - 50 - 71 - 76 - 84;12 - 19 - 30 - 53 - 56 - 59 - 62 - 63 - 67 - 79;;;;
33004;DISPONIBLE;12 - 14 - 17 - 24 - 31 - 33 - 46 - 59 - 72 - 79;06 - 20 - 33 - 38 - 57 - 65 - 67 - 71 - 72 - 77;;;;
33005;DISPONIBLE;02 - 05 - 17 - 21 - 46 - 48 - 60 - 72 - 73 - 80;09 - 16 - 18 - 21 - 22 - 24 - 44 - 59 - 84 - 90;;;;
33006;DISPONIBLE;05 - 08 - 10 - 12 - 23 - 31 - 32 - 33 - 52 - 78;14 - 17 - 27 - 30 - 42 - 44 - 48 - 51 - 62 - 77;;;;
33007;DISPONIBLE;01 - 09 - 18 - 21 - 28 - 48 - 68 - 78 - 80 - 89;26 - 46 - 62 - 65 - 66 - 69 - 71 - 87 - 88 - 89;;;;
33008;DISPONIBLE;01 - 06 - 11 - 20 - 41 - 43 - 54 - 56 - 71 - 79;10 - 11 - 19 - 35 - 36 - 38 - 42 - 49 - 61 - 80;;;;
33009;DISPONIBLE;16 - 20 - 30 - 31 - 32 - 38 - 40 - 49 - 62 - 73;04 - 09 - 20 - 23 - 33 - 44 - 54 - 56 - 58 - 79;;;;
33010;DISPONIBLE;04 - 16 - 18 - 24 - 38 - 50 - 55 - 60 - 77 - 88;10 - 22 - 23 - 33 - 35 - 45 - 53 - 62 - 71 - 80;;;;
33011;DISPONIBLE;10 - 17 - 33 - 45 - 47 - 48 - 53 - 63 - 70 - 73;02 - 03 - 07 - 20 - 28 - 36 - 39 - 41 - 85 - 89;;;;
33012;DISPONIBLE;08 - 21 - 23 - 28 - 30 - 36 - 41 - 43 - 44 - 57;11 - 23 - 34 - 48 - 50 - 58 - 63 - 64 - 79 - 86;;;;
33013;DISPONIBLE;07 - 21 - 29 - 32 - 34 - 38 - 40 - 50 - 51 - 73;22 - 42 - 45 - 49 - 53 - 56 - 68 - 69 - 73 - 78;;;;
33014;DISPONIBLE;16 - 23 - 27 - 31 - 40 - 63 - 73 - 83 - 85 - 87;02 - 07 - 10 - 21 - 29 - 55 - 58 - 81 - 83 - 84;;;;
33015;DISPONIBLE;15 - 19 - 27 - 29 - 32 - 37 - 57 - 71 - 80 - 90;10 - 16 - 35 - 50 - 58 - 61 - 73 - 81 - 84 - 89;;;;
33016;DISPONIBLE;08 - 10 - 38 - 40 - 44 - 45 - 59 - 63 - 74 - 89;08 - 18 - 22 - 23 - 28 - 64 - 65 - 68 - 73 - 83;;;;
33017;DISPONIBLE;01 - 03 - 07 - 13 - 15 - 29 - 36 - 62 - 81 - 83;15 - 24 - 30 - 32 - 36 - 39 - 42 - 52 - 86 - 89;;;;
33018;DISPONIBLE;05 - 24 - 35 - 41 - 55 - 59 - 72 - 77 - 79 - 89;02 - 08 - 32 - 36 - 37 - 40 - 41 - 73 - 74 - 89;;;;
33019;DISPONIBLE;04 - 09 - 15 - 27 - 38 - 45 - 62 - 79 - 80 - 84;09 - 13 - 14 - 23 - 27 - 38 - 45 - 47 - 48 - 76;;;;
33020;DISPONIBLE;05 - 13 - 14 - 25 - 40 - 54 - 55 - 61 - 67 - 73;03 - 26 - 29 - 39 - 44 - 54 - 70 - 72 - 81 - 82;;;;
33021;DISPONIBLE;05 - 07 - 13 - 35 - 36 - 60 - 75 - 82 - 84 - 86;04 - 12 - 21 - 22 - 37 - 51 - 67 - 71 - 80 - 86;;;;
33022;DISPONIBLE;16 - 17 - 22 - 28 - 35 - 47 - 71 - 80 - 86 - 89;03 - 43 - 48 - 49 - 58 - 66 - 70 - 78 - 80 - 84;;;;
33023;DISPONIBLE;04 - 12 - 36 - 39 - 50 - 59 - 64 - 65 - 75 - 81;09 - 32 - 37 - 42 - 48 - 57 - 65 - 72 - 74 - 84;;;;
33024;DISPONIBLE;10 - 28 - 32 - 34 - 38 - 47 - 49 - 56 - 61 - 84;06 - 21 - 38 - 42 - 43 - 61 - 67 - 76 - 83 - 87;;;;
33025;DISPONIBLE;08 - 32 - 37 - 41 - 43 - 57 - 61 - 63 - 68 - 80;10 - 34 - 38 - 46 - 60 - 66 - 67 - 70 - 80 - 88;;;;
33026;DISPONIBLE;03 - 13 - 19 - 34 - 39 - 41 - 44 - 45 - 50 - 51;15 - 23 - 28 - 38 - 41 - 45 - 46 - 57 - 77 - 80;;;;
33027;DISPONIBLE;05 - 06 - 20 - 21 - 30 - 34 - 36 - 46 - 58 - 88;10 - 16 - 26 - 37 - 43 - 44 - 52 - 57 - 72 - 81;;;;
33028;DISPONIBLE;07 - 17 - 25 - 36 - 51 - 56 - 75 - 81 - 82 - 88;09 - 10 - 30 - 31 - 37 - 39 - 46 - 55 - 59 - 80;;;;
33029;DISPONIBLE;09 - 12 - 26 - 43 - 51 - 64 - 66 - 72 - 76 - 88;07 - 12 - 14 - 19 - 27 - 36 - 38 - 49 - 61 - 63;;;;
33030;DISPONIBLE;04 - 11 - 17 - 18 - 41 - 55 - 73 - 78 - 85 - 88;02 - 12 - 20 - 35 - 46 - 49 - 56 - 70 - 81 - 83;;;;
33031;DISPONIBLE;05 - 10 - 29 - 30 - 51 - 54 - 62 - 66 - 80 - 84;12 - 25 - 41 - 48 - 49 - 50 - 52 - 77 - 82 - 86;;;;
33032;DISPONIBLE;07 - 12 - 14 - 16 - 21 - 26 - 27 - 49 - 61 - 71;03 - 15 - 29 - 36 - 41 - 57 - 68 - 74 - 76 - 87;;;;
33033;DISPONIBLE;12 - 28 - 30 - 36 - 52 - 54 - 55 - 57 - 65 - 82;19 - 23 - 31 - 37 - 56 - 60 - 66 - 68 - 71 - 81;;;;
33034;DISPONIBLE;04 - 21 - 31 - 46 - 47 - 48 - 68 - 77 - 81 - 89;07 - 22 - 41 - 44 - 49 - 58 - 82 - 83 - 84 - 89;;;;
33035;DISPONIBLE;02 - 04 - 25 - 36 - 47 - 52 - 53 - 54 - 58 - 83;22 - 24 - 39 - 43 - 49 - 53 - 54 - 76 - 87 - 90;;;;
33036;DISPONIBLE;11 - 22 - 36 - 40 - 53 - 55 - 62 - 75 - 85 - 87;04 - 22 - 24 - 43 - 51 - 57 - 62 - 70 - 74 - 75;;;;
33037;DISPONIBLE;01 - 09 - 28 - 36 - 50 - 68 - 70 - 81 - 85 - 86;10 - 20 - 29 - 39 - 48 - 56 - 72 - 73 - 87 - 90;;;;
33038;DISPONIBLE;19 - 20 - 31 - 34 - 38 - 51 - 55 - 57 - 89 - 90;06 - 10 - 20 - 30 - 40 - 43 - 45 - 52 - 62 - 76;;;;
33039;DISPONIBLE;07 - 08 - 13 - 29 - 43 - 57 - 58 - 62 - 65 - 86;08 - 17 - 28 - 45 - 59 - 62 - 68 - 79 - 80 - 86;;;;
33040;DISPONIBLE;07 - 18 - 29 - 44 - 50 - 53 - 57 - 73 - 77 - 84;03 - 09 - 27 - 34 - 44 - 52 - 65 - 76 - 83 - 90;;;;
33041;DISPONIBLE;06 - 09 - 10 - 19 - 39 - 58 - 65 - 67 - 74 - 85;01 - 10 - 28 - 40 - 46 - 52 - 73 - 75 - 83 - 85;;;;
33042;DISPONIBLE;09 - 13 - 23 - 24 - 25 - 29 - 42 - 55 - 75 - 78;12 - 13 - 19 - 28 - 37 - 38 - 40 - 51 - 72 - 85;;;;
33043;DISPONIBLE;02 - 08 - 09 - 37 - 51 - 56 - 59 - 62 - 67 - 72;01 - 13 - 14 - 29 - 49 - 54 - 55 - 65 - 67 - 79;;;;
33044;DISPONIBLE;28 - 41 - 43 - 50 - 67 - 69 - 70 - 73 - 79 - 81;03 - 12 - 30 - 34 - 37 - 48 - 65 - 68 - 85 - 89;;;;
33045;DISPONIBLE;16 - 25 - 26 - 29 - 57 - 58 - 70 - 73 - 79 - 87;11 - 14 - 22 - 30 - 33 - 36 - 37 - 47 - 65 - 79;;;;
33046;DISPONIBLE;01 - 21 - 28 - 43 - 48 - 62 - 72 - 76 - 79 - 83;15 - 20 - 21 - 30 - 47 - 48 - 53 - 55 - 84 - 85;;;;
33047;DISPONIBLE;25 - 39 - 42 - 52 - 60 - 62 - 63 - 70 - 79 - 83;07 - 10 - 18 - 25 - 27 - 29 - 36 - 55 - 73 - 85;;;;
33048;DISPONIBLE;07 - 11 - 20 - 25 - 39 - 41 - 44 - 55 - 73 - 74;04 - 16 - 17 - 18 - 20 - 32 - 62 - 63 - 77 - 81;;;;
33049;DISPONIBLE;05 - 16 - 37 - 38 - 44 - 46 - 53 - 74 - 81 - 86;09 - 17 - 20 - 29 - 41 - 44 - 56 - 59 - 68 - 80;;;;
33050;DISPONIBLE;02 - 05 - 10 - 11 - 18 - 25 - 37 - 55 - 69 - 72;06 - 08 - 10 - 11 - 41 - 53 - 55 - 63 - 80 - 81;;;;
33051;DISPONIBLE;07 - 12 - 26 - 37 - 49 - 58 - 60 - 75 - 79 - 87;02 - 03 - 07 - 09 - 16 - 19 - 20 - 26 - 36 - 68;;;;
33052;DISPONIBLE;01 - 15 - 18 - 34 - 39 - 53 - 58 - 68 - 75 - 84;17 - 35 - 36 - 39 - 44 - 45 - 54 - 58 - 72 - 83;;;;
33053;DISPONIBLE;11 - 13 - 14 - 25 - 28 - 37 - 42 - 72 - 75 - 80;03 - 15 - 17 - 26 - 30 - 36 - 37 - 46 - 67 - 84;;;;
33054;DISPONIBLE;03 - 09 - 14 - 20 - 30 - 40 - 61 - 69 - 70 - 87;04 - 21 - 27 - 45 - 50 - 53 - 59 - 62 - 66 - 69;;;;
33055;DISPONIBLE;08 - 14 - 20 - 26 - 29 - 30 - 33 - 59 - 68 - 71;06 - 27 - 28 - 37 - 44 - 66 - 70 - 81 - 83 - 86;;;;
33056;DISPONIBLE;01 - 09 - 12 - 16 - 18 - 50 - 60 - 65 - 67 - 68;02 - 03 - 19 - 36 - 43 - 60 - 69 - 77 - 79 - 86;;;;
33057;DISPONIBLE;03 - 12 - 20 - 21 - 32 - 39 - 57 - 64 - 65 - 78;04 - 13 - 17 - 23 - 24 - 26 - 39 - 51 - 72 - 76;;;;
33058;DISPONIBLE;11 - 13 - 21 - 25 - 26 - 46 - 69 - 70 - 78 - 90;03 - 04 - 14 - 46 - 59 - 69 - 73 - 85 - 86 - 89;;;;
33059;DISPONIBLE;12 - 13 - 17 - 19 - 30 - 74 - 82 - 83 - 87 - 88;01 - 05 - 25 - 33 - 64 - 71 - 73 - 79 - 83 - 88;;;;
33060;DISPONIBLE;06 - 08 - 17 - 19 - 28 - 45 - 49 - 50 - 77 - 82;11 - 14 - 31 - 50 - 58 - 74 - 76 - 81 - 86 - 87;;;;
33061;DISPONIBLE;06 - 08 - 09 - 20 - 38 - 42 - 45 - 56 - 65 - 84;04 - 11 - 27 - 30 - 37 - 46 - 60 - 67 - 79 - 89;;;;
33062;DISPONIBLE;28 - 29 - 31 - 34 - 35 - 37 - 38 - 45 - 47 - 54;04 - 23 - 29 - 33 - 37 - 45 - 53 - 55 - 57 - 89;;;;
33063;DISPONIBLE;21 - 24 - 30 - 31 - 40 - 43 - 51 - 68 - 86 - 90;05 - 10 - 20 - 41 - 45 - 48 - 51 - 55 - 56 - 74;;;;
33064;DISPONIBLE;01 - 21 - 22 - 33 - 38 - 42 - 50 - 52 - 67 - 76;02 - 24 - 35 - 37 - 41 - 42 - 67 - 68 - 81 - 83;;;;
33065;DISPONIBLE;07 - 10 - 13 - 23 - 24 - 25 - 30 - 39 - 55 - 59;04 - 29 - 55 - 57 - 62 - 65 - 66 - 79 - 83 - 89;;;;
33066;DISPONIBLE;05 - 07 - 10 - 16 - 18 - 21 - 23 - 34 - 44 - 67;10 - 32 - 36 - 39 - 43 - 47 - 70 - 75 - 78 - 90;;;;
33067;DISPONIBLE;16 - 39 - 45 - 51 - 52 - 56 - 60 - 70 - 76 - 78;03 - 08 - 24 - 36 - 37 - 43 - 50 - 55 - 82 - 87;;;;
33068;DISPONIBLE;03 - 23 - 26 - 32 - 40 - 52 - 54 - 64 - 66 - 76;33 - 35 - 36 - 40 - 45 - 67 - 68 - 82 - 88 - 89;;;;
33069;DISPONIBLE;02 - 07 - 13 - 15 - 19 - 33 - 37 - 56 - 68 - 74;05 - 10 - 23 - 28 - 29 - 30 - 32 - 38 - 49 - 64;;;;
33070;DISPONIBLE;07 - 14 - 26 - 29 - 32 - 35 - 39 - 52 - 53 - 67;01 - 10 - 16 - 24 - 30 - 42 - 55 - 69 - 73 - 75;;;;
33071;DISPONIBLE;03 - 04 - 10 - 31 - 42 - 49 - 57 - 61 - 68 - 70;07 - 08 - 18 - 21 - 29 - 32 - 48 - 72 - 86 - 87;;;;
33072;DISPONIBLE;01 - 22 - 24 - 30 - 32 - 48 - 73 - 74 - 79 - 80;02 - 04 - 20 - 23 - 25 - 26 - 28 - 36 - 57 - 73;;;;
33073;DISPONIBLE;03 - 07 - 08 - 25 - 31 - 33 - 69 - 79 - 86 - 89;01 - 02 - 35 - 39 - 40 - 44 - 54 - 63 - 77 - 84;;;;
33074;DISPONIBLE;09 - 20 - 36 - 54 - 61 - 76 - 84 - 85 - 87 - 90;04 - 32 - 36 - 37 - 40 - 51 - 56 - 63 - 66 - 74;;;;
33075;DISPONIBLE;04 - 09 - 22 - 24 - 37 - 38 - 53 - 69 - 74 - 89;12 - 13 - 24 - 32 - 50 - 66 - 70 - 71 - 76 - 82;;;;
33076;DISPONIBLE;19 - 20 - 49 - 53 - 59 - 66 - 75 - 83 - 85 - 86;19 - 30 - 37 - 38 - 50 - 51 - 58 - 61 - 62 - 72;;;;
33077;DISPONIBLE;01 - 05 - 20 - 27 - 34 - 44 - 47 - 50 - 72 - 83;09 - 18 - 28 - 30 - 35 - 42 - 54 - 69 - 81 - 90;;;;
33078;DISPONIBLE;01 - 02 - 03 - 10 - 14 - 39 - 42 - 47 - 69 - 79;16 - 20 - 26 - 30 - 40 - 44 - 60 - 70 - 75 - 77;;;;
33079;DISPONIBLE;04 - 06 - 10 - 21 - 23 - 42 - 73 - 80 - 84 - 90;07 - 22 - 25 - 33 - 47 - 55 - 67 - 73 - 79 - 81;;;;
33080;DISPONIBLE;09 - 23 - 24 - 62 - 64 - 70 - 71 - 73 - 80 - 86;04 - 21 - 29 - 37 - 51 - 52 - 64 - 69 - 72 - 85;;;;
33081;DISPONIBLE;05 - 13 - 29 - 31 - 37 - 38 - 42 - 49 - 65 - 76;26 - 27 - 49 - 50 - 59 - 62 - 65 - 70 - 73 - 88;;;;
33082;DISPONIBLE;06 - 13 - 26 - 30 - 36 - 38 - 39 - 52 - 54 - 70;26 - 30 - 37 - 47 - 60 - 61 - 66 - 68 - 74 - 81;;;;
33083;DISPONIBLE;04 - 05 - 12 - 15 - 45 - 55 - 58 - 78 - 83 - 85;01 - 10 - 18 - 38 - 45 - 46 - 70 - 83 - 87 - 89;;;;
33084;DISPONIBLE;07 - 12 - 14 - 17 - 26 - 67 - 70 - 84 - 85 - 88;03 - 10 - 35 - 36 - 63 - 82 - 84 - 85 - 87 - 88;;;;
33085;DISPONIBLE;04 - 23 - 33 - 39 - 50 - 61 - 71 - 77 - 78 - 89;09 - 11 - 21 - 33 - 45 - 51 - 56 - 66 - 73 - 78;;;;
33086;DISPONIBLE;09 - 14 - 28 - 37 - 44 - 68 - 69 - 76 - 79 - 89;07 - 26 - 38 - 60 - 68 - 71 - 74 - 76 - 78 - 79;;;;
33087;DISPONIBLE;15 - 16 - 31 - 49 - 53 - 60 - 75 - 79 - 85 - 88;22 - 24 - 26 - 35 - 43 - 44 - 49 - 59 - 79 - 88;;;;
33088;DISPONIBLE;02 - 04 - 06 - 09 - 27 - 31 - 38 - 66 - 77 - 87;15 - 20 - 21 - 29 - 39 - 52 - 69 - 80 - 81 - 86;;;;
33089;DISPONIBLE;05 - 07 - 09 - 15 - 16 - 20 - 27 - 37 - 39 - 66;09 - 30 - 35 - 37 - 45 - 46 - 48 - 55 - 61 - 67;;;;
33090;DISPONIBLE;13 - 14 - 22 - 30 - 35 - 36 - 48 - 61 - 69 - 76;14 - 28 - 30 - 34 - 36 - 42 - 51 - 71 - 79 - 81;;;;
33091;DISPONIBLE;06 - 23 - 36 - 51 - 55 - 63 - 71 - 72 - 73 - 88;03 - 08 - 12 - 23 - 26 - 51 - 62 - 66 - 70 - 87;;;;
33092;DISPONIBLE;04 - 05 - 15 - 34 - 48 - 50 - 54 - 58 - 62 - 90;09 - 20 - 22 - 27 - 45 - 52 - 62 - 64 - 66 - 85;;;;
33093;DISPONIBLE;19 - 42 - 44 - 48 - 60 - 63 - 66 - 71 - 76 - 79;01 - 19 - 26 - 42 - 52 - 68 - 70 - 76 - 80 - 90;;;;
33094;DISPONIBLE;09 - 15 - 22 - 25 - 48 - 60 - 67 - 72 - 74 - 85;13 - 20 - 24 - 31 - 38 - 46 - 56 - 74 - 79 - 83;;;;
33095;DISPONIBLE;01 - 28 - 41 - 42 - 52 - 62 - 76 - 80 - 82 - 90;07 - 10 - 16 - 17 - 35 - 41 - 42 - 45 - 59 - 61;;;;
33096;DISPONIBLE;05 - 08 - 16 - 54 - 64 - 69 - 76 - 78 - 80 - 85;25 - 26 - 27 - 41 - 46 - 47 - 65 - 68 - 80 - 88;;;;
33097;DISPONIBLE;08 - 09 - 25 - 31 - 38 - 49 - 60 - 78 - 80 - 82;02 - 04 - 06 - 14 - 17 - 37 - 49 - 61 - 69 - 85;;;;
33098;DISPONIBLE;09 - 12 - 17 - 19 - 25 - 29 - 31 - 57 - 78 - 82;35 - 36 - 39 - 43 - 53 - 54 - 55 - 57 - 59 - 64;;;;
33099;DISPONIBLE;08 - 22 - 25 - 33 - 47 - 49 - 61 - 70 - 71 - 88;03 - 19 - 34 - 51 - 53 - 59 - 67 - 69 - 81 - 88;;;;
33100;DISPONIBLE;15 - 30 - 34 - 46 - 64 - 66 - 69 - 78 - 83 - 86;05 - 16 - 18 - 22 - 52 - 62 - 65 - 68 - 73 - 76;;;;
33101;DISPONIBLE;04 - 23 - 36 - 43 - 48 - 55 - 56 - 61 - 63 - 90;21 - 28 - 33 - 58 - 71 - 72 - 75 - 83 - 84 - 88;;;;
33102;DISPONIBLE;27 - 33 - 46 - 47 - 58 - 67 - 71 - 78 - 81 - 86;02 - 05 - 39 - 41 - 58 - 59 - 61 - 66 - 78 - 84;;;;
33103;DISPONIBLE;13 - 23 - 40 - 42 - 46 - 47 - 50 - 81 - 82 - 89;05 - 07 - 17 - 40 - 41 - 48 - 52 - 54 - 83 - 84;;;;
33104;DISPONIBLE;10 - 25 - 31 - 43 - 48 - 54 - 65 - 69 - 76 - 85;11 - 16 - 21 - 36 - 41 - 61 - 64 - 66 - 75 - 78;;;;
33105;DISPONIBLE;06 - 22 - 23 - 32 - 37 - 49 - 55 - 66 - 69 - 84;04 - 06 - 09 - 26 - 46 - 50 - 71 - 79 - 81 - 90;;;;
33106;DISPONIBLE;06 - 12 - 13 - 21 - 25 - 58 - 63 - 67 - 72 - 73;09 - 18 - 19 - 30 - 44 - 72 - 75 - 82 - 87 - 90;;;;
33107;DISPONIBLE;14 - 20 - 31 - 50 - 52 - 58 - 59 - 61 - 71 - 72;10 - 33 - 37 - 39 - 43 - 47 - 56 - 61 - 88 - 90;;;;
33108;DISPONIBLE;07 - 12 - 15 - 33 - 51 - 54 - 66 - 72 - 82 - 84;02 - 18 - 20 - 26 - 69 - 76 - 80 - 82 - 83 - 86;;;;
33109;DISPONIBLE;11 - 15 - 20 - 24 - 43 - 45 - 55 - 59 - 65 - 90;17 - 27 - 34 - 37 - 40 - 64 - 82 - 84 - 85 - 88;;;;
33110;DISPONIBLE;01 - 18 - 26 - 30 - 32 - 54 - 59 - 65 - 66 - 78;16 - 38 - 46 - 50 - 54 - 55 - 56 - 68 - 70 - 73;;;;
33111;DISPONIBLE;12 - 14 - 19 - 36 - 39 - 45 - 66 - 74 - 82 - 85;02 - 08 - 13 - 16 - 20 - 23 - 50 - 58 - 72 - 88;;;;
33112;DISPONIBLE;14 - 25 - 39 - 49 - 51 - 59 - 62 - 70 - 74 - 77;09 - 19 - 29 - 35 - 38 - 46 - 66 - 68 - 77 - 79;;;;
33113;DISPONIBLE;21 - 30 - 39 - 41 - 47 - 56 - 65 - 68 - 71 - 75;06 - 08 - 09 - 25 - 34 - 38 - 65 - 68 - 84 - 85;;;;
33114;DISPONIBLE;03 - 04 - 22 - 23 - 45 - 55 - 60 - 64 - 67 - 87;02 - 04 - 11 - 13 - 15 - 18 - 27 - 49 - 61 - 80;;;;
33115;DISPONIBLE;02 - 03 - 11 - 22 - 33 - 37 - 69 - 71 - 75 - 84;01 - 08 - 17 - 41 - 44 - 49 - 59 - 62 - 64 - 87;;;;
33116;DISPONIBLE;01 - 02 - 03 - 20 - 29 - 34 - 60 - 66 - 74 - 81;04 - 10 - 13 - 16 - 33 - 52 - 67 - 74 - 77 - 81;;;;
33117;DISPONIBLE;03 - 11 - 13 - 20 - 22 - 31 - 60 - 68 - 83 - 86;01 - 06 - 09 - 15 - 16 - 23 - 27 - 57 - 76 - 90;;;;
33118;DISPONIBLE;10 - 14 - 19 - 27 - 30 - 32 - 52 - 59 - 61 - 63;03 - 04 - 10 - 29 - 34 - 39 - 69 - 71 - 83 - 87;;;;
33119;DISPONIBLE;03 - 11 - 13 - 21 - 22 - 39 - 50 - 57 - 72 - 89;09 - 10 - 17 - 34 - 49 - 50 - 52 - 67 - 82 - 84;;;;
33120;DISPONIBLE;03 - 19 - 33 - 36 - 37 - 48 - 51 - 60 - 74 - 87;01 - 10 - 21 - 31 - 39 - 40 - 53 - 57 - 75 - 81;;;;
33121;DISPONIBLE;05 - 06 - 23 - 30 - 33 - 39 - 41 - 51 - 80 - 89;05 - 06 - 29 - 45 - 58 - 63 - 72 - 73 - 78 - 80;;;;
33122;DISPONIBLE;15 - 17 - 23 - 27 - 29 - 33 - 56 - 68 - 78 - 88;18 - 25 - 30 - 38 - 51 - 54 - 55 - 66 - 74 - 83;;;;
33123;DISPONIBLE;14 - 45 - 47 - 53 - 55 - 56 - 67 - 73 - 75 - 76;07 - 34 - 36 - 38 - 42 - 48 - 49 - 53 - 76 - 85;;;;
33124;DISPONIBLE;06 - 07 - 09 - 16 - 37 - 41 - 45 - 57 - 68 - 80;27 - 39 - 61 - 64 - 66 - 73 - 76 - 83 - 84 - 89;;;;
33125;DISPONIBLE;05 - 12 - 17 - 18 - 19 - 36 - 60 - 64 - 81 - 84;08 - 10 - 13 - 41 - 42 - 43 - 44 - 50 - 58 - 90;;;;
33126;DISPONIBLE;17 - 25 - 33 - 41 - 45 - 63 - 75 - 81 - 83 - 85;05 - 24 - 40 - 41 - 44 - 58 - 64 - 67 - 72 - 85;;;;
33127;DISPONIBLE;06 - 18 - 23 - 44 - 52 - 60 - 72 - 73 - 82 - 90;11 - 14 - 29 - 34 - 35 - 46 - 54 - 58 - 60 - 90;;;;
33128;DISPONIBLE;11 - 18 - 34 - 38 - 40 - 47 - 68 - 80 - 88 - 89;11 - 25 - 29 - 50 - 68 - 70 - 79 - 80 - 81 - 85;;;;
33129;DISPONIBLE;24 - 37 - 48 - 57 - 58 - 59 - 81 - 82 - 86 - 87;05 - 10 - 17 - 18 - 20 - 43 - 45 - 58 - 69 - 76;;;;
33130;DISPONIBLE;14 - 26 - 36 - 40 - 43 - 48 - 51 - 75 - 77 - 85;16 - 23 - 28 - 31 - 42 - 47 - 58 - 69 - 79 - 83;;;;
33131;DISPONIBLE;05 - 24 - 26 - 31 - 49 - 52 - 53 - 63 - 77 - 89;20 - 34 - 39 - 49 - 56 - 60 - 64 - 67 - 81 - 83;;;;
33132;DISPONIBLE;02 - 03 - 06 - 16 - 21 - 37 - 45 - 49 - 53 - 73;19 - 20 - 26 - 27 - 31 - 34 - 50 - 52 - 66 - 71;;;;
33133;DISPONIBLE;03 - 04 - 08 - 19 - 24 - 36 - 43 - 46 - 64 - 78;08 - 12 - 18 - 27 - 42 - 53 - 59 - 74 - 81 - 84;;;;
33134;DISPONIBLE;18 - 20 - 21 - 25 - 40 - 41 - 42 - 52 - 54 - 64;24 - 38 - 39 - 53 - 57 - 71 - 78 - 82 - 86 - 87;;;;
33135;DISPONIBLE;11 - 14 - 29 - 32 - 45 - 46 - 60 - 64 - 81 - 83;03 - 10 - 27 - 33 - 37 - 41 - 49 - 70 - 83 - 90;;;;
33136;DISPONIBLE;10 - 13 - 22 - 34 - 46 - 53 - 61 - 66 - 74 - 83;06 - 15 - 35 - 43 - 55 - 58 - 63 - 65 - 67 - 82;;;;
33137;DISPONIBLE;12 - 41 - 44 - 60 - 72 - 77 - 80 - 82 - 87 - 89;05 - 06 - 10 - 38 - 51 - 55 - 56 - 59 - 61 - 64;;;;
33138;DISPONIBLE;10 - 14 - 15 - 16 - 32 - 50 - 51 - 53 - 64 - 68;11 - 22 - 25 - 30 - 48 - 52 - 57 - 59 - 65 - 90;;;;
33139;DISPONIBLE;04 - 06 - 19 - 45 - 59 - 63 - 64 - 67 - 70 - 82;02 - 07 - 09 - 17 - 32 - 35 - 53 - 61 - 65 - 82;;;;
33140;DISPONIBLE;10 - 22 - 24 - 30 - 41 - 42 - 51 - 55 - 67 - 86;01 - 32 - 34 - 35 - 42 - 49 - 63 - 71 - 72 - 87;;;;
33141;DISPONIBLE;21 - 22 - 25 - 50 - 58 - 62 - 72 - 75 - 85 - 89;05 - 14 - 16 - 38 - 47 - 51 - 52 - 57 - 59 - 80;;;;
33142;DISPONIBLE;10 - 19 - 24 - 39 - 43 - 60 - 71 - 79 - 83 - 87;16 - 18 - 23 - 32 - 37 - 45 - 46 - 50 - 60 - 78;;;;
33143;DISPONIBLE;07 - 10 - 16 - 26 - 31 - 33 - 55 - 60 - 87 - 88;02 - 09 - 10 - 14 - 16 - 18 - 42 - 68 - 78 - 83;;;;
33144;DISPONIBLE;23 - 41 - 42 - 44 - 45 - 51 - 66 - 77 - 83 - 90;10 - 20 - 24 - 27 - 33 - 42 - 43 - 67 - 86 - 87;;;;
33145;DISPONIBLE;18 - 21 - 32 - 34 - 60 - 61 - 62 - 65 - 79 - 84;11 - 13 - 19 - 21 - 22 - 29 - 44 - 68 - 80 - 86;;;;
33146;DISPONIBLE;01 - 08 - 15 - 17 - 27 - 48 - 57 - 60 - 63 - 88;10 - 14 - 17 - 19 - 36 - 37 - 62 - 65 - 66 - 89;;;;
33147;DISPONIBLE;08 - 13 - 27 - 28 - 35 - 50 - 62 - 67 - 83 - 90;19 - 26 - 27 - 29 - 30 - 34 - 40 - 42 - 52 - 66;;;;
33148;DISPONIBLE;39 - 43 - 44 - 45 - 46 - 49 - 56 - 72 - 73 - 74;12 - 30 - 37 - 41 - 45 - 62 - 81 - 82 - 84 - 89;;;;
33149;DISPONIBLE;14 - 24 - 28 - 45 - 46 - 57 - 59 - 60 - 63 - 86;06 - 09 - 12 - 13 - 36 - 42 - 56 - 68 - 69 - 75;;;;
33150;DISPONIBLE;18 - 37 - 38 - 51 - 53 - 60 - 65 - 70 - 73 - 77;18 - 21 - 23 - 24 - 30 - 31 - 32 - 36 - 50 - 76;;;;
33151;DISPONIBLE;11 - 14 - 17 - 19 - 52 - 58 - 60 - 68 - 74 - 78;14 - 24 - 29 - 36 - 55 - 66 - 71 - 77 - 78 - 79;;;;
33152;DISPONIBLE;03 - 13 - 37 - 39 - 49 - 57 - 59 - 66 - 77 - 80;03 - 06 - 30 - 32 - 61 - 64 - 65 - 75 - 82 - 84;;;;
33153;DISPONIBLE;01 - 16 - 20 - 21 - 22 - 23 - 29 - 55 - 82 - 86;08 - 16 - 17 - 24 - 33 - 35 - 59 - 63 - 70 - 83;;;;
33154;DISPONIBLE;18 - 19 - 23 - 43 - 63 - 64 - 65 - 79 - 82 - 90;02 - 03 - 13 - 29 - 35 - 41 - 50 - 60 - 87 - 88;;;;
33155;DISPONIBLE;21 - 28 - 30 - 41 - 57 - 66 - 80 - 82 - 86 - 87;05 - 19 - 28 - 43 - 46 - 59 - 81 - 82 - 86 - 89;;;;
33156;DISPONIBLE;03 - 12 - 16 - 23 - 30 - 44 - 54 - 69 - 72 - 75;23 - 28 - 29 - 32 - 52 - 63 - 66 - 82 - 83 - 85;;;;
33157;DISPONIBLE;25 - 39 - 48 - 63 - 70 - 73 - 78 - 79 - 84 - 85;04 - 07 - 11 - 45 - 63 - 65 - 67 - 70 - 75 - 78;;;;
33158;DISPONIBLE;09 - 21 - 32 - 35 - 40 - 41 - 45 - 50 - 59 - 61;09 - 13 - 26 - 28 - 30 - 31 - 45 - 52 - 63 - 87;;;;
33159;DISPONIBLE;15 - 24 - 64 - 66 - 68 - 70 - 72 - 74 - 79 - 82;09 - 10 - 19 - 20 - 30 - 35 - 39 - 63 - 72 - 84;;;;
33160;DISPONIBLE;13 - 17 - 35 - 39 - 41 - 42 - 56 - 72 - 75 - 87;01 - 10 - 13 - 19 - 37 - 41 - 58 - 72 - 73 - 87;;;;
33161;DISPONIBLE;14 - 15 - 24 - 37 - 47 - 61 - 69 - 73 - 78 - 83;02 - 05 - 15 - 26 - 27 - 32 - 51 - 56 - 73 - 86;;;;
33162;DISPONIBLE;18 - 28 - 39 - 50 - 54 - 62 - 78 - 82 - 87 - 88;06 - 09 - 13 - 18 - 34 - 40 - 48 - 60 - 72 - 81;;;;
33163;DISPONIBLE;04 - 12 - 15 - 20 - 23 - 25 - 35 - 54 - 67 - 90;04 - 05 - 17 - 21 - 29 - 35 - 45 - 53 - 77 - 82;;;;
33164;DISPONIBLE;08 - 10 - 23 - 25 - 39 - 55 - 63 - 75 - 78 - 85;16 - 26 - 32 - 33 - 37 - 39 - 61 - 80 - 84 - 86;;;;
33165;DISPONIBLE;03 - 05 - 06 - 10 - 14 - 24 - 26 - 59 - 63 - 86;05 - 17 - 19 - 24 - 35 - 39 - 41 - 48 - 58 - 74;;;;
33166;DISPONIBLE;40 - 41 - 42 - 43 - 64 - 66 - 69 - 82 - 84 - 88;18 - 19 - 21 - 23 - 43 - 50 - 63 - 65 - 82 - 88;;;;
33167;DISPONIBLE;02 - 11 - 20 - 26 - 28 - 36 - 53 - 61 - 71 - 88;04 - 16 - 29 - 33 - 40 - 48 - 55 - 59 - 78 - 87;;;;
33168;DISPONIBLE;04 - 12 - 14 - 41 - 42 - 57 - 63 - 65 - 76 - 90;17 - 22 - 34 - 41 - 42 - 53 - 71 - 83 - 87 - 90;;;;
33169;DISPONIBLE;04 - 24 - 32 - 34 - 53 - 69 - 78 - 79 - 81 - 82;10 - 14 - 21 - 29 - 38 - 45 - 53 - 65 - 67 - 74;;;;
33170;DISPONIBLE;05 - 12 - 24 - 29 - 31 - 32 - 35 - 43 - 50 - 80;01 - 11 - 33 - 37 - 53 - 54 - 55 - 65 - 73 - 88;;;;
33171;DISPONIBLE;14 - 15 - 18 - 23 - 30 - 43 - 47 - 51 - 52 - 68;11 - 15 - 18 - 29 - 32 - 37 - 66 - 68 - 75 - 90;;;;
33172;DISPONIBLE;01 - 08 - 18 - 22 - 23 - 31 - 49 - 54 - 71 - 84;04 - 09 - 22 - 39 - 44 - 48 - 49 - 51 - 58 - 64;;;;
33173;DISPONIBLE;01 - 16 - 19 - 24 - 32 - 44 - 46 - 57 - 59 - 81;08 - 13 - 19 - 64 - 69 - 70 - 78 - 80 - 81 - 84;;;;
33174;DISPONIBLE;09 - 10 - 17 - 24 - 34 - 42 - 44 - 66 - 71 - 82;05 - 13 - 17 - 21 - 45 - 46 - 54 - 56 - 61 - 82;;;;
33175;DISPONIBLE;09 - 22 - 25 - 29 - 36 - 38 - 46 - 56 - 58 - 75;08 - 09 - 13 - 23 - 26 - 30 - 38 - 60 - 71 - 78;;;;
33176;DISPONIBLE;01 - 14 - 33 - 45 - 54 - 58 - 70 - 79 - 82 - 88;01 - 02 - 33 - 39 - 49 - 63 - 65 - 84 - 85 - 86;;;;
33177;DISPONIBLE;03 - 05 - 06 - 20 - 30 - 31 - 50 - 51 - 67 - 68;01 - 10 - 14 - 25 - 35 - 60 - 64 - 75 - 79 - 84;;;;
33178;DISPONIBLE;10 - 12 - 17 - 24 - 28 - 49 - 56 - 61 - 81 - 88;16 - 20 - 36 - 37 - 48 - 53 - 55 - 62 - 79 - 81;;;;
33179;DISPONIBLE;24 - 25 - 31 - 34 - 35 - 56 - 72 - 79 - 80 - 89;08 - 10 - 17 - 22 - 25 - 35 - 40 - 57 - 74 - 84;;;;
33180;DISPONIBLE;01 - 08 - 17 - 25 - 37 - 45 - 58 - 63 - 74 - 76;08 - 20 - 31 - 35 - 43 - 45 - 57 - 65 - 66 - 69;;;;
33181;DISPONIBLE;01 - 37 - 42 - 68 - 69 - 73 - 80 - 82 - 83 - 87;11 - 27 - 28 - 29 - 38 - 46 - 59 - 71 - 76 - 83;;;;
33182;DISPONIBLE;11 - 21 - 26 - 40 - 51 - 57 - 64 - 73 - 77 - 86;38 - 39 - 43 - 54 - 58 - 64 - 72 - 75 - 86 - 89;;;;
33183;DISPONIBLE;01 - 07 - 12 - 17 - 19 - 23 - 42 - 46 - 47 - 51;14 - 20 - 31 - 36 - 37 - 46 - 55 - 69 - 84 - 86;;;;
33184;DISPONIBLE;16 - 19 - 27 - 38 - 47 - 53 - 54 - 66 - 86 - 87;01 - 06 - 10 - 22 - 28 - 36 - 39 - 42 - 51 - 61;;;;
33185;DISPONIBLE;04 - 23 - 36 - 39 - 47 - 48 - 54 - 70 - 83 - 90;02 - 08 - 19 - 21 - 22 - 26 - 44 - 46 - 52 - 70;;;;
33186;DISPONIBLE;02 - 08 - 13 - 24 - 41 - 43 - 50 - 53 - 64 - 85;14 - 17 - 18 - 32 - 33 - 34 - 42 - 52 - 60 - 89;;;;
33187;DISPONIBLE;05 - 10 - 17 - 23 - 49 - 50 - 58 - 64 - 65 - 71;12 - 18 - 37 - 46 - 53 - 55 - 62 - 68 - 84 - 87;;;;
33188;DISPONIBLE;02 - 07 - 16 - 25 - 37 - 43 - 52 - 65 - 71 - 80;07 - 12 - 23 - 29 - 35 - 42 - 47 - 63 - 83 - 89;;;;
33189;DISPONIBLE;07 - 09 - 14 - 21 - 29 - 35 - 42 - 46 - 51 - 77;05 - 18 - 28 - 40 - 53 - 57 - 65 - 70 - 83 - 90;;;;
33190;DISPONIBLE;01 - 17 - 29 - 34 - 53 - 69 - 70 - 73 - 81 - 84;02 - 10 - 27 - 35 - 41 - 50 - 53 - 54 - 70 - 86;;;;
33191;DISPONIBLE;01 - 24 - 29 - 33 - 46 - 52 - 59 - 71 - 87 - 88;13 - 28 - 37 - 43 - 47 - 49 - 56 - 78 - 86 - 87;;;;
33192;DISPONIBLE;05 - 06 - 16 - 17 - 25 - 26 - 27 - 42 - 75 - 84;02 - 29 - 42 - 51 - 55 - 60 - 70 - 78 - 84 - 89;;;;
33193;DISPONIBLE;01 - 08 - 27 - 51 - 58 - 69 - 76 - 77 - 81 - 89;08 - 10 - 26 - 32 - 41 - 49 - 73 - 79 - 84 - 90;;;;
33194;DISPONIBLE;01 - 02 - 21 - 24 - 26 - 30 - 49 - 76 - 78 - 84;06 - 13 - 16 - 24 - 54 - 55 - 72 - 80 - 81 - 88;;;;
33195;DISPONIBLE;17 - 23 - 25 - 31 - 35 - 36 - 51 - 63 - 78 - 86;06 - 10 - 16 - 19 - 20 - 51 - 57 - 68 - 83 - 87;;;;
33196;DISPONIBLE;32 - 37 - 39 - 43 - 46 - 55 - 75 - 76 - 80 - 85;08 - 23 - 29 - 35 - 37 - 57 - 67 - 71 - 73 - 83;;;;
33197;DISPONIBLE;05 - 06 - 09 - 23 - 42 - 48 - 62 - 75 - 78 - 85;05 - 08 - 11 - 13 - 18 - 26 - 28 - 31 - 69 - 77;;;;
33198;DISPONIBLE;19 - 31 - 57 - 59 - 60 - 67 - 73 - 75 - 81 - 84;01 - 03 - 06 - 07 - 08 - 11 - 49 - 55 - 57 - 64;;;;
33199;DISPONIBLE;01 - 13 - 20 - 35 - 45 - 53 - 54 - 55 - 71 - 81;10 - 24 - 27 - 35 - 59 - 60 - 64 - 67 - 82 - 83;;;;
33200;DISPONIBLE;21 - 23 - 55 - 63 - 72 - 73 - 79 - 80 - 83 - 86;18 - 21 - 36 - 39 - 47 - 54 - 56 - 63 - 84 - 88;;;;
33201;DISPONIBLE;10 - 16 - 17 - 19 - 22 - 41 - 65 - 67 - 68 - 82;07 - 14 - 24 - 25 - 43 - 56 - 61 - 64 - 84 - 86;;;;
33202;DISPONIBLE;04 - 08 - 13 - 19 - 29 - 65 - 72 - 76 - 78 - 88;14 - 20 - 24 - 54 - 59 - 65 - 70 - 72 - 75 - 80;;;;
33203;DISPONIBLE;07 - 09 - 10 - 24 - 28 - 52 - 53 - 54 - 55 - 68;07 - 12 - 15 - 17 - 25 - 49 - 58 - 61 - 64 - 70;;;;
33204;DISPONIBLE;02 - 27 - 32 - 35 - 59 - 64 - 69 - 72 - 79 - 90;17 - 34 - 40 - 56 - 60 - 63 - 65 - 66 - 77 - 86;;;;
33205;DISPONIBLE;20 - 22 - 30 - 38 - 58 - 59 - 61 - 65 - 66 - 73;06 - 11 - 21 - 28 - 29 - 30 - 35 - 39 - 42 - 65;;;;
33206;DISPONIBLE;02 - 09 - 18 - 29 - 42 - 53 - 56 - 65 - 68 - 76;01 - 20 - 23 - 31 - 34 - 36 - 55 - 57 - 65 - 67;;;;
33207;DISPONIBLE;04 - 07 - 15 - 18 - 59 - 70 - 71 - 76 - 81 - 82;02 - 21 - 26 - 28 - 30 - 48 - 50 - 61 - 72 - 88;;;;
33208;DISPONIBLE;03 - 29 - 30 - 33 - 45 - 59 - 61 - 74 - 79 - 82;21 - 44 - 45 - 48 - 49 - 53 - 63 - 69 - 82 - 87;;;;
33209;DISPONIBLE;03 - 07 - 11 - 16 - 19 - 62 - 71 - 87 - 89 - 90;02 - 10 - 22 - 25 - 28 - 31 - 42 - 44 - 65 - 90;;;;
33210;DISPONIBLE;03 - 07 - 19 - 21 - 39 - 66 - 79 - 84 - 86 - 87;01 - 10 - 13 - 17 - 19 - 34 - 37 - 41 - 56 - 63;;;;
33211;DISPONIBLE;11 - 14 - 15 - 20 - 32 - 52 - 53 - 74 - 81 - 85;07 - 20 - 33 - 48 - 55 - 61 - 64 - 70 - 80 - 87;;;;
33212;DISPONIBLE;02 - 05 - 15 - 37 - 45 - 58 - 67 - 82 - 87 - 90;05 - 39 - 54 - 55 - 57 - 60 - 61 - 82 - 86 - 87;;;;
33213;DISPONIBLE;21 - 45 - 51 - 55 - 56 - 61 - 62 - 81 - 84 - 88;04 - 09 - 18 - 21 - 42 - 47 - 53 - 67 - 69 - 81;;;;
33214;DISPONIBLE;06 - 26 - 47 - 54 - 56 - 57 - 61 - 65 - 71 - 89;07 - 18 - 22 - 49 - 55 - 56 - 59 - 71 - 77 - 89;;;;
33215;DISPONIBLE;02 - 07 - 25 - 30 - 31 - 65 - 68 - 73 - 79 - 81;01 - 03 - 10 - 16 - 40 - 48 - 62 - 66 - 76 - 88;;;;
33216;DISPONIBLE;04 - 21 - 24 - 33 - 43 - 54 - 73 - 77 - 79 - 84;01 - 11 - 19 - 26 - 31 - 64 - 68 - 74 - 76 - 79;;;;
33217;DISPONIBLE;04 - 10 - 11 - 43 - 53 - 54 - 59 - 67 - 89 - 90;04 - 23 - 41 - 64 - 70 - 77 - 79 - 81 - 82 - 86;;;;
33218;DISPONIBLE;03 - 07 - 10 - 12 - 34 - 35 - 50 - 51 - 57 - 62;09 - 11 - 21 - 40 - 49 - 51 - 59 - 70 - 77 - 85;;;;
33219;DISPONIBLE;09 - 18 - 21 - 36 - 37 - 47 - 57 - 68 - 74 - 85;08 - 15 - 18 - 22 - 34 - 41 - 75 - 78 - 83 - 84;;;;
33220;DISPONIBLE;01 - 05 - 19 - 24 - 54 - 55 - 56 - 58 - 68 - 81;01 - 03 - 10 - 13 - 38 - 42 - 54 - 60 - 69 - 72;;;;
33221;DISPONIBLE;04 - 09 - 18 - 26 - 30 - 57 - 61 - 63 - 85 - 86;02 - 05 - 16 - 17 - 24 - 40 - 50 - 72 - 84 - 85;;;;
33222;DISPONIBLE;02 - 05 - 06 - 27 - 28 - 33 - 75 - 78 - 80 - 88;04 - 09 - 14 - 25 - 29 - 41 - 57 - 64 - 69 - 89;;;;
33223;DISPONIBLE;19 - 24 - 28 - 32 - 37 - 39 - 43 - 57 - 60 - 86;11 - 27 - 44 - 55 - 56 - 62 - 72 - 78 - 81 - 83;;;;
33224;DISPONIBLE;01 - 16 - 24 - 36 - 55 - 59 - 66 - 71 - 72 - 78;21 - 23 - 28 - 35 - 64 - 70 - 80 - 83 - 87 - 88;;;;
33225;DISPONIBLE;05 - 07 - 09 - 11 - 19 - 27 - 30 - 51 - 63 - 80;09 - 13 - 23 - 29 - 54 - 62 - 73 - 77 - 82 - 84;;;;
33226;DISPONIBLE;24 - 26 - 63 - 68 - 70 - 72 - 75 - 79 - 82 - 90;07 - 27 - 42 - 50 - 53 - 64 - 65 - 70 - 75 - 76;;;;
33227;DISPONIBLE;08 - 12 - 14 - 21 - 32 - 47 - 65 - 68 - 75 - 83;01 - 04 - 16 - 18 - 22 - 43 - 51 - 55 - 62 - 73;;;;
33228;DISPONIBLE;07 - 11 - 35 - 44 - 46 - 47 - 62 - 65 - 72 - 85;01 - 04 - 12 - 19 - 23 - 40 - 41 - 45 - 70 - 78;;;;
33229;DISPONIBLE;03 - 19 - 22 - 35 - 37 - 43 - 58 - 60 - 66 - 78;09 - 13 - 23 - 33 - 42 - 59 - 61 - 74 - 83 - 84;;;;
33230;DISPONIBLE;12 - 14 - 23 - 28 - 29 - 40 - 47 - 72 - 74 - 77;01 - 02 - 15 - 22 - 43 - 57 - 73 - 80 - 84 - 86;;;;
33231;DISPONIBLE;03 - 14 - 18 - 21 - 24 - 28 - 50 - 66 - 79 - 83;03 - 04 - 13 - 38 - 40 - 44 - 52 - 65 - 82 - 88;;;;
33232;DISPONIBLE;12 - 24 - 29 - 35 - 39 - 59 - 64 - 81 - 86 - 88;07 - 23 - 29 - 31 - 68 - 70 - 73 - 78 - 82 - 89;;;;
33233;DISPONIBLE;06 - 08 - 20 - 39 - 47 - 56 - 68 - 74 - 83 - 87;06 - 07 - 22 - 23 - 32 - 42 - 56 - 76 - 88 - 90;;;;
33234;DISPONIBLE;15 - 26 - 33 - 34 - 37 - 40 - 49 - 51 - 63 - 86;13 - 18 - 24 - 46 - 55 - 58 - 70 - 76 - 78 - 81;;;;
33235;DISPONIBLE;01 - 38 - 39 - 43 - 46 - 51 - 65 - 76 - 83 - 90;15 - 18 - 21 - 36 - 39 - 46 - 63 - 74 - 81 - 89;;;;
33236;DISPONIBLE;04 - 05 - 14 - 17 - 26 - 53 - 55 - 65 - 80 - 87;06 - 18 - 27 - 31 - 42 - 43 - 44 - 49 - 71 - 79;;;;
33237;DISPONIBLE;02 - 15 - 18 - 29 - 42 - 49 - 57 - 77 - 85 - 90;05 - 06 - 12 - 20 - 59 - 69 - 70 - 74 - 78 - 81;;;;
33238;DISPONIBLE;07 - 28 - 31 - 32 - 36 - 62 - 78 - 80 - 83 - 85;08 - 15 - 19 - 27 - 29 - 34 - 44 - 63 - 69 - 82;;;;
33239;DISPONIBLE;07 - 16 - 19 - 21 - 26 - 29 - 68 - 75 - 78 - 90;07 - 13 - 23 - 28 - 36 - 52 - 53 - 60 - 70 - 87;;;;
33240;DISPONIBLE;03 - 04 - 12 - 18 - 19 - 21 - 28 - 42 - 46 - 51;07 - 22 - 23 - 40 - 43 - 46 - 50 - 56 - 66 - 89;;;;
33241;DISPONIBLE;06 - 30 - 31 - 35 - 39 - 42 - 54 - 55 - 67 - 87;17 - 21 - 37 - 39 - 48 - 52 - 66 - 67 - 76 - 84;;;;
33242;DISPONIBLE;06 - 17 - 23 - 38 - 54 - 58 - 60 - 81 - 82 - 83;19 - 21 - 38 - 39 - 53 - 63 - 66 - 68 - 71 - 72;;;;
33243;DISPONIBLE;15 - 17 - 19 - 21 - 22 - 30 - 33 - 37 - 56 - 60;15 - 21 - 27 - 33 - 34 - 46 - 56 - 63 - 71 - 88;;;;
33244;DISPONIBLE;03 - 06 - 10 - 15 - 25 - 52 - 54 - 56 - 66 - 70;20 - 32 - 36 - 39 - 57 - 58 - 60 - 61 - 70 - 71;;;;
33245;DISPONIBLE;04 - 10 - 22 - 23 - 24 - 56 - 61 - 70 - 86 - 90;01 - 06 - 09 - 20 - 25 - 36 - 44 - 53 - 56 - 83;;;;
33246;DISPONIBLE;15 - 16 - 29 - 30 - 37 - 47 - 64 - 74 - 83 - 85;06 - 08 - 29 - 31 - 42 - 60 - 61 - 72 - 76 - 77;;;;
33247;DISPONIBLE;07 - 19 - 20 - 43 - 49 - 52 - 53 - 54 - 70 - 83;10 - 20 - 26 - 42 - 51 - 56 - 69 - 73 - 81 - 88;;;;
33248;DISPONIBLE;01 - 14 - 17 - 18 - 23 - 32 - 54 - 70 - 76 - 79;06 - 12 - 23 - 27 - 29 - 32 - 37 - 76 - 79 - 83;;;;
33249;DISPONIBLE;06 - 15 - 35 - 38 - 45 - 47 - 55 - 57 - 84 - 89;02 - 03 - 34 - 45 - 56 - 63 - 70 - 73 - 75 - 88;;;;
33250;DISPONIBLE;10 - 36 - 37 - 44 - 45 - 49 - 61 - 83 - 85 - 88;01 - 21 - 25 - 32 - 45 - 64 - 71 - 81 - 82 - 85;;;;
33251;DISPONIBLE;03 - 19 - 37 - 42 - 43 - 44 - 59 - 66 - 75 - 81;07 - 23 - 24 - 25 - 30 - 40 - 54 - 63 - 69 - 84;;;;
33252;DISPONIBLE;12 - 13 - 17 - 37 - 43 - 73 - 80 - 82 - 85 - 90;03 - 06 - 14 - 33 - 45 - 53 - 77 - 84 - 85 - 86;;;;
33253;DISPONIBLE;04 - 16 - 18 - 23 - 30 - 44 - 50 - 64 - 71 - 85;01 - 20 - 25 - 30 - 40 - 46 - 51 - 67 - 77 - 83;;;;
33254;DISPONIBLE;05 - 17 - 18 - 22 - 23 - 34 - 37 - 49 - 74 - 78;18 - 26 - 28 - 42 - 44 - 52 - 53 - 59 - 61 - 82;;;;
33255;DISPONIBLE;02 - 18 - 30 - 32 - 41 - 46 - 63 - 68 - 72 - 86;03 - 07 - 08 - 41 - 44 - 52 - 57 - 59 - 83 - 86;;;;
33256;DISPONIBLE;05 - 23 - 31 - 32 - 38 - 47 - 52 - 63 - 66 - 79;01 - 02 - 10 - 11 - 45 - 58 - 62 - 77 - 78 - 90;;;;
33257;DISPONIBLE;05 - 22 - 25 - 36 - 65 - 70 - 72 - 78 - 82 - 86;13 - 15 - 37 - 39 - 51 - 52 - 63 - 67 - 83 - 87;;;;
33258;DISPONIBLE;09 - 15 - 29 - 51 - 56 - 57 - 59 - 70 - 77 - 78;07 - 10 - 25 - 29 - 35 - 40 - 45 - 56 - 76 - 78;;;;
33259;DISPONIBLE;02 - 19 - 26 - 27 - 47 - 59 - 66 - 80 - 84 - 88;08 - 19 - 43 - 49 - 58 - 69 - 87 - 88 - 89 - 90;;;;
33260;DISPONIBLE;07 - 12 - 21 - 53 - 55 - 60 - 64 - 68 - 79 - 83;09 - 35 - 38 - 46 - 47 - 48 - 55 - 58 - 62 - 65;;;;
33261;DISPONIBLE;05 - 18 - 31 - 34 - 47 - 51 - 56 - 67 - 80 - 85;01 - 16 - 28 - 29 - 49 - 51 - 52 - 70 - 82 - 85;;;;
33262;DISPONIBLE;02 - 09 - 20 - 23 - 54 - 60 - 65 - 72 - 80 - 88;08 - 13 - 16 - 19 - 30 - 36 - 73 - 74 - 75 - 84;;;;
33263;DISPONIBLE;05 - 06 - 18 - 23 - 24 - 35 - 41 - 50 - 57 - 78;02 - 21 - 25 - 36 - 37 - 54 - 70 - 77 - 82 - 83;;;;
33264;DISPONIBLE;09 - 16 - 17 - 19 - 23 - 29 - 31 - 41 - 46 - 84;15 - 19 - 40 - 51 - 58 - 62 - 63 - 64 - 66 - 75;;;;
33265;DISPONIBLE;07 - 16 - 21 - 22 - 27 - 70 - 78 - 85 - 88 - 90;01 - 05 - 08 - 19 - 21 - 27 - 50 - 70 - 76 - 84;;;;
33266;DISPONIBLE;03 - 08 - 26 - 32 - 38 - 40 - 42 - 68 - 69 - 79;03 - 09 - 13 - 21 - 34 - 38 - 63 - 68 - 74 - 84;;;;
33267;DISPONIBLE;02 - 09 - 16 - 22 - 48 - 49 - 52 - 65 - 67 - 88;02 - 04 - 05 - 15 - 17 - 34 - 40 - 44 - 55 - 81;;;;
33268;DISPONIBLE;10 - 15 - 20 - 29 - 30 - 42 - 46 - 69 - 76 - 84;01 - 20 - 21 - 29 - 32 - 42 - 50 - 57 - 76 - 84;;;;
33269;DISPONIBLE;09 - 10 - 15 - 17 - 24 - 34 - 55 - 65 - 67 - 73;02 - 11 - 16 - 19 - 23 - 34 - 43 - 72 - 73 - 82;;;;
33270;DISPONIBLE;21 - 29 - 32 - 33 - 35 - 59 - 61 - 65 - 72 - 83;03 - 05 - 06 - 14 - 23 - 29 - 59 - 82 - 86 - 89;;;;
33271;DISPONIBLE;10 - 14 - 29 - 48 - 66 - 68 - 82 - 86 - 88 - 89;17 - 35 - 36 - 44 - 45 - 48 - 67 - 80 - 82 - 90;;;;
33272;DISPONIBLE;16 - 17 - 25 - 33 - 39 - 52 - 68 - 74 - 82 - 89;06 - 30 - 44 - 58 - 59 - 60 - 68 - 83 - 88 - 90;;;;
33273;DISPONIBLE;22 - 26 - 27 - 34 - 41 - 59 - 64 - 69 - 76 - 81;10 - 22 - 28 - 54 - 55 - 56 - 65 - 71 - 76 - 86;;;;
33274;DISPONIBLE;02 - 07 - 18 - 34 - 37 - 38 - 56 - 73 - 79 - 87;01 - 15 - 34 - 47 - 49 - 55 - 58 - 64 - 71 - 78;;;;
33275;DISPONIBLE;01 - 06 - 08 - 12 - 13 - 28 - 29 - 47 - 64 - 81;09 - 11 - 16 - 27 - 30 - 34 - 37 - 71 - 72 - 73;;;;
33276;DISPONIBLE;13 - 19 - 22 - 37 - 41 - 54 - 57 - 64 - 67 - 85;10 - 13 - 15 - 17 - 19 - 47 - 56 - 64 - 69 - 82;;;;
33277;DISPONIBLE;03 - 09 - 15 - 20 - 35 - 38 - 47 - 50 - 62 - 84;07 - 11 - 17 - 18 - 31 - 34 - 38 - 62 - 85 - 90;;;;
33278;DISPONIBLE;05 - 24 - 26 - 44 - 65 - 66 - 77 - 85 - 87 - 88;12 - 14 - 17 - 18 - 20 - 23 - 25 - 41 - 48 - 57;;;;
33279;DISPONIBLE;04 - 07 - 11 - 13 - 21 - 57 - 61 - 63 - 74 - 84;20 - 25 - 26 - 46 - 66 - 67 - 68 - 79 - 85 - 89;;;;
33280;DISPONIBLE;17 - 22 - 25 - 52 - 56 - 64 - 65 - 69 - 71 - 85;01 - 10 - 29 - 32 - 49 - 51 - 62 - 75 - 76 - 87;;;;
33281;DISPONIBLE;05 - 21 - 22 - 55 - 62 - 65 - 66 - 69 - 73 - 88;11 - 23 - 27 - 28 - 44 - 59 - 68 - 70 - 75 - 85;;;;
33282;DISPONIBLE;02 - 22 - 25 - 31 - 33 - 53 - 54 - 58 - 60 - 82;11 - 20 - 25 - 39 - 42 - 47 - 49 - 59 - 75 - 81;;;;
33283;DISPONIBLE;07 - 15 - 32 - 34 - 41 - 52 - 58 - 67 - 78 - 90;15 - 18 - 22 - 34 - 50 - 52 - 66 - 67 - 76 - 87;;;;
33284;DISPONIBLE;04 - 18 - 20 - 21 - 33 - 41 - 58 - 65 - 70 - 76;01 - 06 - 10 - 25 - 44 - 49 - 60 - 62 - 68 - 90;;;;
33285;DISPONIBLE;07 - 12 - 14 - 28 - 34 - 42 - 56 - 64 - 69 - 74;09 - 18 - 44 - 46 - 50 - 54 - 60 - 64 - 72 - 87;;;;
33286;DISPONIBLE;07 - 25 - 37 - 47 - 55 - 65 - 76 - 84 - 86 - 87;11 - 20 - 35 - 39 - 40 - 42 - 43 - 68 - 78 - 89;;;;
33287;DISPONIBLE;04 - 07 - 08 - 16 - 27 - 33 - 47 - 49 - 63 - 64;06 - 10 - 25 - 46 - 54 - 56 - 61 - 81 - 83 - 89;;;;
33288;DISPONIBLE;02 - 08 - 15 - 32 - 38 - 52 - 54 - 64 - 80 - 85;01 - 06 - 31 - 35 - 36 - 53 - 56 - 59 - 74 - 82;;;;
33289;DISPONIBLE;10 - 16 - 37 - 56 - 57 - 59 - 71 - 85 - 86 - 88;06 - 17 - 19 - 28 - 30 - 33 - 54 - 79 - 88 - 89;;;;
33290;DISPONIBLE;06 - 28 - 35 - 36 - 45 - 50 - 60 - 71 - 73 - 75;01 - 07 - 09 - 28 - 32 - 46 - 61 - 69 - 73 - 85;;;;
33291;DISPONIBLE;03 - 26 - 31 - 44 - 45 - 51 - 54 - 69 - 80 - 90;05 - 23 - 40 - 49 - 54 - 56 - 65 - 67 - 83 - 90;;;;
33292;DISPONIBLE;09 - 13 - 18 - 24 - 30 - 40 - 64 - 72 - 76 - 84;05 - 06 - 12 - 15 - 21 - 44 - 47 - 57 - 58 - 69;;;;
33293;DISPONIBLE;04 - 07 - 25 - 31 - 33 - 35 - 43 - 44 - 66 - 83;11 - 23 - 26 - 32 - 33 - 43 - 50 - 69 - 71 - 90;;;;
33294;DISPONIBLE;03 - 07 - 08 - 11 - 26 - 33 - 43 - 48 - 55 - 79;08 - 34 - 45 - 55 - 63 - 68 - 76 - 82 - 87 - 90;;;;
33295;DISPONIBLE;03 - 12 - 22 - 43 - 46 - 47 - 51 - 65 - 73 - 74;12 - 24 - 26 - 35 - 42 - 51 - 58 - 72 - 74 - 89;;;;
33296;DISPONIBLE;03 - 08 - 20 - 25 - 50 - 55 - 65 - 67 - 79 - 90;05 - 31 - 39 - 42 - 48 - 55 - 61 - 65 - 66 - 84;;;;
33297;DISPONIBLE;01 - 07 - 11 - 19 - 35 - 41 - 48 - 71 - 75 - 85;05 - 13 - 14 - 23 - 49 - 56 - 76 - 85 - 87 - 89;;;;
33298;DISPONIBLE;01 - 12 - 16 - 27 - 38 - 44 - 47 - 53 - 56 - 79;01 - 18 - 28 - 44 - 49 - 57 - 58 - 68 - 70 - 79;;;;
33299;DISPONIBLE;07 - 08 - 13 - 14 - 28 - 31 - 67 - 75 - 77 - 79;09 - 12 - 23 - 26 - 43 - 54 - 58 - 61 - 73 - 76;;;;
33300;DISPONIBLE;05 - 24 - 36 - 40 - 44 - 46 - 79 - 84 - 88 - 89;15 - 21 - 31 - 32 - 43 - 54 - 56 - 57 - 60 - 71;;;;
33301;DISPONIBLE;02 - 12 - 21 - 23 - 25 - 33 - 65 - 68 - 74 - 84;01 - 05 - 27 - 29 - 38 - 47 - 62 - 68 - 71 - 87;;;;
33302;DISPONIBLE;23 - 25 - 28 - 36 - 37 - 43 - 52 - 55 - 57 - 65;01 - 04 - 05 - 11 - 26 - 44 - 55 - 60 - 63 - 65;;;;
33303;DISPONIBLE;13 - 14 - 32 - 35 - 36 - 46 - 64 - 65 - 75 - 85;01 - 10 - 12 - 13 - 15 - 30 - 34 - 62 - 64 - 75;;;;
33304;DISPONIBLE;04 - 07 - 11 - 16 - 23 - 28 - 50 - 62 - 69 - 86;12 - 13 - 14 - 56 - 60 - 66 - 73 - 76 - 78 - 87;;;;
33305;DISPONIBLE;01 - 03 - 16 - 20 - 26 - 47 - 49 - 52 - 62 - 87;15 - 16 - 17 - 19 - 21 - 63 - 65 - 66 - 78 - 80;;;;
33306;DISPONIBLE;06 - 25 - 32 - 34 - 35 - 42 - 56 - 64 - 75 - 88;07 - 10 - 16 - 24 - 30 - 38 - 40 - 54 - 55 - 89;;;;
33307;DISPONIBLE;18 - 26 - 31 - 32 - 45 - 50 - 62 - 64 - 65 - 86;01 - 10 - 24 - 25 - 34 - 42 - 57 - 70 - 82 - 87;;;;
33308;DISPONIBLE;19 - 30 - 31 - 46 - 48 - 57 - 59 - 61 - 66 - 80;02 - 06 - 15 - 28 - 30 - 36 - 39 - 43 - 53 - 78;;;;
33309;DISPONIBLE;08 - 26 - 37 - 38 - 46 - 48 - 66 - 69 - 76 - 84;04 - 18 - 19 - 24 - 30 - 43 - 45 - 54 - 60 - 65;;;;
33310;DISPONIBLE;06 - 15 - 34 - 39 - 56 - 62 - 67 - 87 - 88 - 89;05 - 06 - 12 - 49 - 55 - 72 - 80 - 81 - 82 - 83;;;;
33311;DISPONIBLE;09 - 20 - 33 - 40 - 62 - 72 - 73 - 77 - 84 - 86;04 - 23 - 24 - 25 - 31 - 38 - 64 - 70 - 79 - 80;;;;
33312;DISPONIBLE;11 - 12 - 25 - 30 - 34 - 51 - 62 - 67 - 84 - 88;01 - 06 - 41 - 51 - 60 - 61 - 72 - 75 - 79 - 80;;;;
33313;DISPONIBLE;02 - 11 - 14 - 58 - 59 - 62 - 66 - 75 - 86 - 87;20 - 22 - 35 - 39 - 44 - 47 - 51 - 52 - 72 - 76;;;;
33314;DISPONIBLE;04 - 11 - 12 - 17 - 18 - 35 - 37 - 73 - 80 - 84;06 - 21 - 22 - 25 - 28 - 31 - 42 - 44 - 69 - 70;;;;
33315;DISPONIBLE;20 - 21 - 28 - 29 - 34 - 41 - 46 - 58 - 76 - 86;01 - 05 - 07 - 29 - 33 - 38 - 43 - 50 - 55 - 59;;;;
33316;DISPONIBLE;14 - 15 - 28 - 29 - 31 - 35 - 39 - 67 - 73 - 89;04 - 28 - 32 - 34 - 43 - 48 - 74 - 76 - 78 - 87;;;;
33317;DISPONIBLE;19 - 26 - 32 - 33 - 38 - 52 - 57 - 69 - 71 - 82;08 - 10 - 11 - 23 - 32 - 38 - 43 - 48 - 66 - 71;;;;
33318;DISPONIBLE;15 - 18 - 31 - 40 - 55 - 64 - 71 - 76 - 78 - 90;02 - 15 - 21 - 22 - 23 - 50 - 73 - 77 - 85 - 87;;;;
33319;DISPONIBLE;12 - 19 - 25 - 27 - 31 - 38 - 46 - 60 - 62 - 70;03 - 09 - 16 - 39 - 40 - 45 - 52 - 69 - 79 - 82;;;;
33320;DISPONIBLE;16 - 27 - 30 - 59 - 60 - 62 - 65 - 70 - 78 - 86;13 - 15 - 20 - 21 - 22 - 33 - 39 - 53 - 59 - 61;;;;
33321;DISPONIBLE;01 - 17 - 19 - 24 - 26 - 50 - 51 - 58 - 65 - 77;19 - 23 - 31 - 34 - 72 - 76 - 81 - 83 - 85 - 89;;;;
33322;DISPONIBLE;01 - 15 - 22 - 26 - 41 - 43 - 49 - 51 - 67 - 79;11 - 14 - 17 - 38 - 48 - 51 - 52 - 59 - 83 - 88;;;;
33323;DISPONIBLE;18 - 24 - 25 - 36 - 42 - 44 - 48 - 50 - 83 - 89;31 - 39 - 42 - 52 - 60 - 63 - 71 - 79 - 85 - 86;;;;
33324;DISPONIBLE;09 - 10 - 39 - 43 - 44 - 46 - 55 - 68 - 69 - 73;23 - 29 - 31 - 36 - 40 - 42 - 46 - 48 - 60 - 70;;;;
33325;DISPONIBLE;03 - 06 - 11 - 13 - 17 - 50 - 51 - 53 - 67 - 75;20 - 28 - 37 - 40 - 44 - 45 - 52 - 55 - 58 - 83;;;;
33326;DISPONIBLE;13 - 19 - 21 - 22 - 23 - 27 - 30 - 39 - 76 - 87;01 - 03 - 19 - 21 - 25 - 30 - 31 - 57 - 76 - 82;;;;
33327;DISPONIBLE;10 - 11 - 13 - 21 - 27 - 39 - 60 - 69 - 72 - 80;05 - 41 - 44 - 48 - 62 - 65 - 68 - 74 - 85 - 87;;;;
33328;DISPONIBLE;04 - 06 - 11 - 12 - 13 - 19 - 23 - 29 - 58 - 81;04 - 16 - 21 - 36 - 41 - 43 - 58 - 61 - 63 - 75;;;;
33329;DISPONIBLE;11 - 19 - 21 - 42 - 49 - 51 - 66 - 78 - 79 - 80;09 - 21 - 26 - 29 - 32 - 37 - 41 - 45 - 61 - 64;;;;
33330;DISPONIBLE;01 - 12 - 18 - 19 - 38 - 48 - 69 - 79 - 85 - 88;04 - 08 - 10 - 21 - 27 - 39 - 43 - 55 - 85 - 90;;;;
33331;DISPONIBLE;12 - 19 - 32 - 33 - 46 - 50 - 59 - 62 - 67 - 80;08 - 15 - 30 - 47 - 49 - 59 - 63 - 68 - 75 - 87;;;;
33332;DISPONIBLE;09 - 15 - 24 - 31 - 35 - 39 - 43 - 49 - 61 - 70;07 - 09 - 17 - 27 - 36 - 44 - 51 - 53 - 85 - 90;;;;
33333;DISPONIBLE;08 - 09 - 19 - 34 - 42 - 58 - 64 - 72 - 85 - 87;04 - 09 - 15 - 17 - 35 - 52 - 57 - 72 - 84 - 85;;;;
33334;DISPONIBLE;07 - 27 - 28 - 29 - 30 - 31 - 33 - 36 - 51 - 72;06 - 09 - 13 - 36 - 43 - 45 - 49 - 57 - 76 - 86;;;;
33335;DISPONIBLE;02 - 08 - 24 - 34 - 45 - 47 - 50 - 60 - 67 - 78;05 - 20 - 23 - 26 - 29 - 32 - 39 - 55 - 68 - 74;;;;
33336;DISPONIBLE;06 - 20 - 21 - 40 - 47 - 49 - 68 - 73 - 74 - 84;11 - 22 - 36 - 57 - 60 - 64 - 65 - 80 - 83 - 88;;;;
33337;DISPONIBLE;18 - 19 - 27 - 29 - 49 - 73 - 80 - 82 - 88 - 90;03 - 06 - 09 - 25 - 32 - 42 - 58 - 68 - 85 - 87;;;;
33338;DISPONIBLE;07 - 09 - 13 - 39 - 47 - 50 - 55 - 68 - 71 - 86;12 - 21 - 27 - 28 - 42 - 46 - 55 - 66 - 67 - 78;;;;
33339;DISPONIBLE;11 - 21 - 23 - 31 - 55 - 56 - 63 - 69 - 70 - 76;21 - 27 - 36 - 38 - 39 - 44 - 49 - 52 - 64 - 68;;;;
33340;DISPONIBLE;05 - 09 - 12 - 13 - 24 - 33 - 41 - 43 - 48 - 89;14 - 17 - 41 - 47 - 48 - 50 - 59 - 61 - 68 - 86;;;;
33341;DISPONIBLE;02 - 33 - 42 - 45 - 46 - 51 - 53 - 67 - 70 - 75;03 - 06 - 08 - 24 - 41 - 49 - 56 - 65 - 71 - 75;;;;
33342;DISPONIBLE;06 - 07 - 16 - 29 - 31 - 33 - 65 - 71 - 84 - 89;05 - 13 - 18 - 25 - 28 - 39 - 75 - 78 - 79 - 85;;;;
33343;DISPONIBLE;01 - 04 - 06 - 09 - 19 - 26 - 39 - 42 - 44 - 71;17 - 37 - 42 - 47 - 50 - 55 - 61 - 67 - 71 - 78;;;;
33344;DISPONIBLE;06 - 11 - 21 - 24 - 26 - 28 - 55 - 60 - 71 - 82;16 - 34 - 49 - 52 - 53 - 69 - 70 - 72 - 84 - 85;;;;
33345;DISPONIBLE;10 - 13 - 41 - 45 - 51 - 55 - 70 - 78 - 79 - 80;10 - 15 - 16 - 20 - 30 - 41 - 47 - 66 - 71 - 78;;;;
33346;DISPONIBLE;01 - 04 - 10 - 11 - 22 - 41 - 71 - 78 - 82 - 89;05 - 08 - 09 - 11 - 14 - 20 - 34 - 47 - 70 - 74;;;;
33347;DISPONIBLE;04 - 18 - 34 - 39 - 44 - 47 - 67 - 75 - 81 - 89;02 - 04 - 07 - 17 - 36 - 47 - 53 - 69 - 71 - 79;;;;
33348;DISPONIBLE;15 - 21 - 23 - 39 - 47 - 49 - 55 - 61 - 65 - 77;31 - 33 - 36 - 38 - 46 - 58 - 75 - 77 - 86 - 87;;;;
33349;DISPONIBLE;07 - 13 - 15 - 33 - 54 - 56 - 63 - 65 - 67 - 85;01 - 06 - 27 - 29 - 41 - 42 - 45 - 52 - 70 - 87;;;;
33350;DISPONIBLE;20 - 25 - 29 - 30 - 44 - 45 - 57 - 62 - 77 - 88;09 - 11 - 19 - 22 - 30 - 43 - 65 - 69 - 83 - 84;;;;
33351;DISPONIBLE;02 - 04 - 11 - 16 - 21 - 25 - 30 - 33 - 61 - 70;02 - 08 - 13 - 20 - 26 - 29 - 35 - 45 - 58 - 69;;;;
33352;DISPONIBLE;09 - 25 - 28 - 32 - 39 - 40 - 59 - 72 - 80 - 82;07 - 10 - 20 - 22 - 23 - 42 - 55 - 62 - 83 - 87;;;;
33353;DISPONIBLE;12 - 20 - 23 - 24 - 44 - 54 - 60 - 68 - 71 - 90;12 - 17 - 22 - 37 - 39 - 64 - 78 - 80 - 84 - 86;;;;
33354;DISPONIBLE;06 - 08 - 21 - 22 - 54 - 61 - 70 - 72 - 74 - 82;07 - 09 - 19 - 21 - 30 - 31 - 33 - 64 - 66 - 75;;;;
33355;DISPONIBLE;06 - 24 - 28 - 33 - 37 - 41 - 45 - 63 - 74 - 80;20 - 23 - 36 - 59 - 60 - 61 - 68 - 74 - 75 - 83;;;;
33356;DISPONIBLE;03 - 10 - 28 - 31 - 43 - 44 - 57 - 63 - 80 - 82;09 - 33 - 37 - 43 - 47 - 59 - 65 - 73 - 79 - 87;;;;
33357;DISPONIBLE;01 - 04 - 08 - 17 - 49 - 61 - 80 - 81 - 86 - 90;12 - 19 - 24 - 30 - 31 - 32 - 51 - 52 - 68 - 75;;;;
33358;DISPONIBLE;01 - 08 - 18 - 29 - 42 - 46 - 49 - 58 - 70 - 89;02 - 07 - 23 - 29 - 47 - 49 - 50 - 68 - 73 - 82;;;;
33359;DISPONIBLE;08 - 11 - 15 - 19 - 27 - 40 - 48 - 58 - 74 - 83;13 - 17 - 25 - 35 - 57 - 59 - 60 - 82 - 83 - 86;;;;
33360;DISPONIBLE;10 - 34 - 35 - 40 - 46 - 48 - 66 - 68 - 86 - 87;14 - 21 - 34 - 43 - 48 - 50 - 75 - 76 - 87 - 89;;;;
33361;DISPONIBLE;01 - 04 - 07 - 68 - 71 - 78 - 79 - 80 - 83 - 87;07 - 09 - 15 - 22 - 30 - 32 - 44 - 58 - 64 - 70;;;;
33362;DISPONIBLE;18 - 26 - 44 - 51 - 52 - 62 - 64 - 73 - 77 - 89;03 - 06 - 23 - 27 - 35 - 44 - 54 - 58 - 62 - 66;;;;
33363;DISPONIBLE;01 - 13 - 20 - 45 - 47 - 65 - 66 - 76 - 77 - 90;09 - 14 - 19 - 26 - 31 - 42 - 47 - 51 - 57 - 62;;;;
33364;DISPONIBLE;06 - 12 - 17 - 33 - 52 - 56 - 60 - 76 - 82 - 87;03 - 07 - 38 - 40 - 48 - 61 - 65 - 66 - 76 - 79;;;;
33365;DISPONIBLE;16 - 38 - 44 - 46 - 50 - 55 - 57 - 65 - 68 - 74;03 - 08 - 16 - 35 - 48 - 60 - 67 - 72 - 78 - 90;;;;
33366;DISPONIBLE;18 - 21 - 25 - 29 - 33 - 34 - 42 - 58 - 77 - 81;04 - 16 - 23 - 36 - 54 - 67 - 70 - 76 - 80 - 82;;;;
33367;DISPONIBLE;21 - 31 - 33 - 39 - 40 - 48 - 54 - 57 - 77 - 88;04 - 06 - 12 - 13 - 23 - 35 - 36 - 48 - 57 - 70;;;;
33368;DISPONIBLE;05 - 19 - 44 - 58 - 59 - 67 - 81 - 84 - 85 - 90;05 - 15 - 16 - 18 - 39 - 40 - 49 - 50 - 75 - 87;;;;
33369;DISPONIBLE;11 - 16 - 20 - 27 - 33 - 72 - 74 - 75 - 77 - 89;07 - 12 - 18 - 32 - 39 - 50 - 52 - 55 - 64 - 68;;;;
33370;DISPONIBLE;18 - 29 - 38 - 40 - 47 - 48 - 49 - 63 - 73 - 76;09 - 31 - 36 - 41 - 42 - 46 - 60 - 63 - 69 - 82;;;;
33371;DISPONIBLE;06 - 09 - 21 - 26 - 30 - 51 - 60 - 73 - 76 - 87;06 - 10 - 11 - 38 - 40 - 52 - 53 - 69 - 87 - 89;;;;
33372;DISPONIBLE;01 - 07 - 08 - 13 - 32 - 35 - 48 - 51 - 52 - 84;12 - 16 - 36 - 57 - 59 - 62 - 69 - 70 - 73 - 82;;;;
33373;DISPONIBLE;05 - 30 - 31 - 36 - 62 - 65 - 66 - 67 - 75 - 90;04 - 11 - 27 - 36 - 39 - 41 - 48 - 64 - 70 - 76;;;;
33374;DISPONIBLE;11 - 13 - 16 - 27 - 52 - 58 - 61 - 66 - 74 - 80;04 - 09 - 16 - 54 - 60 - 75 - 76 - 80 - 82 - 83;;;;
33375;DISPONIBLE;38 - 41 - 42 - 59 - 62 - 69 - 79 - 85 - 89 - 90;05 - 18 - 33 - 48 - 52 - 68 - 70 - 73 - 76 - 77;;;;
33376;DISPONIBLE;03 - 13 - 14 - 25 - 34 - 37 - 43 - 65 - 84 - 85;12 - 24 - 33 - 42 - 51 - 52 - 56 - 63 - 66 - 81;;;;
33377;DISPONIBLE;13 - 17 - 28 - 37 - 61 - 77 - 79 - 82 - 88 - 89;03 - 05 - 10 - 13 - 27 - 51 - 55 - 72 - 77 - 78;;;;
33378;DISPONIBLE;02 - 17 - 25 - 30 - 31 - 34 - 48 - 53 - 80 - 86;01 - 03 - 09 - 17 - 27 - 30 - 38 - 41 - 57 - 83;;;;
33379;DISPONIBLE;03 - 06 - 15 - 16 - 21 - 47 - 61 - 65 - 67 - 87;12 - 19 - 20 - 26 - 32 - 33 - 41 - 43 - 44 - 65;;;;
33380;DISPONIBLE;02 - 05 - 08 - 10 - 12 - 13 - 28 - 57 - 62 - 83;03 - 04 - 06 - 10 - 20 - 21 - 32 - 34 - 68 - 81;;;;
33381;DISPONIBLE;06 - 32 - 38 - 40 - 51 - 57 - 65 - 80 - 84 - 86;12 - 33 - 41 - 57 - 59 - 70 - 73 - 81 - 83 - 86;;;;
33382;DISPONIBLE;03 - 18 - 31 - 53 - 57 - 67 - 70 - 81 - 87 - 89;03 - 05 - 09 - 13 - 26 - 50 - 60 - 73 - 80 - 86;;;;
33383;DISPONIBLE;17 - 25 - 28 - 29 - 32 - 33 - 48 - 66 - 74 - 81;08 - 17 - 21 - 22 - 24 - 34 - 47 - 55 - 56 - 70;;;;
33384;DISPONIBLE;07 - 13 - 16 - 23 - 30 - 42 - 52 - 67 - 70 - 75;01 - 06 - 18 - 19 - 33 - 38 - 51 - 62 - 63 - 76;;;;
33385;DISPONIBLE;18 - 27 - 28 - 32 - 35 - 53 - 66 - 71 - 79 - 84;03 - 07 - 09 - 11 - 20 - 32 - 33 - 66 - 80 - 83;;;;
33386;DISPONIBLE;05 - 08 - 11 - 16 - 18 - 19 - 22 - 44 - 88 - 89;05 - 28 - 44 - 50 - 52 - 55 - 68 - 82 - 87 - 88;;;;
33387;DISPONIBLE;07 - 10 - 13 - 31 - 34 - 39 - 65 - 68 - 71 - 78;01 - 05 - 06 - 09 - 11 - 21 - 33 - 63 - 85 - 88;;;;
33388;DISPONIBLE;01 - 02 - 44 - 45 - 51 - 60 - 66 - 70 - 84 - 89;17 - 20 - 39 - 44 - 45 - 64 - 76 - 77 - 85 - 87;;;;
33389;DISPONIBLE;04 - 31 - 44 - 52 - 54 - 60 - 67 - 84 - 86 - 89;02 - 08 - 09 - 10 - 18 - 21 - 24 - 35 - 41 - 80;;;;
33390;DISPONIBLE;02 - 04 - 06 - 10 - 19 - 31 - 33 - 37 - 64 - 89;13 - 19 - 30 - 54 - 58 - 64 - 66 - 68 - 82 - 90;;;;
33391;DISPONIBLE;04 - 29 - 32 - 33 - 49 - 69 - 73 - 75 - 83 - 84;09 - 17 - 18 - 20 - 35 - 50 - 52 - 54 - 66 - 89;;;;
33392;DISPONIBLE;01 - 04 - 08 - 17 - 25 - 33 - 51 - 58 - 59 - 85;13 - 29 - 31 - 46 - 47 - 51 - 57 - 65 - 73 - 80;;;;
33393;DISPONIBLE;10 - 22 - 35 - 50 - 54 - 60 - 66 - 77 - 80 - 84;09 - 19 - 26 - 33 - 35 - 49 - 52 - 53 - 57 - 63;;;;
33394;DISPONIBLE;11 - 22 - 36 - 52 - 55 - 70 - 77 - 80 - 82 - 85;05 - 19 - 25 - 36 - 44 - 49 - 63 - 67 - 82 - 85;;;;
33395;DISPONIBLE;11 - 14 - 19 - 20 - 38 - 44 - 47 - 76 - 84 - 85;29 - 42 - 44 - 50 - 56 - 62 - 64 - 66 - 83 - 87;;;;
33396;DISPONIBLE;32 - 34 - 42 - 43 - 51 - 54 - 68 - 81 - 86 - 88;04 - 15 - 21 - 22 - 30 - 32 - 35 - 47 - 50 - 63;;;;
33397;DISPONIBLE;07 - 19 - 25 - 39 - 57 - 62 - 68 - 75 - 83 - 84;03 - 37 - 39 - 43 - 50 - 52 - 56 - 71 - 73 - 77;;;;
33398;DISPONIBLE;06 - 11 - 12 - 17 - 47 - 48 - 55 - 73 - 83 - 87;04 - 09 - 23 - 29 - 35 - 45 - 53 - 56 - 70 - 80;;;;
33399;DISPONIBLE;18 - 26 - 31 - 40 - 43 - 45 - 59 - 69 - 76 - 82;08 - 13 - 29 - 48 - 62 - 64 - 70 - 75 - 83 - 84;;;;
33400;DISPONIBLE;04 - 10 - 23 - 41 - 54 - 59 - 61 - 64 - 74 - 77;05 - 26 - 27 - 47 - 55 - 57 - 63 - 66 - 70 - 71;;;;
33401;DISPONIBLE;06 - 08 - 20 - 23 - 42 - 46 - 51 - 53 - 77 - 79;05 - 23 - 25 - 26 - 27 - 31 - 47 - 59 - 63 - 74;;;;
33402;DISPONIBLE;16 - 35 - 42 - 44 - 52 - 56 - 72 - 73 - 75 - 79;15 - 18 - 20 - 30 - 50 - 58 - 59 - 64 - 75 - 87;;;;
33403;DISPONIBLE;09 - 31 - 32 - 40 - 43 - 44 - 46 - 64 - 77 - 81;03 - 14 - 30 - 33 - 35 - 40 - 41 - 42 - 47 - 72;;;;
33404;DISPONIBLE;10 - 16 - 22 - 27 - 31 - 32 - 37 - 51 - 55 - 65;22 - 40 - 50 - 60 - 62 - 71 - 74 - 80 - 83 - 90;;;;
33405;DISPONIBLE;05 - 16 - 20 - 45 - 55 - 60 - 71 - 75 - 77 - 83;10 - 19 - 40 - 50 - 63 - 66 - 67 - 75 - 78 - 79;;;;
33406;DISPONIBLE;20 - 26 - 48 - 53 - 60 - 71 - 73 - 83 - 87 - 88;05 - 08 - 28 - 29 - 39 - 48 - 52 - 58 - 66 - 90;;;;
33407;DISPONIBLE;12 - 18 - 21 - 25 - 30 - 37 - 40 - 43 - 78 - 83;18 - 21 - 26 - 30 - 46 - 56 - 61 - 68 - 71 - 78;;;;
33408;DISPONIBLE;01 - 04 - 12 - 25 - 27 - 36 - 38 - 40 - 43 - 51;10 - 11 - 13 - 18 - 19 - 22 - 44 - 52 - 57 - 88;;;;
33409;DISPONIBLE;10 - 11 - 13 - 21 - 28 - 36 - 57 - 71 - 79 - 84;06 - 12 - 13 - 32 - 39 - 41 - 46 - 52 - 54 - 77;;;;
33410;DISPONIBLE;09 - 15 - 18 - 38 - 57 - 63 - 66 - 67 - 77 - 86;08 - 16 - 21 - 34 - 40 - 45 - 50 - 54 - 76 - 83;;;;
33411;DISPONIBLE;10 - 21 - 34 - 40 - 48 - 64 - 67 - 69 - 84 - 88;04 - 08 - 15 - 21 - 26 - 41 - 48 - 51 - 64 - 76;;;;
33412;DISPONIBLE;06 - 11 - 25 - 48 - 55 - 71 - 76 - 81 - 82 - 87;17 - 18 - 32 - 39 - 45 - 46 - 68 - 70 - 74 - 77;;;;
33413;DISPONIBLE;13 - 18 - 25 - 29 - 33 - 50 - 52 - 69 - 70 - 77;04 - 20 - 50 - 62 - 65 - 77 - 78 - 79 - 83 - 85;;;;
33414;DISPONIBLE;15 - 26 - 28 - 32 - 41 - 46 - 60 - 62 - 79 - 90;03 - 04 - 10 - 16 - 45 - 71 - 72 - 76 - 77 - 83;;;;
33415;DISPONIBLE;07 - 21 - 25 - 27 - 33 - 34 - 57 - 61 - 70 - 74;02 - 19 - 20 - 30 - 57 - 63 - 77 - 78 - 87 - 89;;;;
33416;DISPONIBLE;02 - 04 - 05 - 08 - 18 - 22 - 25 - 34 - 37 - 42;08 - 15 - 33 - 35 - 40 - 42 - 48 - 71 - 80 - 89;;;;
33417;DISPONIBLE;16 - 19 - 22 - 23 - 26 - 39 - 42 - 48 - 64 - 85;06 - 07 - 25 - 29 - 31 - 52 - 55 - 60 - 75 - 76;;;;
33418;DISPONIBLE;05 - 21 - 25 - 30 - 40 - 48 - 57 - 58 - 74 - 85;02 - 03 - 07 - 10 - 18 - 34 - 36 - 45 - 62 - 80;;;;
33419;DISPONIBLE;01 - 08 - 10 - 11 - 26 - 34 - 37 - 41 - 49 - 50;27 - 38 - 41 - 44 - 53 - 56 - 57 - 68 - 77 - 79;;;;
33420;DISPONIBLE;13 - 14 - 15 - 28 - 33 - 42 - 44 - 72 - 73 - 85;17 - 29 - 35 - 45 - 67 - 74 - 79 - 85 - 87 - 89;;;;
33421;DISPONIBLE;01 - 13 - 18 - 19 - 34 - 37 - 42 - 55 - 65 - 71;14 - 25 - 40 - 43 - 51 - 58 - 64 - 72 - 73 - 81;;;;
33422;DISPONIBLE;24 - 28 - 43 - 46 - 53 - 55 - 61 - 69 - 71 - 83;06 - 23 - 33 - 37 - 55 - 60 - 61 - 64 - 85 - 87;;;;
33423;DISPONIBLE;09 - 10 - 16 - 18 - 30 - 39 - 40 - 41 - 70 - 84;06 - 30 - 42 - 46 - 52 - 56 - 60 - 67 - 74 - 76;;;;
33424;DISPONIBLE;13 - 38 - 45 - 46 - 48 - 58 - 69 - 75 - 82 - 85;03 - 16 - 21 - 30 - 32 - 38 - 47 - 49 - 86 - 87;;;;
33425;DISPONIBLE;10 - 20 - 35 - 43 - 52 - 71 - 76 - 77 - 80 - 90;16 - 21 - 26 - 27 - 38 - 45 - 50 - 58 - 63 - 67;;;;
33426;DISPONIBLE;14 - 39 - 51 - 62 - 66 - 68 - 78 - 80 - 89 - 90;02 - 11 - 19 - 35 - 56 - 64 - 75 - 80 - 83 - 87;;;;
33427;DISPONIBLE;05 - 18 - 41 - 48 - 49 - 52 - 74 - 82 - 86 - 89;24 - 40 - 47 - 63 - 64 - 65 - 71 - 73 - 77 - 81;;;;
33428;DISPONIBLE;07 - 08 - 22 - 31 - 44 - 49 - 50 - 63 - 80 - 84;19 - 20 - 22 - 36 - 44 - 59 - 60 - 65 - 81 - 84;;;;
33429;DISPONIBLE;07 - 28 - 32 - 43 - 53 - 65 - 82 - 84 - 85 - 86;08 - 11 - 15 - 28 - 39 - 47 - 55 - 64 - 79 - 82;;;;
33430;DISPONIBLE;11 - 22 - 28 - 29 - 34 - 42 - 57 - 74 - 75 - 87;01 - 03 - 29 - 37 - 41 - 53 - 60 - 76 - 82 - 83;;;;
33431;DISPONIBLE;01 - 07 - 19 - 28 - 38 - 57 - 65 - 68 - 85 - 89;13 - 23 - 39 - 43 - 47 - 50 - 66 - 69 - 71 - 76;;;;
33432;DISPONIBLE;09 - 13 - 18 - 29 - 32 - 45 - 57 - 60 - 63 - 73;02 - 04 - 26 - 51 - 60 - 68 - 71 - 76 - 78 - 82;;;;
33433;DISPONIBLE;14 - 16 - 17 - 22 - 24 - 44 - 47 - 52 - 64 - 85;06 - 20 - 22 - 24 - 37 - 45 - 57 - 74 - 76 - 86;;;;
33434;DISPONIBLE;07 - 09 - 14 - 20 - 44 - 46 - 56 - 80 - 86 - 88;10 - 18 - 46 - 47 - 70 - 74 - 76 - 78 - 79 - 87;;;;
33435;DISPONIBLE;27 - 29 - 32 - 41 - 62 - 63 - 64 - 65 - 67 - 79;04 - 12 - 17 - 32 - 42 - 53 - 56 - 62 - 74 - 75;;;;
33436;DISPONIBLE;01 - 09 - 21 - 38 - 40 - 55 - 60 - 63 - 66 - 82;04 - 08 - 23 - 29 - 30 - 31 - 39 - 64 - 70 - 78;;;;
33437;DISPONIBLE;17 - 34 - 41 - 45 - 50 - 60 - 76 - 81 - 82 - 88;03 - 09 - 10 - 41 - 48 - 52 - 60 - 84 - 86 - 87;;;;
33438;DISPONIBLE;03 - 15 - 36 - 48 - 55 - 61 - 67 - 68 - 73 - 81;11 - 35 - 37 - 42 - 60 - 67 - 71 - 73 - 78 - 81;;;;
33439;DISPONIBLE;02 - 05 - 06 - 11 - 17 - 27 - 30 - 31 - 48 - 55;03 - 10 - 22 - 23 - 46 - 58 - 65 - 77 - 78 - 88;;;;
33440;DISPONIBLE;07 - 29 - 48 - 49 - 52 - 56 - 65 - 77 - 78 - 88;11 - 15 - 19 - 29 - 44 - 46 - 64 - 67 - 76 - 79;;;;
33441;DISPONIBLE;23 - 25 - 31 - 36 - 37 - 38 - 62 - 64 - 80 - 82;03 - 20 - 31 - 34 - 38 - 45 - 65 - 84 - 85 - 90;;;;
33442;DISPONIBLE;11 - 24 - 26 - 31 - 45 - 48 - 67 - 79 - 89 - 90;06 - 09 - 23 - 28 - 31 - 38 - 48 - 61 - 72 - 77;;;;
33443;DISPONIBLE;06 - 14 - 16 - 29 - 44 - 48 - 49 - 64 - 75 - 81;07 - 30 - 34 - 36 - 43 - 58 - 60 - 65 - 70 - 76;;;;
33444;DISPONIBLE;01 - 13 - 15 - 16 - 21 - 52 - 66 - 71 - 76 - 82;02 - 08 - 18 - 21 - 39 - 43 - 46 - 47 - 53 - 69;;;;
33445;DISPONIBLE;09 - 13 - 17 - 20 - 39 - 41 - 43 - 51 - 52 - 81;03 - 10 - 12 - 18 - 20 - 35 - 41 - 44 - 45 - 71;;;;
33446;DISPONIBLE;01 - 03 - 22 - 38 - 41 - 68 - 69 - 70 - 84 - 90;03 - 10 - 15 - 39 - 59 - 75 - 79 - 80 - 86 - 90;;;;
33447;DISPONIBLE;09 - 35 - 40 - 47 - 50 - 52 - 59 - 82 - 84 - 85;05 - 23 - 44 - 54 - 69 - 76 - 77 - 80 - 85 - 87;;;;
33448;DISPONIBLE;15 - 17 - 19 - 21 - 42 - 43 - 61 - 68 - 76 - 81;10 - 12 - 16 - 34 - 45 - 58 - 62 - 77 - 78 - 80;;;;
33449;DISPONIBLE;02 - 11 - 15 - 26 - 42 - 43 - 47 - 54 - 62 - 67;04 - 07 - 20 - 26 - 34 - 40 - 57 - 63 - 67 - 81;;;;
33450;DISPONIBLE;19 - 23 - 24 - 32 - 46 - 52 - 76 - 77 - 83 - 86;03 - 07 - 14 - 17 - 33 - 34 - 68 - 71 - 75 - 89;;;;
33451;DISPONIBLE;05 - 07 - 17 - 24 - 33 - 55 - 60 - 74 - 78 - 89;01 - 07 - 14 - 33 - 35 - 36 - 46 - 50 - 72 - 74;;;;
33452;DISPONIBLE;02 - 10 - 17 - 20 - 37 - 45 - 52 - 53 - 54 - 70;03 - 09 - 22 - 32 - 33 - 47 - 52 - 59 - 68 - 77;;;;
33453;DISPONIBLE;03 - 11 - 15 - 21 - 34 - 52 - 56 - 58 - 84 - 89;09 - 11 - 21 - 22 - 41 - 44 - 63 - 66 - 73 - 89;;;;
33454;DISPONIBLE;04 - 06 - 30 - 32 - 39 - 52 - 60 - 62 - 64 - 78;05 - 08 - 24 - 30 - 33 - 38 - 63 - 67 - 76 - 81;;;;
33455;DISPONIBLE;05 - 09 - 11 - 14 - 20 - 26 - 30 - 31 - 32 - 80;10 - 19 - 29 - 36 - 54 - 69 - 70 - 73 - 75 - 87;;;;
33456;DISPONIBLE;09 - 18 - 41 - 49 - 56 - 59 - 71 - 76 - 84 - 87;11 - 26 - 43 - 45 - 55 - 58 - 65 - 78 - 80 - 81;;;;
33457;DISPONIBLE;05 - 08 - 31 - 40 - 56 - 59 - 67 - 81 - 82 - 88;02 - 15 - 43 - 44 - 57 - 66 - 71 - 75 - 77 - 79;;;;
33458;DISPONIBLE;26 - 28 - 36 - 39 - 52 - 54 - 58 - 70 - 81 - 88;03 - 10 - 13 - 16 - 17 - 38 - 57 - 59 - 71 - 78;;;;
33459;DISPONIBLE;07 - 14 - 58 - 61 - 73 - 75 - 85 - 86 - 87 - 88;23 - 26 - 27 - 36 - 43 - 58 - 59 - 63 - 67 - 81;;;;
33460;DISPONIBLE;15 - 21 - 23 - 35 - 42 - 47 - 61 - 63 - 69 - 85;01 - 02 - 09 - 30 - 33 - 37 - 60 - 66 - 70 - 85;;;;
33461;DISPONIBLE;03 - 07 - 23 - 49 - 52 - 71 - 73 - 81 - 84 - 85;15 - 17 - 35 - 43 - 49 - 53 - 59 - 68 - 84 - 89;;;;
33462;DISPONIBLE;02 - 08 - 11 - 17 - 43 - 53 - 62 - 78 - 84 - 89;05 - 08 - 38 - 39 - 44 - 59 - 62 - 74 - 77 - 81;;;;
33463;DISPONIBLE;08 - 16 - 18 - 30 - 43 - 44 - 52 - 77 - 84 - 85;06 - 14 - 16 - 19 - 41 - 46 - 47 - 54 - 64 - 71;;;;
33464;DISPONIBLE;03 - 04 - 06 - 16 - 23 - 28 - 31 - 58 - 83 - 87;16 - 17 - 20 - 22 - 30 - 31 - 64 - 71 - 84 - 88;;;;
33465;DISPONIBLE;01 - 04 - 05 - 13 - 24 - 26 - 57 - 83 - 84 - 89;09 - 14 - 17 - 18 - 28 - 32 - 40 - 49 - 71 - 87;;;;
33466;DISPONIBLE;10 - 14 - 16 - 26 - 38 - 42 - 51 - 58 - 73 - 83;05 - 20 - 23 - 31 - 45 - 58 - 65 - 68 - 75 - 83;;;;
33467;DISPONIBLE;02 - 19 - 25 - 30 - 35 - 61 - 62 - 65 - 79 - 87;04 - 21 - 26 - 32 - 33 - 38 - 39 - 44 - 64 - 79;;;;
33468;DISPONIBLE;05 - 17 - 20 - 35 - 38 - 47 - 64 - 70 - 78 - 88;04 - 08 - 11 - 15 - 16 - 24 - 34 - 53 - 57 - 66;;;;
33469;DISPONIBLE;08 - 21 - 23 - 24 - 42 - 64 - 77 - 83 - 85 - 90;08 - 19 - 25 - 26 - 28 - 36 - 39 - 44 - 66 - 77;;;;
33470;DISPONIBLE;05 - 06 - 10 - 32 - 35 - 36 - 54 - 68 - 81 - 82;10 - 22 - 38 - 41 - 50 - 51 - 61 - 77 - 84 - 87;;;;
33471;DISPONIBLE;07 - 13 - 29 - 35 - 38 - 47 - 56 - 60 - 67 - 73;05 - 06 - 14 - 16 - 17 - 52 - 53 - 58 - 72 - 89;;;;
33472;DISPONIBLE;10 - 14 - 16 - 20 - 41 - 52 - 59 - 68 - 71 - 74;27 - 30 - 53 - 63 - 68 - 75 - 76 - 81 - 82 - 88;;;;
33473;DISPONIBLE;12 - 13 - 22 - 28 - 30 - 31 - 38 - 55 - 59 - 73;02 - 03 - 04 - 26 - 27 - 48 - 57 - 60 - 63 - 88;;;;
33474;DISPONIBLE;11 - 21 - 31 - 38 - 45 - 71 - 73 - 74 - 80 - 85;09 - 18 - 19 - 20 - 22 - 35 - 46 - 48 - 77 - 80;;;;
33475;DISPONIBLE;01 - 12 - 37 - 39 - 42 - 45 - 56 - 57 - 61 - 88;06 - 07 - 23 - 35 - 39 - 40 - 45 - 49 - 73 - 85;;;;
33476;DISPONIBLE;02 - 09 - 16 - 17 - 24 - 37 - 40 - 44 - 54 - 65;04 - 08 - 09 - 26 - 35 - 39 - 44 - 46 - 65 - 84;;;;
33477;DISPONIBLE;02 - 03 - 05 - 18 - 30 - 39 - 46 - 59 - 79 - 89;13 - 34 - 41 - 43 - 55 - 58 - 61 - 71 - 74 - 76;;;;
33478;DISPONIBLE;08 - 19 - 24 - 35 - 63 - 71 - 72 - 74 - 76 - 83;02 - 07 - 12 - 22 - 40 - 62 - 63 - 72 - 80 - 84;;;;
33479;DISPONIBLE;09 - 19 - 20 - 29 - 48 - 52 - 58 - 69 - 74 - 78;25 - 38 - 43 - 58 - 62 - 73 - 74 - 76 - 78 - 85;;;;
33480;DISPONIBLE;10 - 16 - 36 - 45 - 54 - 55 - 70 - 73 - 81 - 85;10 - 11 - 12 - 15 - 17 - 18 - 52 - 53 - 65 - 67;;;;
33481;DISPONIBLE;21 - 26 - 36 - 40 - 46 - 51 - 52 - 59 - 62 - 75;10 - 17 - 19 - 32 - 41 - 46 - 48 - 50 - 55 - 59;;;;
33482;DISPONIBLE;07 - 08 - 09 - 16 - 47 - 53 - 56 - 72 - 75 - 87;03 - 17 - 30 - 31 - 32 - 35 - 39 - 51 - 56 - 67;;;;
33483;DISPONIBLE;08 - 15 - 27 - 40 - 50 - 51 - 62 - 75 - 84 - 88;12 - 15 - 28 - 39 - 45 - 51 - 61 - 64 - 65 - 71;;;;
33484;DISPONIBLE;19 - 30 - 34 - 43 - 59 - 65 - 77 - 87 - 88 - 90;28 - 39 - 45 - 46 - 52 - 67 - 76 - 83 - 85 - 86;;;;
33485;DISPONIBLE;03 - 17 - 25 - 36 - 39 - 51 - 52 - 61 - 75 - 83;03 - 13 - 30 - 33 - 40 - 49 - 56 - 63 - 84 - 89;;;;
33486;DISPONIBLE;04 - 20 - 23 - 33 - 36 - 55 - 58 - 70 - 79 - 81;08 - 16 - 26 - 45 - 49 - 69 - 75 - 77 - 83 - 84;;;;
33487;DISPONIBLE;10 - 28 - 38 - 52 - 59 - 74 - 77 - 79 - 82 - 89;01 - 02 - 09 - 12 - 21 - 32 - 46 - 52 - 59 - 78;;;;
33488;DISPONIBLE;06 - 11 - 36 - 39 - 44 - 52 - 57 - 68 - 85 - 89;03 - 04 - 13 - 46 - 51 - 55 - 70 - 79 - 85 - 86;;;;
33489;DISPONIBLE;05 - 18 - 24 - 34 - 42 - 47 - 77 - 81 - 82 - 90;16 - 29 - 30 - 35 - 36 - 47 - 48 - 63 - 69 - 73;;;;
33490;DISPONIBLE;15 - 17 - 29 - 35 - 37 - 38 - 47 - 67 - 76 - 84;06 - 07 - 16 - 30 - 42 - 46 - 59 - 65 - 79 - 84;;;;
33491;DISPONIBLE;05 - 10 - 11 - 22 - 40 - 45 - 60 - 61 - 79 - 82;22 - 26 - 27 - 31 - 34 - 42 - 46 - 51 - 58 - 87;;;;
33492;DISPONIBLE;06 - 10 - 16 - 38 - 52 - 53 - 62 - 78 - 82 - 85;09 - 10 - 13 - 20 - 37 - 39 - 51 - 52 - 54 - 58;;;;
33493;DISPONIBLE;09 - 19 - 26 - 48 - 49 - 56 - 65 - 69 - 78 - 90;02 - 07 - 09 - 22 - 25 - 43 - 58 - 65 - 78 - 84;;;;
33494;DISPONIBLE;10 - 16 - 17 - 27 - 29 - 34 - 50 - 51 - 56 - 74;12 - 15 - 42 - 53 - 56 - 59 - 79 - 82 - 84 - 88;;;;
33495;DISPONIBLE;08 - 17 - 19 - 24 - 36 - 50 - 51 - 63 - 76 - 83;01 - 03 - 09 - 13 - 14 - 25 - 28 - 32 - 47 - 58;;;;
33496;DISPONIBLE;12 - 13 - 15 - 21 - 55 - 59 - 62 - 63 - 72 - 79;12 - 13 - 24 - 25 - 35 - 43 - 52 - 67 - 69 - 71;;;;
33497;DISPONIBLE;05 - 08 - 16 - 27 - 37 - 55 - 63 - 72 - 73 - 81;07 - 09 - 23 - 39 - 53 - 56 - 78 - 79 - 84 - 90;;;;
33498;DISPONIBLE;05 - 11 - 37 - 49 - 52 - 57 - 60 - 82 - 84 - 90;10 - 25 - 32 - 34 - 35 - 45 - 56 - 78 - 80 - 89;;;;
33499;DISPONIBLE;11 - 17 - 19 - 23 - 25 - 34 - 47 - 77 - 78 - 86;01 - 06 - 16 - 22 - 27 - 50 - 53 - 75 - 80 - 85;;;;
33500;DISPONIBLE;03 - 15 - 35 - 50 - 67 - 71 - 75 - 80 - 85 - 90;01 - 22 - 34 - 39 - 45 - 65 - 72 - 74 - 83 - 89;;;;
33501;DISPONIBLE;04 - 06 - 19 - 47 - 52 - 54 - 67 - 68 - 85 - 89;02 - 28 - 32 - 37 - 48 - 60 - 64 - 79 - 82 - 88;;;;
33502;DISPONIBLE;02 - 12 - 16 - 43 - 46 - 47 - 56 - 83 - 86 - 88;22 - 39 - 49 - 62 - 64 - 70 - 71 - 75 - 78 - 80;;;;
33503;DISPONIBLE;09 - 21 - 30 - 47 - 50 - 52 - 57 - 58 - 70 - 79;01 - 33 - 34 - 37 - 39 - 42 - 61 - 62 - 64 - 66;;;;
33504;DISPONIBLE;09 - 21 - 40 - 47 - 52 - 64 - 69 - 79 - 86 - 89;21 - 23 - 25 - 44 - 45 - 57 - 69 - 73 - 83 - 86;;;;
33505;DISPONIBLE;08 - 17 - 18 - 43 - 59 - 66 - 75 - 77 - 85 - 89;05 - 09 - 11 - 15 - 27 - 52 - 69 - 73 - 79 - 90;;;;
33506;DISPONIBLE;04 - 10 - 30 - 36 - 50 - 56 - 69 - 71 - 84 - 86;03 - 10 - 33 - 41 - 44 - 50 - 51 - 54 - 72 - 78;;;;
33507;DISPONIBLE;10 - 17 - 33 - 45 - 51 - 62 - 66 - 77 - 79 - 89;10 - 13 - 34 - 35 - 44 - 45 - 46 - 59 - 65 - 80;;;;
33508;DISPONIBLE;04 - 10 - 15 - 20 - 32 - 53 - 56 - 58 - 73 - 87;07 - 09 - 16 - 28 - 29 - 37 - 46 - 51 - 64 - 75;;;;
33509;DISPONIBLE;05 - 09 - 20 - 25 - 30 - 39 - 64 - 78 - 86 - 88;06 - 08 - 35 - 40 - 41 - 48 - 53 - 62 - 83 - 90;;;;
33510;DISPONIBLE;10 - 21 - 24 - 34 - 37 - 70 - 85 - 86 - 87 - 89;11 - 14 - 18 - 29 - 32 - 36 - 37 - 58 - 60 - 75;;;;
33511;DISPONIBLE;19 - 23 - 34 - 40 - 44 - 50 - 58 - 70 - 86 - 89;02 - 20 - 26 - 35 - 54 - 56 - 59 - 61 - 73 - 87;;;;
33512;DISPONIBLE;09 - 14 - 33 - 34 - 39 - 41 - 61 - 62 - 67 - 88;02 - 15 - 19 - 20 - 21 - 39 - 51 - 53 - 78 - 84;;;;
33513;DISPONIBLE;18 - 40 - 45 - 46 - 50 - 51 - 61 - 71 - 80 - 86;06 - 12 - 24 - 27 - 30 - 39 - 49 - 51 - 78 - 82;;;;
33514;DISPONIBLE;04 - 05 - 18 - 21 - 26 - 28 - 43 - 52 - 62 - 67;12 - 21 - 25 - 27 - 34 - 55 - 57 - 68 - 75 - 79;;;;
33515;DISPONIBLE;08 - 17 - 28 - 36 - 42 - 47 - 48 - 75 - 81 - 88;07 - 34 - 37 - 38 - 39 - 67 - 70 - 75 - 79 - 80;;;;
33516;DISPONIBLE;24 - 32 - 33 - 37 - 43 - 54 - 57 - 58 - 66 - 87;17 - 22 - 26 - 31 - 33 - 36 - 41 - 51 - 62 - 81;;;;
33517;DISPONIBLE;17 - 23 - 32 - 46 - 47 - 50 - 51 - 52 - 56 - 88;06 - 38 - 46 - 50 - 52 - 70 - 75 - 76 - 84 - 86;;;;
33518;DISPONIBLE;08 - 10 - 13 - 18 - 31 - 34 - 38 - 62 - 65 - 67;13 - 18 - 27 - 40 - 43 - 54 - 57 - 77 - 84 - 85;;;;
33519;DISPONIBLE;07 - 12 - 15 - 18 - 23 - 27 - 35 - 43 - 67 - 68;03 - 05 - 19 - 28 - 43 - 51 - 53 - 69 - 75 - 79;;;;
33520;DISPONIBLE;03 - 10 - 18 - 29 - 39 - 52 - 60 - 63 - 75 - 80;15 - 26 - 32 - 35 - 65 - 66 - 81 - 87 - 88 - 90;;;;
33521;DISPONIBLE;08 - 12 - 17 - 22 - 23 - 24 - 36 - 42 - 61 - 65;06 - 12 - 31 - 71 - 73 - 80 - 82 - 83 - 88 - 90;;;;
33522;DISPONIBLE;08 - 09 - 11 - 12 - 13 - 31 - 38 - 60 - 72 - 88;06 - 10 - 11 - 16 - 23 - 37 - 45 - 48 - 64 - 69;;;;
33523;DISPONIBLE;07 - 09 - 27 - 29 - 36 - 37 - 43 - 45 - 56 - 76;07 - 09 - 10 - 15 - 20 - 41 - 52 - 66 - 67 - 78;;;;
33524;DISPONIBLE;10 - 27 - 36 - 37 - 41 - 47 - 75 - 78 - 79 - 88;17 - 18 - 30 - 36 - 38 - 55 - 68 - 69 - 78 - 83;;;;
33525;DISPONIBLE;22 - 28 - 40 - 42 - 49 - 59 - 61 - 62 - 68 - 69;04 - 18 - 23 - 34 - 40 - 53 - 54 - 70 - 79 - 80;;;;
33526;DISPONIBLE;04 - 07 - 13 - 16 - 22 - 29 - 40 - 50 - 64 - 80;10 - 12 - 14 - 17 - 41 - 59 - 76 - 86 - 87 - 90;;;;
33527;DISPONIBLE;11 - 17 - 18 - 21 - 59 - 60 - 61 - 64 - 65 - 67;01 - 04 - 07 - 33 - 47 - 62 - 73 - 81 - 87 - 88;;;;
33528;DISPONIBLE;15 - 33 - 36 - 37 - 46 - 48 - 53 - 64 - 69 - 84;03 - 04 - 20 - 30 - 31 - 35 - 46 - 53 - 63 - 76;;;;
33529;DISPONIBLE;09 - 10 - 11 - 16 - 22 - 46 - 47 - 76 - 85 - 87;05 - 09 - 21 - 23 - 27 - 39 - 54 - 58 - 73 - 89;;;;
33530;DISPONIBLE;20 - 23 - 27 - 29 - 43 - 59 - 70 - 72 - 75 - 82;13 - 20 - 27 - 29 - 30 - 36 - 58 - 65 - 68 - 80;;;;
33531;DISPONIBLE;07 - 08 - 22 - 31 - 32 - 40 - 41 - 43 - 77 - 84;09 - 14 - 27 - 33 - 44 - 45 - 61 - 66 - 76 - 82;;;;
33532;DISPONIBLE;07 - 11 - 21 - 33 - 40 - 41 - 55 - 57 - 68 - 69;08 - 09 - 14 - 18 - 22 - 23 - 37 - 70 - 74 - 85;;;;
33533;DISPONIBLE;12 - 24 - 42 - 46 - 49 - 59 - 60 - 68 - 71 - 79;12 - 15 - 44 - 45 - 48 - 49 - 62 - 73 - 74 - 81;;;;
33534;DISPONIBLE;08 - 14 - 26 - 28 - 53 - 68 - 69 - 70 - 73 - 75;17 - 23 - 24 - 31 - 42 - 48 - 61 - 71 - 76 - 90;;;;
33535;DISPONIBLE;03 - 09 - 12 - 39 - 49 - 50 - 54 - 72 - 79 - 85;14 - 15 - 16 - 24 - 26 - 29 - 59 - 62 - 70 - 74;;;;
33536;DISPONIBLE;14 - 16 - 18 - 20 - 23 - 28 - 29 - 30 - 61 - 84;02 - 08 - 14 - 17 - 25 - 32 - 51 - 78 - 85 - 89;;;;
33537;DISPONIBLE;20 - 35 - 37 - 39 - 42 - 59 - 60 - 62 - 69 - 75;11 - 16 - 17 - 33 - 35 - 51 - 64 - 65 - 67 - 74;;;;
33538;DISPONIBLE;11 - 13 - 27 - 37 - 60 - 63 - 66 - 74 - 83 - 85;22 - 33 - 35 - 36 - 44 - 46 - 54 - 56 - 62 - 89;;;;
33539;DISPONIBLE;01 - 09 - 13 - 14 - 18 - 19 - 27 - 73 - 82 - 84;04 - 09 - 13 - 21 - 52 - 54 - 58 - 77 - 86 - 90;;;;
33540;DISPONIBLE;06 - 21 - 23 - 24 - 38 - 41 - 50 - 52 - 74 - 76;06 - 08 - 20 - 33 - 37 - 39 - 69 - 71 - 72 - 79;;;;
33541;DISPONIBLE;06 - 08 - 09 - 11 - 17 - 24 - 37 - 58 - 59 - 87;05 - 06 - 09 - 33 - 48 - 65 - 79 - 84 - 87 - 90;;;;
33542;DISPONIBLE;02 - 06 - 08 - 14 - 21 - 22 - 41 - 42 - 74 - 77;24 - 25 - 26 - 34 - 38 - 74 - 81 - 85 - 89 - 90;;;;
33543;DISPONIBLE;12 - 15 - 20 - 31 - 38 - 49 - 53 - 54 - 56 - 65;03 - 05 - 17 - 34 - 37 - 49 - 72 - 78 - 85 - 86;;;;
33544;DISPONIBLE;11 - 15 - 21 - 26 - 33 - 36 - 51 - 54 - 68 - 78;01 - 11 - 31 - 35 - 37 - 47 - 67 - 69 - 79 - 88;;;;
33545;DISPONIBLE;04 - 18 - 28 - 38 - 44 - 49 - 54 - 57 - 60 - 69;22 - 26 - 35 - 58 - 66 - 74 - 75 - 79 - 80 - 85;;;;
33546;DISPONIBLE;06 - 13 - 23 - 25 - 45 - 47 - 48 - 63 - 64 - 86;06 - 12 - 13 - 22 - 32 - 52 - 55 - 72 - 74 - 78;;;;
33547;DISPONIBLE;07 - 08 - 20 - 24 - 25 - 33 - 37 - 40 - 77 - 78;10 - 15 - 16 - 30 - 39 - 51 - 82 - 84 - 85 - 90;;;;
33548;DISPONIBLE;12 - 16 - 32 - 47 - 50 - 52 - 65 - 83 - 85 - 88;07 - 31 - 37 - 43 - 47 - 49 - 57 - 61 - 64 - 80;;;;
33549;DISPONIBLE;36 - 38 - 41 - 44 - 56 - 61 - 73 - 82 - 84 - 89;10 - 12 - 15 - 24 - 35 - 42 - 61 - 68 - 81 - 84;;;;
33550;DISPONIBLE;03 - 05 - 12 - 16 - 33 - 49 - 53 - 54 - 73 - 78;17 - 20 - 32 - 36 - 45 - 46 - 49 - 54 - 60 - 69;;;;
33551;DISPONIBLE;01 - 11 - 12 - 25 - 27 - 52 - 56 - 63 - 68 - 73;07 - 36 - 45 - 47 - 56 - 57 - 78 - 81 - 82 - 85;;;;
33552;DISPONIBLE;02 - 08 - 24 - 38 - 47 - 53 - 65 - 70 - 71 - 74;12 - 26 - 29 - 31 - 32 - 34 - 37 - 45 - 54 - 60;;;;
33553;DISPONIBLE;14 - 17 - 24 - 31 - 35 - 53 - 63 - 71 - 72 - 87;05 - 17 - 21 - 22 - 28 - 52 - 57 - 73 - 75 - 84;;;;
33554;DISPONIBLE;14 - 33 - 34 - 38 - 50 - 53 - 61 - 62 - 66 - 67;08 - 11 - 33 - 37 - 41 - 42 - 55 - 57 - 89 - 90;;;;
33555;DISPONIBLE;04 - 30 - 32 - 47 - 49 - 62 - 63 - 72 - 83 - 90;10 - 12 - 24 - 37 - 41 - 44 - 47 - 59 - 62 - 68;;;;
33556;DISPONIBLE;01 - 03 - 06 - 15 - 24 - 38 - 57 - 61 - 85 - 90;14 - 22 - 37 - 40 - 41 - 48 - 50 - 58 - 70 - 86;;;;
33557;DISPONIBLE;04 - 13 - 16 - 36 - 43 - 49 - 50 - 80 - 83 - 89;01 - 06 - 24 - 29 - 30 - 42 - 50 - 51 - 61 - 78;;;;
33558;DISPONIBLE;27 - 29 - 33 - 40 - 56 - 57 - 64 - 76 - 80 - 81;10 - 20 - 23 - 24 - 37 - 39 - 60 - 79 - 80 - 87;;;;
33559;DISPONIBLE;12 - 16 - 25 - 31 - 34 - 44 - 74 - 78 - 80 - 88;14 - 20 - 45 - 46 - 49 - 55 - 63 - 76 - 80 - 85;;;;
33560;DISPONIBLE;05 - 16 - 24 - 33 - 41 - 54 - 66 - 67 - 80 - 83;01 - 03 - 04 - 09 - 18 - 31 - 55 - 61 - 79 - 89;;;;
33561;DISPONIBLE;09 - 10 - 25 - 26 - 34 - 40 - 67 - 72 - 73 - 81;14 - 19 - 20 - 41 - 51 - 52 - 64 - 66 - 85 - 87;;;;
33562;DISPONIBLE;32 - 39 - 43 - 48 - 53 - 55 - 58 - 62 - 68 - 84;26 - 27 - 41 - 44 - 46 - 47 - 54 - 59 - 71 - 79;;;;
33563;DISPONIBLE;02 - 06 - 08 - 26 - 27 - 53 - 66 - 67 - 74 - 90;14 - 21 - 22 - 33 - 52 - 73 - 74 - 77 - 85 - 89;;;;
33564;DISPONIBLE;03 - 04 - 11 - 33 - 41 - 46 - 48 - 50 - 56 - 83;17 - 20 - 22 - 48 - 53 - 55 - 59 - 77 - 87 - 90;;;;
33565;DISPONIBLE;05 - 18 - 35 - 47 - 53 - 55 - 69 - 70 - 71 - 72;04 - 15 - 19 - 21 - 34 - 43 - 47 - 49 - 62 - 88;;;;
33566;DISPONIBLE;08 - 16 - 26 - 33 - 42 - 45 - 57 - 58 - 63 - 86;17 - 20 - 30 - 35 - 50 - 53 - 57 - 64 - 70 - 86;;;;
33567;DISPONIBLE;04 - 16 - 25 - 35 - 43 - 44 - 46 - 52 - 64 - 72;05 - 08 - 09 - 39 - 44 - 59 - 67 - 72 - 82 - 83;;;;
33568;DISPONIBLE;01 - 04 - 09 - 13 - 15 - 54 - 64 - 71 - 74 - 86;02 - 04 - 16 - 19 - 27 - 37 - 46 - 50 - 67 - 68;;;;
33569;DISPONIBLE;03 - 15 - 31 - 32 - 37 - 49 - 61 - 65 - 66 - 83;12 - 17 - 30 - 40 - 42 - 51 - 59 - 65 - 67 - 69;;;;
33570;DISPONIBLE;15 - 18 - 29 - 31 - 39 - 54 - 61 - 87 - 88 - 90;28 - 31 - 34 - 37 - 54 - 57 - 78 - 85 - 86 - 87;;;;
33571;DISPONIBLE;08 - 14 - 19 - 37 - 60 - 69 - 70 - 72 - 82 - 85;12 - 14 - 18 - 33 - 48 - 56 - 67 - 85 - 88 - 89;;;;
33572;DISPONIBLE;02 - 15 - 44 - 46 - 49 - 50 - 51 - 56 - 79 - 81;19 - 23 - 27 - 29 - 54 - 58 - 62 - 66 - 78 - 89;;;;
33573;DISPONIBLE;24 - 26 - 33 - 51 - 54 - 59 - 67 - 68 - 82 - 85;27 - 38 - 46 - 51 - 55 - 66 - 71 - 72 - 80 - 81;;;;
33574;DISPONIBLE;07 - 19 - 20 - 41 - 48 - 53 - 56 - 57 - 69 - 86;11 - 16 - 21 - 40 - 43 - 47 - 56 - 62 - 80 - 83;;;;
33575;DISPONIBLE;08 - 43 - 54 - 55 - 61 - 68 - 78 - 81 - 82 - 85;03 - 14 - 33 - 42 - 44 - 50 - 58 - 62 - 64 - 86;;;;
33576;DISPONIBLE;01 - 12 - 14 - 33 - 40 - 50 - 53 - 71 - 72 - 79;24 - 25 - 26 - 28 - 52 - 64 - 65 - 72 - 83 - 87;;;;
33577;DISPONIBLE;11 - 19 - 31 - 36 - 42 - 64 - 72 - 76 - 81 - 87;04 - 18 - 21 - 27 - 28 - 31 - 38 - 74 - 82 - 90;;;;
33578;DISPONIBLE;03 - 15 - 20 - 26 - 28 - 43 - 65 - 66 - 78 - 85;12 - 24 - 32 - 33 - 39 - 50 - 67 - 71 - 73 - 79;;;;
33579;DISPONIBLE;05 - 08 - 14 - 19 - 55 - 56 - 57 - 65 - 66 - 76;06 - 21 - 23 - 26 - 39 - 50 - 60 - 68 - 73 - 76;;;;
33580;DISPONIBLE;04 - 25 - 27 - 37 - 41 - 45 - 47 - 53 - 57 - 67;03 - 27 - 38 - 57 - 58 - 59 - 61 - 66 - 73 - 78;;;;
33581;DISPONIBLE;08 - 24 - 27 - 53 - 58 - 63 - 77 - 78 - 88 - 89;06 - 09 - 13 - 27 - 40 - 45 - 46 - 64 - 77 - 88;;;;
33582;DISPONIBLE;13 - 19 - 29 - 33 - 40 - 49 - 71 - 74 - 88 - 89;05 - 18 - 23 - 43 - 46 - 47 - 60 - 61 - 70 - 73;;;;
33583;DISPONIBLE;14 - 23 - 34 - 50 - 52 - 53 - 59 - 72 - 84 - 88;04 - 06 - 28 - 30 - 46 - 59 - 62 - 75 - 88 - 90;;;;
33584;DISPONIBLE;03 - 04 - 11 - 19 - 41 - 44 - 48 - 51 - 54 - 60;10 - 12 - 13 - 15 - 27 - 50 - 52 - 67 - 84 - 88;;;;
33585;DISPONIBLE;04 - 11 - 25 - 31 - 41 - 42 - 43 - 64 - 76 - 89;06 - 17 - 46 - 48 - 50 - 54 - 55 - 58 - 64 - 83;;;;
33586;DISPONIBLE;04 - 15 - 18 - 22 - 32 - 34 - 58 - 63 - 70 - 88;08 - 11 - 12 - 23 - 28 - 33 - 56 - 68 - 80 - 89;;;;
33587;DISPONIBLE;15 - 23 - 33 - 34 - 38 - 44 - 63 - 69 - 80 - 85;19 - 24 - 26 - 33 - 35 - 36 - 80 - 84 - 87 - 89;;;;
33588;DISPONIBLE;12 - 13 - 19 - 21 - 28 - 32 - 45 - 54 - 73 - 79;06 - 09 - 27 - 42 - 48 - 51 - 54 - 62 - 71 - 81;;;;
33589;DISPONIBLE;02 - 19 - 21 - 24 - 37 - 43 - 66 - 79 - 86 - 87;13 - 22 - 32 - 36 - 38 - 49 - 52 - 70 - 84 - 86;;;;
33590;DISPONIBLE;29 - 42 - 44 - 59 - 66 - 77 - 79 - 81 - 82 - 83;24 - 36 - 46 - 59 - 66 - 69 - 76 - 80 - 81 - 88;;;;
33591;DISPONIBLE;12 - 24 - 25 - 35 - 42 - 52 - 54 - 56 - 64 - 79;12 - 16 - 19 - 22 - 56 - 73 - 82 - 83 - 84 - 85;;;;
33592;DISPONIBLE;07 - 18 - 37 - 39 - 49 - 54 - 61 - 81 - 85 - 87;11 - 14 - 27 - 30 - 41 - 54 - 56 - 58 - 85 - 87;;;;
33593;DISPONIBLE;02 - 03 - 15 - 31 - 43 - 59 - 60 - 72 - 84 - 85;05 - 16 - 34 - 42 - 46 - 47 - 54 - 56 - 59 - 74;;;;
33594;DISPONIBLE;04 - 06 - 08 - 29 - 45 - 46 - 68 - 78 - 81 - 85;04 - 16 - 44 - 52 - 58 - 69 - 71 - 72 - 73 - 82;;;;
33595;DISPONIBLE;01 - 10 - 20 - 35 - 42 - 44 - 54 - 72 - 80 - 81;15 - 19 - 23 - 28 - 39 - 74 - 76 - 78 - 85 - 87;;;;
33596;DISPONIBLE;44 - 47 - 53 - 55 - 70 - 71 - 74 - 77 - 79 - 87;03 - 08 - 10 - 13 - 27 - 46 - 50 - 61 - 64 - 82;;;;
33597;DISPONIBLE;02 - 04 - 32 - 52 - 59 - 69 - 75 - 83 - 84 - 85;03 - 12 - 13 - 18 - 29 - 44 - 48 - 59 - 67 - 73;;;;
33598;DISPONIBLE;01 - 02 - 04 - 15 - 17 - 30 - 44 - 61 - 69 - 75;02 - 14 - 20 - 28 - 52 - 61 - 65 - 66 - 77 - 86;;;;
33599;DISPONIBLE;02 - 19 - 27 - 40 - 42 - 54 - 67 - 69 - 79 - 87;07 - 16 - 33 - 34 - 53 - 58 - 60 - 68 - 78 - 88;;;;
33600;DISPONIBLE;06 - 17 - 44 - 47 - 65 - 66 - 72 - 73 - 78 - 83;08 - 09 - 24 - 30 - 31 - 40 - 45 - 58 - 82 - 88;;;;
33601;DISPONIBLE;02 - 18 - 24 - 31 - 40 - 42 - 44 - 51 - 71 - 87;25 - 26 - 28 - 29 - 46 - 54 - 59 - 75 - 83 - 88;;;;
33602;DISPONIBLE;09 - 12 - 24 - 26 - 27 - 30 - 38 - 83 - 86 - 89;20 - 21 - 28 - 29 - 36 - 40 - 54 - 57 - 58 - 82;;;;
33603;DISPONIBLE;13 - 15 - 16 - 17 - 21 - 40 - 47 - 54 - 69 - 79;11 - 13 - 38 - 43 - 57 - 58 - 65 - 84 - 86 - 88;;;;
33604;DISPONIBLE;01 - 02 - 23 - 33 - 39 - 57 - 58 - 73 - 81 - 82;12 - 14 - 15 - 18 - 20 - 35 - 55 - 67 - 73 - 81;;;;
33605;DISPONIBLE;09 - 21 - 26 - 35 - 47 - 57 - 67 - 70 - 76 - 85;09 - 20 - 22 - 39 - 43 - 47 - 65 - 70 - 72 - 87;;;;
33606;DISPONIBLE;02 - 25 - 40 - 47 - 51 - 54 - 69 - 70 - 78 - 82;25 - 31 - 32 - 42 - 45 - 52 - 63 - 65 - 69 - 77;;;;
33607;DISPONIBLE;02 - 16 - 21 - 27 - 33 - 45 - 68 - 75 - 76 - 78;04 - 14 - 39 - 53 - 55 - 63 - 64 - 65 - 72 - 90;;;;
33608;DISPONIBLE;06 - 08 - 12 - 18 - 20 - 32 - 41 - 53 - 71 - 76;06 - 09 - 16 - 23 - 37 - 40 - 46 - 48 - 64 - 90;;;;
33609;DISPONIBLE;03 - 11 - 12 - 22 - 31 - 35 - 72 - 76 - 86 - 87;06 - 29 - 33 - 45 - 47 - 68 - 72 - 77 - 87 - 89;;;;
33610;DISPONIBLE;01 - 08 - 09 - 27 - 45 - 47 - 53 - 62 - 83 - 85;05 - 28 - 32 - 36 - 41 - 53 - 57 - 76 - 77 - 88;;;;
33611;DISPONIBLE;01 - 20 - 40 - 44 - 62 - 65 - 67 - 78 - 84 - 86;20 - 25 - 33 - 37 - 47 - 53 - 61 - 65 - 82 - 86;;;;
33612;DISPONIBLE;11 - 19 - 32 - 36 - 43 - 45 - 56 - 57 - 61 - 79;03 - 05 - 19 - 35 - 52 - 61 - 64 - 66 - 74 - 78;;;;
33613;DISPONIBLE;01 - 03 - 10 - 30 - 42 - 57 - 61 - 72 - 82 - 90;03 - 05 - 06 - 33 - 42 - 44 - 46 - 51 - 66 - 69;;;;
33614;DISPONIBLE;09 - 14 - 24 - 40 - 41 - 44 - 60 - 72 - 73 - 81;09 - 14 - 28 - 32 - 36 - 50 - 62 - 72 - 74 - 82;;;;
33615;DISPONIBLE;10 - 18 - 24 - 33 - 35 - 48 - 57 - 71 - 80 - 82;04 - 09 - 18 - 22 - 26 - 37 - 48 - 51 - 52 - 53;;;;
33616;DISPONIBLE;03 - 36 - 38 - 41 - 63 - 78 - 81 - 82 - 84 - 88;29 - 35 - 44 - 45 - 51 - 52 - 57 - 73 - 74 - 79;;;;
33617;DISPONIBLE;14 - 48 - 53 - 55 - 60 - 63 - 69 - 75 - 78 - 81;05 - 07 - 11 - 33 - 43 - 48 - 60 - 69 - 84 - 88;;;;
33618;DISPONIBLE;16 - 26 - 27 - 30 - 34 - 36 - 58 - 75 - 81 - 87;18 - 22 - 23 - 28 - 29 - 50 - 56 - 58 - 63 - 66;;;;
33619;DISPONIBLE;04 - 25 - 30 - 31 - 38 - 45 - 49 - 54 - 70 - 88;01 - 06 - 10 - 12 - 14 - 23 - 28 - 48 - 64 - 83;;;;
33620;DISPONIBLE;07 - 11 - 15 - 19 - 33 - 55 - 79 - 87 - 88 - 90;05 - 10 - 11 - 16 - 28 - 34 - 37 - 42 - 47 - 55;;;;
33621;DISPONIBLE;13 - 17 - 22 - 40 - 44 - 47 - 57 - 76 - 84 - 87;18 - 20 - 30 - 38 - 45 - 46 - 54 - 66 - 68 - 84;;;;
33622;DISPONIBLE;02 - 24 - 25 - 41 - 46 - 62 - 68 - 72 - 77 - 81;09 - 17 - 20 - 28 - 34 - 46 - 59 - 63 - 67 - 76;;;;
33623;DISPONIBLE;10 - 22 - 23 - 50 - 61 - 64 - 72 - 79 - 85 - 89;09 - 10 - 12 - 22 - 28 - 38 - 39 - 43 - 56 - 62;;;;
33624;DISPONIBLE;05 - 24 - 30 - 31 - 47 - 58 - 63 - 69 - 76 - 79;03 - 10 - 11 - 19 - 31 - 57 - 59 - 76 - 83 - 86;;;;
33625;DISPONIBLE;22 - 23 - 35 - 45 - 47 - 53 - 60 - 66 - 75 - 83;05 - 13 - 26 - 44 - 49 - 67 - 75 - 83 - 87 - 90;;;;
33626;DISPONIBLE;13 - 17 - 30 - 31 - 39 - 65 - 77 - 79 - 82 - 87;02 - 05 - 25 - 27 - 62 - 70 - 74 - 75 - 82 - 90;;;;
33627;DISPONIBLE;17 - 20 - 27 - 33 - 48 - 59 - 72 - 73 - 83 - 87;22 - 23 - 33 - 40 - 42 - 44 - 52 - 58 - 71 - 80;;;;
33628;DISPONIBLE;02 - 04 - 06 - 08 - 23 - 36 - 39 - 58 - 85 - 88;08 - 10 - 16 - 21 - 23 - 30 - 36 - 47 - 65 - 77;;;;
33629;DISPONIBLE;04 - 08 - 14 - 22 - 38 - 40 - 50 - 54 - 55 - 67;16 - 21 - 44 - 51 - 54 - 67 - 72 - 81 - 82 - 88;;;;
33630;DISPONIBLE;04 - 11 - 30 - 33 - 36 - 41 - 45 - 57 - 63 - 84;14 - 18 - 26 - 54 - 57 - 65 - 66 - 74 - 80 - 84;;;;
33631;DISPONIBLE;01 - 17 - 36 - 43 - 61 - 68 - 73 - 85 - 88 - 89;01 - 06 - 14 - 20 - 44 - 63 - 67 - 79 - 83 - 86;;;;
33632;DISPONIBLE;03 - 08 - 09 - 11 - 28 - 31 - 62 - 65 - 73 - 75;02 - 17 - 21 - 24 - 25 - 27 - 37 - 62 - 64 - 67;;;;
33633;DISPONIBLE;05 - 10 - 22 - 28 - 41 - 42 - 49 - 57 - 58 - 61;03 - 10 - 11 - 28 - 31 - 44 - 50 - 61 - 89 - 90;;;;
33634;DISPONIBLE;16 - 22 - 25 - 26 - 29 - 46 - 47 - 48 - 53 - 76;03 - 09 - 12 - 15 - 27 - 37 - 38 - 41 - 49 - 76;;;;
33635;DISPONIBLE;03 - 07 - 28 - 35 - 38 - 53 - 55 - 62 - 76 - 82;01 - 08 - 11 - 14 - 17 - 27 - 37 - 39 - 43 - 60;;;;
33636;DISPONIBLE;05 - 08 - 45 - 50 - 57 - 69 - 71 - 72 - 81 - 86;01 - 20 - 24 - 35 - 47 - 52 - 53 - 58 - 84 - 87;;;;
33637;DISPONIBLE;01 - 08 - 17 - 22 - 33 - 48 - 56 - 65 - 66 - 72;21 - 24 - 32 - 47 - 49 - 51 - 65 - 70 - 83 - 86;;;;
33638;DISPONIBLE;14 - 18 - 20 - 22 - 28 - 29 - 43 - 60 - 87 - 90;03 - 07 - 10 - 12 - 27 - 35 - 48 - 73 - 76 - 82;;;;
33639;DISPONIBLE;05 - 12 - 24 - 27 - 50 - 58 - 61 - 65 - 69 - 70;06 - 09 - 11 - 13 - 22 - 24 - 25 - 77 - 78 - 84;;;;
33640;DISPONIBLE;03 - 18 - 22 - 26 - 32 - 35 - 38 - 54 - 56 - 82;05 - 11 - 12 - 20 - 25 - 36 - 50 - 56 - 72 - 89;;;;
33641;DISPONIBLE;01 - 09 - 16 - 30 - 41 - 49 - 50 - 53 - 67 - 89;06 - 21 - 24 - 49 - 62 - 74 - 75 - 81 - 85 - 87;;;;
33642;DISPONIBLE;15 - 19 - 22 - 25 - 26 - 32 - 39 - 44 - 46 - 67;01 - 12 - 16 - 28 - 44 - 51 - 55 - 65 - 74 - 84;;;;
33643;DISPONIBLE;10 - 23 - 27 - 53 - 58 - 63 - 65 - 72 - 75 - 86;10 - 16 - 22 - 34 - 51 - 57 - 70 - 74 - 81 - 87;;;;
33644;DISPONIBLE;02 - 09 - 10 - 28 - 30 - 47 - 51 - 58 - 70 - 84;02 - 05 - 12 - 15 - 24 - 26 - 28 - 42 - 63 - 65;;;;
33645;DISPONIBLE;09 - 13 - 14 - 48 - 58 - 63 - 72 - 74 - 77 - 82;11 - 12 - 26 - 37 - 38 - 55 - 58 - 59 - 74 - 85;;;;
33646;DISPONIBLE;03 - 28 - 40 - 41 - 60 - 66 - 67 - 68 - 85 - 90;11 - 14 - 15 - 19 - 46 - 54 - 57 - 59 - 77 - 87;;;;
33647;DISPONIBLE;14 - 24 - 25 - 27 - 31 - 42 - 71 - 74 - 78 - 83;10 - 12 - 13 - 39 - 46 - 61 - 62 - 67 - 80 - 82;;;;
33648;DISPONIBLE;06 - 12 - 20 - 34 - 44 - 54 - 55 - 74 - 84 - 88;06 - 39 - 45 - 51 - 55 - 65 - 71 - 81 - 85 - 89;;;;
33649;DISPONIBLE;16 - 23 - 25 - 29 - 41 - 56 - 63 - 74 - 79 - 90;02 - 10 - 36 - 54 - 64 - 69 - 70 - 73 - 79 - 86;;;;
33650;DISPONIBLE;07 - 19 - 37 - 45 - 64 - 72 - 76 - 78 - 85 - 90;03 - 08 - 20 - 21 - 32 - 45 - 49 - 62 - 71 - 75;;;;
33651;DISPONIBLE;02 - 07 - 33 - 35 - 47 - 56 - 62 - 63 - 73 - 75;19 - 24 - 40 - 65 - 72 - 76 - 77 - 83 - 86 - 87;;;;
33652;DISPONIBLE;04 - 11 - 16 - 23 - 38 - 55 - 56 - 61 - 70 - 84;14 - 20 - 23 - 30 - 37 - 46 - 59 - 71 - 78 - 85;;;;
33653;DISPONIBLE;06 - 07 - 18 - 43 - 50 - 54 - 56 - 59 - 71 - 79;03 - 04 - 36 - 48 - 58 - 60 - 65 - 79 - 82 - 89;;;;
33654;DISPONIBLE;15 - 21 - 34 - 40 - 46 - 48 - 51 - 62 - 66 - 71;19 - 20 - 30 - 35 - 41 - 52 - 60 - 72 - 74 - 78;;;;
33655;DISPONIBLE;02 - 14 - 17 - 18 - 25 - 31 - 51 - 57 - 64 - 67;06 - 12 - 34 - 36 - 44 - 56 - 58 - 65 - 78 - 84;;;;
33656;DISPONIBLE;06 - 13 - 15 - 18 - 34 - 46 - 51 - 55 - 58 - 74;03 - 07 - 22 - 23 - 29 - 36 - 51 - 60 - 63 - 75;;;;
33657;DISPONIBLE;03 - 25 - 43 - 44 - 65 - 66 - 69 - 77 - 79 - 87;29 - 36 - 38 - 40 - 59 - 67 - 68 - 76 - 79 - 83;;;;
33658;DISPONIBLE;03 - 08 - 16 - 33 - 34 - 51 - 57 - 58 - 62 - 68;04 - 13 - 32 - 33 - 35 - 59 - 65 - 68 - 83 - 87;;;;
33659;DISPONIBLE;01 - 15 - 17 - 19 - 28 - 35 - 44 - 54 - 73 - 80;03 - 06 - 16 - 17 - 23 - 55 - 57 - 58 - 64 - 86;;;;
33660;DISPONIBLE;08 - 09 - 10 - 25 - 29 - 46 - 70 - 84 - 85 - 86;02 - 05 - 15 - 21 - 45 - 46 - 51 - 58 - 78 - 79;;;;
33661;DISPONIBLE;09 - 24 - 35 - 48 - 54 - 61 - 69 - 72 - 75 - 85;05 - 10 - 17 - 22 - 35 - 58 - 67 - 74 - 87 - 89;;;;
33662;DISPONIBLE;14 - 17 - 26 - 55 - 56 - 61 - 65 - 78 - 79 - 81;01 - 07 - 30 - 31 - 33 - 36 - 44 - 45 - 59 - 70;;;;
33663;DISPONIBLE;48 - 56 - 61 - 62 - 63 - 64 - 65 - 68 - 71 - 82;07 - 14 - 24 - 29 - 40 - 52 - 63 - 64 - 84 - 88;;;;
33664;DISPONIBLE;10 - 11 - 18 - 30 - 32 - 45 - 61 - 64 - 73 - 86;06 - 19 - 28 - 56 - 60 - 64 - 65 - 66 - 79 - 83;;;;
33665;DISPONIBLE;03 - 07 - 15 - 27 - 34 - 37 - 41 - 46 - 50 - 85;11 - 18 - 22 - 36 - 45 - 46 - 55 - 57 - 59 - 64;;;;
33666;DISPONIBLE;03 - 10 - 29 - 38 - 42 - 50 - 84 - 86 - 87 - 89;03 - 17 - 20 - 25 - 39 - 52 - 58 - 86 - 87 - 89;;;;
33667;DISPONIBLE;03 - 11 - 12 - 15 - 43 - 59 - 62 - 72 - 75 - 78;01 - 02 - 03 - 10 - 43 - 47 - 53 - 66 - 71 - 76;;;;
33668;DISPONIBLE;01 - 06 - 10 - 29 - 32 - 45 - 51 - 70 - 78 - 80;11 - 16 - 24 - 31 - 45 - 61 - 66 - 70 - 89 - 90;;;;
33669;DISPONIBLE;14 - 45 - 51 - 56 - 59 - 60 - 68 - 69 - 82 - 90;02 - 04 - 05 - 06 - 32 - 43 - 52 - 58 - 71 - 83;;;;
33670;DISPONIBLE;05 - 07 - 17 - 23 - 45 - 46 - 50 - 64 - 68 - 78;06 - 10 - 11 - 17 - 32 - 36 - 56 - 58 - 79 - 83;;;;
33671;DISPONIBLE;06 - 09 - 16 - 17 - 32 - 34 - 43 - 54 - 77 - 80;05 - 18 - 35 - 51 - 56 - 61 - 63 - 71 - 77 - 82;;;;
33672;DISPONIBLE;08 - 14 - 16 - 21 - 24 - 34 - 48 - 76 - 84 - 89;02 - 06 - 09 - 26 - 37 - 55 - 56 - 57 - 86 - 87;;;;
33673;DISPONIBLE;06 - 20 - 22 - 33 - 42 - 43 - 44 - 68 - 78 - 88;12 - 18 - 26 - 40 - 55 - 57 - 58 - 60 - 66 - 85;;;;
33674;DISPONIBLE;04 - 19 - 32 - 39 - 48 - 49 - 65 - 66 - 71 - 76;01 - 05 - 11 - 15 - 37 - 39 - 42 - 56 - 63 - 81;;;;
33675;DISPONIBLE;12 - 19 - 39 - 43 - 47 - 49 - 70 - 75 - 83 - 88;01 - 09 - 14 - 17 - 18 - 36 - 38 - 46 - 65 - 73;;;;
33676;DISPONIBLE;10 - 14 - 28 - 30 - 34 - 45 - 58 - 66 - 75 - 85;02 - 07 - 18 - 19 - 22 - 30 - 55 - 62 - 82 - 86;;;;
33677;DISPONIBLE;02 - 10 - 19 - 26 - 52 - 61 - 65 - 67 - 82 - 88;01 - 03 - 13 - 30 - 38 - 41 - 49 - 52 - 63 - 73;;;;
33678;DISPONIBLE;05 - 12 - 13 - 33 - 38 - 44 - 45 - 65 - 84 - 86;09 - 10 - 26 - 37 - 44 - 45 - 48 - 59 - 71 - 84;;;;
33679;DISPONIBLE;09 - 10 - 11 - 21 - 26 - 45 - 46 - 53 - 65 - 76;03 - 36 - 42 - 48 - 51 - 58 - 68 - 85 - 86 - 90;;;;
33680;DISPONIBLE;10 - 16 - 23 - 29 - 36 - 48 - 51 - 77 - 79 - 80;02 - 07 - 10 - 12 - 24 - 53 - 67 - 80 - 87 - 89;;;;
33681;DISPONIBLE;04 - 05 - 27 - 31 - 35 - 56 - 65 - 68 - 72 - 79;01 - 02 - 10 - 11 - 25 - 47 - 49 - 65 - 72 - 87;;;;
33682;DISPONIBLE;13 - 15 - 44 - 63 - 68 - 70 - 73 - 74 - 78 - 85;22 - 24 - 36 - 47 - 49 - 66 - 68 - 75 - 80 - 89;;;;
33683;DISPONIBLE;03 - 08 - 09 - 15 - 28 - 40 - 59 - 60 - 76 - 77;08 - 10 - 38 - 42 - 53 - 54 - 58 - 64 - 71 - 76;;;;
33684;DISPONIBLE;08 - 29 - 31 - 34 - 41 - 51 - 57 - 60 - 63 - 73;02 - 06 - 07 - 09 - 11 - 27 - 33 - 41 - 77 - 86;;;;
33685;DISPONIBLE;06 - 07 - 20 - 25 - 39 - 43 - 48 - 60 - 81 - 88;01 - 16 - 34 - 35 - 37 - 49 - 69 - 73 - 75 - 87;;;;
33686;DISPONIBLE;05 - 13 - 15 - 21 - 33 - 44 - 46 - 64 - 69 - 85;03 - 18 - 23 - 27 - 45 - 47 - 58 - 72 - 85 - 86;;;;
33687;DISPONIBLE;06 - 07 - 17 - 21 - 38 - 50 - 56 - 67 - 68 - 80;11 - 14 - 17 - 27 - 28 - 44 - 55 - 78 - 79 - 90;;;;
33688;DISPONIBLE;07 - 17 - 29 - 32 - 37 - 53 - 65 - 71 - 76 - 81;18 - 24 - 32 - 39 - 46 - 56 - 76 - 80 - 82 - 90;;;;
33689;DISPONIBLE;17 - 20 - 21 - 38 - 46 - 50 - 56 - 57 - 71 - 74;08 - 13 - 24 - 28 - 35 - 65 - 72 - 77 - 82 - 88;;;;
33690;DISPONIBLE;05 - 09 - 12 - 21 - 30 - 36 - 38 - 50 - 62 - 63;04 - 14 - 40 - 63 - 72 - 75 - 80 - 81 - 82 - 89;;;;
33691;DISPONIBLE;11 - 25 - 30 - 44 - 60 - 71 - 80 - 81 - 84 - 87;01 - 03 - 11 - 39 - 48 - 51 - 52 - 60 - 62 - 65;;;;
33692;DISPONIBLE;11 - 13 - 19 - 20 - 28 - 38 - 39 - 48 - 59 - 81;41 - 44 - 52 - 53 - 60 - 69 - 73 - 75 - 85 - 90;;;;
33693;DISPONIBLE;08 - 19 - 20 - 23 - 27 - 28 - 42 - 44 - 86 - 88;17 - 20 - 23 - 25 - 30 - 34 - 37 - 66 - 68 - 75;;;;
33694;DISPONIBLE;04 - 27 - 36 - 39 - 43 - 47 - 67 - 76 - 84 - 89;01 - 05 - 10 - 20 - 25 - 37 - 48 - 78 - 79 - 90;;;;
33695;DISPONIBLE;17 - 25 - 27 - 30 - 36 - 53 - 67 - 69 - 71 - 86;10 - 22 - 48 - 57 - 61 - 62 - 66 - 70 - 76 - 78;;;;
33696;DISPONIBLE;19 - 51 - 61 - 64 - 70 - 74 - 84 - 85 - 89 - 90;07 - 10 - 12 - 22 - 37 - 40 - 43 - 62 - 65 - 85;;;;
33697;DISPONIBLE;02 - 08 - 11 - 12 - 28 - 29 - 36 - 69 - 72 - 83;03 - 28 - 45 - 52 - 57 - 63 - 68 - 75 - 83 - 84;;;;
33698;DISPONIBLE;06 - 14 - 15 - 19 - 28 - 64 - 66 - 69 - 74 - 87;17 - 18 - 31 - 34 - 43 - 54 - 80 - 81 - 86 - 89;;;;
33699;DISPONIBLE;05 - 10 - 11 - 15 - 16 - 21 - 26 - 43 - 66 - 80;05 - 16 - 20 - 23 - 30 - 37 - 48 - 57 - 63 - 72;;;;
33700;DISPONIBLE;02 - 21 - 26 - 29 - 50 - 64 - 68 - 71 - 78 - 83;07 - 20 - 22 - 25 - 42 - 52 - 54 - 66 - 73 - 76;;;;
33701;DISPONIBLE;04 - 09 - 39 - 54 - 55 - 62 - 63 - 75 - 77 - 85;02 - 06 - 08 - 12 - 19 - 32 - 45 - 58 - 59 - 74;;;;
33702;DISPONIBLE;03 - 14 - 17 - 27 - 37 - 51 - 56 - 76 - 77 - 89;05 - 07 - 10 - 28 - 38 - 40 - 50 - 54 - 63 - 64;;;;
33703;DISPONIBLE;04 - 05 - 17 - 27 - 34 - 39 - 44 - 65 - 75 - 89;01 - 02 - 18 - 23 - 31 - 42 - 49 - 61 - 64 - 81;;;;
33704;DISPONIBLE;18 - 30 - 37 - 40 - 51 - 53 - 59 - 71 - 74 - 88;08 - 22 - 28 - 36 - 38 - 42 - 51 - 52 - 67 - 74;;;;
33705;DISPONIBLE;01 - 06 - 12 - 15 - 37 - 50 - 55 - 67 - 70 - 83;06 - 07 - 08 - 11 - 14 - 19 - 27 - 29 - 65 - 88;;;;
33706;DISPONIBLE;02 - 27 - 44 - 50 - 53 - 63 - 66 - 68 - 75 - 76;02 - 30 - 44 - 47 - 49 - 61 - 70 - 72 - 74 - 85;;;;
33707;DISPONIBLE;02 - 22 - 30 - 38 - 53 - 62 - 64 - 65 - 68 - 86;10 - 14 - 23 - 24 - 35 - 40 - 54 - 60 - 72 - 78;;;;
33708;DISPONIBLE;02 - 10 - 16 - 29 - 33 - 35 - 38 - 60 - 61 - 84;02 - 06 - 14 - 31 - 42 - 50 - 79 - 82 - 83 - 85;;;;
33709;DISPONIBLE;04 - 10 - 18 - 25 - 34 - 45 - 47 - 64 - 68 - 81;10 - 22 - 26 - 35 - 50 - 57 - 65 - 68 - 69 - 73;;;;
33710;DISPONIBLE;19 - 23 - 38 - 47 - 52 - 55 - 58 - 77 - 82 - 87;16 - 18 - 32 - 39 - 42 - 57 - 59 - 70 - 77 - 83;;;;
33711;DISPONIBLE;24 - 43 - 44 - 49 - 59 - 62 - 70 - 71 - 83 - 89;14 - 28 - 33 - 34 - 38 - 45 - 51 - 65 - 66 - 71;;;;
33712;DISPONIBLE;09 - 11 - 19 - 25 - 28 - 32 - 42 - 48 - 55 - 69;01 - 26 - 33 - 37 - 39 - 42 - 49 - 66 - 80 - 86;;;;
33713;DISPONIBLE;17 - 19 - 20 - 24 - 37 - 52 - 57 - 75 - 78 - 87;10 - 13 - 20 - 52 - 63 - 65 - 71 - 81 - 83 - 88;;;;
33714;DISPONIBLE;26 - 33 - 34 - 35 - 57 - 63 - 71 - 75 - 81 - 90;04 - 20 - 31 - 41 - 47 - 51 - 53 - 62 - 67 - 83;;;;
33715;DISPONIBLE;02 - 06 - 07 - 22 - 52 - 56 - 61 - 76 - 77 - 90;01 - 02 - 03 - 17 - 41 - 46 - 57 - 69 - 77 - 80;;;;
33716;DISPONIBLE;19 - 23 - 24 - 36 - 40 - 45 - 65 - 66 - 71 - 88;12 - 15 - 16 - 24 - 36 - 41 - 42 - 63 - 72 - 79;;;;
33717;DISPONIBLE;28 - 38 - 42 - 46 - 52 - 53 - 69 - 81 - 83 - 84;05 - 11 - 20 - 27 - 28 - 52 - 53 - 56 - 57 - 63;;;;
33718;DISPONIBLE;11 - 21 - 24 - 29 - 39 - 49 - 56 - 62 - 65 - 74;01 - 17 - 29 - 35 - 41 - 44 - 49 - 51 - 60 - 61;;;;
33719;DISPONIBLE;11 - 15 - 47 - 53 - 65 - 72 - 75 - 76 - 80 - 87;06 - 20 - 39 - 40 - 49 - 56 - 60 - 65 - 73 - 78;;;;
33720;DISPONIBLE;01 - 23 - 30 - 37 - 38 - 45 - 69 - 72 - 77 - 79;02 - 06 - 22 - 27 - 53 - 56 - 60 - 64 - 69 - 71;;;;
33721;DISPONIBLE;10 - 16 - 24 - 44 - 50 - 57 - 60 - 61 - 67 - 74;12 - 18 - 20 - 24 - 28 - 38 - 68 - 74 - 75 - 89;;;;
33722;DISPONIBLE;02 - 14 - 15 - 20 - 23 - 29 - 30 - 33 - 83 - 89;01 - 03 - 22 - 32 - 34 - 36 - 41 - 51 - 74 - 77;;;;
33723;DISPONIBLE;20 - 26 - 37 - 44 - 55 - 58 - 68 - 79 - 81 - 87;05 - 06 - 17 - 23 - 34 - 47 - 60 - 65 - 68 - 78;;;;
33724;DISPONIBLE;05 - 08 - 31 - 37 - 56 - 58 - 59 - 76 - 78 - 88;01 - 32 - 34 - 37 - 40 - 43 - 44 - 56 - 57 - 82;;;;
33725;DISPONIBLE;19 - 25 - 34 - 37 - 39 - 41 - 42 - 53 - 55 - 56;02 - 10 - 13 - 17 - 50 - 54 - 69 - 75 - 84 - 90;;;;
33726;DISPONIBLE;30 - 33 - 37 - 42 - 73 - 75 - 77 - 79 - 83 - 87;05 - 38 - 40 - 43 - 50 - 54 - 59 - 69 - 70 - 73;;;;
33727;DISPONIBLE;08 - 19 - 26 - 29 - 30 - 40 - 44 - 46 - 68 - 81;11 - 26 - 35 - 54 - 57 - 58 - 62 - 75 - 88 - 89;;;;
33728;DISPONIBLE;12 - 19 - 27 - 42 - 53 - 62 - 65 - 75 - 80 - 87;26 - 27 - 30 - 36 - 37 - 44 - 55 - 66 - 76 - 89;;;;
33729;DISPONIBLE;05 - 09 - 16 - 23 - 25 - 29 - 33 - 34 - 57 - 59;06 - 38 - 44 - 47 - 51 - 65 - 66 - 69 - 71 - 82;;;;
33730;DISPONIBLE;20 - 28 - 40 - 48 - 56 - 58 - 61 - 66 - 75 - 78;26 - 29 - 47 - 51 - 62 - 68 - 70 - 71 - 72 - 79;;;;
33731;DISPONIBLE;07 - 14 - 33 - 45 - 60 - 77 - 81 - 83 - 85 - 87;03 - 21 - 39 - 41 - 51 - 56 - 62 - 74 - 75 - 89;;;;
33732;DISPONIBLE;11 - 19 - 26 - 42 - 44 - 48 - 57 - 63 - 79 - 88;02 - 05 - 27 - 38 - 42 - 44 - 48 - 50 - 63 - 66;;;;
33733;DISPONIBLE;01 - 02 - 12 - 14 - 21 - 54 - 56 - 63 - 64 - 73;01 - 13 - 16 - 28 - 30 - 36 - 68 - 70 - 81 - 83;;;;
33734;DISPONIBLE;16 - 19 - 24 - 37 - 44 - 56 - 65 - 71 - 77 - 79;09 - 14 - 28 - 33 - 40 - 46 - 51 - 62 - 74 - 85;;;;
33735;DISPONIBLE;02 - 26 - 29 - 33 - 52 - 64 - 66 - 70 - 73 - 77;13 - 14 - 39 - 47 - 54 - 55 - 57 - 63 - 74 - 80;;;;
33736;DISPONIBLE;09 - 23 - 30 - 48 - 52 - 59 - 66 - 70 - 74 - 82;02 - 07 - 11 - 21 - 25 - 30 - 40 - 53 - 65 - 70;;;;
33737;DISPONIBLE;14 - 19 - 22 - 25 - 28 - 43 - 57 - 69 - 71 - 90;17 - 20 - 29 - 36 - 39 - 55 - 72 - 73 - 74 - 83;;;;
33738;DISPONIBLE;04 - 05 - 12 - 18 - 21 - 26 - 29 - 69 - 86 - 90;08 - 09 - 16 - 27 - 35 - 43 - 61 - 67 - 81 - 84;;;;
33739;DISPONIBLE;12 - 13 - 15 - 18 - 27 - 37 - 64 - 70 - 84 - 89;18 - 24 - 29 - 31 - 34 - 50 - 53 - 55 - 61 - 84;;;;
33740;DISPONIBLE;27 - 29 - 42 - 47 - 49 - 52 - 56 - 66 - 68 - 84;10 - 11 - 43 - 46 - 50 - 65 - 68 - 74 - 75 - 83;;;;
33741;DISPONIBLE;05 - 07 - 11 - 15 - 16 - 17 - 31 - 84 - 85 - 89;09 - 21 - 22 - 39 - 42 - 46 - 50 - 52 - 70 - 84;;;;
33742;DISPONIBLE;03 - 12 - 18 - 44 - 54 - 56 - 62 - 75 - 84 - 88;21 - 27 - 45 - 56 - 64 - 65 - 67 - 70 - 88 - 90;;;;
33743;DISPONIBLE;01 - 02 - 06 - 13 - 20 - 28 - 46 - 65 - 84 - 86;10 - 12 - 15 - 19 - 22 - 45 - 52 - 65 - 66 - 90;;;;
33744;DISPONIBLE;01 - 14 - 25 - 29 - 34 - 44 - 51 - 52 - 56 - 77;12 - 19 - 41 - 53 - 55 - 64 - 65 - 68 - 74 - 87;;;;
33745;DISPONIBLE;08 - 14 - 23 - 31 - 40 - 55 - 59 - 64 - 71 - 77;10 - 17 - 35 - 48 - 55 - 64 - 74 - 77 - 79 - 88;;;;
33746;DISPONIBLE;11 - 22 - 29 - 60 - 66 - 72 - 80 - 87 - 88 - 90;01 - 17 - 26 - 27 - 31 - 36 - 49 - 50 - 56 - 60;;;;
33747;DISPONIBLE;09 - 13 - 21 - 41 - 42 - 45 - 69 - 72 - 76 - 86;01 - 02 - 09 - 12 - 16 - 17 - 48 - 64 - 75 - 86;;;;
33748;DISPONIBLE;03 - 12 - 14 - 16 - 34 - 54 - 60 - 61 - 70 - 77;18 - 21 - 22 - 30 - 38 - 49 - 52 - 57 - 76 - 80;;;;
33749;DISPONIBLE;01 - 32 - 37 - 40 - 47 - 50 - 53 - 72 - 73 - 76;23 - 30 - 41 - 44 - 54 - 55 - 58 - 76 - 77 - 88;;;;
33750;DISPONIBLE;10 - 14 - 19 - 22 - 29 - 37 - 38 - 43 - 45 - 87;03 - 05 - 20 - 26 - 46 - 66 - 67 - 81 - 83 - 87;;;;
33751;DISPONIBLE;06 - 15 - 23 - 27 - 36 - 55 - 61 - 66 - 76 - 84;05 - 06 - 28 - 35 - 43 - 46 - 55 - 56 - 66 - 82;;;;
33752;DISPONIBLE;07 - 08 - 14 - 24 - 35 - 40 - 49 - 53 - 63 - 82;04 - 05 - 07 - 21 - 44 - 56 - 62 - 68 - 74 - 90;;;;
33753;DISPONIBLE;04 - 15 - 21 - 25 - 37 - 50 - 51 - 57 - 69 - 77;03 - 06 - 23 - 25 - 34 - 45 - 56 - 65 - 73 - 76;;;;
33754;DISPONIBLE;03 - 09 - 11 - 12 - 19 - 52 - 68 - 71 - 78 - 81;12 - 20 - 21 - 26 - 28 - 38 - 42 - 47 - 52 - 70;;;;
33755;DISPONIBLE;22 - 25 - 29 - 38 - 43 - 44 - 52 - 59 - 65 - 84;04 - 09 - 22 - 33 - 54 - 57 - 58 - 74 - 80 - 87;;;;
33756;DISPONIBLE;10 - 13 - 14 - 19 - 25 - 33 - 48 - 67 - 80 - 88;15 - 26 - 35 - 41 - 57 - 61 - 64 - 68 - 72 - 73;;;;
33757;DISPONIBLE;06 - 11 - 12 - 46 - 54 - 65 - 75 - 77 - 84 - 89;05 - 10 - 16 - 20 - 25 - 32 - 33 - 34 - 44 - 51;;;;
33758;DISPONIBLE;06 - 09 - 21 - 26 - 28 - 52 - 65 - 72 - 74 - 82;03 - 07 - 17 - 23 - 26 - 33 - 39 - 63 - 67 - 88;;;;
33759;DISPONIBLE;05 - 08 - 13 - 35 - 37 - 46 - 51 - 62 - 68 - 72;02 - 17 - 22 - 29 - 33 - 35 - 55 - 70 - 71 - 80;;;;
33760;DISPONIBLE;14 - 18 - 34 - 47 - 49 - 61 - 63 - 73 - 76 - 83;16 - 28 - 45 - 46 - 54 - 62 - 64 - 80 - 87 - 88;;;;
33761;DISPONIBLE;25 - 49 - 51 - 59 - 69 - 71 - 76 - 79 - 80 - 83;14 - 18 - 21 - 38 - 54 - 64 - 68 - 76 - 77 - 80;;;;
33762;DISPONIBLE;03 - 10 - 17 - 25 - 27 - 36 - 59 - 60 - 81 - 89;15 - 23 - 33 - 42 - 58 - 60 - 66 - 69 - 89 - 90;;;;
33763;DISPONIBLE;01 - 17 - 30 - 50 - 64 - 68 - 72 - 83 - 84 - 90;01 - 04 - 29 - 33 - 35 - 44 - 53 - 70 - 75 - 76;;;;
33764;DISPONIBLE;07 - 23 - 27 - 28 - 34 - 42 - 53 - 65 - 78 - 90;08 - 17 - 28 - 31 - 50 - 54 - 79 - 83 - 85 - 89;;;;
33765;DISPONIBLE;03 - 18 - 25 - 27 - 44 - 56 - 64 - 67 - 72 - 75;24 - 29 - 54 - 57 - 60 - 69 - 79 - 81 - 87 - 89;;;;
33766;DISPONIBLE;01 - 09 - 12 - 15 - 19 - 60 - 67 - 69 - 82 - 85;04 - 13 - 21 - 30 - 34 - 35 - 38 - 67 - 75 - 83;;;;
33767;DISPONIBLE;03 - 06 - 12 - 23 - 34 - 54 - 58 - 63 - 78 - 85;02 - 07 - 10 - 34 - 51 - 58 - 69 - 75 - 77 - 82;;;;
33768;DISPONIBLE;02 - 22 - 38 - 40 - 49 - 59 - 64 - 75 - 82 - 90;05 - 22 - 38 - 43 - 54 - 56 - 60 - 74 - 75 - 86;;;;
33769;DISPONIBLE;05 - 19 - 21 - 24 - 25 - 30 - 44 - 46 - 71 - 77;05 - 28 - 48 - 49 - 51 - 57 - 60 - 63 - 66 - 78;;;;
33770;DISPONIBLE;06 - 15 - 16 - 28 - 31 - 36 - 50 - 59 - 65 - 77;23 - 27 - 41 - 55 - 61 - 67 - 72 - 75 - 82 - 83;;;;
33771;DISPONIBLE;04 - 06 - 10 - 34 - 58 - 66 - 70 - 72 - 75 - 76;01 - 04 - 05 - 06 - 23 - 58 - 59 - 74 - 78 - 90;;;;
33772;DISPONIBLE;09 - 14 - 28 - 30 - 58 - 69 - 71 - 75 - 82 - 84;01 - 05 - 09 - 41 - 43 - 54 - 73 - 84 - 85 - 89;;;;
33773;DISPONIBLE;01 - 04 - 11 - 15 - 16 - 39 - 69 - 74 - 78 - 89;22 - 44 - 47 - 52 - 65 - 74 - 75 - 81 - 85 - 88;;;;
33774;DISPONIBLE;11 - 14 - 33 - 39 - 43 - 60 - 62 - 72 - 78 - 81;33 - 34 - 55 - 58 - 61 - 67 - 69 - 83 - 85 - 87;;;;
33775;DISPONIBLE;19 - 31 - 33 - 44 - 54 - 61 - 66 - 69 - 70 - 89;05 - 22 - 37 - 39 - 50 - 57 - 58 - 59 - 61 - 90;;;;
33776;DISPONIBLE;02 - 05 - 19 - 60 - 65 - 70 - 72 - 83 - 85 - 88;02 - 03 - 04 - 08 - 52 - 58 - 61 - 64 - 70 - 83;;;;
33777;DISPONIBLE;06 - 10 - 11 - 23 - 25 - 47 - 52 - 64 - 79 - 84;02 - 04 - 16 - 20 - 24 - 31 - 35 - 54 - 72 - 86;;;;
33778;DISPONIBLE;04 - 10 - 25 - 27 - 29 - 36 - 46 - 63 - 85 - 89;08 - 09 - 11 - 16 - 19 - 29 - 51 - 57 - 76 - 84;;;;
33779;DISPONIBLE;11 - 26 - 53 - 57 - 59 - 60 - 67 - 75 - 84 - 88;06 - 13 - 15 - 22 - 39 - 51 - 56 - 58 - 73 - 90;;;;
33780;DISPONIBLE;01 - 05 - 12 - 14 - 26 - 31 - 44 - 45 - 54 - 59;06 - 08 - 09 - 16 - 41 - 57 - 67 - 72 - 73 - 88;;;;
33781;DISPONIBLE;03 - 04 - 26 - 43 - 54 - 57 - 63 - 69 - 74 - 88;15 - 16 - 33 - 35 - 40 - 44 - 48 - 54 - 57 - 65;;;;
33782;DISPONIBLE;04 - 17 - 19 - 26 - 35 - 58 - 75 - 78 - 81 - 83;05 - 08 - 09 - 19 - 48 - 56 - 76 - 81 - 88 - 90;;;;
33783;DISPONIBLE;15 - 22 - 27 - 35 - 38 - 44 - 51 - 55 - 78 - 87;20 - 30 - 33 - 45 - 49 - 55 - 57 - 58 - 66 - 87;;;;
33784;DISPONIBLE;06 - 24 - 29 - 34 - 42 - 65 - 74 - 79 - 84 - 86;11 - 18 - 22 - 29 - 40 - 42 - 56 - 58 - 62 - 79;;;;
33785;DISPONIBLE;01 - 12 - 31 - 41 - 42 - 43 - 50 - 83 - 84 - 90;13 - 23 - 36 - 48 - 54 - 75 - 77 - 80 - 82 - 85;;;;
33786;DISPONIBLE;15 - 18 - 20 - 39 - 43 - 44 - 47 - 61 - 68 - 80;10 - 35 - 39 - 45 - 49 - 55 - 60 - 69 - 79 - 83;;;;
33787;DISPONIBLE;17 - 22 - 31 - 48 - 55 - 62 - 63 - 70 - 81 - 84;03 - 05 - 15 - 23 - 28 - 30 - 32 - 64 - 67 - 80;;;;
33788;DISPONIBLE;01 - 12 - 26 - 30 - 32 - 34 - 43 - 65 - 66 - 81;03 - 10 - 14 - 37 - 39 - 47 - 53 - 55 - 59 - 64;;;;
33789;DISPONIBLE;10 - 14 - 16 - 23 - 31 - 38 - 68 - 72 - 80 - 90;05 - 25 - 38 - 41 - 45 - 50 - 65 - 69 - 76 - 84;;;;
33790;DISPONIBLE;02 - 05 - 17 - 22 - 26 - 50 - 59 - 64 - 68 - 72;15 - 16 - 17 - 19 - 32 - 39 - 49 - 63 - 64 - 82;;;;
33791;DISPONIBLE;06 - 12 - 20 - 24 - 64 - 65 - 69 - 76 - 84 - 90;06 - 12 - 14 - 18 - 24 - 33 - 36 - 38 - 42 - 83;;;;
33792;DISPONIBLE;03 - 14 - 30 - 31 - 40 - 41 - 53 - 71 - 78 - 81;03 - 17 - 22 - 34 - 37 - 39 - 48 - 82 - 86 - 88;;;;
33793;DISPONIBLE;17 - 35 - 45 - 52 - 56 - 61 - 66 - 71 - 76 - 85;07 - 10 - 12 - 20 - 36 - 47 - 50 - 60 - 79 - 86;;;;
33794;DISPONIBLE;01 - 14 - 18 - 31 - 48 - 49 - 57 - 67 - 75 - 82;04 - 14 - 20 - 33 - 39 - 42 - 67 - 79 - 83 - 84;;;;
33795;DISPONIBLE;17 - 20 - 26 - 27 - 34 - 42 - 49 - 56 - 66 - 69;07 - 13 - 17 - 50 - 52 - 54 - 58 - 67 - 71 - 86;;;;
33796;DISPONIBLE;07 - 15 - 16 - 17 - 18 - 28 - 66 - 85 - 87 - 88;03 - 05 - 15 - 26 - 45 - 49 - 55 - 71 - 76 - 85;;;;
33797;DISPONIBLE;07 - 08 - 12 - 14 - 18 - 20 - 33 - 59 - 79 - 81;05 - 07 - 16 - 31 - 41 - 43 - 46 - 48 - 88 - 90;;;;
33798;DISPONIBLE;02 - 25 - 39 - 45 - 47 - 57 - 59 - 67 - 80 - 85;14 - 15 - 19 - 24 - 30 - 41 - 50 - 66 - 71 - 83;;;;
33799;DISPONIBLE;15 - 18 - 26 - 30 - 51 - 59 - 62 - 65 - 83 - 86;08 - 14 - 16 - 25 - 41 - 45 - 63 - 71 - 80 - 90;;;;
33800;DISPONIBLE;22 - 37 - 38 - 41 - 42 - 43 - 51 - 55 - 63 - 84;03 - 07 - 14 - 17 - 19 - 23 - 27 - 56 - 62 - 70;;;;
33801;DISPONIBLE;02 - 12 - 17 - 18 - 20 - 48 - 50 - 77 - 80 - 87;21 - 31 - 33 - 35 - 50 - 51 - 55 - 64 - 69 - 71;;;;
33802;DISPONIBLE;09 - 17 - 20 - 27 - 39 - 40 - 47 - 59 - 61 - 63;05 - 14 - 36 - 46 - 51 - 57 - 61 - 69 - 82 - 90;;;;
33803;DISPONIBLE;01 - 07 - 08 - 16 - 17 - 23 - 26 - 63 - 64 - 67;06 - 12 - 14 - 26 - 30 - 39 - 47 - 51 - 64 - 74;;;;
33804;DISPONIBLE;16 - 35 - 40 - 57 - 58 - 60 - 72 - 74 - 78 - 81;04 - 17 - 36 - 39 - 47 - 67 - 75 - 80 - 82 - 83;;;;
33805;DISPONIBLE;01 - 26 - 41 - 49 - 61 - 63 - 79 - 81 - 82 - 88;18 - 22 - 27 - 34 - 35 - 45 - 48 - 72 - 79 - 82;;;;
33806;DISPONIBLE;01 - 05 - 10 - 11 - 36 - 70 - 82 - 83 - 88 - 89;08 - 26 - 27 - 32 - 40 - 54 - 61 - 71 - 72 - 85;;;;
33807;DISPONIBLE;14 - 21 - 27 - 35 - 49 - 57 - 60 - 62 - 65 - 81;04 - 08 - 09 - 12 - 33 - 35 - 42 - 43 - 45 - 64;;;;
33808;DISPONIBLE;04 - 26 - 38 - 39 - 40 - 48 - 66 - 83 - 84 - 87;21 - 28 - 29 - 34 - 39 - 44 - 45 - 47 - 74 - 81;;;;
33809;DISPONIBLE;09 - 11 - 21 - 24 - 34 - 36 - 39 - 49 - 57 - 76;02 - 04 - 19 - 36 - 47 - 48 - 58 - 68 - 69 - 85;;;;
33810;DISPONIBLE;26 - 28 - 34 - 49 - 50 - 59 - 64 - 65 - 81 - 88;07 - 19 - 22 - 27 - 33 - 39 - 40 - 41 - 47 - 90;;;;
33811;DISPONIBLE;08 - 09 - 20 - 49 - 52 - 56 - 59 - 66 - 75 - 76;07 - 09 - 19 - 34 - 49 - 50 - 60 - 61 - 68 - 82;;;;
33812;DISPONIBLE;09 - 10 - 36 - 38 - 62 - 65 - 68 - 82 - 85 - 90;01 - 09 - 14 - 30 - 48 - 61 - 66 - 71 - 74 - 89;;;;
33813;DISPONIBLE;03 - 16 - 26 - 33 - 38 - 48 - 55 - 56 - 59 - 62;01 - 06 - 10 - 19 - 22 - 35 - 54 - 55 - 82 - 84;;;;
33814;DISPONIBLE;03 - 05 - 31 - 33 - 35 - 58 - 64 - 68 - 87 - 89;11 - 20 - 26 - 31 - 59 - 64 - 73 - 74 - 76 - 78;;;;
33815;DISPONIBLE;06 - 14 - 18 - 26 - 30 - 46 - 51 - 58 - 67 - 68;02 - 12 - 14 - 20 - 34 - 37 - 51 - 59 - 63 - 68;;;;
33816;DISPONIBLE;05 - 10 - 14 - 23 - 31 - 35 - 37 - 59 - 61 - 70;01 - 08 - 10 - 20 - 22 - 31 - 33 - 36 - 37 - 89;;;;
33817;DISPONIBLE;08 - 14 - 17 - 57 - 60 - 66 - 71 - 75 - 77 - 88;07 - 09 - 41 - 42 - 44 - 58 - 59 - 60 - 68 - 70;;;;
33818;DISPONIBLE;04 - 09 - 11 - 12 - 26 - 31 - 45 - 57 - 58 - 66;01 - 06 - 21 - 23 - 27 - 40 - 47 - 75 - 80 - 87;;;;
33819;DISPONIBLE;14 - 21 - 27 - 37 - 39 - 44 - 68 - 80 - 88 - 90;03 - 20 - 23 - 29 - 50 - 60 - 63 - 67 - 73 - 77;;;;
33820;DISPONIBLE;04 - 09 - 14 - 20 - 31 - 48 - 61 - 64 - 65 - 69;18 - 21 - 27 - 37 - 57 - 68 - 75 - 77 - 85 - 89;;;;
33821;DISPONIBLE;01 - 24 - 29 - 37 - 47 - 56 - 61 - 76 - 80 - 89;07 - 27 - 28 - 53 - 65 - 68 - 69 - 70 - 73 - 79;;;;
33822;DISPONIBLE;07 - 11 - 36 - 48 - 51 - 53 - 58 - 64 - 71 - 87;03 - 06 - 23 - 27 - 28 - 36 - 37 - 39 - 56 - 64;;;;
33823;DISPONIBLE;01 - 09 - 13 - 17 - 28 - 45 - 54 - 66 - 79 - 80;05 - 20 - 24 - 28 - 33 - 35 - 40 - 59 - 62 - 80;;;;
33824;DISPONIBLE;05 - 17 - 22 - 24 - 25 - 29 - 30 - 31 - 49 - 80;21 - 27 - 46 - 48 - 50 - 59 - 61 - 81 - 82 - 90;;;;
33825;DISPONIBLE;08 - 20 - 28 - 44 - 53 - 61 - 63 - 75 - 89 - 90;04 - 09 - 16 - 17 - 29 - 55 - 68 - 71 - 75 - 77;;;;
33826;DISPONIBLE;13 - 15 - 33 - 34 - 41 - 57 - 61 - 62 - 87 - 90;01 - 05 - 08 - 24 - 30 - 59 - 62 - 73 - 74 - 89;;;;
33827;DISPONIBLE;07 - 09 - 11 - 32 - 46 - 47 - 52 - 71 - 75 - 79;12 - 31 - 38 - 42 - 50 - 66 - 75 - 76 - 77 - 79;;;;
33828;DISPONIBLE;14 - 30 - 32 - 39 - 49 - 53 - 61 - 75 - 79 - 84;12 - 20 - 24 - 31 - 50 - 57 - 69 - 74 - 76 - 85;;;;
33829;DISPONIBLE;15 - 17 - 24 - 48 - 50 - 54 - 56 - 66 - 75 - 79;01 - 04 - 25 - 28 - 33 - 54 - 57 - 61 - 66 - 67;;;;
33830;DISPONIBLE;07 - 12 - 23 - 29 - 33 - 49 - 59 - 60 - 73 - 87;14 - 16 - 18 - 33 - 38 - 56 - 71 - 72 - 84 - 87;;;;
33831;DISPONIBLE;03 - 19 - 20 - 21 - 23 - 45 - 54 - 69 - 74 - 89;02 - 07 - 09 - 24 - 25 - 38 - 41 - 42 - 52 - 66;;;;
33832;DISPONIBLE;04 - 08 - 12 - 30 - 32 - 33 - 37 - 41 - 51 - 58;02 - 10 - 14 - 15 - 18 - 19 - 29 - 42 - 68 - 71;;;;
33833;DISPONIBLE;02 - 23 - 33 - 38 - 47 - 48 - 56 - 66 - 82 - 83;09 - 19 - 21 - 30 - 31 - 36 - 70 - 73 - 74 - 82;;;;
33834;DISPONIBLE;16 - 20 - 49 - 56 - 69 - 73 - 77 - 85 - 86 - 89;02 - 05 - 24 - 31 - 33 - 50 - 51 - 64 - 81 - 84;;;;
33835;DISPONIBLE;10 - 12 - 26 - 33 - 52 - 60 - 68 - 73 - 78 - 90;03 - 07 - 13 - 32 - 39 - 42 - 48 - 57 - 68 - 83;;;;
33836;DISPONIBLE;04 - 18 - 37 - 38 - 45 - 65 - 77 - 78 - 81 - 88;03 - 11 - 16 - 20 - 22 - 23 - 42 - 78 - 85 - 90;;;;
33837;DISPONIBLE;09 - 18 - 20 - 56 - 57 - 74 - 78 - 83 - 87 - 90;02 - 12 - 30 - 33 - 34 - 52 - 60 - 79 - 80 - 88;;;;
33838;DISPONIBLE;01 - 04 - 06 - 18 - 49 - 50 - 60 - 65 - 86 - 87;01 - 02 - 06 - 11 - 20 - 34 - 45 - 84 - 85 - 88;;;;
33839;DISPONIBLE;25 - 33 - 38 - 39 - 48 - 50 - 55 - 76 - 82 - 86;05 - 07 - 33 - 35 - 36 - 48 - 50 - 56 - 87 - 90;;;;
33840;DISPONIBLE;04 - 09 - 14 - 22 - 33 - 40 - 54 - 67 - 84 - 86;09 - 24 - 25 - 26 - 49 - 55 - 57 - 66 - 77 - 89;;;;
33841;DISPONIBLE;03 - 13 - 23 - 33 - 39 - 44 - 46 - 47 - 66 - 87;29 - 34 - 39 - 44 - 46 - 52 - 59 - 72 - 87 - 89;;;;
33842;DISPONIBLE;12 - 13 - 22 - 36 - 39 - 50 - 52 - 81 - 84 - 85;05 - 34 - 39 - 45 - 60 - 63 - 79 - 85 - 86 - 90;;;;
33843;DISPONIBLE;29 - 30 - 40 - 45 - 46 - 48 - 50 - 62 - 79 - 89;04 - 14 - 33 - 42 - 46 - 58 - 60 - 67 - 79 - 89;;;;
33844;DISPONIBLE;02 - 08 - 15 - 45 - 52 - 63 - 67 - 70 - 83 - 88;10 - 26 - 39 - 53 - 54 - 65 - 66 - 68 - 79 - 89;;;;
33845;DISPONIBLE;03 - 07 - 29 - 33 - 36 - 48 - 66 - 68 - 76 - 78;14 - 20 - 31 - 52 - 55 - 56 - 58 - 63 - 68 - 83;;;;
33846;DISPONIBLE;03 - 10 - 21 - 23 - 24 - 32 - 33 - 36 - 52 - 82;02 - 05 - 14 - 28 - 45 - 48 - 58 - 79 - 84 - 90;;;;
33847;DISPONIBLE;01 - 12 - 28 - 37 - 43 - 54 - 55 - 61 - 69 - 84;20 - 27 - 35 - 41 - 45 - 56 - 58 - 75 - 79 - 86;;;;
33848;DISPONIBLE;02 - 03 - 19 - 20 - 60 - 62 - 65 - 66 - 70 - 87;10 - 24 - 35 - 38 - 65 - 67 - 72 - 74 - 87 - 88;;;;
33849;DISPONIBLE;05 - 31 - 43 - 44 - 49 - 52 - 62 - 69 - 72 - 79;01 - 23 - 27 - 28 - 30 - 33 - 42 - 58 - 63 - 75;;;;
33850;DISPONIBLE;01 - 18 - 29 - 36 - 50 - 53 - 71 - 77 - 78 - 85;16 - 24 - 29 - 32 - 36 - 57 - 60 - 75 - 86 - 90;;;;
33851;DISPONIBLE;09 - 24 - 29 - 31 - 48 - 52 - 57 - 66 - 79 - 89;03 - 06 - 21 - 40 - 41 - 57 - 65 - 73 - 76 - 80;;;;
33852;DISPONIBLE;01 - 02 - 11 - 19 - 37 - 58 - 64 - 77 - 83 - 84;08 - 10 - 41 - 42 - 48 - 58 - 77 - 83 - 88 - 90;;;;
33853;DISPONIBLE;01 - 13 - 26 - 34 - 36 - 38 - 49 - 58 - 65 - 88;04 - 11 - 31 - 46 - 53 - 59 - 71 - 76 - 83 - 85;;;;
33854;DISPONIBLE;17 - 32 - 42 - 43 - 47 - 53 - 59 - 67 - 68 - 86;02 - 08 - 18 - 22 - 65 - 68 - 74 - 79 - 80 - 84;;;;
33855;DISPONIBLE;02 - 12 - 18 - 40 - 50 - 65 - 68 - 71 - 72 - 75;08 - 11 - 27 - 31 - 45 - 51 - 53 - 73 - 80 - 84;;;;
33856;DISPONIBLE;04 - 13 - 18 - 34 - 50 - 57 - 64 - 68 - 84 - 88;16 - 18 - 26 - 36 - 41 - 51 - 59 - 74 - 79 - 90;;;;
33857;DISPONIBLE;04 - 06 - 20 - 31 - 38 - 44 - 48 - 54 - 62 - 83;07 - 08 - 24 - 35 - 41 - 43 - 46 - 47 - 71 - 89;;;;
33858;DISPONIBLE;04 - 07 - 18 - 23 - 33 - 46 - 51 - 67 - 70 - 73;19 - 33 - 35 - 37 - 50 - 57 - 62 - 66 - 70 - 78;;;;
33859;DISPONIBLE;31 - 34 - 39 - 56 - 73 - 76 - 79 - 83 - 87 - 90;14 - 23 - 36 - 45 - 50 - 51 - 61 - 62 - 63 - 77;;;;
33860;DISPONIBLE;16 - 19 - 27 - 56 - 60 - 70 - 74 - 84 - 87 - 90;02 - 08 - 19 - 23 - 26 - 39 - 53 - 74 - 75 - 86;;;;
33861;DISPONIBLE;11 - 29 - 39 - 47 - 60 - 72 - 74 - 78 - 82 - 86;08 - 13 - 21 - 22 - 35 - 47 - 56 - 68 - 83 - 84;;;;
33862;DISPONIBLE;06 - 09 - 30 - 32 - 42 - 48 - 62 - 66 - 72 - 88;01 - 07 - 16 - 25 - 41 - 50 - 62 - 79 - 84 - 90;;;;
33863;DISPONIBLE;17 - 28 - 35 - 36 - 38 - 39 - 63 - 66 - 83 - 90;11 - 16 - 20 - 40 - 43 - 44 - 56 - 71 - 73 - 77;;;;
33864;DISPONIBLE;06 - 10 - 17 - 27 - 47 - 56 - 61 - 66 - 67 - 80;09 - 14 - 15 - 29 - 31 - 40 - 43 - 53 - 57 - 71;;;;
33865;DISPONIBLE;07 - 19 - 25 - 35 - 36 - 42 - 47 - 53 - 65 - 81;08 - 17 - 22 - 37 - 46 - 59 - 64 - 67 - 71 - 87;;;;
33866;DISPONIBLE;03 - 04 - 14 - 20 - 29 - 36 - 67 - 70 - 78 - 80;08 - 24 - 29 - 30 - 33 - 35 - 38 - 71 - 78 - 87;;;;
33867;DISPONIBLE;01 - 04 - 06 - 33 - 41 - 42 - 45 - 47 - 75 - 86;07 - 17 - 24 - 27 - 30 - 61 - 71 - 72 - 79 - 87;;;;
33868;DISPONIBLE;04 - 23 - 28 - 36 - 54 - 59 - 70 - 72 - 74 - 80;20 - 27 - 30 - 39 - 40 - 42 - 65 - 75 - 79 - 88;;;;
33869;DISPONIBLE;04 - 31 - 37 - 49 - 50 - 51 - 57 - 70 - 84 - 86;09 - 13 - 17 - 38 - 43 - 46 - 68 - 70 - 88 - 89;;;;
33870;DISPONIBLE;12 - 32 - 47 - 49 - 62 - 63 - 71 - 72 - 78 - 80;05 - 10 - 37 - 39 - 40 - 56 - 63 - 65 - 76 - 81;;;;
33871;DISPONIBLE;09 - 20 - 24 - 33 - 34 - 41 - 45 - 46 - 79 - 82;04 - 10 - 28 - 31 - 34 - 66 - 69 - 79 - 83 - 89;;;;
33872;DISPONIBLE;04 - 08 - 11 - 27 - 31 - 36 - 38 - 53 - 59 - 64;27 - 43 - 45 - 53 - 62 - 67 - 69 - 83 - 87 - 88;;;;
33873;DISPONIBLE;05 - 08 - 28 - 34 - 45 - 56 - 57 - 68 - 70 - 78;07 - 11 - 34 - 40 - 53 - 66 - 67 - 73 - 82 - 83;;;;
33874;DISPONIBLE;02 - 35 - 38 - 40 - 46 - 50 - 52 - 60 - 87 - 88;08 - 43 - 49 - 51 - 55 - 56 - 63 - 64 - 81 - 85;;;;
33875;DISPONIBLE;04 - 14 - 36 - 41 - 60 - 64 - 68 - 76 - 77 - 84;01 - 02 - 05 - 06 - 17 - 25 - 27 - 56 - 69 - 89;;;;
33876;DISPONIBLE;12 - 24 - 41 - 42 - 54 - 63 - 66 - 68 - 74 - 87;06 - 09 - 10 - 13 - 20 - 35 - 59 - 72 - 80 - 89;;;;
33877;DISPONIBLE;10 - 11 - 16 - 17 - 22 - 24 - 42 - 44 - 52 - 53;01 - 27 - 28 - 48 - 57 - 58 - 68 - 70 - 71 - 90;;;;
33878;DISPONIBLE;04 - 11 - 12 - 19 - 37 - 63 - 71 - 74 - 84 - 86;17 - 34 - 44 - 57 - 66 - 69 - 72 - 76 - 79 - 88;;;;
33879;DISPONIBLE;01 - 02 - 12 - 13 - 22 - 43 - 49 - 64 - 81 - 86;02 - 04 - 21 - 22 - 32 - 41 - 44 - 46 - 60 - 77;;;;
33880;DISPONIBLE;03 - 06 - 33 - 39 - 42 - 47 - 58 - 60 - 77 - 90;09 - 14 - 22 - 28 - 47 - 52 - 55 - 62 - 73 - 75;;;;
33881;DISPONIBLE;31 - 39 - 43 - 45 - 56 - 58 - 65 - 66 - 84 - 85;02 - 03 - 04 - 07 - 08 - 22 - 28 - 36 - 56 - 74;;;;
33882;DISPONIBLE;01 - 04 - 12 - 22 - 35 - 36 - 44 - 45 - 48 - 66;05 - 13 - 18 - 19 - 26 - 29 - 45 - 60 - 70 - 87;;;;
33883;DISPONIBLE;02 - 03 - 05 - 12 - 13 - 22 - 45 - 61 - 66 - 68;04 - 06 - 07 - 37 - 49 - 61 - 65 - 68 - 69 - 72;;;;
33884;DISPONIBLE;10 - 16 - 25 - 30 - 39 - 54 - 59 - 67 - 71 - 73;01 - 09 - 11 - 32 - 38 - 42 - 49 - 53 - 73 - 78;;;;
33885;DISPONIBLE;07 - 09 - 15 - 31 - 34 - 43 - 44 - 49 - 53 - 80;16 - 22 - 29 - 39 - 47 - 49 - 53 - 70 - 72 - 83;;;;
33886;DISPONIBLE;06 - 10 - 29 - 33 - 35 - 38 - 53 - 57 - 60 - 70;18 - 30 - 34 - 35 - 38 - 39 - 42 - 73 - 80 - 86;;;;
33887;DISPONIBLE;01 - 03 - 19 - 34 - 43 - 45 - 53 - 66 - 81 - 88;15 - 34 - 40 - 43 - 46 - 48 - 55 - 69 - 74 - 78;;;;
33888;DISPONIBLE;12 - 17 - 23 - 24 - 25 - 32 - 56 - 67 - 80 - 86;12 - 13 - 26 - 27 - 35 - 44 - 54 - 74 - 76 - 90;;;;
33889;DISPONIBLE;03 - 09 - 12 - 28 - 40 - 48 - 52 - 63 - 74 - 76;26 - 31 - 34 - 40 - 41 - 47 - 65 - 68 - 70 - 73;;;;
33890;DISPONIBLE;06 - 13 - 33 - 36 - 38 - 59 - 62 - 65 - 78 - 84;14 - 15 - 17 - 20 - 28 - 34 - 67 - 68 - 81 - 83;;;;
33891;DISPONIBLE;04 - 05 - 07 - 34 - 43 - 46 - 47 - 60 - 68 - 72;06 - 18 - 21 - 31 - 33 - 44 - 54 - 58 - 60 - 89;;;;
33892;DISPONIBLE;10 - 12 - 26 - 29 - 35 - 45 - 51 - 52 - 56 - 89;10 - 14 - 16 - 26 - 40 - 47 - 52 - 68 - 83 - 84;;;;
33893;DISPONIBLE;06 - 08 - 11 - 30 - 52 - 58 - 68 - 74 - 76 - 87;21 - 32 - 43 - 44 - 57 - 65 - 66 - 80 - 86 - 87;;;;
33894;DISPONIBLE;03 - 06 - 31 - 34 - 39 - 40 - 41 - 62 - 65 - 84;21 - 26 - 41 - 42 - 48 - 56 - 69 - 71 - 74 - 80;;;;
33895;DISPONIBLE;32 - 44 - 52 - 55 - 68 - 72 - 77 - 84 - 87 - 88;02 - 03 - 32 - 37 - 43 - 46 - 55 - 62 - 66 - 78;;;;
33896;DISPONIBLE;03 - 06 - 14 - 16 - 20 - 42 - 72 - 74 - 79 - 87;08 - 09 - 10 - 37 - 49 - 52 - 64 - 73 - 76 - 89;;;;
33897;DISPONIBLE;04 - 07 - 15 - 18 - 27 - 39 - 49 - 61 - 64 - 68;10 - 18 - 20 - 35 - 54 - 55 - 76 - 78 - 83 - 86;;;;
33898;DISPONIBLE;06 - 07 - 19 - 35 - 46 - 55 - 62 - 67 - 73 - 76;18 - 24 - 34 - 38 - 43 - 60 - 61 - 65 - 84 - 87;;;;
33899;DISPONIBLE;02 - 16 - 37 - 40 - 48 - 55 - 56 - 62 - 64 - 69;04 - 09 - 20 - 26 - 28 - 31 - 33 - 54 - 58 - 81;;;;
33900;DISPONIBLE;05 - 06 - 12 - 22 - 46 - 51 - 61 - 71 - 77 - 84;04 - 07 - 10 - 24 - 28 - 44 - 54 - 55 - 66 - 89;;;;
33901;DISPONIBLE;05 - 11 - 18 - 36 - 38 - 50 - 52 - 61 - 74 - 82;10 - 22 - 25 - 29 - 56 - 57 - 67 - 68 - 74 - 84;;;;
33902;DISPONIBLE;01 - 08 - 12 - 15 - 21 - 26 - 29 - 32 - 37 - 79;06 - 17 - 24 - 41 - 44 - 66 - 70 - 71 - 74 - 86;;;;
33903;DISPONIBLE;03 - 07 - 09 - 25 - 26 - 41 - 74 - 83 - 85 - 87;14 - 15 - 32 - 50 - 58 - 61 - 65 - 80 - 81 - 87;;;;
33904;DISPONIBLE;19 - 34 - 38 - 44 - 52 - 56 - 63 - 68 - 73 - 76;03 - 04 - 32 - 36 - 45 - 46 - 48 - 71 - 86 - 87;;;;
33905;DISPONIBLE;08 - 12 - 17 - 33 - 49 - 61 - 70 - 72 - 73 - 84;24 - 33 - 37 - 44 - 55 - 66 - 67 - 68 - 75 - 90;;;;
33906;DISPONIBLE;04 - 15 - 17 - 32 - 34 - 48 - 68 - 76 - 81 - 89;01 - 15 - 28 - 42 - 48 - 55 - 62 - 68 - 70 - 74;;;;
33907;DISPONIBLE;05 - 18 - 24 - 26 - 27 - 40 - 46 - 49 - 51 - 54;05 - 13 - 18 - 21 - 27 - 36 - 54 - 55 - 65 - 66;;;;
33908;DISPONIBLE;01 - 14 - 21 - 22 - 25 - 59 - 62 - 71 - 87 - 89;19 - 20 - 23 - 34 - 51 - 52 - 62 - 76 - 79 - 86;;;;
33909;DISPONIBLE;09 - 14 - 38 - 43 - 51 - 57 - 66 - 70 - 72 - 89;05 - 06 - 20 - 26 - 62 - 69 - 72 - 74 - 75 - 83;;;;
33910;DISPONIBLE;02 - 17 - 27 - 35 - 47 - 50 - 64 - 81 - 84 - 89;02 - 07 - 08 - 21 - 23 - 24 - 37 - 42 - 63 - 67;;;;
33911;DISPONIBLE;03 - 06 - 12 - 13 - 22 - 39 - 41 - 45 - 61 - 79;03 - 05 - 07 - 09 - 33 - 34 - 41 - 59 - 64 - 89;;;;
33912;DISPONIBLE;02 - 19 - 23 - 34 - 35 - 37 - 45 - 57 - 70 - 75;09 - 13 - 15 - 25 - 31 - 57 - 80 - 82 - 84 - 86;;;;
33913;DISPONIBLE;06 - 08 - 13 - 16 - 21 - 37 - 49 - 78 - 82 - 89;14 - 17 - 19 - 22 - 45 - 49 - 56 - 63 - 75 - 89;;;;
33914;DISPONIBLE;08 - 35 - 47 - 66 - 68 - 71 - 78 - 80 - 85 - 87;19 - 24 - 40 - 43 - 50 - 52 - 58 - 59 - 74 - 82;;;;
33915;DISPONIBLE;06 - 26 - 30 - 38 - 47 - 54 - 60 - 68 - 78 - 83;29 - 31 - 33 - 48 - 50 - 57 - 81 - 85 - 86 - 87;;;;
33916;DISPONIBLE;07 - 16 - 20 - 29 - 42 - 45 - 51 - 53 - 58 - 81;07 - 27 - 45 - 56 - 64 - 71 - 72 - 74 - 88 - 90;;;;
33917;DISPONIBLE;06 - 15 - 20 - 21 - 47 - 48 - 66 - 71 - 79 - 80;03 - 08 - 15 - 16 - 18 - 40 - 63 - 64 - 72 - 85;;;;
33918;DISPONIBLE;17 - 24 - 37 - 45 - 53 - 62 - 67 - 73 - 83 - 84;11 - 24 - 40 - 41 - 45 - 50 - 58 - 69 - 80 - 88;;;;
33919;DISPONIBLE;13 - 14 - 17 - 28 - 31 - 33 - 43 - 70 - 73 - 90;08 - 09 - 21 - 37 - 40 - 42 - 46 - 59 - 73 - 90;;;;
33920;DISPONIBLE;04 - 07 - 10 - 16 - 23 - 27 - 28 - 55 - 69 - 71;01 - 08 - 13 - 16 - 22 - 32 - 53 - 64 - 65 - 67;;;;
33921;DISPONIBLE;03 - 11 - 14 - 18 - 27 - 36 - 41 - 58 - 68 - 78;18 - 24 - 26 - 28 - 31 - 42 - 56 - 57 - 74 - 81;;;;
33922;DISPONIBLE;07 - 26 - 36 - 46 - 60 - 62 - 74 - 77 - 78 - 79;12 - 14 - 17 - 39 - 45 - 64 - 69 - 78 - 79 - 80;;;;
33923;DISPONIBLE;02 - 06 - 08 - 11 - 39 - 43 - 55 - 59 - 61 - 86;06 - 14 - 25 - 29 - 33 - 50 - 51 - 57 - 61 - 62;;;;
33924;DISPONIBLE;24 - 32 - 34 - 37 - 41 - 59 - 68 - 78 - 84 - 89;09 - 16 - 43 - 45 - 46 - 53 - 56 - 66 - 79 - 80;;;;
33925;DISPONIBLE;05 - 09 - 26 - 36 - 39 - 43 - 45 - 52 - 64 - 86;01 - 11 - 12 - 18 - 29 - 48 - 61 - 74 - 83 - 84;;;;
33926;DISPONIBLE;03 - 20 - 22 - 39 - 43 - 49 - 68 - 69 - 72 - 85;10 - 22 - 23 - 24 - 27 - 37 - 38 - 55 - 59 - 68;;;;
33927;DISPONIBLE;01 - 17 - 19 - 36 - 37 - 39 - 40 - 56 - 66 - 89;03 - 05 - 17 - 23 - 66 - 67 - 72 - 87 - 88 - 89;;;;
33928;DISPONIBLE;02 - 24 - 31 - 43 - 44 - 54 - 59 - 72 - 85 - 86;01 - 13 - 21 - 35 - 36 - 46 - 57 - 62 - 71 - 81;;;;
33929;DISPONIBLE;21 - 22 - 27 - 28 - 38 - 46 - 53 - 64 - 75 - 85;09 - 13 - 14 - 44 - 45 - 49 - 55 - 66 - 85 - 90;;;;
33930;DISPONIBLE;02 - 11 - 46 - 49 - 52 - 61 - 82 - 83 - 84 - 85;15 - 20 - 26 - 27 - 41 - 43 - 59 - 70 - 74 - 82;;;;
33931;DISPONIBLE;04 - 28 - 29 - 41 - 44 - 61 - 65 - 80 - 85 - 90;03 - 17 - 27 - 37 - 58 - 74 - 78 - 79 - 83 - 87;;;;
33932;DISPONIBLE;01 - 03 - 07 - 22 - 32 - 63 - 74 - 84 - 87 - 89;21 - 24 - 29 - 37 - 44 - 69 - 70 - 83 - 85 - 87;;;;
33933;DISPONIBLE;02 - 12 - 13 - 42 - 49 - 54 - 56 - 64 - 71 - 87;17 - 25 - 27 - 33 - 50 - 54 - 61 - 62 - 84 - 88;;;;
33934;DISPONIBLE;02 - 03 - 07 - 08 - 19 - 20 - 51 - 84 - 89 - 90;18 - 25 - 41 - 45 - 50 - 53 - 60 - 61 - 78 - 83;;;;
33935;DISPONIBLE;11 - 15 - 16 - 28 - 34 - 42 - 56 - 58 - 69 - 79;10 - 17 - 18 - 25 - 37 - 58 - 63 - 65 - 74 - 79;;;;
33936;DISPONIBLE;06 - 33 - 40 - 46 - 59 - 67 - 71 - 74 - 76 - 81;01 - 04 - 20 - 26 - 31 - 42 - 45 - 53 - 63 - 70;;;;
33937;DISPONIBLE;02 - 08 - 12 - 18 - 23 - 35 - 37 - 57 - 78 - 80;13 - 24 - 36 - 50 - 54 - 62 - 70 - 75 - 85 - 90;;;;
33938;DISPONIBLE;14 - 22 - 24 - 38 - 40 - 46 - 50 - 69 - 71 - 87;08 - 12 - 28 - 39 - 40 - 46 - 59 - 70 - 73 - 86;;;;
33939;DISPONIBLE;04 - 19 - 22 - 23 - 26 - 29 - 35 - 74 - 83 - 90;07 - 24 - 41 - 45 - 46 - 56 - 59 - 63 - 71 - 86;;;;
33940;DISPONIBLE;22 - 26 - 32 - 63 - 70 - 72 - 78 - 81 - 84 - 88;12 - 15 - 19 - 25 - 45 - 58 - 74 - 79 - 86 - 89;;;;
33941;DISPONIBLE;02 - 09 - 15 - 20 - 42 - 50 - 61 - 64 - 75 - 88;04 - 14 - 17 - 20 - 23 - 26 - 35 - 48 - 58 - 89;;;;
33942;DISPONIBLE;10 - 19 - 38 - 51 - 57 - 58 - 61 - 64 - 76 - 88;16 - 18 - 23 - 30 - 42 - 44 - 47 - 66 - 74 - 79;;;;
33943;DISPONIBLE;21 - 23 - 31 - 33 - 42 - 53 - 54 - 88 - 89 - 90;15 - 24 - 27 - 30 - 33 - 43 - 55 - 57 - 67 - 87;;;;
33944;DISPONIBLE;01 - 11 - 14 - 18 - 23 - 31 - 57 - 70 - 71 - 89;19 - 32 - 36 - 37 - 39 - 43 - 63 - 67 - 84 - 85;;;;
33945;DISPONIBLE;25 - 28 - 37 - 45 - 46 - 56 - 62 - 72 - 74 - 75;16 - 21 - 25 - 31 - 35 - 39 - 45 - 50 - 85 - 89;;;;
33946;DISPONIBLE;20 - 26 - 38 - 48 - 53 - 55 - 77 - 78 - 85 - 89;07 - 08 - 10 - 19 - 20 - 42 - 47 - 68 - 80 - 87;;;;
33947;DISPONIBLE;24 - 25 - 37 - 56 - 58 - 61 - 67 - 69 - 78 - 87;08 - 13 - 24 - 29 - 30 - 32 - 55 - 63 - 72 - 90;;;;
33948;DISPONIBLE;08 - 15 - 16 - 18 - 30 - 32 - 36 - 53 - 71 - 85;01 - 02 - 06 - 15 - 27 - 48 - 67 - 73 - 80 - 81;;;;
33949;DISPONIBLE;12 - 20 - 34 - 40 - 44 - 54 - 67 - 69 - 76 - 88;08 - 11 - 19 - 22 - 40 - 54 - 62 - 75 - 80 - 84;;;;
33950;DISPONIBLE;16 - 26 - 27 - 29 - 34 - 35 - 49 - 52 - 69 - 75;04 - 11 - 16 - 22 - 29 - 46 - 53 - 67 - 71 - 79;;;;
33951;DISPONIBLE;01 - 02 - 14 - 15 - 43 - 44 - 45 - 57 - 65 - 72;22 - 28 - 43 - 47 - 58 - 59 - 72 - 81 - 83 - 84;;;;
33952;DISPONIBLE;21 - 22 - 24 - 28 - 34 - 44 - 64 - 70 - 80 - 84;10 - 16 - 29 - 43 - 60 - 63 - 64 - 66 - 75 - 77;;;;
33953;DISPONIBLE;03 - 07 - 09 - 12 - 37 - 49 - 53 - 58 - 75 - 85;28 - 29 - 30 - 33 - 47 - 48 - 52 - 56 - 63 - 87;;;;
33954;DISPONIBLE;04 - 10 - 15 - 16 - 19 - 21 - 26 - 44 - 57 - 65;41 - 43 - 61 - 62 - 73 - 81 - 83 - 84 - 88 - 89;;;;
33955;DISPONIBLE;03 - 14 - 32 - 37 - 41 - 59 - 62 - 65 - 67 - 75;11 - 32 - 44 - 50 - 53 - 58 - 66 - 80 - 82 - 88;;;;
33956;DISPONIBLE;04 - 13 - 31 - 52 - 70 - 75 - 80 - 86 - 87 - 89;14 - 23 - 34 - 38 - 41 - 57 - 58 - 72 - 74 - 89;;;;
33957;DISPONIBLE;01 - 19 - 21 - 25 - 29 - 38 - 40 - 43 - 54 - 72;07 - 16 - 18 - 23 - 44 - 61 - 65 - 71 - 75 - 84;;;;
33958;DISPONIBLE;05 - 07 - 08 - 14 - 15 - 60 - 61 - 62 - 80 - 84;16 - 30 - 31 - 32 - 34 - 37 - 38 - 62 - 68 - 87;;;;
33959;DISPONIBLE;10 - 28 - 36 - 41 - 44 - 52 - 54 - 55 - 70 - 88;05 - 20 - 37 - 41 - 54 - 59 - 65 - 76 - 87 - 89;;;;
33960;DISPONIBLE;09 - 18 - 20 - 23 - 46 - 56 - 70 - 76 - 84 - 89;02 - 26 - 38 - 48 - 53 - 68 - 71 - 74 - 82 - 86;;;;
33961;DISPONIBLE;05 - 17 - 35 - 38 - 40 - 42 - 49 - 61 - 69 - 81;09 - 14 - 17 - 18 - 29 - 44 - 59 - 69 - 72 - 83;;;;
33962;DISPONIBLE;13 - 32 - 37 - 48 - 52 - 60 - 62 - 65 - 68 - 75;13 - 17 - 50 - 52 - 65 - 67 - 70 - 73 - 77 - 85;;;;
33963;DISPONIBLE;04 - 06 - 18 - 27 - 35 - 38 - 52 - 68 - 71 - 90;06 - 11 - 33 - 47 - 52 - 53 - 57 - 58 - 65 - 72;;;;
33964;DISPONIBLE;10 - 13 - 34 - 50 - 58 - 59 - 61 - 66 - 74 - 87;12 - 16 - 27 - 32 - 35 - 39 - 65 - 71 - 74 - 87;;;;
33965;DISPONIBLE;02 - 04 - 08 - 09 - 25 - 28 - 37 - 41 - 42 - 44;07 - 11 - 15 - 21 - 23 - 28 - 29 - 38 - 83 - 84;;;;
33966;DISPONIBLE;07 - 23 - 36 - 38 - 42 - 47 - 58 - 70 - 82 - 85;11 - 16 - 20 - 30 - 57 - 62 - 68 - 72 - 75 - 80;;;;
33967;DISPONIBLE;20 - 25 - 30 - 31 - 38 - 55 - 69 - 71 - 82 - 84;03 - 20 - 29 - 32 - 36 - 42 - 62 - 66 - 79 - 88;;;;
33968;DISPONIBLE;27 - 33 - 37 - 46 - 55 - 62 - 68 - 77 - 80 - 86;21 - 26 - 32 - 41 - 59 - 70 - 74 - 79 - 85 - 86;;;;
33969;DISPONIBLE;01 - 07 - 11 - 28 - 35 - 46 - 48 - 58 - 67 - 89;10 - 19 - 30 - 31 - 35 - 59 - 63 - 76 - 77 - 86;;;;
33970;DISPONIBLE;01 - 11 - 28 - 52 - 54 - 58 - 68 - 74 - 77 - 89;08 - 12 - 15 - 40 - 42 - 55 - 59 - 68 - 70 - 88;;;;
33971;DISPONIBLE;25 - 26 - 30 - 47 - 54 - 57 - 72 - 79 - 81 - 83;18 - 39 - 40 - 44 - 46 - 49 - 51 - 53 - 57 - 66;;;;
33972;DISPONIBLE;04 - 08 - 09 - 23 - 34 - 56 - 60 - 64 - 84 - 89;05 - 09 - 17 - 41 - 47 - 58 - 60 - 63 - 66 - 86;;;;
33973;DISPONIBLE;01 - 40 - 41 - 66 - 71 - 73 - 77 - 83 - 85 - 87;19 - 34 - 36 - 48 - 51 - 54 - 70 - 73 - 77 - 85;;;;
33974;DISPONIBLE;13 - 17 - 18 - 22 - 28 - 32 - 34 - 40 - 55 - 57;04 - 20 - 27 - 35 - 56 - 59 - 63 - 72 - 74 - 79;;;;
33975;DISPONIBLE;14 - 20 - 21 - 24 - 28 - 67 - 79 - 80 - 86 - 88;18 - 29 - 40 - 47 - 51 - 71 - 73 - 80 - 83 - 89;;;;
33976;DISPONIBLE;10 - 12 - 32 - 34 - 35 - 37 - 62 - 72 - 80 - 84;04 - 07 - 17 - 31 - 42 - 51 - 54 - 72 - 73 - 78;;;;
33977;DISPONIBLE;08 - 27 - 31 - 34 - 49 - 59 - 66 - 77 - 81 - 89;27 - 41 - 46 - 51 - 52 - 60 - 63 - 70 - 78 - 87;;;;
33978;DISPONIBLE;01 - 04 - 12 - 19 - 27 - 39 - 71 - 73 - 77 - 81;01 - 10 - 31 - 38 - 42 - 47 - 53 - 55 - 64 - 79;;;;
33979;DISPONIBLE;07 - 26 - 31 - 32 - 34 - 43 - 55 - 72 - 83 - 88;02 - 08 - 09 - 13 - 15 - 18 - 22 - 26 - 38 - 71;;;;
33980;DISPONIBLE;05 - 09 - 33 - 36 - 40 - 52 - 53 - 68 - 73 - 78;10 - 11 - 23 - 34 - 36 - 40 - 50 - 63 - 74 - 84;;;;
33981;DISPONIBLE;18 - 19 - 34 - 43 - 48 - 49 - 55 - 61 - 73 - 87;06 - 20 - 35 - 44 - 55 - 59 - 63 - 66 - 69 - 87;;;;
33982;DISPONIBLE;13 - 19 - 23 - 24 - 43 - 44 - 45 - 54 - 82 - 84;18 - 19 - 31 - 56 - 68 - 77 - 80 - 85 - 86 - 88;;;;
33983;DISPONIBLE;17 - 18 - 26 - 36 - 40 - 43 - 72 - 74 - 76 - 84;05 - 10 - 15 - 25 - 28 - 42 - 53 - 60 - 72 - 83;;;;
33984;DISPONIBLE;01 - 03 - 14 - 22 - 25 - 28 - 38 - 42 - 48 - 76;05 - 35 - 41 - 46 - 56 - 73 - 78 - 85 - 86 - 88;;;;
33985;DISPONIBLE;07 - 15 - 33 - 58 - 61 - 63 - 64 - 69 - 82 - 88;01 - 04 - 10 - 15 - 56 - 68 - 69 - 76 - 87 - 90;;;;
33986;DISPONIBLE;11 - 16 - 43 - 45 - 47 - 54 - 56 - 75 - 83 - 88;06 - 09 - 10 - 18 - 23 - 25 - 42 - 57 - 79 - 87;;;;
33987;DISPONIBLE;13 - 18 - 31 - 35 - 36 - 47 - 50 - 60 - 73 - 89;12 - 32 - 42 - 47 - 54 - 55 - 59 - 76 - 81 - 82;;;;
33988;DISPONIBLE;10 - 19 - 32 - 43 - 46 - 48 - 63 - 65 - 66 - 89;03 - 19 - 26 - 28 - 56 - 59 - 72 - 83 - 87 - 90;;;;
33989;DISPONIBLE;10 - 26 - 32 - 53 - 58 - 73 - 77 - 81 - 83 - 86;02 - 05 - 06 - 07 - 08 - 32 - 34 - 72 - 74 - 85;;;;
33990;DISPONIBLE;02 - 04 - 08 - 13 - 30 - 41 - 45 - 51 - 57 - 59;02 - 05 - 12 - 19 - 31 - 35 - 48 - 55 - 65 - 72;;;;
33991;DISPONIBLE;09 - 19 - 42 - 43 - 59 - 62 - 69 - 77 - 80 - 81;10 - 14 - 32 - 36 - 43 - 44 - 45 - 56 - 72 - 87;;;;
33992;DISPONIBLE;11 - 27 - 32 - 35 - 53 - 64 - 66 - 77 - 83 - 85;01 - 03 - 32 - 41 - 52 - 61 - 69 - 70 - 75 - 81;;;;
33993;DISPONIBLE;03 - 09 - 21 - 34 - 38 - 41 - 66 - 70 - 87 - 89;17 - 20 - 28 - 44 - 45 - 50 - 56 - 58 - 69 - 88;;;;
33994;DISPONIBLE;19 - 50 - 51 - 52 - 58 - 64 - 65 - 82 - 86 - 89;10 - 33 - 39 - 49 - 52 - 53 - 56 - 57 - 76 - 84;;;;
33995;DISPONIBLE;12 - 37 - 53 - 65 - 67 - 75 - 79 - 83 - 85 - 86;06 - 07 - 16 - 25 - 32 - 39 - 40 - 45 - 49 - 86;;;;
33996;DISPONIBLE;05 - 11 - 13 - 17 - 30 - 37 - 43 - 73 - 86 - 87;01 - 04 - 05 - 16 - 21 - 32 - 40 - 50 - 68 - 87;;;;
33997;DISPONIBLE;02 - 24 - 25 - 36 - 43 - 50 - 54 - 71 - 72 - 76;09 - 12 - 16 - 21 - 38 - 50 - 54 - 59 - 72 - 78;;;;
33998;DISPONIBLE;06 - 07 - 18 - 30 - 33 - 37 - 45 - 53 - 78 - 81;04 - 17 - 27 - 39 - 47 - 50 - 66 - 77 - 78 - 79;;;;
33999;DISPONIBLE;01 - 08 - 23 - 33 - 36 - 61 - 79 - 82 - 84 - 87;10 - 25 - 29 - 33 - 36 - 41 - 58 - 73 - 79 - 82;;;;
34000;DISPONIBLE;10 - 16 - 27 - 31 - 34 - 35 - 38 - 60 - 66 - 87;03 - 08 - 12 - 28 - 43 - 47 - 50 - 53 - 72 - 85;;;;
34001;DISPONIBLE;02 - 05 - 19 - 20 - 21 - 39 - 43 - 45 - 52 - 83;05 - 22 - 36 - 38 - 54 - 55 - 65 - 75 - 79 - 83;;;;
34002;DISPONIBLE;05 - 09 - 12 - 29 - 35 - 55 - 62 - 71 - 89 - 90;02 - 04 - 06 - 19 - 28 - 50 - 69 - 71 - 72 - 88;;;;
34003;DISPONIBLE;02 - 03 - 07 - 09 - 18 - 24 - 31 - 32 - 46 - 62;01 - 06 - 31 - 32 - 37 - 38 - 63 - 73 - 84 - 86;;;;
34004;DISPONIBLE;02 - 03 - 10 - 23 - 26 - 33 - 34 - 53 - 54 - 61;02 - 09 - 19 - 21 - 56 - 65 - 69 - 71 - 74 - 87;;;;
34005;DISPONIBLE;16 - 30 - 43 - 52 - 64 - 65 - 70 - 71 - 73 - 88;05 - 10 - 12 - 19 - 25 - 32 - 48 - 70 - 78 - 83;;;;
34006;DISPONIBLE;09 - 12 - 15 - 29 - 32 - 45 - 53 - 61 - 71 - 78;13 - 16 - 31 - 42 - 43 - 46 - 48 - 55 - 65 - 68;;;;
34007;DISPONIBLE;16 - 19 - 28 - 37 - 58 - 68 - 69 - 79 - 86 - 89;06 - 08 - 13 - 17 - 34 - 37 - 54 - 57 - 70 - 74;;;;
34008;DISPONIBLE;04 - 05 - 18 - 26 - 42 - 54 - 67 - 76 - 86 - 90;02 - 05 - 30 - 44 - 48 - 51 - 52 - 54 - 62 - 81;;;;
34009;DISPONIBLE;05 - 19 - 26 - 50 - 52 - 55 - 69 - 78 - 79 - 82;05 - 14 - 46 - 52 - 57 - 62 - 63 - 66 - 73 - 77;;;;
34010;DISPONIBLE;11 - 12 - 17 - 28 - 32 - 48 - 54 - 83 - 84 - 87;02 - 04 - 18 - 19 - 36 - 48 - 62 - 76 - 77 - 80;;;;
34011;DISPONIBLE;06 - 17 - 18 - 43 - 46 - 48 - 54 - 57 - 72 - 76;01 - 06 - 46 - 59 - 61 - 67 - 68 - 76 - 77 - 86;;;;
34012;DISPONIBLE;28 - 39 - 54 - 59 - 60 - 61 - 69 - 71 - 72 - 84;13 - 15 - 18 - 19 - 35 - 66 - 77 - 79 - 85 - 87;;;;
34013;DISPONIBLE;04 - 09 - 23 - 24 - 27 - 41 - 60 - 63 - 72 - 87;04 - 06 - 10 - 21 - 35 - 47 - 80 - 82 - 83 - 86;;;;
34014;DISPONIBLE;02 - 20 - 23 - 30 - 38 - 62 - 68 - 69 - 70 - 78;09 - 17 - 18 - 21 - 35 - 46 - 51 - 55 - 57 - 84;;;;
34015;DISPONIBLE;03 - 11 - 12 - 14 - 39 - 48 - 67 - 70 - 76 - 79;03 - 13 - 14 - 29 - 42 - 48 - 58 - 71 - 73 - 85;;;;
34016;DISPONIBLE;05 - 26 - 27 - 31 - 36 - 39 - 51 - 61 - 63 - 76;15 - 18 - 33 - 39 - 48 - 58 - 72 - 76 - 77 - 83;;;;
34017;DISPONIBLE;07 - 26 - 31 - 35 - 44 - 45 - 46 - 66 - 76 - 80;12 - 14 - 17 - 28 - 42 - 57 - 62 - 64 - 79 - 83;;;;
34018;DISPONIBLE;04 - 14 - 22 - 39 - 41 - 73 - 75 - 77 - 80 - 87;16 - 21 - 32 - 43 - 51 - 58 - 64 - 69 - 77 - 86;;;;
34019;DISPONIBLE;11 - 13 - 23 - 26 - 39 - 49 - 50 - 64 - 81 - 89;02 - 03 - 10 - 11 - 25 - 52 - 60 - 76 - 78 - 83;;;;
34020;DISPONIBLE;01 - 07 - 14 - 18 - 29 - 32 - 54 - 72 - 74 - 82;20 - 30 - 35 - 44 - 45 - 52 - 61 - 65 - 73 - 86;;;;
34021;DISPONIBLE;03 - 10 - 19 - 24 - 29 - 32 - 43 - 56 - 82 - 83;03 - 15 - 18 - 45 - 48 - 59 - 70 - 73 - 76 - 88;;;;
34022;DISPONIBLE;02 - 05 - 15 - 27 - 31 - 34 - 69 - 74 - 75 - 88;04 - 06 - 39 - 46 - 53 - 56 - 71 - 75 - 86 - 89;;;;
34023;DISPONIBLE;01 - 04 - 19 - 22 - 39 - 50 - 58 - 61 - 64 - 81;02 - 15 - 21 - 26 - 50 - 58 - 61 - 78 - 82 - 90;;;;
34024;DISPONIBLE;08 - 10 - 15 - 17 - 22 - 33 - 73 - 76 - 84 - 86;12 - 27 - 55 - 63 - 69 - 72 - 73 - 74 - 89 - 90;;;;
34025;DISPONIBLE;01 - 14 - 19 - 31 - 40 - 45 - 49 - 52 - 64 - 65;04 - 33 - 37 - 49 - 60 - 71 - 77 - 79 - 81 - 90;;;;
34026;DISPONIBLE;05 - 07 - 19 - 26 - 36 - 45 - 58 - 60 - 62 - 77;10 - 14 - 19 - 29 - 41 - 53 - 54 - 75 - 81 - 89;;;;
34027;DISPONIBLE;19 - 21 - 49 - 55 - 58 - 65 - 75 - 79 - 84 - 85;02 - 08 - 09 - 13 - 22 - 33 - 35 - 39 - 40 - 49;;;;
34028;DISPONIBLE;15 - 17 - 25 - 27 - 35 - 63 - 79 - 82 - 87 - 88;02 - 13 - 26 - 32 - 33 - 40 - 44 - 47 - 57 - 67;;;;
34029;DISPONIBLE;26 - 27 - 31 - 32 - 33 - 39 - 58 - 69 - 80 - 81;10 - 29 - 45 - 48 - 52 - 53 - 63 - 78 - 83 - 87;;;;
34030;DISPONIBLE;02 - 08 - 14 - 20 - 22 - 30 - 38 - 52 - 87 - 88;08 - 10 - 17 - 20 - 21 - 59 - 60 - 71 - 81 - 86;;;;
34031;DISPONIBLE;10 - 18 - 29 - 43 - 60 - 71 - 75 - 76 - 77 - 90;08 - 21 - 34 - 38 - 46 - 52 - 60 - 72 - 83 - 88;;;;
34032;DISPONIBLE;13 - 25 - 30 - 35 - 46 - 50 - 62 - 72 - 74 - 75;04 - 06 - 18 - 23 - 32 - 44 - 56 - 57 - 64 - 79;;;;
34033;DISPONIBLE;02 - 10 - 14 - 42 - 46 - 54 - 61 - 74 - 75 - 77;02 - 08 - 15 - 37 - 52 - 54 - 60 - 74 - 82 - 86;;;;
34034;DISPONIBLE;05 - 15 - 16 - 20 - 23 - 53 - 57 - 76 - 81 - 85;13 - 15 - 24 - 26 - 39 - 57 - 72 - 74 - 79 - 85;;;;
34035;DISPONIBLE;14 - 24 - 31 - 36 - 37 - 49 - 55 - 67 - 83 - 84;01 - 03 - 21 - 41 - 58 - 63 - 64 - 77 - 84 - 86;;;;
34036;DISPONIBLE;05 - 13 - 27 - 29 - 42 - 51 - 53 - 61 - 77 - 81;28 - 35 - 37 - 46 - 56 - 57 - 62 - 71 - 82 - 90;;;;
34037;DISPONIBLE;02 - 03 - 04 - 05 - 08 - 17 - 20 - 40 - 78 - 88;02 - 04 - 07 - 19 - 29 - 42 - 49 - 54 - 55 - 62;;;;
34038;DISPONIBLE;12 - 17 - 25 - 33 - 45 - 54 - 58 - 84 - 89 - 90;01 - 04 - 12 - 22 - 29 - 42 - 47 - 50 - 56 - 69;;;;
34039;DISPONIBLE;01 - 07 - 10 - 20 - 26 - 29 - 49 - 57 - 73 - 81;09 - 11 - 23 - 24 - 40 - 53 - 54 - 59 - 73 - 78;;;;
34040;DISPONIBLE;01 - 18 - 21 - 32 - 34 - 50 - 57 - 60 - 64 - 68;09 - 11 - 15 - 30 - 49 - 53 - 62 - 74 - 75 - 83;;;;
34041;DISPONIBLE;13 - 14 - 15 - 16 - 32 - 37 - 50 - 51 - 55 - 58;01 - 17 - 24 - 35 - 50 - 59 - 68 - 71 - 72 - 81;;;;
34042;DISPONIBLE;01 - 09 - 10 - 12 - 31 - 49 - 50 - 64 - 69 - 80;25 - 30 - 36 - 38 - 43 - 44 - 56 - 69 - 73 - 84;;;;
34043;DISPONIBLE;13 - 25 - 44 - 50 - 57 - 65 - 67 - 84 - 85 - 88;02 - 32 - 34 - 48 - 51 - 57 - 58 - 60 - 71 - 80;;;;
34044;DISPONIBLE;02 - 05 - 10 - 23 - 41 - 44 - 49 - 54 - 63 - 70;11 - 21 - 27 - 32 - 35 - 36 - 56 - 58 - 65 - 67;;;;
34045;DISPONIBLE;03 - 07 - 22 - 44 - 46 - 47 - 59 - 65 - 69 - 86;18 - 19 - 24 - 25 - 26 - 43 - 46 - 48 - 54 - 60;;;;
34046;DISPONIBLE;09 - 15 - 27 - 29 - 32 - 50 - 51 - 56 - 66 - 71;14 - 28 - 36 - 45 - 52 - 58 - 69 - 77 - 79 - 84;;;;
34047;DISPONIBLE;15 - 17 - 29 - 30 - 42 - 47 - 62 - 74 - 79 - 87;19 - 21 - 31 - 37 - 41 - 45 - 50 - 57 - 61 - 86;;;;
34048;DISPONIBLE;05 - 09 - 14 - 19 - 26 - 28 - 48 - 52 - 69 - 71;03 - 30 - 31 - 45 - 54 - 62 - 70 - 79 - 85 - 86;;;;
34049;DISPONIBLE;02 - 10 - 14 - 15 - 16 - 18 - 41 - 61 - 65 - 78;08 - 17 - 23 - 34 - 47 - 56 - 60 - 64 - 85 - 87;;;;
34050;DISPONIBLE;11 - 16 - 26 - 34 - 38 - 39 - 56 - 68 - 69 - 71;03 - 24 - 29 - 35 - 40 - 67 - 69 - 72 - 75 - 88;;;;
34051;DISPONIBLE;04 - 11 - 15 - 20 - 25 - 34 - 35 - 41 - 50 - 65;17 - 28 - 42 - 43 - 47 - 51 - 57 - 65 - 67 - 87;;;;
34052;DISPONIBLE;04 - 07 - 12 - 30 - 34 - 44 - 64 - 65 - 75 - 87;04 - 07 - 27 - 28 - 46 - 48 - 53 - 57 - 60 - 75;;;;
34053;DISPONIBLE;02 - 08 - 12 - 18 - 25 - 27 - 43 - 75 - 78 - 84;02 - 16 - 42 - 45 - 58 - 64 - 73 - 84 - 85 - 88;;;;
34054;DISPONIBLE;01 - 06 - 28 - 36 - 50 - 52 - 56 - 61 - 72 - 87;03 - 13 - 26 - 31 - 33 - 46 - 53 - 56 - 58 - 71;;;;
34055;DISPONIBLE;06 - 23 - 47 - 56 - 62 - 70 - 71 - 78 - 80 - 90;01 - 07 - 24 - 33 - 45 - 47 - 52 - 69 - 75 - 81;;;;
34056;DISPONIBLE;03 - 09 - 10 - 49 - 55 - 74 - 76 - 78 - 80 - 84;09 - 16 - 19 - 35 - 52 - 62 - 67 - 78 - 84 - 87;;;;
34057;DISPONIBLE;14 - 15 - 16 - 22 - 23 - 28 - 31 - 35 - 44 - 51;13 - 21 - 29 - 34 - 43 - 44 - 49 - 69 - 70 - 80;;;;
34058;DISPONIBLE;02 - 10 - 14 - 16 - 34 - 44 - 45 - 51 - 53 - 73;02 - 03 - 15 - 19 - 21 - 28 - 29 - 47 - 58 - 86;;;;
34059;DISPONIBLE;01 - 04 - 07 - 14 - 17 - 19 - 54 - 56 - 70 - 71;07 - 08 - 25 - 29 - 43 - 73 - 77 - 81 - 88 - 89;;;;
34060;DISPONIBLE;09 - 11 - 16 - 21 - 28 - 29 - 32 - 76 - 77 - 80;04 - 18 - 21 - 23 - 55 - 62 - 79 - 80 - 81 - 83;;;;
34061;DISPONIBLE;09 - 17 - 21 - 33 - 42 - 46 - 48 - 60 - 70 - 81;02 - 03 - 17 - 23 - 38 - 42 - 43 - 52 - 65 - 86;;;;
34062;DISPONIBLE;04 - 17 - 24 - 26 - 28 - 36 - 58 - 61 - 73 - 86;03 - 21 - 28 - 37 - 45 - 52 - 58 - 59 - 66 - 69;;;;
34063;DISPONIBLE;09 - 27 - 31 - 38 - 41 - 43 - 53 - 66 - 84 - 86;02 - 09 - 19 - 24 - 31 - 32 - 38 - 50 - 54 - 70;;;;
34064;DISPONIBLE;05 - 30 - 39 - 41 - 52 - 55 - 68 - 74 - 76 - 89;16 - 38 - 44 - 51 - 53 - 55 - 61 - 69 - 86 - 87;;;;
34065;DISPONIBLE;07 - 27 - 29 - 33 - 36 - 62 - 65 - 73 - 80 - 85;14 - 16 - 17 - 21 - 29 - 31 - 32 - 48 - 85 - 88;;;;
34066;DISPONIBLE;02 - 06 - 07 - 10 - 33 - 38 - 39 - 47 - 56 - 70;14 - 49 - 63 - 72 - 74 - 79 - 80 - 85 - 86 - 89;;;;
34067;DISPONIBLE;01 - 04 - 24 - 29 - 33 - 51 - 54 - 59 - 64 - 80;13 - 14 - 30 - 34 - 38 - 54 - 68 - 70 - 82 - 83;;;;
34068;DISPONIBLE;11 - 12 - 24 - 26 - 27 - 30 - 62 - 73 - 76 - 81;18 - 31 - 39 - 48 - 58 - 64 - 70 - 80 - 82 - 89;;;;
34069;DISPONIBLE;23 - 26 - 33 - 39 - 41 - 42 - 77 - 78 - 88 - 89;05 - 12 - 19 - 45 - 46 - 56 - 77 - 82 - 85 - 88;;;;
34070;DISPONIBLE;13 - 21 - 24 - 34 - 40 - 42 - 45 - 54 - 75 - 79;06 - 09 - 17 - 24 - 40 - 54 - 57 - 58 - 71 - 81;;;;
34071;DISPONIBLE;05 - 09 - 45 - 52 - 55 - 59 - 64 - 79 - 80 - 87;10 - 14 - 22 - 34 - 40 - 44 - 60 - 73 - 80 - 81;;;;
34072;DISPONIBLE;08 - 24 - 33 - 40 - 44 - 50 - 53 - 62 - 74 - 76;04 - 12 - 21 - 23 - 24 - 25 - 38 - 66 - 72 - 73;;;;
34073;DISPONIBLE;04 - 32 - 39 - 44 - 48 - 52 - 65 - 71 - 74 - 88;08 - 12 - 17 - 20 - 25 - 39 - 66 - 69 - 79 - 81;;;;
34074;DISPONIBLE;24 - 32 - 35 - 36 - 51 - 68 - 75 - 86 - 88 - 90;09 - 18 - 21 - 57 - 58 - 59 - 65 - 76 - 80 - 89;;;;
34075;DISPONIBLE;08 - 31 - 32 - 37 - 38 - 55 - 58 - 74 - 76 - 81;11 - 18 - 19 - 38 - 54 - 56 - 67 - 70 - 78 - 87;;;;
34076;DISPONIBLE;05 - 25 - 26 - 35 - 51 - 56 - 60 - 66 - 78 - 79;03 - 11 - 18 - 24 - 42 - 43 - 57 - 68 - 83 - 89;;;;
34077;DISPONIBLE;02 - 10 - 21 - 34 - 41 - 48 - 60 - 67 - 70 - 72;01 - 11 - 25 - 33 - 44 - 45 - 47 - 70 - 73 - 79;;;;
34078;DISPONIBLE;04 - 06 - 16 - 23 - 50 - 51 - 65 - 73 - 76 - 90;05 - 29 - 34 - 35 - 47 - 51 - 57 - 60 - 68 - 82;;;;
34079;DISPONIBLE;03 - 08 - 25 - 36 - 43 - 45 - 46 - 64 - 65 - 82;01 - 20 - 27 - 33 - 40 - 48 - 62 - 64 - 66 - 76;;;;
34080;DISPONIBLE;01 - 17 - 24 - 33 - 43 - 53 - 57 - 66 - 84 - 89;06 - 23 - 29 - 37 - 48 - 52 - 58 - 60 - 68 - 71;;;;
34081;DISPONIBLE;02 - 13 - 32 - 34 - 37 - 48 - 50 - 52 - 67 - 88;04 - 06 - 14 - 15 - 17 - 50 - 56 - 63 - 71 - 78;;;;
34082;DISPONIBLE;01 - 15 - 27 - 43 - 50 - 51 - 75 - 79 - 87 - 88;04 - 10 - 14 - 21 - 24 - 25 - 38 - 52 - 82 - 83;;;;
34083;DISPONIBLE;26 - 30 - 47 - 48 - 55 - 58 - 68 - 70 - 81 - 90;12 - 23 - 31 - 59 - 60 - 64 - 66 - 73 - 75 - 84;;;;
34084;DISPONIBLE;12 - 14 - 22 - 27 - 30 - 33 - 34 - 62 - 67 - 89;03 - 24 - 25 - 27 - 39 - 41 - 55 - 60 - 67 - 81;;;;
34085;DISPONIBLE;08 - 14 - 24 - 28 - 30 - 37 - 39 - 43 - 46 - 85;10 - 13 - 28 - 31 - 36 - 37 - 41 - 42 - 43 - 89;;;;
34086;DISPONIBLE;03 - 05 - 15 - 28 - 38 - 39 - 49 - 54 - 81 - 90;04 - 05 - 20 - 39 - 54 - 63 - 64 - 65 - 72 - 90;;;;
34087;DISPONIBLE;12 - 17 - 21 - 31 - 45 - 58 - 61 - 75 - 84 - 85;11 - 17 - 42 - 46 - 50 - 51 - 53 - 55 - 61 - 78;;;;
34088;DISPONIBLE;19 - 20 - 25 - 35 - 36 - 48 - 52 - 64 - 77 - 78;15 - 33 - 36 - 49 - 52 - 60 - 71 - 72 - 75 - 82;;;;
34089;DISPONIBLE;01 - 02 - 06 - 28 - 45 - 52 - 61 - 64 - 71 - 89;06 - 07 - 26 - 35 - 39 - 59 - 61 - 72 - 73 - 87;;;;
34090;DISPONIBLE;01 - 03 - 23 - 27 - 29 - 38 - 48 - 50 - 63 - 65;02 - 06 - 07 - 22 - 25 - 52 - 53 - 65 - 73 - 81;;;;
34091;DISPONIBLE;21 - 32 - 40 - 45 - 55 - 60 - 71 - 72 - 81 - 84;04 - 11 - 19 - 26 - 36 - 49 - 56 - 70 - 73 - 77;;;;
34092;DISPONIBLE;12 - 23 - 26 - 31 - 34 - 37 - 39 - 40 - 66 - 72;02 - 04 - 33 - 41 - 57 - 71 - 77 - 78 - 79 - 81;;;;
34093;DISPONIBLE;04 - 06 - 34 - 38 - 44 - 53 - 56 - 60 - 80 - 90;03 - 04 - 07 - 08 - 24 - 32 - 39 - 57 - 70 - 81;;;;
34094;DISPONIBLE;08 - 17 - 30 - 53 - 58 - 60 - 65 - 69 - 71 - 80;07 - 09 - 15 - 18 - 22 - 33 - 53 - 55 - 80 - 90;;;;
34095;DISPONIBLE;01 - 03 - 04 - 25 - 42 - 54 - 69 - 71 - 78 - 85;06 - 20 - 27 - 33 - 43 - 47 - 58 - 64 - 74 - 81;;;;
34096;DISPONIBLE;01 - 03 - 13 - 31 - 36 - 47 - 65 - 72 - 74 - 88;21 - 40 - 43 - 46 - 52 - 65 - 69 - 80 - 88 - 90;;;;
34097;DISPONIBLE;13 - 14 - 26 - 31 - 41 - 56 - 57 - 63 - 68 - 73;11 - 26 - 31 - 33 - 34 - 43 - 52 - 66 - 76 - 81;;;;
34098;DISPONIBLE;20 - 29 - 32 - 41 - 42 - 43 - 67 - 69 - 80 - 83;02 - 03 - 29 - 30 - 31 - 36 - 61 - 64 - 66 - 74;;;;
34099;DISPONIBLE;10 - 18 - 19 - 29 - 46 - 67 - 72 - 82 - 87 - 90;08 - 26 - 27 - 33 - 38 - 44 - 57 - 66 - 71 - 74;;;;
34100;DISPONIBLE;08 - 09 - 10 - 18 - 24 - 28 - 39 - 51 - 65 - 73;20 - 24 - 29 - 43 - 61 - 66 - 71 - 82 - 88 - 90;;;;
34101;DISPONIBLE;06 - 10 - 31 - 41 - 47 - 53 - 55 - 56 - 84 - 88;08 - 24 - 25 - 27 - 38 - 41 - 44 - 63 - 66 - 88;;;;
34102;DISPONIBLE;07 - 15 - 22 - 37 - 41 - 56 - 60 - 63 - 65 - 83;16 - 23 - 38 - 43 - 47 - 55 - 59 - 64 - 68 - 81;;;;
34103;DISPONIBLE;01 - 08 - 14 - 19 - 21 - 33 - 43 - 61 - 67 - 83;10 - 15 - 18 - 51 - 52 - 55 - 66 - 74 - 76 - 88;;;;
34104;DISPONIBLE;22 - 25 - 46 - 51 - 53 - 55 - 63 - 65 - 83 - 84;05 - 06 - 16 - 42 - 48 - 54 - 56 - 59 - 62 - 78;;;;
34105;DISPONIBLE;06 - 17 - 19 - 24 - 27 - 62 - 68 - 72 - 78 - 83;08 - 12 - 14 - 19 - 20 - 30 - 33 - 49 - 50 - 72;;;;
34106;DISPONIBLE;05 - 06 - 14 - 21 - 36 - 37 - 52 - 53 - 64 - 86;14 - 28 - 29 - 37 - 40 - 53 - 56 - 65 - 73 - 80;;;;
34107;DISPONIBLE;06 - 10 - 29 - 32 - 33 - 47 - 55 - 56 - 71 - 82;02 - 16 - 22 - 39 - 46 - 50 - 58 - 73 - 86 - 87;;;;
34108;DISPONIBLE;01 - 04 - 11 - 19 - 20 - 50 - 51 - 66 - 83 - 85;04 - 07 - 09 - 14 - 28 - 29 - 46 - 52 - 61 - 74;;;;
34109;DISPONIBLE;21 - 28 - 29 - 54 - 62 - 64 - 72 - 73 - 78 - 87;14 - 18 - 20 - 30 - 42 - 47 - 64 - 71 - 73 - 76;;;;
34110;DISPONIBLE;16 - 18 - 23 - 35 - 37 - 42 - 56 - 61 - 80 - 82;13 - 20 - 22 - 23 - 45 - 60 - 66 - 71 - 79 - 82;;;;
34111;DISPONIBLE;02 - 24 - 28 - 30 - 34 - 38 - 56 - 78 - 79 - 89;19 - 20 - 29 - 41 - 53 - 57 - 61 - 66 - 74 - 82;;;;
34112;DISPONIBLE;04 - 23 - 24 - 26 - 33 - 35 - 41 - 53 - 68 - 82;05 - 06 - 17 - 21 - 23 - 24 - 47 - 57 - 79 - 86;;;;
34113;DISPONIBLE;08 - 19 - 30 - 32 - 44 - 46 - 50 - 58 - 69 - 85;07 - 21 - 28 - 46 - 48 - 51 - 53 - 63 - 66 - 84;;;;
34114;DISPONIBLE;02 - 12 - 22 - 29 - 30 - 52 - 56 - 69 - 72 - 80;04 - 08 - 10 - 40 - 44 - 47 - 54 - 63 - 71 - 76;;;;
34115;DISPONIBLE;05 - 14 - 19 - 33 - 56 - 58 - 66 - 70 - 80 - 86;26 - 30 - 35 - 40 - 52 - 57 - 58 - 63 - 72 - 80;;;;
34116;DISPONIBLE;15 - 19 - 31 - 36 - 57 - 69 - 71 - 72 - 79 - 81;12 - 23 - 31 - 51 - 53 - 56 - 58 - 77 - 83 - 86;;;;
34117;DISPONIBLE;02 - 21 - 25 - 27 - 30 - 38 - 46 - 62 - 65 - 85;12 - 13 - 15 - 16 - 42 - 47 - 56 - 67 - 81 - 89;;;;
34118;DISPONIBLE;04 - 16 - 31 - 35 - 38 - 45 - 80 - 87 - 89 - 90;21 - 22 - 28 - 36 - 37 - 39 - 43 - 71 - 72 - 73;;;;
34119;DISPONIBLE;04 - 09 - 16 - 25 - 27 - 39 - 47 - 56 - 57 - 66;08 - 16 - 38 - 42 - 58 - 71 - 73 - 76 - 77 - 83;;;;
34120;DISPONIBLE;09 - 11 - 13 - 26 - 31 - 47 - 64 - 65 - 86 - 87;19 - 29 - 34 - 35 - 37 - 45 - 46 - 60 - 69 - 87;;;;
34121;DISPONIBLE;12 - 34 - 36 - 47 - 50 - 56 - 60 - 68 - 80 - 89;01 - 08 - 18 - 21 - 22 - 30 - 35 - 45 - 56 - 85;;;;
34122;DISPONIBLE;01 - 05 - 08 - 09 - 12 - 19 - 20 - 51 - 63 - 71;16 - 37 - 47 - 55 - 60 - 72 - 80 - 83 - 85 - 87;;;;
34123;DISPONIBLE;21 - 22 - 25 - 28 - 37 - 38 - 56 - 63 - 69 - 74;12 - 19 - 28 - 46 - 47 - 49 - 52 - 69 - 75 - 80;;;;
34124;DISPONIBLE;02 - 03 - 07 - 20 - 22 - 27 - 33 - 69 - 80 - 86;01 - 11 - 12 - 31 - 38 - 39 - 49 - 69 - 77 - 88;;;;
34125;DISPONIBLE;04 - 06 - 14 - 22 - 28 - 42 - 44 - 45 - 63 - 65;03 - 05 - 10 - 21 - 23 - 50 - 56 - 83 - 85 - 90;;;;
34126;DISPONIBLE;01 - 26 - 32 - 41 - 43 - 44 - 53 - 56 - 72 - 82;02 - 05 - 06 - 21 - 22 - 30 - 31 - 39 - 50 - 70;;;;
34127;DISPONIBLE;27 - 28 - 53 - 55 - 56 - 62 - 65 - 70 - 81 - 88;10 - 27 - 30 - 34 - 43 - 55 - 60 - 81 - 83 - 84;;;;
34128;DISPONIBLE;09 - 10 - 22 - 29 - 42 - 48 - 70 - 79 - 81 - 87;08 - 09 - 16 - 18 - 24 - 33 - 36 - 60 - 62 - 70;;;;
34129;DISPONIBLE;04 - 10 - 11 - 12 - 21 - 55 - 63 - 66 - 77 - 86;02 - 16 - 26 - 39 - 57 - 70 - 71 - 73 - 80 - 83;;;;
34130;DISPONIBLE;05 - 11 - 14 - 22 - 26 - 41 - 42 - 66 - 68 - 72;10 - 19 - 32 - 36 - 41 - 54 - 55 - 71 - 73 - 90;;;;
34131;DISPONIBLE;06 - 15 - 16 - 20 - 42 - 48 - 56 - 76 - 78 - 79;16 - 33 - 40 - 41 - 46 - 65 - 77 - 83 - 87 - 88;;;;
34132;DISPONIBLE;01 - 24 - 41 - 45 - 54 - 61 - 70 - 76 - 79 - 84;07 - 21 - 34 - 36 - 55 - 56 - 61 - 67 - 73 - 89;;;;
34133;DISPONIBLE;05 - 11 - 13 - 28 - 29 - 47 - 51 - 55 - 67 - 75;09 - 12 - 13 - 29 - 50 - 51 - 53 - 66 - 67 - 70;;;;
34134;DISPONIBLE;01 - 03 - 23 - 26 - 29 - 37 - 50 - 53 - 64 - 72;11 - 15 - 18 - 22 - 26 - 32 - 44 - 45 - 56 - 75;;;;
34135;DISPONIBLE;01 - 03 - 21 - 24 - 35 - 41 - 45 - 48 - 50 - 52;22 - 23 - 29 - 33 - 48 - 54 - 55 - 58 - 81 - 88;;;;
34136;DISPONIBLE;04 - 38 - 46 - 49 - 56 - 59 - 62 - 65 - 86 - 87;01 - 11 - 15 - 18 - 59 - 68 - 75 - 83 - 84 - 89;;;;
34137;DISPONIBLE;01 - 12 - 16 - 19 - 27 - 35 - 42 - 49 - 52 - 87;16 - 29 - 31 - 35 - 44 - 56 - 57 - 60 - 66 - 71;;;;
34138;DISPONIBLE;02 - 03 - 09 - 12 - 17 - 27 - 32 - 33 - 44 - 90;22 - 24 - 29 - 49 - 53 - 63 - 68 - 76 - 81 - 85;;;;
34139;DISPONIBLE;18 - 21 - 25 - 29 - 32 - 35 - 44 - 71 - 82 - 90;06 - 17 - 28 - 30 - 32 - 35 - 56 - 59 - 71 - 78;;;;
34140;DISPONIBLE;30 - 40 - 41 - 43 - 46 - 52 - 56 - 60 - 61 - 76;13 - 26 - 28 - 30 - 32 - 34 - 48 - 52 - 56 - 75;;;;
34141;DISPONIBLE;02 - 06 - 24 - 30 - 41 - 44 - 51 - 64 - 77 - 85;09 - 15 - 16 - 17 - 33 - 42 - 60 - 64 - 80 - 89;;;;
34142;DISPONIBLE;12 - 13 - 24 - 34 - 40 - 41 - 62 - 64 - 82 - 84;01 - 04 - 10 - 24 - 61 - 62 - 63 - 65 - 67 - 76;;;;
34143;DISPONIBLE;01 - 04 - 14 - 22 - 32 - 40 - 60 - 63 - 78 - 90;03 - 09 - 11 - 13 - 25 - 43 - 49 - 58 - 60 - 68;;;;
34144;DISPONIBLE;03 - 11 - 14 - 17 - 52 - 55 - 60 - 61 - 66 - 86;18 - 19 - 26 - 32 - 35 - 43 - 46 - 67 - 74 - 78;;;;
34145;DISPONIBLE;03 - 07 - 09 - 26 - 28 - 31 - 36 - 45 - 52 - 61;06 - 11 - 16 - 32 - 38 - 54 - 55 - 77 - 78 - 81;;;;
34146;DISPONIBLE;02 - 03 - 08 - 16 - 20 - 43 - 46 - 58 - 63 - 66;02 - 03 - 12 - 13 - 23 - 24 - 48 - 51 - 56 - 83;;;;
34147;DISPONIBLE;03 - 04 - 30 - 36 - 51 - 54 - 57 - 58 - 71 - 79;03 - 23 - 37 - 47 - 48 - 53 - 68 - 69 - 70 - 90;;;;
34148;DISPONIBLE;08 - 18 - 28 - 34 - 35 - 44 - 48 - 52 - 53 - 55;06 - 14 - 20 - 21 - 49 - 54 - 57 - 69 - 74 - 87;;;;
34149;DISPONIBLE;03 - 06 - 24 - 35 - 55 - 64 - 73 - 80 - 88 - 89;17 - 23 - 33 - 37 - 41 - 54 - 64 - 67 - 80 - 86;;;;
34150;DISPONIBLE;02 - 11 - 16 - 18 - 38 - 61 - 63 - 65 - 74 - 81;04 - 05 - 07 - 11 - 23 - 46 - 54 - 72 - 74 - 89;;;;
34151;DISPONIBLE;05 - 20 - 27 - 35 - 37 - 48 - 66 - 68 - 71 - 84;02 - 03 - 04 - 09 - 29 - 33 - 39 - 49 - 69 - 74;;;;
34152;DISPONIBLE;01 - 03 - 05 - 21 - 26 - 69 - 74 - 76 - 81 - 83;03 - 26 - 29 - 57 - 60 - 61 - 69 - 82 - 89 - 90;;;;
34153;DISPONIBLE;12 - 16 - 36 - 38 - 41 - 56 - 68 - 72 - 74 - 87;05 - 18 - 20 - 22 - 29 - 30 - 47 - 57 - 58 - 59;;;;
34154;DISPONIBLE;02 - 19 - 36 - 41 - 42 - 52 - 57 - 67 - 74 - 89;02 - 10 - 21 - 27 - 38 - 57 - 64 - 66 - 79 - 86;;;;
34155;DISPONIBLE;01 - 11 - 16 - 21 - 25 - 31 - 34 - 74 - 83 - 87;03 - 19 - 21 - 44 - 51 - 62 - 69 - 73 - 84 - 88;;;;
34156;DISPONIBLE;10 - 11 - 13 - 21 - 34 - 44 - 54 - 56 - 71 - 77;01 - 11 - 20 - 32 - 47 - 56 - 57 - 65 - 76 - 77;;;;
34157;DISPONIBLE;18 - 20 - 34 - 40 - 44 - 48 - 64 - 78 - 79 - 86;01 - 02 - 10 - 19 - 37 - 44 - 48 - 49 - 80 - 90;;;;
34158;DISPONIBLE;01 - 09 - 11 - 16 - 18 - 39 - 46 - 48 - 52 - 70;04 - 07 - 18 - 21 - 45 - 47 - 59 - 68 - 75 - 90;;;;
34159;DISPONIBLE;10 - 17 - 22 - 41 - 50 - 53 - 57 - 58 - 76 - 87;04 - 12 - 24 - 34 - 47 - 51 - 59 - 63 - 74 - 78;;;;
34160;DISPONIBLE;09 - 14 - 19 - 23 - 32 - 46 - 52 - 69 - 73 - 85;06 - 22 - 28 - 30 - 51 - 67 - 71 - 74 - 80 - 82;;;;
34161;DISPONIBLE;03 - 22 - 24 - 26 - 41 - 43 - 50 - 52 - 60 - 81;02 - 03 - 04 - 09 - 44 - 51 - 62 - 64 - 67 - 73;;;;
34162;DISPONIBLE;10 - 11 - 22 - 32 - 34 - 47 - 54 - 60 - 65 - 85;09 - 11 - 20 - 23 - 35 - 42 - 61 - 68 - 74 - 83;;;;
34163;DISPONIBLE;18 - 24 - 31 - 32 - 55 - 65 - 71 - 83 - 88 - 90;11 - 19 - 24 - 41 - 44 - 62 - 66 - 70 - 81 - 87;;;;
34164;DISPONIBLE;17 - 20 - 54 - 58 - 61 - 67 - 69 - 73 - 74 - 81;19 - 20 - 27 - 30 - 32 - 53 - 57 - 72 - 75 - 82;;;;
34165;DISPONIBLE;02 - 10 - 30 - 31 - 34 - 48 - 52 - 67 - 69 - 77;08 - 24 - 28 - 34 - 38 - 40 - 54 - 57 - 81 - 88;;;;
34166;DISPONIBLE;15 - 16 - 18 - 23 - 35 - 41 - 47 - 60 - 62 - 82;01 - 06 - 09 - 38 - 45 - 72 - 77 - 86 - 87 - 89;;;;
34167;DISPONIBLE;08 - 25 - 26 - 41 - 48 - 53 - 68 - 73 - 79 - 90;09 - 16 - 17 - 23 - 27 - 29 - 62 - 65 - 75 - 80;;;;
34168;DISPONIBLE;06 - 23 - 27 - 48 - 51 - 55 - 64 - 74 - 78 - 90;16 - 35 - 37 - 48 - 62 - 65 - 67 - 72 - 86 - 89;;;;
34169;DISPONIBLE;15 - 19 - 36 - 39 - 47 - 64 - 65 - 68 - 81 - 88;04 - 17 - 24 - 26 - 33 - 36 - 60 - 64 - 66 - 68;;;;
34170;DISPONIBLE;04 - 12 - 27 - 29 - 45 - 49 - 57 - 67 - 68 - 75;03 - 05 - 10 - 11 - 12 - 18 - 24 - 32 - 46 - 86;;;;
34171;DISPONIBLE;05 - 19 - 23 - 36 - 41 - 43 - 46 - 52 - 58 - 62;07 - 26 - 30 - 33 - 48 - 53 - 55 - 71 - 80 - 83;;;;
34172;DISPONIBLE;05 - 15 - 27 - 29 - 40 - 58 - 62 - 64 - 65 - 88;01 - 06 - 13 - 15 - 27 - 35 - 36 - 62 - 71 - 72;;;;
34173;DISPONIBLE;02 - 09 - 31 - 33 - 45 - 56 - 58 - 71 - 85 - 86;05 - 07 - 22 - 24 - 28 - 49 - 54 - 64 - 68 - 72;;;;
34174;DISPONIBLE;22 - 23 - 30 - 36 - 42 - 45 - 49 - 57 - 83 - 84;12 - 14 - 24 - 31 - 34 - 43 - 51 - 72 - 73 - 83;;;;
34175;DISPONIBLE;22 - 24 - 25 - 33 - 39 - 47 - 48 - 52 - 67 - 88;06 - 29 - 49 - 50 - 60 - 67 - 70 - 72 - 85 - 86;;;;
34176;DISPONIBLE;12 - 21 - 25 - 36 - 38 - 41 - 46 - 63 - 68 - 82;03 - 08 - 11 - 15 - 20 - 41 - 53 - 75 - 77 - 84;;;;
34177;DISPONIBLE;05 - 07 - 17 - 28 - 34 - 46 - 65 - 69 - 71 - 85;07 - 20 - 24 - 33 - 38 - 44 - 52 - 53 - 62 - 65;;;;
34178;DISPONIBLE;02 - 13 - 21 - 26 - 28 - 54 - 70 - 77 - 85 - 87;09 - 11 - 26 - 37 - 40 - 54 - 55 - 56 - 64 - 78;;;;
34179;DISPONIBLE;06 - 07 - 15 - 26 - 28 - 32 - 47 - 68 - 69 - 87;02 - 21 - 26 - 48 - 50 - 69 - 77 - 79 - 86 - 87;;;;
34180;DISPONIBLE;12 - 25 - 29 - 33 - 40 - 46 - 62 - 76 - 79 - 89;27 - 28 - 38 - 47 - 48 - 50 - 60 - 67 - 83 - 90;;;;
34181;DISPONIBLE;07 - 15 - 25 - 32 - 36 - 48 - 64 - 67 - 70 - 74;06 - 07 - 12 - 21 - 36 - 47 - 69 - 71 - 72 - 85;;;;
34182;DISPONIBLE;18 - 24 - 35 - 38 - 39 - 41 - 49 - 53 - 57 - 68;01 - 13 - 19 - 54 - 55 - 65 - 67 - 78 - 84 - 88;;;;
34183;DISPONIBLE;15 - 16 - 18 - 45 - 54 - 61 - 67 - 71 - 74 - 80;12 - 19 - 20 - 22 - 23 - 27 - 37 - 61 - 75 - 82;;;;
34184;DISPONIBLE;02 - 16 - 21 - 22 - 30 - 33 - 35 - 45 - 75 - 83;02 - 04 - 15 - 24 - 28 - 31 - 58 - 69 - 74 - 84;;;;
34185;DISPONIBLE;02 - 09 - 19 - 23 - 38 - 52 - 63 - 72 - 84 - 85;13 - 25 - 28 - 35 - 39 - 50 - 60 - 68 - 69 - 70;;;;
34186;DISPONIBLE;09 - 31 - 34 - 43 - 62 - 70 - 71 - 75 - 79 - 90;01 - 02 - 20 - 22 - 31 - 32 - 45 - 61 - 87 - 89;;;;
34187;DISPONIBLE;21 - 29 - 34 - 54 - 56 - 58 - 74 - 77 - 80 - 88;07 - 08 - 16 - 25 - 34 - 52 - 53 - 55 - 72 - 83;;;;
34188;DISPONIBLE;04 - 31 - 45 - 50 - 56 - 60 - 64 - 69 - 76 - 78;18 - 20 - 25 - 38 - 41 - 48 - 60 - 65 - 71 - 72;;;;
34189;DISPONIBLE;18 - 30 - 35 - 37 - 50 - 60 - 69 - 77 - 78 - 84;35 - 39 - 48 - 50 - 63 - 69 - 73 - 79 - 81 - 83;;;;
34190;DISPONIBLE;04 - 06 - 13 - 21 - 43 - 45 - 54 - 57 - 61 - 89;01 - 05 - 09 - 21 - 22 - 27 - 68 - 70 - 71 - 89;;;;
34191;DISPONIBLE;14 - 18 - 35 - 46 - 65 - 67 - 70 - 73 - 74 - 87;03 - 10 - 18 - 39 - 41 - 42 - 48 - 66 - 75 - 81;;;;
34192;DISPONIBLE;01 - 02 - 03 - 07 - 08 - 18 - 20 - 38 - 52 - 83;07 - 12 - 13 - 20 - 44 - 45 - 51 - 54 - 79 - 89;;;;
34193;DISPONIBLE;14 - 18 - 25 - 28 - 30 - 31 - 62 - 65 - 72 - 80;04 - 06 - 19 - 31 - 35 - 41 - 56 - 60 - 70 - 88;;;;
34194;DISPONIBLE;08 - 11 - 15 - 16 - 26 - 38 - 43 - 56 - 73 - 75;09 - 12 - 34 - 50 - 52 - 56 - 60 - 74 - 76 - 87;;;;
34195;DISPONIBLE;04 - 16 - 17 - 27 - 29 - 39 - 51 - 57 - 64 - 85;08 - 19 - 34 - 36 - 44 - 46 - 53 - 54 - 78 - 85;;;;
34196;DISPONIBLE;02 - 04 - 17 - 18 - 19 - 37 - 41 - 62 - 65 - 82;03 - 05 - 15 - 17 - 23 - 43 - 50 - 53 - 68 - 90;;;;
34197;DISPONIBLE;03 - 24 - 34 - 47 - 57 - 63 - 69 - 74 - 77 - 80;09 - 15 - 17 - 19 - 44 - 50 - 71 - 78 - 81 - 90;;;;
34198;DISPONIBLE;10 - 13 - 24 - 35 - 57 - 61 - 64 - 66 - 67 - 86;04 - 05 - 09 - 22 - 30 - 35 - 41 - 45 - 75 - 82;;;;
34199;DISPONIBLE;08 - 12 - 18 - 25 - 26 - 29 - 31 - 32 - 58 - 76;03 - 05 - 23 - 24 - 45 - 46 - 50 - 65 - 70 - 80;;;;
34200;DISPONIBLE;01 - 06 - 20 - 43 - 44 - 48 - 64 - 71 - 75 - 80;06 - 17 - 29 - 31 - 54 - 56 - 57 - 61 - 65 - 75;;;;
34201;DISPONIBLE;16 - 19 - 27 - 33 - 35 - 37 - 47 - 48 - 57 - 75;06 - 17 - 18 - 23 - 33 - 72 - 75 - 81 - 82 - 86;;;;
34202;DISPONIBLE;16 - 18 - 33 - 62 - 64 - 71 - 75 - 77 - 82 - 88;07 - 27 - 35 - 38 - 51 - 62 - 68 - 70 - 75 - 87;;;;
34203;DISPONIBLE;02 - 23 - 24 - 28 - 39 - 46 - 50 - 52 - 65 - 82;04 - 40 - 53 - 56 - 63 - 64 - 67 - 76 - 77 - 88;;;;
34204;DISPONIBLE;01 - 06 - 09 - 11 - 24 - 27 - 31 - 37 - 49 - 65;12 - 24 - 27 - 39 - 40 - 57 - 62 - 78 - 88 - 90;;;;
34205;DISPONIBLE;05 - 11 - 17 - 26 - 32 - 52 - 66 - 73 - 79 - 86;08 - 09 - 10 - 30 - 32 - 41 - 44 - 52 - 82 - 86;;;;
34206;DISPONIBLE;20 - 29 - 37 - 45 - 46 - 52 - 58 - 61 - 75 - 81;21 - 25 - 26 - 30 - 34 - 36 - 41 - 58 - 72 - 90;;;;
34207;DISPONIBLE;06 - 09 - 12 - 46 - 52 - 54 - 59 - 68 - 69 - 90;05 - 06 - 10 - 20 - 26 - 35 - 52 - 70 - 75 - 80;;;;
34208;DISPONIBLE;02 - 07 - 08 - 17 - 25 - 54 - 58 - 59 - 70 - 71;03 - 08 - 09 - 20 - 36 - 42 - 52 - 64 - 68 - 82;;;;
34209;DISPONIBLE;06 - 09 - 11 - 18 - 23 - 25 - 36 - 83 - 86 - 90;10 - 17 - 19 - 26 - 28 - 34 - 45 - 48 - 73 - 81;;;;
34210;DISPONIBLE;16 - 17 - 55 - 65 - 71 - 73 - 83 - 86 - 88 - 90;01 - 09 - 19 - 37 - 40 - 47 - 70 - 79 - 80 - 87;;;;
34211;DISPONIBLE;15 - 17 - 25 - 48 - 50 - 62 - 65 - 67 - 73 - 75;03 - 30 - 37 - 38 - 40 - 51 - 52 - 57 - 70 - 85;;;;
34212;DISPONIBLE;08 - 09 - 14 - 26 - 30 - 66 - 76 - 81 - 84 - 89;02 - 31 - 40 - 47 - 50 - 52 - 63 - 65 - 73 - 86;;;;
34213;DISPONIBLE;07 - 30 - 31 - 33 - 45 - 48 - 55 - 76 - 78 - 84;07 - 12 - 14 - 19 - 21 - 46 - 60 - 68 - 74 - 90;;;;
34214;DISPONIBLE;02 - 15 - 40 - 45 - 54 - 61 - 62 - 63 - 74 - 79;01 - 13 - 37 - 48 - 54 - 61 - 69 - 73 - 76 - 79;;;;
34215;DISPONIBLE;01 - 32 - 36 - 41 - 50 - 59 - 77 - 84 - 88 - 90;06 - 08 - 20 - 25 - 28 - 39 - 43 - 49 - 54 - 64;;;;
34216;DISPONIBLE;02 - 13 - 21 - 28 - 35 - 37 - 66 - 68 - 69 - 74;05 - 06 - 38 - 44 - 47 - 59 - 60 - 72 - 78 - 88;;;;
34217;DISPONIBLE;03 - 14 - 15 - 48 - 51 - 60 - 69 - 71 - 75 - 78;01 - 04 - 26 - 29 - 31 - 34 - 38 - 47 - 66 - 81;;;;
34218;DISPONIBLE;24 - 33 - 50 - 60 - 64 - 71 - 74 - 76 - 85 - 88;14 - 18 - 36 - 39 - 40 - 67 - 70 - 78 - 82 - 87;;;;
34219;DISPONIBLE;04 - 13 - 21 - 26 - 66 - 70 - 76 - 79 - 84 - 85;12 - 17 - 19 - 29 - 40 - 56 - 62 - 69 - 70 - 85;;;;
34220;DISPONIBLE;05 - 06 - 08 - 11 - 46 - 47 - 54 - 64 - 67 - 68;05 - 22 - 33 - 39 - 43 - 55 - 73 - 76 - 84 - 88;;;;
34221;DISPONIBLE;11 - 47 - 48 - 53 - 66 - 67 - 71 - 84 - 86 - 87;05 - 17 - 23 - 32 - 48 - 49 - 77 - 79 - 81 - 89;;;;
34222;DISPONIBLE;04 - 13 - 25 - 30 - 32 - 35 - 41 - 50 - 80 - 87;03 - 12 - 36 - 42 - 58 - 59 - 64 - 69 - 72 - 83;;;;
34223;DISPONIBLE;04 - 17 - 26 - 36 - 39 - 44 - 46 - 47 - 70 - 82;05 - 07 - 20 - 31 - 37 - 52 - 53 - 66 - 74 - 77;;;;
34224;DISPONIBLE;03 - 24 - 26 - 31 - 33 - 38 - 45 - 61 - 71 - 84;04 - 10 - 25 - 27 - 46 - 52 - 55 - 66 - 76 - 82;;;;
34225;DISPONIBLE;12 - 14 - 16 - 31 - 47 - 70 - 72 - 75 - 78 - 86;07 - 09 - 12 - 30 - 32 - 34 - 37 - 66 - 75 - 90;;;;
34226;DISPONIBLE;01 - 15 - 35 - 38 - 46 - 71 - 78 - 81 - 87 - 88;01 - 02 - 07 - 40 - 44 - 52 - 54 - 62 - 74 - 81;;;;
34227;DISPONIBLE;06 - 09 - 12 - 33 - 39 - 41 - 59 - 60 - 80 - 90;27 - 30 - 34 - 36 - 51 - 57 - 59 - 70 - 79 - 83;;;;
34228;DISPONIBLE;02 - 10 - 11 - 22 - 23 - 27 - 31 - 41 - 63 - 71;03 - 07 - 25 - 35 - 40 - 41 - 42 - 54 - 58 - 83;;;;
34229;DISPONIBLE;06 - 13 - 16 - 22 - 23 - 33 - 38 - 40 - 85 - 90;01 - 06 - 30 - 40 - 48 - 50 - 67 - 71 - 86 - 90;;;;
34230;DISPONIBLE;05 - 09 - 17 - 20 - 23 - 27 - 40 - 58 - 60 - 79;14 - 26 - 42 - 43 - 50 - 55 - 56 - 74 - 78 - 82;;;;
34231;DISPONIBLE;11 - 21 - 32 - 33 - 39 - 53 - 58 - 64 - 75 - 88;06 - 10 - 17 - 33 - 50 - 53 - 62 - 66 - 68 - 70;;;;
34232;DISPONIBLE;12 - 23 - 24 - 41 - 47 - 57 - 61 - 78 - 85 - 86;13 - 15 - 34 - 36 - 44 - 54 - 63 - 78 - 85 - 89;;;;
34233;DISPONIBLE;17 - 26 - 29 - 33 - 43 - 48 - 64 - 65 - 66 - 74;02 - 09 - 29 - 33 - 45 - 59 - 63 - 70 - 76 - 81;;;;
34234;DISPONIBLE;03 - 09 - 11 - 22 - 29 - 43 - 56 - 62 - 65 - 73;04 - 16 - 20 - 26 - 45 - 52 - 55 - 66 - 78 - 83;;;;
34235;DISPONIBLE;07 - 11 - 16 - 20 - 43 - 48 - 51 - 74 - 75 - 79;30 - 35 - 38 - 47 - 52 - 55 - 67 - 69 - 86 - 88;;;;
34236;DISPONIBLE;06 - 13 - 28 - 32 - 34 - 42 - 55 - 65 - 69 - 77;02 - 10 - 25 - 26 - 31 - 35 - 45 - 71 - 76 - 79;;;;
34237;DISPONIBLE;04 - 09 - 14 - 28 - 40 - 41 - 43 - 48 - 56 - 74;07 - 13 - 19 - 22 - 36 - 47 - 49 - 55 - 69 - 88;;;;
34238;DISPONIBLE;18 - 28 - 51 - 64 - 78 - 81 - 82 - 83 - 87 - 89;01 - 03 - 15 - 17 - 41 - 55 - 63 - 75 - 80 - 81;;;;
34239;DISPONIBLE;13 - 15 - 16 - 23 - 32 - 39 - 43 - 48 - 89 - 90;10 - 12 - 19 - 23 - 29 - 40 - 52 - 60 - 64 - 80;;;;
34240;DISPONIBLE;04 - 08 - 19 - 34 - 46 - 57 - 71 - 72 - 75 - 78;12 - 39 - 40 - 62 - 71 - 74 - 78 - 79 - 80 - 83;;;;
34241;DISPONIBLE;04 - 17 - 39 - 43 - 49 - 57 - 62 - 67 - 85 - 89;07 - 19 - 24 - 29 - 43 - 56 - 59 - 61 - 70 - 90;;;;
34242;DISPONIBLE;03 - 39 - 43 - 45 - 52 - 53 - 62 - 68 - 79 - 90;01 - 07 - 17 - 19 - 23 - 41 - 51 - 59 - 61 - 83;;;;
34243;DISPONIBLE;09 - 11 - 14 - 24 - 30 - 39 - 40 - 59 - 72 - 77;08 - 09 - 21 - 33 - 34 - 35 - 36 - 58 - 64 - 85;;;;
34244;DISPONIBLE;09 - 24 - 32 - 33 - 34 - 47 - 64 - 65 - 69 - 74;06 - 07 - 23 - 44 - 49 - 70 - 73 - 77 - 78 - 88;;;;
34245;DISPONIBLE;05 - 08 - 09 - 13 - 39 - 41 - 47 - 50 - 66 - 79;02 - 13 - 16 - 39 - 42 - 47 - 70 - 73 - 80 - 81;;;;
34246;DISPONIBLE;06 - 08 - 19 - 22 - 42 - 49 - 52 - 55 - 61 - 77;05 - 06 - 07 - 12 - 20 - 44 - 69 - 74 - 81 - 86;;;;
34247;DISPONIBLE;06 - 11 - 15 - 17 - 35 - 40 - 41 - 45 - 64 - 87;04 - 18 - 23 - 26 - 33 - 43 - 51 - 62 - 67 - 80;;;;
34248;DISPONIBLE;05 - 14 - 43 - 46 - 57 - 59 - 63 - 78 - 83 - 87;01 - 05 - 19 - 23 - 24 - 34 - 39 - 55 - 64 - 90;;;;
34249;DISPONIBLE;08 - 12 - 15 - 43 - 46 - 54 - 59 - 64 - 69 - 90;12 - 23 - 42 - 45 - 47 - 49 - 60 - 65 - 73 - 75;;;;
34250;DISPONIBLE;20 - 22 - 23 - 29 - 41 - 43 - 56 - 57 - 70 - 73;02 - 07 - 18 - 24 - 46 - 53 - 61 - 65 - 78 - 83;;;;
34251;DISPONIBLE;06 - 09 - 16 - 45 - 56 - 64 - 67 - 68 - 79 - 89;14 - 22 - 45 - 56 - 62 - 64 - 77 - 84 - 85 - 90;;;;
34252;DISPONIBLE;14 - 50 - 56 - 57 - 67 - 74 - 77 - 81 - 85 - 88;19 - 27 - 34 - 36 - 43 - 51 - 52 - 73 - 79 - 87;;;;
34253;DISPONIBLE;04 - 08 - 22 - 33 - 40 - 60 - 67 - 78 - 82 - 85;02 - 09 - 38 - 62 - 65 - 68 - 78 - 80 - 83 - 90;;;;
34254;DISPONIBLE;07 - 23 - 33 - 37 - 44 - 48 - 75 - 78 - 81 - 89;09 - 42 - 44 - 59 - 60 - 65 - 76 - 83 - 86 - 89;;;;
34255;DISPONIBLE;31 - 34 - 40 - 54 - 56 - 59 - 72 - 80 - 84 - 86;03 - 07 - 08 - 11 - 46 - 48 - 49 - 50 - 78 - 84;;;;
34256;DISPONIBLE;09 - 12 - 27 - 28 - 35 - 44 - 67 - 75 - 80 - 87;05 - 07 - 11 - 14 - 31 - 33 - 36 - 71 - 77 - 89;;;;
34257;DISPONIBLE;01 - 08 - 10 - 34 - 52 - 54 - 59 - 71 - 75 - 87;03 - 10 - 18 - 29 - 42 - 59 - 63 - 65 - 73 - 88;;;;
34258;DISPONIBLE;02 - 16 - 29 - 34 - 38 - 45 - 48 - 69 - 81 - 90;01 - 11 - 14 - 17 - 19 - 30 - 44 - 54 - 66 - 87;;;;
34259;DISPONIBLE;06 - 19 - 22 - 26 - 38 - 53 - 83 - 86 - 87 - 90;05 - 11 - 18 - 23 - 38 - 45 - 60 - 64 - 81 - 85;;;;
34260;DISPONIBLE;16 - 31 - 38 - 40 - 45 - 55 - 56 - 57 - 76 - 87;05 - 15 - 18 - 26 - 64 - 67 - 68 - 72 - 82 - 89;;;;
34261;DISPONIBLE;29 - 31 - 35 - 37 - 50 - 54 - 56 - 71 - 73 - 82;03 - 11 - 28 - 31 - 39 - 42 - 54 - 70 - 73 - 82;;;;
34262;DISPONIBLE;10 - 20 - 29 - 33 - 42 - 44 - 68 - 74 - 78 - 86;14 - 19 - 26 - 30 - 42 - 46 - 57 - 68 - 71 - 73;;;;
34263;DISPONIBLE;10 - 12 - 25 - 29 - 41 - 43 - 48 - 50 - 56 - 58;16 - 19 - 25 - 35 - 53 - 56 - 62 - 68 - 75 - 79;;;;
34264;DISPONIBLE;09 - 10 - 24 - 33 - 34 - 43 - 56 - 62 - 83 - 84;01 - 12 - 15 - 32 - 43 - 51 - 62 - 69 - 81 - 84;;;;
34265;DISPONIBLE;04 - 21 - 24 - 32 - 34 - 43 - 52 - 61 - 62 - 83;16 - 19 - 35 - 45 - 55 - 64 - 81 - 84 - 89 - 90;;;;
34266;DISPONIBLE;03 - 18 - 29 - 34 - 37 - 43 - 45 - 51 - 79 - 84;28 - 31 - 34 - 39 - 49 - 50 - 57 - 67 - 76 - 83;;;;
34267;DISPONIBLE;03 - 08 - 14 - 19 - 22 - 23 - 49 - 72 - 73 - 83;18 - 25 - 38 - 52 - 54 - 61 - 67 - 71 - 79 - 90;;;;
34268;DISPONIBLE;11 - 40 - 47 - 59 - 62 - 65 - 70 - 73 - 74 - 86;23 - 24 - 50 - 52 - 57 - 58 - 62 - 70 - 72 - 80;;;;
34269;DISPONIBLE;09 - 14 - 28 - 35 - 50 - 63 - 66 - 77 - 78 - 84;38 - 50 - 51 - 52 - 55 - 66 - 67 - 72 - 82 - 89;;;;
34270;DISPONIBLE;07 - 08 - 24 - 29 - 41 - 43 - 50 - 57 - 74 - 80;07 - 10 - 13 - 15 - 33 - 44 - 56 - 57 - 70 - 84;;;;
34271;DISPONIBLE;14 - 29 - 43 - 54 - 61 - 62 - 71 - 76 - 82 - 88;13 - 19 - 26 - 31 - 32 - 39 - 61 - 70 - 81 - 89;;;;
34272;DISPONIBLE;01 - 06 - 11 - 21 - 44 - 49 - 52 - 64 - 72 - 82;01 - 23 - 27 - 50 - 54 - 62 - 65 - 67 - 75 - 86;;;;
34273;DISPONIBLE;02 - 15 - 16 - 17 - 30 - 43 - 68 - 70 - 74 - 85;08 - 44 - 48 - 70 - 76 - 79 - 81 - 82 - 86 - 89;;;;
34274;DISPONIBLE;22 - 35 - 52 - 59 - 62 - 64 - 68 - 70 - 71 - 82;04 - 16 - 25 - 27 - 39 - 46 - 50 - 68 - 78 - 86;;;;
34275;DISPONIBLE;21 - 22 - 38 - 39 - 44 - 54 - 58 - 75 - 76 - 88;11 - 17 - 32 - 55 - 62 - 63 - 69 - 70 - 79 - 83;;;;
34276;DISPONIBLE;02 - 18 - 19 - 20 - 27 - 41 - 42 - 51 - 60 - 65;02 - 05 - 09 - 14 - 25 - 32 - 47 - 67 - 68 - 77;;;;
34277;DISPONIBLE;01 - 05 - 08 - 13 - 26 - 48 - 57 - 62 - 69 - 79;07 - 28 - 39 - 43 - 45 - 51 - 60 - 64 - 67 - 70;;;;
34278;DISPONIBLE;01 - 11 - 12 - 26 - 28 - 30 - 45 - 56 - 64 - 73;07 - 14 - 40 - 44 - 55 - 57 - 72 - 73 - 78 - 81;;;;
34279;DISPONIBLE;02 - 11 - 28 - 36 - 46 - 47 - 57 - 59 - 77 - 88;03 - 05 - 12 - 23 - 26 - 50 - 59 - 67 - 77 - 80;;;;
34280;DISPONIBLE;12 - 13 - 23 - 32 - 34 - 37 - 49 - 59 - 68 - 74;03 - 15 - 30 - 34 - 36 - 57 - 62 - 64 - 81 - 90;;;;
34281;DISPONIBLE;14 - 16 - 19 - 26 - 29 - 33 - 38 - 62 - 75 - 85;15 - 18 - 27 - 40 - 52 - 54 - 58 - 70 - 71 - 85;;;;
34282;DISPONIBLE;01 - 06 - 16 - 32 - 36 - 44 - 45 - 51 - 52 - 77;01 - 02 - 19 - 31 - 35 - 39 - 47 - 55 - 59 - 83;;;;
34283;DISPONIBLE;04 - 05 - 09 - 11 - 30 - 37 - 43 - 72 - 84 - 86;06 - 22 - 28 - 30 - 52 - 54 - 59 - 62 - 83 - 87;;;;
34284;DISPONIBLE;18 - 24 - 40 - 43 - 50 - 60 - 62 - 63 - 79 - 81;04 - 19 - 38 - 53 - 57 - 68 - 70 - 72 - 74 - 87;;;;
34285;DISPONIBLE;03 - 07 - 49 - 58 - 60 - 64 - 66 - 68 - 81 - 87;02 - 40 - 44 - 47 - 48 - 53 - 54 - 61 - 67 - 87;;;;
34286;DISPONIBLE;19 - 22 - 25 - 27 - 28 - 31 - 40 - 44 - 56 - 86;23 - 38 - 39 - 42 - 43 - 61 - 70 - 77 - 80 - 86;;;;
34287;DISPONIBLE;01 - 05 - 08 - 29 - 39 - 42 - 45 - 61 - 73 - 87;28 - 29 - 31 - 43 - 56 - 60 - 65 - 67 - 72 - 90;;;;
34288;DISPONIBLE;10 - 16 - 17 - 23 - 36 - 49 - 55 - 60 - 62 - 68;02 - 05 - 07 - 20 - 39 - 45 - 64 - 75 - 77 - 81;;;;
34289;DISPONIBLE;07 - 16 - 23 - 27 - 31 - 32 - 54 - 60 - 65 - 84;14 - 25 - 30 - 35 - 48 - 57 - 63 - 65 - 75 - 78;;;;
34290;DISPONIBLE;10 - 22 - 23 - 26 - 38 - 69 - 74 - 79 - 89 - 90;02 - 17 - 28 - 30 - 35 - 42 - 62 - 63 - 71 - 82;;;;
34291;DISPONIBLE;15 - 20 - 22 - 45 - 47 - 55 - 64 - 72 - 74 - 87;01 - 21 - 32 - 36 - 41 - 51 - 53 - 54 - 62 - 84;;;;
34292;DISPONIBLE;13 - 25 - 34 - 43 - 60 - 61 - 71 - 73 - 82 - 84;08 - 12 - 19 - 38 - 46 - 49 - 65 - 71 - 84 - 87;;;;
34293;DISPONIBLE;10 - 15 - 17 - 21 - 32 - 46 - 74 - 76 - 79 - 85;08 - 10 - 27 - 49 - 59 - 61 - 62 - 72 - 83 - 87;;;;
34294;DISPONIBLE;05 - 06 - 13 - 14 - 37 - 46 - 65 - 66 - 74 - 84;07 - 09 - 43 - 47 - 59 - 64 - 69 - 72 - 85 - 90;;;;
34295;DISPONIBLE;03 - 08 - 24 - 29 - 40 - 41 - 63 - 70 - 82 - 84;05 - 17 - 33 - 46 - 48 - 49 - 67 - 72 - 79 - 85;;;;
34296;DISPONIBLE;02 - 04 - 12 - 29 - 30 - 36 - 44 - 45 - 82 - 87;15 - 18 - 20 - 24 - 28 - 37 - 43 - 45 - 46 - 58;;;;
34297;DISPONIBLE;03 - 11 - 14 - 19 - 29 - 36 - 53 - 56 - 72 - 84;03 - 10 - 11 - 14 - 16 - 23 - 65 - 80 - 86 - 90;;;;
34298;DISPONIBLE;07 - 23 - 33 - 36 - 38 - 46 - 55 - 57 - 74 - 89;18 - 23 - 40 - 47 - 55 - 61 - 74 - 76 - 82 - 84;;;;
34299;DISPONIBLE;04 - 10 - 11 - 17 - 20 - 25 - 52 - 53 - 68 - 83;27 - 37 - 52 - 61 - 68 - 71 - 75 - 86 - 89 - 90;;;;
34300;DISPONIBLE;05 - 24 - 37 - 38 - 42 - 44 - 48 - 55 - 58 - 88;15 - 26 - 37 - 39 - 40 - 71 - 74 - 75 - 78 - 83;;;;
34301;DISPONIBLE;21 - 38 - 41 - 48 - 54 - 58 - 61 - 66 - 82 - 84;08 - 21 - 25 - 36 - 40 - 48 - 57 - 68 - 73 - 76;;;;
34302;DISPONIBLE;05 - 23 - 29 - 33 - 54 - 63 - 68 - 74 - 84 - 89;03 - 07 - 10 - 13 - 17 - 26 - 45 - 46 - 54 - 61;;;;
34303;DISPONIBLE;10 - 24 - 28 - 40 - 43 - 46 - 57 - 67 - 75 - 87;10 - 30 - 37 - 40 - 51 - 55 - 70 - 74 - 75 - 84;;;;
34304;DISPONIBLE;18 - 31 - 42 - 44 - 53 - 57 - 62 - 64 - 70 - 87;02 - 27 - 33 - 53 - 65 - 70 - 75 - 78 - 85 - 86;;;;
34305;DISPONIBLE;15 - 17 - 34 - 36 - 40 - 42 - 49 - 69 - 84 - 88;24 - 37 - 38 - 40 - 56 - 59 - 61 - 67 - 68 - 84;;;;
34306;DISPONIBLE;16 - 21 - 31 - 39 - 40 - 45 - 48 - 73 - 76 - 84;10 - 34 - 39 - 40 - 46 - 56 - 58 - 61 - 70 - 89;;;;
34307;DISPONIBLE;12 - 13 - 14 - 24 - 33 - 44 - 49 - 55 - 65 - 82;13 - 18 - 19 - 30 - 36 - 67 - 71 - 79 - 84 - 86;;;;
34308;DISPONIBLE;06 - 15 - 36 - 42 - 56 - 68 - 77 - 78 - 84 - 88;04 - 12 - 13 - 20 - 32 - 43 - 45 - 62 - 67 - 82;;;;
34309;DISPONIBLE;07 - 12 - 24 - 25 - 35 - 40 - 64 - 67 - 75 - 86;02 - 06 - 10 - 14 - 25 - 28 - 48 - 62 - 64 - 86;;;;
34310;DISPONIBLE;10 - 16 - 38 - 40 - 43 - 46 - 48 - 72 - 76 - 77;19 - 21 - 27 - 40 - 47 - 51 - 52 - 53 - 61 - 88;;;;
34311;DISPONIBLE;14 - 17 - 19 - 32 - 46 - 47 - 50 - 61 - 81 - 85;01 - 16 - 24 - 29 - 34 - 50 - 57 - 65 - 74 - 90;;;;
34312;DISPONIBLE;04 - 05 - 14 - 39 - 46 - 55 - 59 - 60 - 75 - 76;15 - 21 - 24 - 36 - 44 - 46 - 53 - 80 - 81 - 82;;;;
34313;DISPONIBLE;04 - 16 - 19 - 30 - 32 - 38 - 44 - 47 - 54 - 68;28 - 30 - 41 - 42 - 43 - 50 - 55 - 62 - 67 - 78;;;;
34314;DISPONIBLE;01 - 05 - 22 - 28 - 30 - 38 - 42 - 67 - 82 - 85;11 - 19 - 23 - 30 - 37 - 38 - 44 - 46 - 68 - 80;;;;
34315;DISPONIBLE;01 - 02 - 09 - 19 - 20 - 43 - 48 - 51 - 75 - 82;13 - 25 - 33 - 35 - 42 - 58 - 66 - 78 - 80 - 85;;;;
34316;DISPONIBLE;16 - 18 - 20 - 34 - 40 - 42 - 56 - 64 - 76 - 88;11 - 27 - 29 - 39 - 42 - 67 - 68 - 72 - 85 - 89;;;;
34317;DISPONIBLE;20 - 25 - 28 - 49 - 51 - 61 - 65 - 67 - 69 - 78;04 - 07 - 20 - 25 - 32 - 50 - 59 - 72 - 74 - 89;;;;
34318;DISPONIBLE;02 - 07 - 18 - 22 - 29 - 36 - 45 - 50 - 54 - 62;01 - 09 - 19 - 24 - 47 - 48 - 51 - 82 - 87 - 89;;;;
34319;DISPONIBLE;24 - 47 - 56 - 60 - 63 - 71 - 76 - 81 - 83 - 89;09 - 20 - 27 - 35 - 42 - 45 - 80 - 84 - 86 - 87;;;;
34320;DISPONIBLE;09 - 10 - 20 - 43 - 55 - 66 - 74 - 82 - 85 - 88;02 - 07 - 10 - 11 - 19 - 25 - 41 - 53 - 68 - 80;;;;
34321;DISPONIBLE;04 - 12 - 38 - 42 - 49 - 51 - 55 - 59 - 69 - 86;14 - 15 - 27 - 40 - 44 - 57 - 59 - 62 - 63 - 67;;;;
34322;DISPONIBLE;05 - 25 - 26 - 29 - 33 - 48 - 61 - 64 - 66 - 69;04 - 10 - 24 - 25 - 58 - 73 - 75 - 76 - 80 - 85;;;;
34323;DISPONIBLE;01 - 04 - 09 - 14 - 17 - 18 - 69 - 70 - 83 - 85;09 - 21 - 35 - 37 - 38 - 56 - 59 - 69 - 81 - 82;;;;
34324;DISPONIBLE;02 - 09 - 15 - 28 - 67 - 71 - 77 - 80 - 84 - 85;04 - 16 - 19 - 23 - 28 - 30 - 34 - 40 - 68 - 71;;;;
34325;DISPONIBLE;05 - 33 - 48 - 60 - 61 - 66 - 73 - 74 - 75 - 79;05 - 08 - 09 - 26 - 42 - 53 - 59 - 69 - 77 - 82;;;;
34326;DISPONIBLE;14 - 19 - 36 - 41 - 43 - 46 - 53 - 61 - 62 - 87;16 - 24 - 25 - 26 - 31 - 38 - 42 - 48 - 63 - 64;;;;
34327;DISPONIBLE;07 - 26 - 36 - 49 - 52 - 60 - 61 - 65 - 69 - 86;05 - 28 - 41 - 54 - 60 - 65 - 74 - 81 - 82 - 85;;;;
34328;DISPONIBLE;06 - 19 - 23 - 25 - 32 - 35 - 43 - 59 - 77 - 84;08 - 13 - 15 - 17 - 29 - 34 - 43 - 44 - 54 - 72;;;;
34329;DISPONIBLE;01 - 21 - 23 - 30 - 59 - 72 - 73 - 78 - 82 - 83;08 - 13 - 19 - 27 - 30 - 40 - 53 - 59 - 60 - 87;;;;
34330;DISPONIBLE;01 - 09 - 12 - 18 - 31 - 41 - 59 - 64 - 70 - 76;24 - 28 - 33 - 38 - 45 - 58 - 66 - 70 - 83 - 84;;;;
34331;DISPONIBLE;05 - 11 - 13 - 29 - 42 - 67 - 74 - 75 - 84 - 88;05 - 27 - 43 - 45 - 62 - 65 - 69 - 74 - 84 - 86;;;;
34332;DISPONIBLE;04 - 37 - 41 - 48 - 51 - 54 - 76 - 87 - 89 - 90;13 - 19 - 22 - 27 - 52 - 53 - 55 - 72 - 76 - 81;;;;
34333;DISPONIBLE;17 - 29 - 42 - 45 - 46 - 49 - 61 - 70 - 79 - 88;05 - 16 - 17 - 32 - 48 - 73 - 77 - 79 - 83 - 85;;;;
34334;DISPONIBLE;04 - 05 - 19 - 41 - 50 - 56 - 59 - 67 - 69 - 85;12 - 27 - 33 - 46 - 50 - 54 - 58 - 78 - 86 - 87;;;;
34335;DISPONIBLE;12 - 23 - 28 - 35 - 39 - 41 - 44 - 53 - 57 - 58;03 - 06 - 08 - 20 - 46 - 59 - 67 - 79 - 81 - 88;;;;
34336;DISPONIBLE;01 - 02 - 26 - 30 - 31 - 40 - 46 - 49 - 60 - 69;05 - 13 - 15 - 29 - 36 - 38 - 41 - 73 - 74 - 76;;;;
34337;DISPONIBLE;02 - 03 - 09 - 35 - 44 - 55 - 56 - 80 - 81 - 87;12 - 24 - 25 - 28 - 34 - 38 - 46 - 50 - 62 - 89;;;;
34338;DISPONIBLE;15 - 24 - 25 - 33 - 36 - 46 - 59 - 73 - 87 - 89;01 - 04 - 22 - 25 - 38 - 39 - 40 - 43 - 83 - 85;;;;
34339;DISPONIBLE;03 - 36 - 37 - 38 - 53 - 57 - 62 - 63 - 69 - 74;08 - 18 - 33 - 36 - 39 - 75 - 81 - 82 - 87 - 88;;;;
34340;DISPONIBLE;01 - 02 - 09 - 23 - 27 - 36 - 59 - 62 - 64 - 72;17 - 27 - 30 - 31 - 37 - 54 - 56 - 67 - 73 - 76;;;;
34341;DISPONIBLE;14 - 16 - 20 - 21 - 34 - 36 - 41 - 75 - 76 - 87;08 - 12 - 19 - 22 - 23 - 27 - 47 - 52 - 74 - 90;;;;
34342;DISPONIBLE;23 - 26 - 31 - 51 - 55 - 68 - 72 - 79 - 82 - 86;03 - 06 - 07 - 30 - 33 - 40 - 50 - 61 - 66 - 79;;;;
34343;DISPONIBLE;01 - 13 - 40 - 41 - 46 - 63 - 70 - 84 - 86 - 90;01 - 16 - 20 - 23 - 30 - 60 - 81 - 84 - 87 - 89;;;;
34344;DISPONIBLE;32 - 36 - 37 - 39 - 43 - 51 - 62 - 67 - 68 - 71;03 - 13 - 16 - 24 - 46 - 60 - 66 - 73 - 79 - 80;;;;
34345;DISPONIBLE;07 - 08 - 27 - 28 - 37 - 46 - 70 - 74 - 81 - 88;05 - 24 - 31 - 34 - 38 - 57 - 60 - 68 - 78 - 87;;;;
34346;DISPONIBLE;01 - 03 - 04 - 16 - 40 - 41 - 44 - 47 - 58 - 60;23 - 30 - 39 - 45 - 56 - 65 - 66 - 70 - 81 - 88;;;;
34347;DISPONIBLE;06 - 28 - 30 - 38 - 46 - 63 - 69 - 72 - 85 - 86;13 - 26 - 33 - 50 - 60 - 69 - 74 - 75 - 81 - 89;;;;
34348;DISPONIBLE;07 - 10 - 13 - 43 - 47 - 66 - 69 - 82 - 84 - 85;05 - 19 - 20 - 29 - 47 - 50 - 75 - 76 - 84 - 86;;;;
34349;DISPONIBLE;13 - 21 - 24 - 27 - 30 - 35 - 37 - 50 - 65 - 85;09 - 10 - 11 - 18 - 20 - 29 - 33 - 47 - 52 - 61;;;;
34350;DISPONIBLE;02 - 16 - 22 - 37 - 59 - 62 - 71 - 73 - 76 - 89;05 - 15 - 30 - 31 - 32 - 43 - 47 - 68 - 76 - 80;;;;
34351;DISPONIBLE;13 - 16 - 28 - 33 - 37 - 39 - 43 - 67 - 71 - 82;05 - 11 - 15 - 18 - 20 - 55 - 56 - 63 - 67 - 81;;;;
34352;DISPONIBLE;10 - 12 - 18 - 39 - 53 - 55 - 63 - 65 - 69 - 84;18 - 24 - 37 - 38 - 47 - 48 - 51 - 63 - 69 - 80;;;;
34353;DISPONIBLE;01 - 30 - 35 - 43 - 44 - 60 - 68 - 75 - 85 - 88;29 - 38 - 42 - 52 - 63 - 76 - 78 - 83 - 87 - 88;;;;
34354;DISPONIBLE;06 - 18 - 21 - 29 - 39 - 43 - 49 - 52 - 63 - 74;21 - 25 - 34 - 35 - 39 - 47 - 48 - 53 - 84 - 89;;;;
34355;DISPONIBLE;02 - 17 - 26 - 38 - 39 - 56 - 58 - 60 - 66 - 80;10 - 17 - 21 - 22 - 23 - 28 - 59 - 65 - 69 - 80;;;;
34356;DISPONIBLE;03 - 14 - 17 - 20 - 31 - 34 - 36 - 51 - 65 - 67;14 - 16 - 18 - 35 - 36 - 42 - 47 - 48 - 60 - 83;;;;
34357;DISPONIBLE;08 - 11 - 21 - 40 - 53 - 64 - 71 - 75 - 80 - 82;11 - 13 - 20 - 39 - 55 - 64 - 71 - 74 - 79 - 87;;;;
34358;DISPONIBLE;12 - 13 - 23 - 30 - 39 - 42 - 60 - 64 - 69 - 76;13 - 23 - 28 - 34 - 53 - 58 - 72 - 84 - 86 - 88;;;;
34359;DISPONIBLE;04 - 08 - 17 - 24 - 43 - 65 - 66 - 81 - 87 - 88;03 - 39 - 43 - 50 - 54 - 55 - 56 - 68 - 70 - 73;;;;
34360;DISPONIBLE;21 - 22 - 27 - 28 - 34 - 35 - 59 - 62 - 63 - 69;16 - 19 - 21 - 24 - 27 - 28 - 38 - 45 - 77 - 83;;;;
34361;DISPONIBLE;08 - 13 - 17 - 22 - 29 - 32 - 38 - 44 - 46 - 90;01 - 10 - 34 - 37 - 43 - 51 - 53 - 69 - 74 - 75;;;;
34362;DISPONIBLE;01 - 04 - 13 - 55 - 57 - 64 - 67 - 72 - 74 - 85;06 - 29 - 31 - 43 - 55 - 60 - 68 - 69 - 72 - 76;;;;
34363;DISPONIBLE;03 - 08 - 29 - 30 - 32 - 35 - 45 - 60 - 65 - 89;01 - 21 - 27 - 28 - 34 - 58 - 59 - 62 - 78 - 88;;;;
34364;DISPONIBLE;05 - 22 - 27 - 30 - 35 - 39 - 48 - 66 - 70 - 88;16 - 28 - 38 - 59 - 60 - 64 - 68 - 76 - 81 - 90;;;;
34365;DISPONIBLE;10 - 29 - 35 - 36 - 43 - 45 - 47 - 59 - 62 - 90;12 - 13 - 20 - 26 - 29 - 32 - 56 - 57 - 87 - 88;;;;
34366;DISPONIBLE;01 - 04 - 27 - 35 - 43 - 52 - 75 - 82 - 85 - 90;05 - 09 - 24 - 32 - 43 - 47 - 52 - 56 - 62 - 77;;;;
34367;DISPONIBLE;22 - 36 - 38 - 42 - 45 - 53 - 56 - 63 - 70 - 79;02 - 07 - 32 - 38 - 50 - 60 - 69 - 77 - 79 - 84;;;;
34368;DISPONIBLE;19 - 36 - 37 - 44 - 48 - 65 - 69 - 72 - 79 - 80;01 - 22 - 24 - 32 - 33 - 36 - 41 - 52 - 53 - 82;;;;
34369;DISPONIBLE;07 - 19 - 26 - 39 - 45 - 46 - 49 - 63 - 68 - 77;03 - 07 - 16 - 27 - 29 - 32 - 52 - 72 - 78 - 90;;;;
34370;DISPONIBLE;04 - 05 - 20 - 52 - 56 - 57 - 62 - 65 - 74 - 84;09 - 15 - 29 - 39 - 46 - 56 - 68 - 70 - 76 - 86;;;;
34371;DISPONIBLE;01 - 08 - 15 - 31 - 37 - 58 - 64 - 68 - 78 - 88;01 - 05 - 09 - 13 - 33 - 62 - 73 - 79 - 80 - 85;;;;
34372;DISPONIBLE;04 - 14 - 19 - 33 - 38 - 57 - 71 - 80 - 81 - 85;07 - 27 - 29 - 32 - 39 - 47 - 57 - 66 - 70 - 73;;;;
34373;DISPONIBLE;06 - 09 - 16 - 22 - 32 - 34 - 35 - 50 - 58 - 80;04 - 06 - 20 - 23 - 26 - 31 - 39 - 40 - 67 - 73;;;;
34374;DISPONIBLE;06 - 07 - 08 - 13 - 16 - 37 - 44 - 57 - 59 - 60;03 - 06 - 29 - 32 - 34 - 36 - 51 - 70 - 78 - 87;;;;
34375;DISPONIBLE;03 - 15 - 16 - 19 - 34 - 39 - 51 - 52 - 53 - 88;08 - 29 - 48 - 62 - 75 - 79 - 81 - 87 - 89 - 90;;;;
34376;DISPONIBLE;01 - 21 - 24 - 25 - 26 - 27 - 28 - 41 - 76 - 84;01 - 20 - 22 - 26 - 30 - 34 - 40 - 46 - 54 - 85;;;;
34377;DISPONIBLE;14 - 16 - 23 - 36 - 51 - 56 - 62 - 63 - 68 - 85;03 - 12 - 13 - 17 - 29 - 39 - 46 - 51 - 76 - 85;;;;
34378;DISPONIBLE;11 - 15 - 18 - 24 - 32 - 34 - 58 - 65 - 84 - 87;20 - 23 - 24 - 41 - 44 - 58 - 69 - 85 - 87 - 90;;;;
34379;DISPONIBLE;19 - 20 - 24 - 25 - 34 - 41 - 46 - 55 - 82 - 88;03 - 06 - 18 - 23 - 38 - 40 - 55 - 71 - 78 - 84;;;;
34380;DISPONIBLE;02 - 05 - 09 - 16 - 18 - 19 - 26 - 46 - 50 - 57;01 - 03 - 26 - 31 - 34 - 52 - 61 - 66 - 72 - 85;;;;
34381;DISPONIBLE;27 - 28 - 35 - 36 - 43 - 52 - 53 - 68 - 77 - 88;07 - 25 - 31 - 32 - 37 - 38 - 61 - 85 - 89 - 90;;;;
34382;DISPONIBLE;02 - 13 - 16 - 18 - 24 - 28 - 38 - 49 - 72 - 74;22 - 30 - 31 - 36 - 64 - 65 - 71 - 76 - 83 - 89;;;;
34383;DISPONIBLE;01 - 20 - 24 - 39 - 44 - 54 - 68 - 73 - 77 - 88;15 - 19 - 27 - 33 - 63 - 73 - 75 - 77 - 86 - 89;;;;
34384;DISPONIBLE;10 - 11 - 15 - 23 - 41 - 42 - 47 - 52 - 58 - 65;19 - 26 - 34 - 40 - 47 - 50 - 51 - 59 - 66 - 86;;;;
34385;DISPONIBLE;06 - 21 - 24 - 25 - 48 - 49 - 54 - 68 - 69 - 72;03 - 17 - 33 - 34 - 37 - 56 - 60 - 75 - 86 - 87;;;;
34386;DISPONIBLE;03 - 07 - 11 - 27 - 31 - 35 - 54 - 56 - 69 - 89;08 - 14 - 21 - 27 - 44 - 48 - 53 - 74 - 78 - 89;;;;
34387;DISPONIBLE;01 - 03 - 06 - 13 - 19 - 22 - 23 - 59 - 64 - 74;05 - 17 - 20 - 28 - 29 - 48 - 69 - 71 - 78 - 86;;;;
34388;DISPONIBLE;01 - 05 - 06 - 19 - 34 - 43 - 48 - 55 - 64 - 72;03 - 10 - 12 - 13 - 14 - 19 - 42 - 55 - 59 - 83;;;;
34389;DISPONIBLE;07 - 09 - 10 - 16 - 25 - 41 - 51 - 55 - 69 - 71;08 - 14 - 18 - 49 - 57 - 61 - 63 - 70 - 82 - 88;;;;
34390;DISPONIBLE;07 - 13 - 20 - 21 - 33 - 34 - 43 - 55 - 81 - 82;11 - 13 - 25 - 35 - 47 - 52 - 56 - 66 - 70 - 88;;;;
34391;DISPONIBLE;07 - 11 - 26 - 32 - 45 - 54 - 55 - 56 - 77 - 85;09 - 27 - 37 - 41 - 43 - 51 - 66 - 74 - 77 - 87;;;;
34392;DISPONIBLE;02 - 05 - 11 - 12 - 40 - 41 - 53 - 65 - 68 - 86;01 - 07 - 15 - 17 - 20 - 57 - 61 - 65 - 66 - 70;;;;
34393;DISPONIBLE;05 - 08 - 19 - 23 - 29 - 41 - 56 - 57 - 67 - 74;18 - 28 - 29 - 30 - 32 - 43 - 61 - 68 - 74 - 81;;;;
34394;DISPONIBLE;14 - 28 - 31 - 34 - 37 - 44 - 63 - 66 - 79 - 86;02 - 08 - 12 - 19 - 32 - 47 - 61 - 69 - 73 - 75;;;;
34395;DISPONIBLE;01 - 25 - 29 - 35 - 51 - 59 - 69 - 71 - 81 - 84;05 - 07 - 24 - 38 - 40 - 44 - 51 - 65 - 71 - 72;;;;
34396;DISPONIBLE;12 - 14 - 31 - 39 - 46 - 52 - 68 - 71 - 74 - 87;03 - 08 - 17 - 25 - 28 - 34 - 44 - 51 - 84 - 85;;;;
34397;DISPONIBLE;13 - 20 - 29 - 31 - 34 - 46 - 51 - 65 - 68 - 86;38 - 49 - 50 - 51 - 57 - 59 - 62 - 79 - 80 - 90;;;;
34398;DISPONIBLE;05 - 14 - 22 - 46 - 47 - 64 - 65 - 66 - 70 - 83;02 - 05 - 16 - 23 - 47 - 55 - 65 - 75 - 78 - 87;;;;
34399;DISPONIBLE;01 - 16 - 25 - 32 - 46 - 52 - 75 - 78 - 85 - 90;05 - 12 - 32 - 33 - 34 - 40 - 46 - 60 - 66 - 90;;;;
34400;DISPONIBLE;01 - 05 - 07 - 11 - 30 - 35 - 46 - 61 - 86 - 89;15 - 17 - 18 - 28 - 45 - 63 - 70 - 72 - 80 - 84;;;;
34401;DISPONIBLE;11 - 13 - 25 - 32 - 38 - 46 - 54 - 63 - 73 - 90;08 - 12 - 13 - 38 - 49 - 60 - 63 - 64 - 66 - 85;;;;
34402;DISPONIBLE;17 - 23 - 37 - 39 - 50 - 52 - 70 - 73 - 80 - 82;14 - 21 - 31 - 35 - 37 - 45 - 54 - 61 - 83 - 85;;;;
34403;DISPONIBLE;05 - 15 - 27 - 39 - 41 - 43 - 50 - 53 - 55 - 63;01 - 18 - 32 - 42 - 46 - 50 - 52 - 60 - 61 - 85;;;;
34404;DISPONIBLE;07 - 24 - 27 - 28 - 29 - 39 - 59 - 67 - 74 - 82;01 - 03 - 26 - 27 - 33 - 48 - 54 - 55 - 59 - 70;;;;
34405;DISPONIBLE;01 - 11 - 13 - 17 - 19 - 26 - 30 - 55 - 72 - 79;09 - 34 - 37 - 42 - 44 - 71 - 75 - 76 - 77 - 86;;;;
34406;DISPONIBLE;05 - 10 - 16 - 23 - 39 - 43 - 45 - 62 - 82 - 87;12 - 14 - 21 - 25 - 62 - 76 - 77 - 80 - 81 - 83;;;;
34407;DISPONIBLE;02 - 12 - 24 - 25 - 30 - 32 - 57 - 64 - 65 - 70;04 - 09 - 17 - 47 - 63 - 67 - 85 - 86 - 87 - 89;;;;
34408;DISPONIBLE;18 - 27 - 28 - 41 - 49 - 51 - 55 - 62 - 83 - 89;05 - 08 - 17 - 31 - 37 - 56 - 75 - 78 - 86 - 90;;;;
34409;DISPONIBLE;27 - 30 - 32 - 41 - 46 - 53 - 58 - 64 - 83 - 88;01 - 09 - 14 - 27 - 44 - 54 - 59 - 64 - 75 - 79;;;;
34410;DISPONIBLE;23 - 25 - 26 - 28 - 57 - 59 - 63 - 65 - 70 - 76;06 - 07 - 08 - 20 - 26 - 47 - 64 - 75 - 84 - 86;;;;
34411;DISPONIBLE;04 - 16 - 19 - 25 - 36 - 42 - 58 - 67 - 77 - 82;03 - 11 - 26 - 46 - 71 - 81 - 82 - 83 - 87 - 89;;;;
34412;DISPONIBLE;10 - 21 - 35 - 37 - 40 - 56 - 57 - 61 - 67 - 79;29 - 30 - 42 - 55 - 56 - 61 - 64 - 75 - 77 - 84;;;;
34413;DISPONIBLE;01 - 03 - 11 - 12 - 15 - 26 - 41 - 48 - 70 - 77;03 - 18 - 25 - 43 - 46 - 49 - 56 - 66 - 70 - 79;;;;
34414;DISPONIBLE;05 - 09 - 17 - 27 - 29 - 44 - 45 - 46 - 48 - 72;09 - 27 - 31 - 35 - 43 - 44 - 53 - 74 - 76 - 80;;;;
34415;DISPONIBLE;04 - 24 - 27 - 39 - 41 - 52 - 63 - 67 - 70 - 80;03 - 08 - 13 - 26 - 30 - 43 - 47 - 61 - 63 - 67;;;;
34416;DISPONIBLE;12 - 16 - 41 - 56 - 59 - 65 - 66 - 76 - 80 - 88;08 - 09 - 13 - 14 - 28 - 33 - 48 - 60 - 62 - 88;;;;
34417;DISPONIBLE;01 - 06 - 17 - 23 - 24 - 26 - 51 - 55 - 65 - 86;19 - 31 - 33 - 38 - 41 - 45 - 67 - 68 - 84 - 90;;;;
34418;DISPONIBLE;10 - 15 - 21 - 22 - 24 - 39 - 40 - 56 - 65 - 77;03 - 10 - 14 - 15 - 25 - 26 - 59 - 68 - 75 - 83;;;;
34419;DISPONIBLE;11 - 13 - 19 - 37 - 41 - 43 - 49 - 50 - 52 - 54;05 - 19 - 20 - 28 - 32 - 43 - 65 - 71 - 72 - 83;;;;
34420;DISPONIBLE;13 - 15 - 38 - 49 - 52 - 60 - 63 - 65 - 70 - 72;08 - 30 - 47 - 48 - 61 - 74 - 78 - 81 - 83 - 89;;;;
34421;DISPONIBLE;02 - 10 - 36 - 37 - 52 - 55 - 56 - 64 - 72 - 89;21 - 24 - 28 - 34 - 38 - 60 - 78 - 83 - 87 - 88;;;;
34422;DISPONIBLE;04 - 12 - 20 - 40 - 42 - 48 - 54 - 57 - 68 - 81;01 - 12 - 13 - 14 - 15 - 22 - 48 - 51 - 59 - 73;;;;
34423;DISPONIBLE;11 - 17 - 27 - 38 - 65 - 69 - 73 - 76 - 86 - 90;25 - 28 - 29 - 46 - 48 - 55 - 59 - 66 - 81 - 87;;;;
34424;DISPONIBLE;13 - 17 - 27 - 56 - 65 - 69 - 74 - 76 - 87 - 88;07 - 10 - 18 - 22 - 47 - 52 - 63 - 72 - 74 - 82;;;;
34425;DISPONIBLE;10 - 20 - 30 - 32 - 36 - 50 - 59 - 60 - 63 - 66;05 - 08 - 16 - 20 - 24 - 26 - 41 - 70 - 73 - 86;;;;
34426;DISPONIBLE;08 - 10 - 12 - 39 - 40 - 53 - 55 - 74 - 84 - 87;10 - 12 - 22 - 37 - 39 - 49 - 75 - 82 - 83 - 90;;;;
34427;DISPONIBLE;16 - 21 - 28 - 46 - 60 - 78 - 79 - 80 - 82 - 86;04 - 07 - 22 - 32 - 40 - 45 - 67 - 76 - 81 - 82;;;;
34428;DISPONIBLE;06 - 07 - 20 - 28 - 41 - 47 - 48 - 55 - 58 - 89;12 - 17 - 20 - 21 - 22 - 28 - 58 - 59 - 64 - 87;;;;
34429;DISPONIBLE;10 - 30 - 34 - 39 - 41 - 60 - 70 - 73 - 74 - 89;10 - 14 - 32 - 47 - 54 - 61 - 65 - 67 - 75 - 85;;;;
34430;DISPONIBLE;03 - 07 - 14 - 16 - 33 - 37 - 49 - 57 - 74 - 83;08 - 10 - 16 - 25 - 27 - 35 - 38 - 51 - 68 - 71;;;;
34431;DISPONIBLE;08 - 10 - 18 - 30 - 37 - 53 - 69 - 73 - 75 - 82;10 - 21 - 25 - 26 - 37 - 56 - 59 - 73 - 80 - 90;;;;
34432;DISPONIBLE;03 - 05 - 08 - 10 - 13 - 23 - 58 - 72 - 80 - 88;22 - 29 - 38 - 46 - 55 - 66 - 68 - 70 - 78 - 90;;;;
34433;DISPONIBLE;12 - 15 - 41 - 43 - 44 - 46 - 70 - 83 - 86 - 90;04 - 24 - 37 - 50 - 54 - 61 - 70 - 75 - 82 - 86;;;;
34434;DISPONIBLE;05 - 16 - 21 - 24 - 37 - 41 - 47 - 55 - 59 - 84;24 - 38 - 40 - 51 - 55 - 60 - 62 - 74 - 87 - 90;;;;
34435;DISPONIBLE;21 - 31 - 32 - 43 - 51 - 56 - 63 - 74 - 86 - 87;01 - 25 - 47 - 52 - 66 - 70 - 75 - 80 - 84 - 87;;;;
34436;DISPONIBLE;01 - 08 - 09 - 20 - 25 - 30 - 45 - 55 - 63 - 85;01 - 11 - 21 - 24 - 29 - 40 - 66 - 68 - 69 - 74;;;;
34437;DISPONIBLE;10 - 24 - 31 - 49 - 60 - 68 - 76 - 82 - 84 - 90;09 - 15 - 24 - 41 - 53 - 61 - 67 - 68 - 73 - 80;;;;
34438;DISPONIBLE;06 - 11 - 56 - 57 - 58 - 63 - 69 - 73 - 79 - 89;10 - 33 - 51 - 59 - 61 - 68 - 69 - 73 - 78 - 84;;;;
34439;DISPONIBLE;14 - 23 - 32 - 35 - 45 - 52 - 69 - 76 - 82 - 90;10 - 22 - 25 - 26 - 49 - 57 - 63 - 65 - 67 - 77;;;;
34440;DISPONIBLE;05 - 07 - 20 - 25 - 54 - 58 - 60 - 72 - 76 - 82;12 - 34 - 54 - 55 - 65 - 71 - 72 - 80 - 86 - 89;;;;
34441;DISPONIBLE;13 - 15 - 20 - 40 - 44 - 52 - 54 - 75 - 78 - 84;05 - 38 - 55 - 60 - 66 - 67 - 69 - 76 - 79 - 87;;;;
34442;DISPONIBLE;03 - 21 - 32 - 33 - 35 - 43 - 63 - 69 - 77 - 80;02 - 04 - 06 - 21 - 26 - 33 - 35 - 38 - 65 - 86;;;;
34443;DISPONIBLE;09 - 11 - 19 - 20 - 38 - 43 - 58 - 72 - 78 - 79;02 - 10 - 13 - 21 - 23 - 50 - 62 - 77 - 78 - 80;;;;
34444;DISPONIBLE;16 - 25 - 31 - 34 - 51 - 55 - 67 - 68 - 75 - 85;01 - 02 - 12 - 16 - 23 - 28 - 58 - 67 - 83 - 90;;;;
34445;DISPONIBLE;06 - 26 - 32 - 41 - 46 - 50 - 56 - 58 - 61 - 70;17 - 36 - 40 - 51 - 52 - 70 - 74 - 85 - 86 - 88;;;;
34446;DISPONIBLE;15 - 26 - 34 - 35 - 41 - 45 - 46 - 54 - 65 - 72;04 - 06 - 18 - 23 - 39 - 49 - 57 - 69 - 84 - 89;;;;
34447;DISPONIBLE;09 - 38 - 39 - 44 - 56 - 60 - 71 - 73 - 86 - 88;07 - 22 - 24 - 25 - 26 - 50 - 52 - 84 - 87 - 89;;;;
34448;DISPONIBLE;01 - 05 - 23 - 36 - 51 - 63 - 65 - 70 - 71 - 81;01 - 03 - 11 - 14 - 19 - 39 - 42 - 54 - 62 - 72;;;;
34449;DISPONIBLE;08 - 12 - 17 - 32 - 33 - 34 - 40 - 51 - 82 - 88;10 - 33 - 37 - 40 - 44 - 48 - 65 - 75 - 83 - 90;;;;
34450;DISPONIBLE;13 - 17 - 21 - 40 - 45 - 46 - 58 - 79 - 85 - 86;12 - 13 - 25 - 32 - 33 - 36 - 41 - 68 - 78 - 90;;;;
34451;DISPONIBLE;41 - 45 - 47 - 49 - 53 - 54 - 64 - 79 - 80 - 89;12 - 19 - 26 - 29 - 31 - 42 - 46 - 52 - 76 - 80;;;;
34452;DISPONIBLE;02 - 06 - 10 - 13 - 21 - 22 - 26 - 31 - 56 - 59;16 - 22 - 52 - 53 - 59 - 60 - 63 - 75 - 79 - 83;;;;
34453;DISPONIBLE;19 - 29 - 31 - 35 - 38 - 50 - 54 - 55 - 56 - 81;11 - 13 - 16 - 42 - 49 - 58 - 63 - 81 - 82 - 90;;;;
34454;DISPONIBLE;09 - 34 - 36 - 39 - 52 - 54 - 59 - 65 - 89 - 90;04 - 27 - 36 - 49 - 50 - 52 - 54 - 62 - 68 - 88;;;;
34455;DISPONIBLE;04 - 14 - 44 - 54 - 55 - 65 - 69 - 71 - 76 - 82;14 - 16 - 32 - 45 - 54 - 58 - 61 - 64 - 65 - 85;;;;
34456;DISPONIBLE;14 - 17 - 30 - 31 - 41 - 45 - 57 - 70 - 71 - 90;08 - 09 - 16 - 18 - 24 - 29 - 36 - 44 - 82 - 84;;;;
34457;DISPONIBLE;07 - 11 - 18 - 19 - 23 - 32 - 44 - 49 - 63 - 70;07 - 10 - 29 - 30 - 36 - 62 - 63 - 85 - 88 - 90;;;;
34458;DISPONIBLE;01 - 23 - 25 - 39 - 43 - 45 - 64 - 73 - 81 - 86;01 - 04 - 30 - 39 - 42 - 43 - 69 - 74 - 77 - 83;;;;
34459;DISPONIBLE;07 - 30 - 31 - 32 - 40 - 45 - 54 - 63 - 64 - 67;05 - 08 - 38 - 39 - 46 - 48 - 52 - 63 - 67 - 76;;;;
34460;DISPONIBLE;10 - 39 - 50 - 60 - 62 - 65 - 66 - 74 - 84 - 89;04 - 07 - 42 - 43 - 47 - 48 - 52 - 56 - 72 - 81;;;;
34461;DISPONIBLE;06 - 31 - 32 - 47 - 52 - 56 - 57 - 59 - 70 - 90;08 - 14 - 15 - 23 - 29 - 51 - 52 - 66 - 72 - 79;;;;
34462;DISPONIBLE;03 - 04 - 07 - 27 - 29 - 46 - 59 - 62 - 70 - 89;03 - 06 - 52 - 58 - 62 - 63 - 65 - 67 - 76 - 77;;;;
34463;DISPONIBLE;02 - 07 - 08 - 22 - 46 - 51 - 52 - 54 - 75 - 87;11 - 17 - 18 - 25 - 33 - 34 - 51 - 65 - 71 - 79;;;;
34464;DISPONIBLE;01 - 13 - 21 - 25 - 35 - 36 - 57 - 60 - 69 - 70;18 - 21 - 26 - 29 - 38 - 47 - 48 - 71 - 73 - 78;;;;
34465;DISPONIBLE;15 - 22 - 24 - 41 - 46 - 49 - 54 - 69 - 77 - 80;01 - 10 - 11 - 12 - 13 - 34 - 36 - 61 - 63 - 78;;;;
34466;DISPONIBLE;01 - 11 - 19 - 21 - 22 - 35 - 36 - 44 - 70 - 78;02 - 03 - 12 - 26 - 31 - 37 - 43 - 53 - 81 - 90;;;;
34467;DISPONIBLE;02 - 07 - 29 - 34 - 37 - 41 - 42 - 66 - 72 - 88;08 - 10 - 16 - 17 - 24 - 34 - 45 - 68 - 73 - 84;;;;
34468;DISPONIBLE;08 - 11 - 28 - 41 - 46 - 47 - 51 - 61 - 75 - 83;09 - 20 - 27 - 30 - 31 - 37 - 49 - 62 - 75 - 78;;;;
34469;DISPONIBLE;03 - 10 - 19 - 42 - 52 - 60 - 70 - 74 - 81 - 88;04 - 14 - 19 - 20 - 22 - 55 - 57 - 68 - 73 - 85;;;;
34470;DISPONIBLE;18 - 25 - 29 - 33 - 51 - 55 - 61 - 64 - 76 - 89;04 - 17 - 37 - 55 - 60 - 67 - 74 - 75 - 86 - 89;;;;
34471;DISPONIBLE;23 - 25 - 27 - 30 - 33 - 40 - 50 - 65 - 68 - 82;02 - 08 - 14 - 20 - 34 - 46 - 71 - 72 - 75 - 76;;;;
34472;DISPONIBLE;04 - 20 - 30 - 50 - 56 - 65 - 66 - 68 - 73 - 82;03 - 04 - 30 - 36 - 47 - 62 - 63 - 64 - 80 - 83;;;;
34473;DISPONIBLE;01 - 06 - 10 - 18 - 37 - 43 - 51 - 55 - 62 - 75;03 - 15 - 20 - 34 - 41 - 44 - 58 - 60 - 76 - 83;;;;
34474;DISPONIBLE;06 - 08 - 10 - 22 - 43 - 60 - 62 - 80 - 82 - 85;06 - 09 - 12 - 19 - 23 - 27 - 52 - 56 - 63 - 84;;;;
34475;DISPONIBLE;07 - 09 - 30 - 31 - 33 - 37 - 41 - 75 - 81 - 86;02 - 11 - 20 - 29 - 36 - 40 - 51 - 54 - 66 - 73;;;;
34476;DISPONIBLE;07 - 22 - 26 - 47 - 48 - 49 - 51 - 58 - 66 - 75;03 - 04 - 11 - 21 - 23 - 41 - 48 - 50 - 54 - 57;;;;
34477;DISPONIBLE;01 - 03 - 05 - 10 - 33 - 37 - 49 - 64 - 72 - 74;01 - 02 - 08 - 17 - 27 - 31 - 44 - 55 - 66 - 76;;;;
34478;DISPONIBLE;06 - 24 - 26 - 29 - 30 - 55 - 57 - 67 - 72 - 79;24 - 28 - 33 - 54 - 57 - 63 - 67 - 80 - 85 - 89;;;;
34479;DISPONIBLE;06 - 19 - 23 - 28 - 38 - 51 - 65 - 73 - 78 - 85;07 - 08 - 10 - 19 - 29 - 40 - 45 - 51 - 55 - 73;;;;
34480;DISPONIBLE;04 - 16 - 24 - 36 - 47 - 63 - 70 - 75 - 77 - 78;14 - 23 - 30 - 34 - 40 - 41 - 50 - 51 - 56 - 73;;;;
34481;DISPONIBLE;02 - 16 - 27 - 42 - 45 - 68 - 78 - 79 - 85 - 90;07 - 12 - 26 - 49 - 63 - 66 - 72 - 75 - 88 - 90;;;;
34482;DISPONIBLE;09 - 14 - 16 - 20 - 47 - 51 - 59 - 68 - 80 - 82;23 - 45 - 49 - 54 - 55 - 56 - 68 - 70 - 71 - 72;;;;
34483;DISPONIBLE;05 - 25 - 26 - 35 - 39 - 40 - 58 - 61 - 67 - 73;06 - 13 - 23 - 30 - 35 - 36 - 59 - 69 - 74 - 78;;;;
34484;DISPONIBLE;03 - 08 - 20 - 22 - 35 - 44 - 58 - 73 - 82 - 90;15 - 16 - 17 - 24 - 36 - 61 - 66 - 70 - 78 - 81;;;;
34485;DISPONIBLE;08 - 09 - 15 - 16 - 22 - 39 - 44 - 48 - 64 - 76;07 - 13 - 21 - 33 - 43 - 52 - 67 - 68 - 79 - 86;;;;
34486;DISPONIBLE;01 - 14 - 17 - 39 - 56 - 65 - 68 - 71 - 82 - 86;08 - 12 - 14 - 19 - 34 - 37 - 48 - 66 - 68 - 78;;;;
34487;DISPONIBLE;05 - 12 - 29 - 46 - 55 - 56 - 68 - 72 - 82 - 86;02 - 04 - 26 - 28 - 45 - 63 - 72 - 75 - 78 - 80;;;;
34488;DISPONIBLE;15 - 16 - 18 - 27 - 29 - 43 - 55 - 74 - 78 - 80;04 - 11 - 16 - 37 - 43 - 52 - 60 - 62 - 65 - 78;;;;
34489;DISPONIBLE;03 - 08 - 10 - 14 - 24 - 58 - 62 - 80 - 84 - 85;04 - 25 - 26 - 31 - 38 - 39 - 51 - 68 - 83 - 89;;;;
34490;DISPONIBLE;21 - 23 - 35 - 45 - 55 - 63 - 67 - 70 - 79 - 80;02 - 03 - 30 - 31 - 51 - 53 - 54 - 55 - 58 - 84;;;;
34491;DISPONIBLE;02 - 12 - 17 - 21 - 35 - 58 - 59 - 66 - 74 - 76;23 - 40 - 58 - 59 - 64 - 75 - 81 - 83 - 85 - 89;;;;
34492;DISPONIBLE;01 - 09 - 15 - 25 - 39 - 52 - 55 - 70 - 75 - 88;04 - 05 - 31 - 35 - 36 - 46 - 48 - 56 - 64 - 70;;;;
34493;DISPONIBLE;07 - 15 - 21 - 37 - 55 - 59 - 61 - 71 - 72 - 73;02 - 05 - 09 - 15 - 20 - 27 - 40 - 42 - 44 - 74;;;;
34494;DISPONIBLE;06 - 15 - 16 - 26 - 47 - 51 - 58 - 66 - 77 - 86;04 - 07 - 09 - 11 - 44 - 49 - 54 - 57 - 68 - 84;;;;
34495;DISPONIBLE;01 - 05 - 32 - 36 - 39 - 42 - 58 - 72 - 81 - 87;15 - 16 - 29 - 32 - 36 - 42 - 49 - 65 - 75 - 86;;;;
34496;DISPONIBLE;02 - 17 - 31 - 37 - 40 - 44 - 52 - 60 - 72 - 74;11 - 18 - 19 - 21 - 28 - 33 - 43 - 55 - 58 - 75;;;;
34497;DISPONIBLE;02 - 04 - 10 - 17 - 22 - 27 - 31 - 66 - 81 - 90;12 - 21 - 22 - 28 - 34 - 35 - 52 - 56 - 58 - 62;;;;
34498;DISPONIBLE;03 - 10 - 25 - 31 - 68 - 70 - 74 - 76 - 82 - 90;02 - 05 - 07 - 08 - 09 - 38 - 39 - 49 - 86 - 89;;;;
34499;DISPONIBLE;04 - 05 - 10 - 11 - 13 - 27 - 40 - 49 - 62 - 78;02 - 10 - 18 - 19 - 25 - 32 - 33 - 48 - 58 - 81;;;;
34500;DISPONIBLE;07 - 15 - 32 - 37 - 49 - 57 - 63 - 75 - 78 - 89;05 - 06 - 17 - 31 - 45 - 64 - 65 - 78 - 79 - 85;;;;
34501;DISPONIBLE;02 - 05 - 08 - 11 - 24 - 26 - 30 - 43 - 52 - 82;02 - 09 - 15 - 18 - 29 - 37 - 39 - 54 - 65 - 81;;;;
34502;DISPONIBLE;16 - 17 - 19 - 36 - 43 - 47 - 51 - 73 - 79 - 80;04 - 08 - 18 - 28 - 33 - 64 - 65 - 67 - 72 - 84;;;;
34503;DISPONIBLE;08 - 15 - 18 - 20 - 23 - 44 - 47 - 63 - 65 - 81;04 - 07 - 12 - 16 - 26 - 32 - 39 - 64 - 77 - 84;;;;
34504;DISPONIBLE;02 - 17 - 24 - 31 - 44 - 45 - 51 - 71 - 74 - 80;03 - 04 - 32 - 41 - 47 - 50 - 61 - 66 - 79 - 86;;;;
34505;DISPONIBLE;22 - 34 - 37 - 38 - 40 - 43 - 58 - 64 - 83 - 84;09 - 21 - 22 - 29 - 33 - 39 - 42 - 53 - 54 - 64;;;;
34506;DISPONIBLE;06 - 09 - 10 - 26 - 53 - 59 - 63 - 81 - 84 - 86;32 - 41 - 42 - 47 - 49 - 53 - 57 - 63 - 64 - 66;;;;
34507;DISPONIBLE;04 - 05 - 21 - 23 - 27 - 37 - 47 - 60 - 65 - 81;16 - 26 - 40 - 42 - 49 - 52 - 67 - 71 - 80 - 86;;;;
34508;DISPONIBLE;05 - 13 - 21 - 26 - 29 - 31 - 33 - 44 - 78 - 88;18 - 20 - 37 - 40 - 42 - 45 - 49 - 54 - 85 - 87;;;;
34509;DISPONIBLE;02 - 10 - 12 - 33 - 34 - 36 - 46 - 60 - 61 - 79;04 - 20 - 24 - 26 - 35 - 48 - 51 - 54 - 63 - 79;;;;
34510;DISPONIBLE;04 - 10 - 32 - 47 - 64 - 82 - 86 - 87 - 88 - 89;03 - 20 - 27 - 29 - 49 - 50 - 57 - 82 - 85 - 88;;;;
34511;DISPONIBLE;09 - 24 - 26 - 34 - 40 - 46 - 71 - 78 - 79 - 82;05 - 18 - 33 - 44 - 45 - 49 - 56 - 71 - 82 - 83;;;;
34512;DISPONIBLE;17 - 25 - 34 - 39 - 57 - 60 - 66 - 67 - 82 - 90;05 - 10 - 12 - 24 - 38 - 56 - 70 - 82 - 84 - 85;;;;
34513;DISPONIBLE;06 - 11 - 16 - 34 - 42 - 54 - 58 - 71 - 72 - 73;09 - 14 - 31 - 36 - 52 - 59 - 62 - 63 - 66 - 78;;;;
34514;DISPONIBLE;02 - 03 - 16 - 48 - 49 - 50 - 56 - 60 - 75 - 90;01 - 21 - 25 - 27 - 45 - 52 - 77 - 79 - 83 - 88;;;;
34515;DISPONIBLE;06 - 14 - 27 - 46 - 50 - 54 - 61 - 63 - 65 - 83;04 - 08 - 33 - 47 - 50 - 61 - 70 - 73 - 75 - 77;;;;
34516;DISPONIBLE;15 - 16 - 19 - 28 - 62 - 63 - 71 - 72 - 83 - 90;06 - 18 - 21 - 38 - 45 - 55 - 61 - 72 - 76 - 88;;;;
34517;DISPONIBLE;05 - 13 - 15 - 19 - 21 - 43 - 44 - 62 - 64 - 85;03 - 13 - 18 - 30 - 39 - 53 - 61 - 72 - 84 - 89;;;;
34518;DISPONIBLE;19 - 27 - 28 - 34 - 41 - 51 - 69 - 77 - 86 - 88;03 - 10 - 18 - 19 - 38 - 48 - 53 - 64 - 71 - 74;;;;
34519;DISPONIBLE;05 - 11 - 12 - 13 - 14 - 45 - 54 - 58 - 62 - 83;08 - 14 - 32 - 33 - 39 - 49 - 52 - 58 - 70 - 85;;;;
34520;DISPONIBLE;08 - 15 - 19 - 20 - 24 - 34 - 64 - 67 - 78 - 84;16 - 18 - 26 - 29 - 42 - 43 - 50 - 53 - 74 - 76;;;;
34521;DISPONIBLE;18 - 29 - 35 - 37 - 51 - 61 - 63 - 68 - 70 - 85;23 - 29 - 32 - 64 - 68 - 78 - 80 - 82 - 87 - 89;;;;
34522;DISPONIBLE;02 - 32 - 41 - 44 - 47 - 55 - 56 - 63 - 68 - 76;09 - 14 - 24 - 29 - 42 - 55 - 59 - 62 - 70 - 83;;;;
34523;DISPONIBLE;12 - 39 - 43 - 50 - 54 - 55 - 57 - 78 - 86 - 90;35 - 45 - 47 - 49 - 52 - 59 - 60 - 74 - 76 - 81;;;;
34524;DISPONIBLE;16 - 26 - 27 - 31 - 46 - 52 - 57 - 68 - 86 - 88;05 - 10 - 11 - 21 - 23 - 29 - 35 - 50 - 54 - 79;;;;
34525;DISPONIBLE;19 - 32 - 35 - 39 - 42 - 50 - 56 - 65 - 71 - 87;06 - 07 - 13 - 16 - 27 - 32 - 36 - 53 - 59 - 78;;;;
34526;DISPONIBLE;03 - 07 - 10 - 13 - 29 - 34 - 38 - 47 - 51 - 76;02 - 08 - 17 - 18 - 21 - 30 - 47 - 51 - 65 - 87;;;;
34527;DISPONIBLE;03 - 11 - 15 - 16 - 30 - 38 - 51 - 54 - 71 - 82;03 - 05 - 34 - 51 - 63 - 67 - 68 - 76 - 80 - 87;;;;
34528;DISPONIBLE;09 - 15 - 31 - 32 - 38 - 52 - 55 - 56 - 65 - 70;05 - 17 - 21 - 40 - 53 - 57 - 75 - 76 - 84 - 85;;;;
34529;DISPONIBLE;01 - 21 - 23 - 25 - 32 - 35 - 38 - 41 - 63 - 77;01 - 13 - 15 - 19 - 35 - 48 - 73 - 76 - 77 - 81;;;;
34530;DISPONIBLE;03 - 11 - 22 - 28 - 37 - 45 - 53 - 80 - 81 - 83;14 - 15 - 21 - 30 - 57 - 59 - 71 - 72 - 78 - 80;;;;
34531;DISPONIBLE;01 - 10 - 24 - 28 - 39 - 47 - 52 - 53 - 73 - 89;03 - 06 - 09 - 32 - 54 - 62 - 68 - 77 - 81 - 83;;;;
34532;DISPONIBLE;19 - 31 - 46 - 48 - 56 - 65 - 69 - 70 - 74 - 80;09 - 20 - 23 - 39 - 50 - 59 - 65 - 70 - 71 - 80;;;;
34533;DISPONIBLE;06 - 24 - 43 - 45 - 49 - 52 - 65 - 67 - 82 - 85;08 - 13 - 16 - 17 - 23 - 38 - 63 - 64 - 68 - 71;;;;
34534;DISPONIBLE;01 - 10 - 22 - 23 - 25 - 30 - 44 - 49 - 67 - 73;05 - 17 - 27 - 29 - 42 - 43 - 48 - 75 - 81 - 88;;;;
34535;DISPONIBLE;35 - 41 - 42 - 43 - 51 - 57 - 58 - 71 - 85 - 90;12 - 13 - 14 - 25 - 30 - 40 - 49 - 66 - 74 - 89;;;;
34536;DISPONIBLE;25 - 44 - 45 - 50 - 58 - 60 - 65 - 74 - 77 - 86;03 - 16 - 17 - 26 - 27 - 31 - 42 - 56 - 68 - 85;;;;
34537;DISPONIBLE;14 - 15 - 19 - 49 - 55 - 61 - 62 - 72 - 75 - 82;03 - 07 - 27 - 30 - 41 - 48 - 49 - 53 - 67 - 68;;;;
34538;DISPONIBLE;03 - 05 - 18 - 20 - 21 - 32 - 44 - 50 - 69 - 73;02 - 09 - 11 - 18 - 21 - 29 - 47 - 62 - 64 - 70;;;;
34539;DISPONIBLE;04 - 18 - 19 - 30 - 48 - 50 - 52 - 63 - 71 - 74;19 - 23 - 41 - 42 - 46 - 47 - 52 - 55 - 58 - 80;;;;
34540;DISPONIBLE;23 - 38 - 41 - 44 - 51 - 54 - 65 - 71 - 83 - 90;02 - 12 - 14 - 36 - 47 - 58 - 61 - 65 - 72 - 84;;;;
34541;DISPONIBLE;03 - 22 - 26 - 38 - 41 - 47 - 65 - 74 - 81 - 84;16 - 21 - 34 - 45 - 47 - 58 - 69 - 81 - 86 - 88;;;;
34542;DISPONIBLE;07 - 14 - 22 - 34 - 58 - 63 - 77 - 85 - 87 - 89;06 - 14 - 19 - 22 - 24 - 29 - 77 - 80 - 82 - 85;;;;
34543;DISPONIBLE;18 - 20 - 33 - 41 - 43 - 46 - 49 - 57 - 59 - 74;19 - 29 - 31 - 36 - 44 - 67 - 71 - 77 - 78 - 80;;;;
34544;DISPONIBLE;06 - 10 - 18 - 22 - 35 - 42 - 54 - 55 - 69 - 71;01 - 10 - 11 - 13 - 15 - 31 - 42 - 47 - 57 - 73;;;;
34545;DISPONIBLE;01 - 09 - 28 - 34 - 47 - 58 - 59 - 72 - 84 - 90;04 - 42 - 45 - 54 - 57 - 62 - 76 - 78 - 81 - 85;;;;
34546;DISPONIBLE;02 - 11 - 13 - 27 - 40 - 61 - 72 - 77 - 82 - 84;07 - 24 - 26 - 30 - 41 - 49 - 63 - 67 - 73 - 76;;;;
34547;DISPONIBLE;07 - 17 - 23 - 39 - 50 - 51 - 52 - 54 - 55 - 74;03 - 18 - 43 - 44 - 50 - 51 - 52 - 56 - 75 - 90;;;;
34548;DISPONIBLE;06 - 11 - 22 - 35 - 38 - 43 - 51 - 60 - 62 - 88;05 - 30 - 46 - 48 - 62 - 63 - 77 - 81 - 85 - 86;;;;
34549;DISPONIBLE;05 - 12 - 17 - 33 - 42 - 43 - 62 - 65 - 73 - 76;03 - 10 - 11 - 16 - 38 - 51 - 54 - 67 - 69 - 83;;;;
34550;DISPONIBLE;02 - 03 - 28 - 39 - 43 - 54 - 72 - 82 - 86 - 90;10 - 14 - 17 - 21 - 23 - 25 - 45 - 51 - 63 - 73;;;;
34551;DISPONIBLE;02 - 03 - 16 - 18 - 39 - 41 - 61 - 73 - 76 - 83;09 - 21 - 41 - 49 - 58 - 61 - 65 - 66 - 73 - 87;;;;
34552;DISPONIBLE;10 - 23 - 38 - 41 - 42 - 52 - 71 - 78 - 81 - 82;03 - 04 - 24 - 30 - 40 - 42 - 59 - 66 - 68 - 73;;;;
34553;DISPONIBLE;02 - 04 - 05 - 15 - 27 - 39 - 55 - 56 - 68 - 77;14 - 33 - 36 - 43 - 51 - 52 - 53 - 73 - 82 - 85;;;;
34554;DISPONIBLE;06 - 17 - 21 - 28 - 53 - 63 - 74 - 88 - 89 - 90;07 - 08 - 18 - 23 - 25 - 35 - 51 - 53 - 66 - 68;;;;
34555;DISPONIBLE;02 - 09 - 12 - 16 - 27 - 28 - 37 - 75 - 76 - 90;07 - 15 - 16 - 27 - 41 - 49 - 55 - 62 - 72 - 83;;;;
34556;DISPONIBLE;02 - 15 - 29 - 30 - 32 - 42 - 43 - 49 - 65 - 74;02 - 20 - 27 - 34 - 35 - 41 - 44 - 60 - 78 - 80;;;;
34557;DISPONIBLE;12 - 15 - 18 - 29 - 60 - 65 - 69 - 71 - 74 - 85;03 - 13 - 18 - 29 - 31 - 54 - 61 - 75 - 84 - 87;;;;
34558;DISPONIBLE;04 - 14 - 23 - 30 - 53 - 65 - 71 - 72 - 81 - 87;02 - 15 - 19 - 44 - 45 - 50 - 69 - 70 - 78 - 87;;;;
34559;DISPONIBLE;08 - 15 - 18 - 21 - 32 - 34 - 49 - 81 - 83 - 89;04 - 07 - 30 - 34 - 36 - 46 - 54 - 69 - 71 - 89;;;;
34560;DISPONIBLE;10 - 15 - 22 - 25 - 29 - 33 - 38 - 70 - 72 - 83;07 - 16 - 20 - 22 - 39 - 42 - 46 - 47 - 62 - 64;;;;
34561;DISPONIBLE;20 - 31 - 40 - 49 - 53 - 76 - 82 - 83 - 84 - 88;02 - 17 - 21 - 25 - 43 - 66 - 67 - 73 - 86 - 89;;;;
34562;DISPONIBLE;40 - 42 - 44 - 46 - 55 - 63 - 65 - 81 - 82 - 86;21 - 28 - 33 - 37 - 43 - 54 - 60 - 62 - 68 - 90;;;;
34563;DISPONIBLE;09 - 23 - 28 - 32 - 45 - 49 - 57 - 60 - 78 - 90;02 - 08 - 10 - 24 - 33 - 35 - 57 - 59 - 75 - 87;;;;
34564;DISPONIBLE;05 - 13 - 20 - 25 - 33 - 49 - 52 - 68 - 75 - 81;11 - 16 - 33 - 51 - 52 - 54 - 57 - 61 - 62 - 86;;;;
34565;DISPONIBLE;02 - 19 - 21 - 42 - 48 - 59 - 61 - 66 - 72 - 80;05 - 13 - 22 - 30 - 33 - 35 - 43 - 54 - 68 - 80;;;;
34566;DISPONIBLE;01 - 03 - 29 - 30 - 31 - 47 - 62 - 74 - 82 - 86;15 - 24 - 35 - 38 - 41 - 47 - 67 - 69 - 78 - 79;;;;
34567;DISPONIBLE;01 - 05 - 08 - 12 - 17 - 31 - 47 - 64 - 69 - 90;08 - 09 - 19 - 22 - 53 - 62 - 66 - 83 - 84 - 88;;;;
34568;DISPONIBLE;03 - 08 - 23 - 29 - 44 - 53 - 54 - 60 - 75 - 88;07 - 08 - 09 - 18 - 19 - 24 - 46 - 57 - 58 - 85;;;;
34569;DISPONIBLE;01 - 07 - 19 - 21 - 30 - 47 - 57 - 67 - 68 - 85;26 - 50 - 58 - 60 - 63 - 65 - 70 - 76 - 81 - 87;;;;
34570;DISPONIBLE;25 - 34 - 50 - 53 - 59 - 68 - 69 - 71 - 75 - 87;07 - 16 - 21 - 32 - 41 - 49 - 63 - 68 - 69 - 87;;;;
34571;DISPONIBLE;15 - 29 - 31 - 41 - 62 - 67 - 71 - 75 - 82 - 85;07 - 26 - 32 - 37 - 40 - 53 - 69 - 71 - 78 - 84;;;;
34572;DISPONIBLE;08 - 22 - 31 - 41 - 49 - 57 - 60 - 61 - 79 - 87;03 - 10 - 16 - 19 - 25 - 30 - 31 - 67 - 70 - 71;;;;
34573;DISPONIBLE;12 - 21 - 38 - 39 - 43 - 45 - 53 - 63 - 83 - 90;15 - 34 - 39 - 43 - 63 - 65 - 73 - 81 - 83 - 87;;;;
34574;DISPONIBLE;14 - 18 - 19 - 42 - 47 - 49 - 56 - 79 - 80 - 90;12 - 32 - 35 - 37 - 61 - 65 - 67 - 80 - 81 - 86;;;;
34575;DISPONIBLE;12 - 14 - 34 - 45 - 46 - 48 - 56 - 72 - 78 - 90;07 - 11 - 12 - 30 - 36 - 50 - 54 - 60 - 70 - 74;;;;
34576;DISPONIBLE;01 - 26 - 27 - 37 - 39 - 45 - 58 - 60 - 64 - 70;07 - 15 - 44 - 59 - 63 - 68 - 69 - 79 - 82 - 90;;;;
34577;DISPONIBLE;02 - 05 - 16 - 20 - 41 - 52 - 64 - 66 - 68 - 81;09 - 16 - 36 - 48 - 53 - 54 - 68 - 79 - 86 - 90;;;;
34578;DISPONIBLE;04 - 07 - 13 - 46 - 48 - 57 - 78 - 79 - 81 - 85;10 - 20 - 24 - 38 - 45 - 53 - 79 - 84 - 86 - 87;;;;
34579;DISPONIBLE;04 - 06 - 10 - 18 - 29 - 36 - 37 - 38 - 46 - 86;04 - 06 - 23 - 29 - 44 - 48 - 51 - 61 - 65 - 76;;;;
34580;DISPONIBLE;20 - 31 - 35 - 36 - 39 - 46 - 53 - 54 - 55 - 76;09 - 44 - 55 - 57 - 58 - 60 - 69 - 72 - 76 - 79;;;;
34581;DISPONIBLE;14 - 16 - 20 - 34 - 41 - 54 - 58 - 59 - 63 - 89;05 - 16 - 20 - 24 - 29 - 63 - 64 - 68 - 81 - 84;;;;
34582;DISPONIBLE;04 - 20 - 32 - 40 - 52 - 53 - 54 - 57 - 71 - 78;01 - 11 - 14 - 29 - 42 - 47 - 52 - 67 - 70 - 89;;;;
34583;DISPONIBLE;18 - 37 - 38 - 40 - 55 - 63 - 72 - 74 - 86 - 88;08 - 16 - 21 - 24 - 32 - 46 - 81 - 84 - 86 - 90;;;;
34584;DISPONIBLE;03 - 07 - 09 - 21 - 23 - 24 - 28 - 29 - 70 - 76;02 - 04 - 10 - 12 - 15 - 45 - 52 - 82 - 83 - 87;;;;
34585;DISPONIBLE;03 - 16 - 21 - 31 - 53 - 55 - 61 - 74 - 78 - 84;06 - 35 - 44 - 55 - 57 - 58 - 72 - 75 - 76 - 77;;;;
34586;DISPONIBLE;06 - 11 - 19 - 24 - 41 - 53 - 55 - 59 - 68 - 76;27 - 29 - 38 - 39 - 43 - 45 - 64 - 81 - 88 - 89;;;;
34587;DISPONIBLE;12 - 38 - 41 - 46 - 49 - 51 - 54 - 55 - 59 - 67;03 - 09 - 13 - 14 - 21 - 29 - 38 - 50 - 57 - 66;;;;
34588;DISPONIBLE;01 - 04 - 26 - 37 - 40 - 41 - 46 - 56 - 76 - 90;11 - 20 - 26 - 36 - 40 - 54 - 56 - 60 - 70 - 74;;;;
34589;DISPONIBLE;02 - 29 - 36 - 40 - 54 - 55 - 57 - 72 - 79 - 83;03 - 07 - 22 - 40 - 44 - 46 - 49 - 53 - 85 - 89;;;;
34590;DISPONIBLE;02 - 16 - 24 - 25 - 30 - 35 - 53 - 58 - 74 - 80;05 - 45 - 51 - 57 - 58 - 61 - 69 - 72 - 79 - 88;;;;
34591;DISPONIBLE;11 - 14 - 15 - 17 - 19 - 37 - 57 - 59 - 64 - 77;23 - 27 - 31 - 35 - 39 - 48 - 60 - 70 - 77 - 80;;;;
34592;DISPONIBLE;09 - 15 - 17 - 18 - 21 - 36 - 52 - 60 - 79 - 87;06 - 20 - 30 - 44 - 60 - 65 - 74 - 82 - 87 - 89;;;;
34593;DISPONIBLE;16 - 17 - 21 - 36 - 38 - 52 - 55 - 63 - 82 - 88;08 - 17 - 23 - 25 - 55 - 56 - 59 - 61 - 77 - 89;;;;
34594;DISPONIBLE;08 - 12 - 13 - 28 - 40 - 48 - 55 - 68 - 75 - 77;26 - 36 - 40 - 41 - 42 - 56 - 65 - 71 - 85 - 88;;;;
34595;DISPONIBLE;23 - 30 - 33 - 35 - 39 - 42 - 44 - 49 - 73 - 78;01 - 07 - 16 - 19 - 47 - 57 - 58 - 67 - 68 - 76;;;;
34596;DISPONIBLE;03 - 05 - 07 - 10 - 35 - 40 - 45 - 60 - 82 - 90;07 - 17 - 25 - 27 - 46 - 47 - 48 - 54 - 73 - 77;;;;
34597;DISPONIBLE;27 - 28 - 31 - 33 - 46 - 63 - 70 - 75 - 78 - 90;14 - 15 - 28 - 40 - 48 - 57 - 59 - 65 - 76 - 84;;;;
34598;DISPONIBLE;03 - 26 - 28 - 34 - 36 - 37 - 48 - 51 - 62 - 86;05 - 11 - 20 - 23 - 25 - 28 - 70 - 77 - 78 - 83;;;;
34599;DISPONIBLE;03 - 04 - 11 - 14 - 23 - 39 - 42 - 53 - 55 - 79;04 - 07 - 37 - 39 - 41 - 47 - 51 - 66 - 78 - 88;;;;
34600;DISPONIBLE;13 - 26 - 30 - 33 - 37 - 40 - 54 - 60 - 84 - 90;21 - 43 - 46 - 60 - 64 - 66 - 68 - 73 - 75 - 80;;;;
34601;DISPONIBLE;03 - 07 - 08 - 13 - 28 - 30 - 44 - 50 - 86 - 89;04 - 07 - 21 - 27 - 42 - 54 - 60 - 70 - 73 - 77;;;;
34602;DISPONIBLE;02 - 11 - 13 - 19 - 34 - 50 - 55 - 61 - 62 - 87;06 - 08 - 18 - 24 - 34 - 38 - 40 - 50 - 52 - 84;;;;
34603;DISPONIBLE;13 - 15 - 19 - 21 - 37 - 41 - 52 - 68 - 72 - 87;09 - 48 - 52 - 54 - 55 - 60 - 63 - 70 - 72 - 74;;;;
34604;DISPONIBLE;02 - 07 - 31 - 35 - 37 - 51 - 55 - 68 - 86 - 89;04 - 06 - 24 - 25 - 29 - 38 - 48 - 49 - 71 - 85;;;;
34605;DISPONIBLE;16 - 21 - 35 - 37 - 47 - 48 - 58 - 64 - 65 - 87;08 - 17 - 19 - 30 - 39 - 67 - 73 - 76 - 79 - 82;;;;
34606;DISPONIBLE;02 - 07 - 10 - 14 - 19 - 32 - 45 - 46 - 53 - 59;02 - 05 - 12 - 18 - 35 - 36 - 37 - 62 - 76 - 79;;;;
34607;DISPONIBLE;05 - 06 - 07 - 10 - 48 - 58 - 60 - 66 - 67 - 85;01 - 02 - 04 - 27 - 40 - 48 - 63 - 67 - 81 - 87;;;;
34608;DISPONIBLE;04 - 19 - 20 - 25 - 38 - 42 - 50 - 66 - 74 - 76;01 - 03 - 12 - 17 - 51 - 57 - 61 - 69 - 76 - 88;;;;
34609;DISPONIBLE;04 - 17 - 30 - 40 - 43 - 44 - 55 - 58 - 64 - 79;19 - 29 - 37 - 42 - 59 - 61 - 63 - 76 - 79 - 87;;;;
34610;DISPONIBLE;02 - 18 - 24 - 34 - 37 - 47 - 62 - 69 - 80 - 87;07 - 09 - 10 - 13 - 15 - 34 - 42 - 50 - 51 - 78;;;;
34611;DISPONIBLE;02 - 04 - 15 - 16 - 27 - 41 - 62 - 75 - 83 - 88;12 - 18 - 21 - 25 - 29 - 42 - 49 - 73 - 76 - 82;;;;
34612;DISPONIBLE;05 - 11 - 23 - 34 - 43 - 47 - 61 - 63 - 75 - 89;01 - 02 - 05 - 28 - 31 - 47 - 54 - 73 - 78 - 88;;;;
34613;DISPONIBLE;10 - 31 - 38 - 56 - 61 - 63 - 69 - 70 - 77 - 78;02 - 12 - 22 - 32 - 34 - 37 - 46 - 53 - 78 - 80;;;;
34614;DISPONIBLE;08 - 09 - 17 - 39 - 59 - 60 - 73 - 74 - 84 - 88;07 - 10 - 13 - 46 - 49 - 60 - 64 - 72 - 73 - 74;;;;
34615;DISPONIBLE;03 - 05 - 09 - 19 - 22 - 26 - 35 - 57 - 70 - 89;12 - 19 - 23 - 25 - 32 - 35 - 45 - 48 - 59 - 61;;;;
34616;DISPONIBLE;05 - 24 - 26 - 27 - 30 - 32 - 41 - 64 - 66 - 80;01 - 03 - 17 - 20 - 22 - 31 - 77 - 81 - 85 - 90;;;;
34617;DISPONIBLE;04 - 06 - 14 - 25 - 49 - 53 - 55 - 64 - 86 - 87;01 - 05 - 09 - 26 - 27 - 34 - 39 - 47 - 79 - 90;;;;
34618;DISPONIBLE;01 - 05 - 28 - 37 - 68 - 69 - 75 - 83 - 84 - 89;09 - 10 - 11 - 15 - 23 - 29 - 40 - 46 - 49 - 62;;;;
34619;DISPONIBLE;01 - 06 - 14 - 43 - 62 - 64 - 66 - 78 - 81 - 83;14 - 29 - 30 - 44 - 46 - 47 - 50 - 68 - 70 - 85;;;;
34620;DISPONIBLE;09 - 10 - 16 - 27 - 33 - 61 - 64 - 73 - 74 - 79;03 - 25 - 33 - 35 - 36 - 38 - 42 - 43 - 51 - 76;;;;
34621;DISPONIBLE;14 - 23 - 34 - 44 - 46 - 54 - 55 - 58 - 66 - 90;08 - 25 - 31 - 37 - 40 - 50 - 53 - 76 - 77 - 87;;;;
34622;DISPONIBLE;04 - 12 - 32 - 34 - 36 - 38 - 44 - 58 - 84 - 88;09 - 11 - 28 - 41 - 45 - 48 - 51 - 57 - 64 - 88;;;;
34623;DISPONIBLE;03 - 04 - 10 - 13 - 36 - 54 - 60 - 71 - 81 - 89;02 - 22 - 38 - 39 - 40 - 42 - 48 - 61 - 66 - 90;;;;
34624;DISPONIBLE;01 - 03 - 04 - 21 - 22 - 32 - 35 - 37 - 44 - 68;03 - 14 - 19 - 26 - 52 - 54 - 58 - 59 - 67 - 87;;;;
34625;DISPONIBLE;01 - 12 - 15 - 24 - 41 - 49 - 59 - 69 - 73 - 86;14 - 17 - 24 - 25 - 26 - 51 - 60 - 69 - 81 - 82;;;;
34626;DISPONIBLE;03 - 15 - 30 - 33 - 43 - 45 - 53 - 62 - 69 - 88;29 - 32 - 36 - 57 - 70 - 71 - 72 - 73 - 79 - 80;;;;
34627;DISPONIBLE;04 - 05 - 16 - 29 - 39 - 46 - 70 - 77 - 83 - 90;09 - 31 - 32 - 34 - 39 - 49 - 53 - 66 - 72 - 77;;;;
34628;DISPONIBLE;04 - 22 - 36 - 40 - 43 - 45 - 48 - 59 - 69 - 87;21 - 24 - 26 - 47 - 50 - 54 - 68 - 76 - 84 - 85;;;;
34629;DISPONIBLE;08 - 21 - 26 - 30 - 49 - 56 - 64 - 73 - 75 - 89;04 - 06 - 21 - 32 - 53 - 59 - 63 - 66 - 77 - 78;;;;
34630;DISPONIBLE;14 - 21 - 23 - 25 - 32 - 34 - 51 - 76 - 78 - 81;07 - 30 - 34 - 39 - 43 - 51 - 55 - 67 - 77 - 84;;;;
34631;DISPONIBLE;08 - 37 - 41 - 42 - 46 - 47 - 52 - 64 - 67 - 79;07 - 32 - 35 - 49 - 53 - 59 - 62 - 67 - 78 - 88;;;;
34632;DISPONIBLE;14 - 16 - 21 - 36 - 48 - 63 - 74 - 79 - 81 - 86;05 - 16 - 20 - 28 - 46 - 55 - 62 - 65 - 77 - 83;;;;
34633;DISPONIBLE;01 - 09 - 10 - 29 - 35 - 44 - 59 - 80 - 83 - 86;02 - 12 - 29 - 34 - 58 - 61 - 71 - 73 - 75 - 77;;;;
34634;DISPONIBLE;30 - 33 - 43 - 52 - 58 - 63 - 65 - 70 - 78 - 86;04 - 23 - 25 - 48 - 54 - 57 - 78 - 80 - 84 - 87;;;;
34635;DISPONIBLE;14 - 29 - 32 - 37 - 41 - 64 - 67 - 70 - 73 - 90;15 - 27 - 29 - 32 - 43 - 45 - 53 - 62 - 68 - 74;;;;
34636;DISPONIBLE;10 - 13 - 22 - 54 - 62 - 69 - 71 - 72 - 73 - 79;10 - 14 - 31 - 33 - 40 - 44 - 55 - 57 - 77 - 78;;;;
34637;DISPONIBLE;03 - 17 - 18 - 19 - 48 - 63 - 67 - 69 - 74 - 84;09 - 22 - 23 - 24 - 52 - 60 - 62 - 79 - 83 - 87;;;;
34638;DISPONIBLE;13 - 14 - 20 - 25 - 30 - 37 - 69 - 71 - 82 - 87;05 - 08 - 15 - 18 - 37 - 41 - 44 - 60 - 85 - 88;;;;
34639;DISPONIBLE;31 - 33 - 36 - 38 - 42 - 56 - 71 - 74 - 76 - 82;05 - 07 - 11 - 16 - 34 - 40 - 52 - 68 - 71 - 87;;;;
34640;DISPONIBLE;09 - 14 - 17 - 24 - 27 - 60 - 61 - 78 - 79 - 83;19 - 21 - 35 - 46 - 53 - 59 - 75 - 78 - 87 - 89;;;;
34641;DISPONIBLE;13 - 41 - 44 - 61 - 63 - 69 - 71 - 81 - 82 - 90;03 - 06 - 12 - 36 - 39 - 46 - 53 - 60 - 85 - 90;;;;
34642;DISPONIBLE;33 - 38 - 46 - 48 - 53 - 57 - 59 - 65 - 70 - 79;18 - 23 - 43 - 48 - 50 - 56 - 57 - 76 - 79 - 87;;;;
34643;DISPONIBLE;14 - 17 - 25 - 36 - 49 - 59 - 69 - 74 - 76 - 77;01 - 06 - 20 - 22 - 39 - 46 - 62 - 77 - 80 - 88;;;;
34644;DISPONIBLE;01 - 06 - 16 - 23 - 26 - 45 - 48 - 53 - 65 - 87;13 - 14 - 20 - 29 - 35 - 45 - 46 - 60 - 75 - 81;;;;
34645;DISPONIBLE;04 - 15 - 36 - 37 - 42 - 63 - 68 - 73 - 77 - 78;05 - 21 - 41 - 44 - 57 - 68 - 72 - 77 - 83 - 88;;;;
34646;DISPONIBLE;01 - 08 - 09 - 13 - 15 - 32 - 36 - 49 - 66 - 67;01 - 11 - 14 - 32 - 43 - 46 - 54 - 64 - 67 - 73;;;;
34647;DISPONIBLE;07 - 15 - 36 - 42 - 45 - 51 - 58 - 65 - 81 - 84;04 - 17 - 19 - 20 - 22 - 31 - 32 - 38 - 63 - 90;;;;
34648;DISPONIBLE;03 - 06 - 28 - 31 - 41 - 49 - 50 - 77 - 78 - 80;01 - 12 - 23 - 31 - 33 - 35 - 48 - 50 - 60 - 61;;;;
34649;DISPONIBLE;26 - 39 - 50 - 55 - 57 - 61 - 62 - 80 - 84 - 85;18 - 25 - 48 - 54 - 65 - 70 - 71 - 76 - 77 - 79;;;;
34650;DISPONIBLE;05 - 06 - 17 - 20 - 22 - 24 - 53 - 66 - 83 - 90;14 - 20 - 41 - 46 - 67 - 68 - 75 - 76 - 80 - 90;;;;
34651;DISPONIBLE;07 - 09 - 36 - 41 - 55 - 66 - 73 - 84 - 86 - 90;11 - 13 - 16 - 18 - 30 - 53 - 67 - 69 - 77 - 84;;;;
34652;DISPONIBLE;05 - 10 - 13 - 32 - 47 - 55 - 59 - 71 - 74 - 84;04 - 33 - 41 - 43 - 48 - 56 - 65 - 67 - 69 - 76;;;;
34653;DISPONIBLE;08 - 15 - 23 - 33 - 36 - 42 - 46 - 48 - 62 - 88;05 - 24 - 38 - 39 - 40 - 61 - 63 - 65 - 74 - 88;;;;
34654;DISPONIBLE;17 - 27 - 35 - 43 - 66 - 75 - 79 - 82 - 85 - 86;01 - 07 - 14 - 26 - 27 - 46 - 51 - 55 - 72 - 87;;;;
34655;DISPONIBLE;34 - 39 - 43 - 62 - 64 - 67 - 72 - 76 - 79 - 85;02 - 10 - 12 - 20 - 22 - 29 - 49 - 52 - 80 - 87;;;;
34656;DISPONIBLE;08 - 22 - 24 - 64 - 68 - 74 - 76 - 80 - 83 - 88;22 - 27 - 37 - 44 - 47 - 61 - 66 - 68 - 73 - 80;;;;
34657;DISPONIBLE;01 - 16 - 18 - 24 - 38 - 47 - 48 - 51 - 64 - 85;10 - 13 - 31 - 35 - 47 - 53 - 57 - 59 - 72 - 87;;;;
34658;DISPONIBLE;20 - 23 - 31 - 37 - 38 - 42 - 55 - 60 - 83 - 87;04 - 13 - 29 - 46 - 62 - 64 - 65 - 66 - 74 - 79;;;;
34659;DISPONIBLE;21 - 46 - 51 - 53 - 56 - 71 - 75 - 78 - 80 - 90;07 - 12 - 19 - 37 - 43 - 44 - 55 - 59 - 67 - 86;;;;
34660;DISPONIBLE;10 - 20 - 27 - 39 - 44 - 54 - 62 - 64 - 68 - 74;14 - 16 - 35 - 44 - 54 - 68 - 78 - 80 - 82 - 89;;;;
34661;DISPONIBLE;06 - 07 - 13 - 30 - 35 - 55 - 60 - 73 - 74 - 77;11 - 33 - 42 - 52 - 53 - 57 - 65 - 70 - 73 - 80;;;;
34662;DISPONIBLE;06 - 13 - 14 - 21 - 37 - 38 - 57 - 62 - 84 - 90;25 - 31 - 37 - 38 - 50 - 59 - 60 - 70 - 80 - 88;;;;
34663;DISPONIBLE;31 - 34 - 51 - 57 - 61 - 63 - 69 - 73 - 82 - 89;08 - 16 - 20 - 29 - 41 - 48 - 55 - 56 - 61 - 86;;;;
34664;DISPONIBLE;20 - 21 - 31 - 42 - 57 - 59 - 72 - 82 - 85 - 88;10 - 12 - 27 - 28 - 40 - 42 - 46 - 58 - 77 - 79;;;;
34665;DISPONIBLE;06 - 14 - 15 - 33 - 37 - 41 - 45 - 63 - 68 - 85;01 - 02 - 17 - 23 - 52 - 53 - 55 - 63 - 75 - 80;;;;
34666;DISPONIBLE;01 - 05 - 07 - 10 - 22 - 32 - 49 - 62 - 67 - 86;12 - 24 - 26 - 33 - 34 - 51 - 81 - 83 - 84 - 87;;;;
34667;DISPONIBLE;06 - 15 - 16 - 26 - 37 - 41 - 54 - 75 - 86 - 89;12 - 13 - 16 - 24 - 32 - 40 - 47 - 50 - 56 - 90;;;;
34668;DISPONIBLE;02 - 06 - 22 - 24 - 48 - 49 - 56 - 58 - 76 - 78;03 - 10 - 12 - 29 - 36 - 39 - 57 - 62 - 63 - 83;;;;
34669;DISPONIBLE;02 - 05 - 13 - 20 - 32 - 38 - 49 - 64 - 74 - 75;02 - 07 - 08 - 25 - 35 - 42 - 48 - 67 - 84 - 87;;;;
34670;DISPONIBLE;06 - 17 - 30 - 31 - 35 - 36 - 57 - 60 - 72 - 90;03 - 09 - 20 - 24 - 30 - 48 - 50 - 72 - 78 - 79;;;;
34671;DISPONIBLE;19 - 44 - 48 - 52 - 54 - 78 - 80 - 81 - 82 - 90;03 - 12 - 27 - 41 - 48 - 60 - 70 - 78 - 80 - 89;;;;
34672;DISPONIBLE;09 - 22 - 39 - 46 - 56 - 60 - 61 - 64 - 73 - 76;14 - 31 - 42 - 44 - 45 - 49 - 57 - 63 - 80 - 87;;;;
34673;DISPONIBLE;04 - 09 - 24 - 33 - 51 - 71 - 72 - 78 - 79 - 85;13 - 23 - 24 - 26 - 49 - 53 - 58 - 63 - 87 - 88;;;;
34674;DISPONIBLE;29 - 32 - 35 - 46 - 50 - 55 - 56 - 57 - 63 - 65;03 - 08 - 10 - 21 - 35 - 38 - 43 - 48 - 51 - 71;;;;
34675;DISPONIBLE;02 - 04 - 09 - 20 - 24 - 29 - 38 - 48 - 63 - 77;38 - 47 - 49 - 63 - 73 - 80 - 81 - 84 - 86 - 90;;;;
34676;DISPONIBLE;08 - 09 - 16 - 18 - 50 - 54 - 57 - 63 - 67 - 78;24 - 28 - 29 - 30 - 34 - 39 - 40 - 52 - 80 - 88;;;;
34677;DISPONIBLE;02 - 04 - 05 - 06 - 26 - 31 - 33 - 44 - 68 - 82;14 - 17 - 24 - 34 - 35 - 42 - 49 - 61 - 71 - 74;;;;
34678;DISPONIBLE;04 - 20 - 23 - 26 - 44 - 50 - 53 - 70 - 76 - 89;01 - 14 - 21 - 36 - 42 - 44 - 47 - 64 - 82 - 87;;;;
34679;DISPONIBLE;04 - 07 - 13 - 16 - 33 - 36 - 52 - 56 - 67 - 88;10 - 13 - 31 - 34 - 37 - 39 - 42 - 58 - 78 - 82;;;;
34680;DISPONIBLE;24 - 29 - 41 - 43 - 55 - 57 - 70 - 71 - 79 - 89;02 - 07 - 11 - 20 - 22 - 28 - 40 - 50 - 59 - 77;;;;
34681;DISPONIBLE;09 - 14 - 41 - 48 - 53 - 61 - 74 - 75 - 78 - 87;04 - 10 - 28 - 38 - 39 - 58 - 62 - 64 - 67 - 72;;;;
34682;DISPONIBLE;12 - 13 - 19 - 23 - 40 - 53 - 63 - 73 - 80 - 85;11 - 29 - 31 - 42 - 45 - 47 - 68 - 70 - 74 - 80;;;;
34683;DISPONIBLE;13 - 15 - 53 - 56 - 62 - 65 - 75 - 76 - 82 - 85;05 - 21 - 30 - 31 - 36 - 40 - 50 - 55 - 68 - 76;;;;
34684;DISPONIBLE;06 - 16 - 22 - 26 - 67 - 70 - 73 - 80 - 84 - 89;01 - 11 - 21 - 22 - 32 - 41 - 50 - 55 - 63 - 86;;;;
34685;DISPONIBLE;15 - 17 - 22 - 31 - 32 - 40 - 74 - 77 - 80 - 87;04 - 25 - 26 - 48 - 54 - 56 - 57 - 60 - 68 - 89;;;;
34686;DISPONIBLE;03 - 05 - 08 - 18 - 42 - 43 - 48 - 54 - 64 - 80;03 - 17 - 21 - 29 - 42 - 50 - 65 - 73 - 77 - 83;;;;
34687;DISPONIBLE;03 - 04 - 25 - 26 - 29 - 32 - 42 - 50 - 77 - 87;21 - 22 - 38 - 54 - 57 - 63 - 64 - 79 - 88 - 90;;;;
34688;DISPONIBLE;36 - 50 - 52 - 54 - 67 - 73 - 77 - 78 - 84 - 88;14 - 19 - 37 - 42 - 52 - 56 - 57 - 62 - 68 - 79;;;;
34689;DISPONIBLE;01 - 03 - 07 - 35 - 37 - 58 - 63 - 65 - 67 - 70;13 - 27 - 41 - 50 - 52 - 60 - 62 - 66 - 71 - 84;;;;
34690;DISPONIBLE;03 - 10 - 15 - 29 - 31 - 35 - 53 - 58 - 87 - 90;15 - 20 - 21 - 34 - 37 - 46 - 64 - 72 - 83 - 86;;;;
34691;DISPONIBLE;04 - 22 - 40 - 46 - 47 - 52 - 53 - 54 - 65 - 81;08 - 09 - 16 - 33 - 36 - 39 - 42 - 57 - 67 - 76;;;;
34692;DISPONIBLE;14 - 15 - 20 - 22 - 29 - 32 - 43 - 47 - 71 - 77;09 - 14 - 37 - 43 - 48 - 63 - 73 - 79 - 80 - 86;;;;
34693;DISPONIBLE;05 - 20 - 21 - 27 - 42 - 45 - 46 - 58 - 62 - 66;01 - 16 - 33 - 40 - 49 - 61 - 69 - 79 - 87 - 88;;;;
34694;DISPONIBLE;05 - 17 - 20 - 23 - 42 - 44 - 59 - 62 - 77 - 85;03 - 09 - 12 - 30 - 34 - 48 - 59 - 68 - 80 - 88;;;;
34695;DISPONIBLE;18 - 21 - 30 - 38 - 47 - 48 - 51 - 58 - 83 - 86;23 - 25 - 28 - 42 - 47 - 48 - 62 - 70 - 72 - 88;;;;
34696;DISPONIBLE;05 - 16 - 30 - 34 - 44 - 56 - 67 - 69 - 74 - 88;06 - 26 - 29 - 33 - 37 - 40 - 53 - 76 - 77 - 87;;;;
34697;DISPONIBLE;16 - 19 - 27 - 30 - 58 - 71 - 73 - 74 - 78 - 84;06 - 07 - 10 - 29 - 42 - 47 - 51 - 55 - 61 - 85;;;;
34698;DISPONIBLE;18 - 20 - 26 - 31 - 38 - 71 - 74 - 82 - 88 - 89;12 - 18 - 31 - 39 - 51 - 53 - 61 - 63 - 75 - 86;;;;
34699;DISPONIBLE;22 - 23 - 27 - 31 - 33 - 35 - 42 - 47 - 55 - 79;01 - 05 - 06 - 49 - 53 - 76 - 82 - 84 - 86 - 89;;;;
34700;DISPONIBLE;06 - 21 - 29 - 44 - 46 - 57 - 72 - 79 - 80 - 87;07 - 09 - 12 - 31 - 32 - 34 - 66 - 73 - 76 - 90;;;;
34701;DISPONIBLE;02 - 26 - 32 - 39 - 42 - 47 - 58 - 68 - 74 - 89;17 - 23 - 40 - 41 - 44 - 47 - 50 - 52 - 61 - 70;;;;
34702;DISPONIBLE;05 - 14 - 20 - 26 - 27 - 49 - 58 - 66 - 75 - 85;17 - 24 - 25 - 31 - 32 - 39 - 40 - 80 - 82 - 88;;;;
34703;DISPONIBLE;02 - 17 - 27 - 40 - 50 - 54 - 66 - 71 - 83 - 85;02 - 28 - 34 - 42 - 50 - 57 - 59 - 74 - 83 - 84;;;;
34704;DISPONIBLE;05 - 08 - 10 - 27 - 32 - 39 - 48 - 53 - 72 - 87;01 - 22 - 25 - 39 - 48 - 58 - 74 - 81 - 83 - 87;;;;
34705;DISPONIBLE;22 - 31 - 40 - 51 - 53 - 57 - 65 - 76 - 82 - 85;10 - 12 - 16 - 18 - 23 - 26 - 35 - 47 - 50 - 83;;;;
34706;DISPONIBLE;11 - 13 - 26 - 42 - 44 - 50 - 56 - 60 - 67 - 79;03 - 06 - 09 - 16 - 21 - 31 - 49 - 60 - 68 - 79;;;;
34707;DISPONIBLE;02 - 06 - 12 - 26 - 37 - 39 - 43 - 46 - 77 - 88;13 - 22 - 34 - 41 - 60 - 62 - 63 - 64 - 85 - 90;;;;
34708;DISPONIBLE;03 - 23 - 33 - 45 - 47 - 62 - 66 - 68 - 72 - 89;01 - 02 - 14 - 22 - 32 - 66 - 68 - 72 - 82 - 84;;;;
34709;DISPONIBLE;13 - 16 - 38 - 53 - 69 - 73 - 78 - 80 - 82 - 88;07 - 13 - 33 - 36 - 46 - 53 - 57 - 79 - 85 - 86;;;;
34710;DISPONIBLE;02 - 04 - 38 - 39 - 49 - 54 - 60 - 64 - 74 - 82;02 - 03 - 11 - 25 - 36 - 49 - 54 - 66 - 67 - 84;;;;
34711;DISPONIBLE;04 - 05 - 43 - 49 - 57 - 60 - 69 - 72 - 78 - 85;04 - 22 - 23 - 24 - 30 - 31 - 49 - 58 - 60 - 89;;;;
34712;DISPONIBLE;08 - 27 - 37 - 59 - 65 - 75 - 76 - 77 - 79 - 90;04 - 09 - 11 - 17 - 22 - 25 - 35 - 69 - 73 - 74;;;;
34713;DISPONIBLE;08 - 14 - 19 - 39 - 45 - 57 - 71 - 74 - 75 - 77;10 - 13 - 23 - 30 - 34 - 51 - 58 - 65 - 82 - 90;;;;
34714;DISPONIBLE;02 - 08 - 10 - 12 - 27 - 36 - 42 - 45 - 64 - 69;07 - 11 - 13 - 16 - 19 - 24 - 30 - 53 - 57 - 89;;;;
34715;DISPONIBLE;02 - 08 - 12 - 15 - 23 - 37 - 38 - 50 - 74 - 84;02 - 07 - 47 - 62 - 66 - 69 - 78 - 83 - 86 - 88;;;;
34716;DISPONIBLE;04 - 08 - 15 - 16 - 19 - 22 - 50 - 61 - 69 - 82;28 - 29 - 38 - 40 - 41 - 46 - 51 - 53 - 60 - 81;;;;
34717;DISPONIBLE;04 - 07 - 32 - 47 - 49 - 58 - 61 - 73 - 87 - 90;02 - 08 - 14 - 32 - 33 - 52 - 54 - 66 - 68 - 76;;;;
34718;DISPONIBLE;02 - 04 - 05 - 28 - 49 - 69 - 70 - 78 - 79 - 85;10 - 26 - 29 - 34 - 39 - 44 - 71 - 74 - 77 - 81;;;;
34719;DISPONIBLE;21 - 33 - 43 - 48 - 51 - 57 - 58 - 80 - 87 - 88;07 - 22 - 43 - 47 - 49 - 54 - 55 - 67 - 76 - 79;;;;
34720;DISPONIBLE;02 - 04 - 06 - 14 - 58 - 66 - 67 - 70 - 72 - 83;09 - 25 - 29 - 32 - 49 - 53 - 68 - 70 - 74 - 84;;;;
34721;DISPONIBLE;20 - 22 - 23 - 25 - 34 - 44 - 50 - 55 - 59 - 70;22 - 27 - 41 - 48 - 53 - 55 - 60 - 69 - 70 - 71;;;;
34722;DISPONIBLE;07 - 19 - 21 - 25 - 27 - 30 - 31 - 43 - 44 - 54;08 - 16 - 23 - 25 - 28 - 30 - 37 - 39 - 46 - 89;;;;
34723;DISPONIBLE;08 - 11 - 13 - 47 - 49 - 55 - 69 - 70 - 80 - 82;05 - 08 - 27 - 33 - 42 - 47 - 57 - 73 - 79 - 80;;;;
34724;DISPONIBLE;09 - 17 - 25 - 33 - 51 - 55 - 57 - 65 - 78 - 89;03 - 04 - 22 - 35 - 54 - 62 - 69 - 73 - 77 - 84;;;;
34725;DISPONIBLE;10 - 17 - 23 - 26 - 33 - 47 - 56 - 78 - 79 - 90;17 - 26 - 30 - 48 - 62 - 63 - 71 - 72 - 76 - 79;;;;
34726;DISPONIBLE;12 - 16 - 17 - 29 - 49 - 54 - 56 - 60 - 61 - 81;04 - 13 - 26 - 36 - 58 - 59 - 60 - 65 - 78 - 81;;;;
34727;DISPONIBLE;04 - 18 - 23 - 32 - 40 - 52 - 61 - 70 - 77 - 78;06 - 28 - 30 - 47 - 48 - 50 - 61 - 72 - 80 - 81;;;;
34728;DISPONIBLE;07 - 12 - 15 - 25 - 28 - 52 - 56 - 58 - 85 - 87;01 - 09 - 10 - 19 - 28 - 42 - 61 - 73 - 79 - 90;;;;
34729;DISPONIBLE;05 - 09 - 11 - 30 - 43 - 52 - 57 - 58 - 78 - 89;09 - 10 - 21 - 25 - 36 - 39 - 46 - 50 - 59 - 62;;;;
34730;DISPONIBLE;20 - 32 - 37 - 39 - 52 - 55 - 66 - 73 - 81 - 82;24 - 27 - 31 - 37 - 49 - 68 - 77 - 78 - 80 - 83;;;;
34731;DISPONIBLE;11 - 23 - 37 - 43 - 53 - 69 - 73 - 77 - 81 - 85;16 - 19 - 20 - 27 - 30 - 41 - 51 - 53 - 78 - 87;;;;
34732;DISPONIBLE;07 - 13 - 17 - 25 - 26 - 27 - 28 - 45 - 64 - 79;07 - 34 - 55 - 59 - 64 - 76 - 77 - 85 - 88 - 90;;;;
34733;DISPONIBLE;10 - 12 - 24 - 30 - 42 - 63 - 70 - 74 - 83 - 89;02 - 22 - 24 - 35 - 37 - 56 - 67 - 77 - 83 - 90;;;;
34734;DISPONIBLE;01 - 18 - 23 - 31 - 35 - 36 - 39 - 62 - 76 - 82;04 - 11 - 38 - 40 - 43 - 60 - 63 - 67 - 80 - 85;;;;
34735;DISPONIBLE;10 - 15 - 22 - 25 - 26 - 33 - 65 - 79 - 88 - 89;14 - 26 - 28 - 32 - 33 - 54 - 66 - 77 - 78 - 89;;;;
34736;DISPONIBLE;14 - 20 - 24 - 31 - 33 - 37 - 43 - 46 - 82 - 89;05 - 10 - 24 - 32 - 36 - 46 - 56 - 63 - 81 - 88;;;;
34737;DISPONIBLE;17 - 21 - 23 - 25 - 42 - 65 - 69 - 78 - 84 - 89;04 - 17 - 30 - 31 - 40 - 58 - 63 - 65 - 66 - 75;;;;
34738;DISPONIBLE;02 - 07 - 20 - 27 - 36 - 51 - 73 - 79 - 81 - 83;01 - 11 - 16 - 19 - 36 - 49 - 52 - 72 - 73 - 81;;;;
34739;DISPONIBLE;04 - 10 - 24 - 29 - 35 - 60 - 67 - 75 - 85 - 86;02 - 06 - 09 - 18 - 39 - 40 - 55 - 73 - 76 - 78;;;;
34740;DISPONIBLE;12 - 18 - 28 - 30 - 37 - 40 - 45 - 48 - 75 - 84;02 - 14 - 15 - 21 - 22 - 33 - 40 - 57 - 75 - 88;;;;
34741;DISPONIBLE;11 - 19 - 22 - 35 - 50 - 54 - 63 - 66 - 76 - 84;04 - 16 - 49 - 58 - 61 - 62 - 64 - 65 - 67 - 68;;;;
34742;DISPONIBLE;17 - 26 - 33 - 38 - 42 - 50 - 57 - 66 - 70 - 81;07 - 15 - 16 - 24 - 26 - 44 - 47 - 67 - 85 - 88;;;;
34743;DISPONIBLE;18 - 25 - 26 - 55 - 58 - 73 - 74 - 79 - 82 - 84;12 - 13 - 17 - 22 - 25 - 30 - 33 - 37 - 59 - 78;;;;
34744;DISPONIBLE;02 - 04 - 09 - 23 - 28 - 33 - 50 - 64 - 67 - 68;10 - 11 - 14 - 36 - 49 - 57 - 58 - 60 - 74 - 79;;;;
34745;DISPONIBLE;10 - 37 - 39 - 41 - 48 - 61 - 62 - 68 - 74 - 77;11 - 14 - 18 - 26 - 29 - 30 - 46 - 72 - 80 - 90;;;;
34746;DISPONIBLE;18 - 21 - 29 - 36 - 46 - 51 - 65 - 74 - 76 - 80;05 - 07 - 12 - 15 - 18 - 25 - 26 - 31 - 41 - 45;;;;
34747;DISPONIBLE;15 - 25 - 26 - 32 - 39 - 41 - 60 - 63 - 67 - 77;09 - 13 - 44 - 45 - 57 - 61 - 62 - 80 - 82 - 86;;;;
34748;DISPONIBLE;07 - 18 - 21 - 43 - 46 - 60 - 61 - 71 - 74 - 79;06 - 08 - 24 - 33 - 47 - 48 - 73 - 80 - 81 - 83;;;;
34749;DISPONIBLE;04 - 06 - 08 - 14 - 21 - 44 - 53 - 71 - 75 - 82;03 - 14 - 17 - 23 - 25 - 42 - 43 - 46 - 74 - 78;;;;
34750;DISPONIBLE;09 - 22 - 26 - 30 - 35 - 67 - 69 - 74 - 76 - 89;36 - 37 - 42 - 54 - 55 - 56 - 58 - 61 - 75 - 83;;;;
34751;DISPONIBLE;10 - 28 - 32 - 40 - 43 - 56 - 58 - 62 - 80 - 82;13 - 14 - 16 - 26 - 28 - 40 - 65 - 67 - 74 - 81;;;;
34752;DISPONIBLE;04 - 14 - 24 - 34 - 50 - 57 - 64 - 81 - 83 - 87;24 - 35 - 44 - 50 - 53 - 63 - 73 - 83 - 89 - 90;;;;
34753;DISPONIBLE;12 - 13 - 18 - 22 - 29 - 39 - 50 - 61 - 78 - 90;10 - 22 - 25 - 34 - 35 - 36 - 37 - 39 - 62 - 81;;;;
34754;DISPONIBLE;03 - 16 - 24 - 25 - 37 - 38 - 53 - 62 - 64 - 90;10 - 29 - 33 - 34 - 39 - 50 - 55 - 71 - 77 - 80;;;;
34755;DISPONIBLE;08 - 20 - 50 - 56 - 60 - 62 - 68 - 71 - 80 - 87;10 - 11 - 15 - 33 - 35 - 40 - 41 - 62 - 67 - 77;;;;
34756;DISPONIBLE;06 - 22 - 31 - 34 - 54 - 56 - 76 - 78 - 81 - 87;05 - 15 - 22 - 30 - 32 - 38 - 41 - 42 - 55 - 69;;;;
34757;DISPONIBLE;07 - 10 - 22 - 24 - 34 - 39 - 64 - 76 - 81 - 82;04 - 12 - 24 - 26 - 29 - 30 - 35 - 44 - 48 - 84;;;;
34758;DISPONIBLE;02 - 19 - 28 - 44 - 61 - 66 - 67 - 69 - 74 - 85;22 - 27 - 30 - 38 - 47 - 52 - 63 - 70 - 74 - 83;;;;
34759;DISPONIBLE;05 - 28 - 40 - 50 - 54 - 64 - 70 - 73 - 77 - 84;03 - 13 - 18 - 23 - 31 - 37 - 44 - 68 - 72 - 88;;;;
34760;DISPONIBLE;04 - 07 - 31 - 38 - 42 - 73 - 75 - 78 - 80 - 82;22 - 26 - 38 - 39 - 50 - 63 - 67 - 74 - 80 - 87;;;;
34761;DISPONIBLE;11 - 14 - 30 - 33 - 34 - 67 - 76 - 82 - 83 - 85;10 - 13 - 18 - 20 - 25 - 39 - 45 - 50 - 68 - 75;;;;
34762;DISPONIBLE;07 - 17 - 20 - 26 - 38 - 46 - 60 - 65 - 73 - 89;04 - 20 - 23 - 25 - 35 - 40 - 52 - 54 - 66 - 68;;;;
34763;DISPONIBLE;15 - 21 - 23 - 29 - 44 - 46 - 54 - 84 - 87 - 90;03 - 05 - 08 - 26 - 34 - 39 - 41 - 52 - 55 - 79;;;;
34764;DISPONIBLE;03 - 18 - 19 - 26 - 27 - 53 - 54 - 66 - 68 - 85;24 - 36 - 38 - 45 - 54 - 65 - 70 - 75 - 86 - 88;;;;
34765;DISPONIBLE;10 - 11 - 14 - 22 - 61 - 66 - 71 - 80 - 83 - 88;02 - 25 - 36 - 48 - 49 - 52 - 54 - 67 - 74 - 89;;;;
34766;DISPONIBLE;31 - 38 - 40 - 42 - 53 - 61 - 63 - 65 - 74 - 88;05 - 09 - 28 - 39 - 44 - 45 - 56 - 60 - 75 - 79;;;;
34767;DISPONIBLE;04 - 09 - 10 - 19 - 20 - 26 - 27 - 31 - 52 - 72;20 - 26 - 37 - 41 - 47 - 58 - 66 - 74 - 78 - 82;;;;
34768;DISPONIBLE;09 - 26 - 36 - 37 - 40 - 60 - 67 - 75 - 82 - 83;09 - 21 - 38 - 43 - 45 - 58 - 63 - 69 - 73 - 89;;;;
34769;DISPONIBLE;04 - 07 - 40 - 49 - 52 - 63 - 76 - 79 - 81 - 89;02 - 05 - 14 - 17 - 44 - 46 - 58 - 79 - 80 - 87;;;;
34770;DISPONIBLE;02 - 18 - 27 - 28 - 36 - 42 - 43 - 46 - 71 - 74;01 - 07 - 16 - 18 - 21 - 31 - 41 - 49 - 59 - 67;;;;
34771;DISPONIBLE;05 - 07 - 15 - 19 - 24 - 25 - 58 - 71 - 84 - 90;06 - 13 - 19 - 34 - 35 - 54 - 58 - 61 - 63 - 65;;;;
34772;DISPONIBLE;03 - 13 - 18 - 19 - 27 - 33 - 36 - 41 - 42 - 47;06 - 21 - 25 - 26 - 44 - 49 - 55 - 61 - 70 - 89;;;;
34773;DISPONIBLE;07 - 14 - 16 - 33 - 42 - 49 - 54 - 66 - 69 - 70;20 - 39 - 53 - 60 - 61 - 64 - 67 - 80 - 85 - 89;;;;
34774;DISPONIBLE;01 - 03 - 21 - 36 - 37 - 40 - 41 - 48 - 60 - 68;01 - 05 - 47 - 52 - 59 - 65 - 70 - 75 - 83 - 85;;;;
34775;DISPONIBLE;04 - 20 - 34 - 43 - 54 - 73 - 74 - 78 - 81 - 84;08 - 15 - 16 - 17 - 21 - 27 - 30 - 52 - 79 - 90;;;;
34776;DISPONIBLE;25 - 43 - 44 - 48 - 63 - 68 - 71 - 81 - 85 - 88;02 - 11 - 14 - 29 - 31 - 40 - 53 - 56 - 58 - 67;;;;
34777;DISPONIBLE;12 - 15 - 17 - 28 - 34 - 37 - 40 - 41 - 49 - 71;03 - 13 - 18 - 22 - 34 - 50 - 56 - 63 - 80 - 85;;;;
34778;DISPONIBLE;21 - 39 - 48 - 51 - 61 - 63 - 65 - 72 - 88 - 90;04 - 26 - 32 - 43 - 64 - 66 - 74 - 75 - 85 - 90;;;;
34779;DISPONIBLE;04 - 06 - 18 - 33 - 40 - 41 - 62 - 70 - 74 - 80;06 - 14 - 15 - 39 - 43 - 56 - 65 - 68 - 71 - 82;;;;
34780;DISPONIBLE;13 - 33 - 36 - 39 - 41 - 48 - 65 - 69 - 75 - 82;03 - 05 - 07 - 16 - 31 - 33 - 34 - 41 - 51 - 65;;;;
34781;DISPONIBLE;05 - 07 - 08 - 15 - 23 - 31 - 66 - 68 - 78 - 79;14 - 16 - 30 - 46 - 48 - 52 - 56 - 58 - 79 - 82;;;;
34782;DISPONIBLE;02 - 11 - 20 - 22 - 33 - 42 - 49 - 64 - 68 - 87;06 - 13 - 31 - 41 - 43 - 56 - 63 - 72 - 75 - 88;;;;
34783;DISPONIBLE;02 - 09 - 10 - 14 - 41 - 47 - 55 - 71 - 74 - 84;06 - 08 - 09 - 16 - 52 - 60 - 70 - 81 - 84 - 90;;;;
34784;DISPONIBLE;01 - 03 - 04 - 16 - 20 - 26 - 52 - 56 - 57 - 73;02 - 08 - 15 - 19 - 21 - 30 - 32 - 36 - 40 - 60;;;;
34785;DISPONIBLE;10 - 15 - 16 - 24 - 27 - 44 - 46 - 53 - 72 - 80;02 - 09 - 14 - 26 - 35 - 38 - 40 - 57 - 73 - 81;;;;
34786;DISPONIBLE;03 - 25 - 26 - 38 - 41 - 50 - 62 - 69 - 74 - 76;03 - 09 - 16 - 25 - 27 - 40 - 42 - 48 - 61 - 90;;;;
34787;DISPONIBLE;02 - 09 - 21 - 42 - 63 - 64 - 65 - 68 - 86 - 90;03 - 35 - 41 - 44 - 59 - 63 - 68 - 70 - 78 - 87;;;;
34788;DISPONIBLE;05 - 18 - 20 - 36 - 37 - 39 - 50 - 52 - 71 - 72;02 - 04 - 40 - 57 - 61 - 66 - 68 - 69 - 75 - 89;;;;
34789;DISPONIBLE;05 - 08 - 10 - 13 - 20 - 37 - 47 - 64 - 71 - 75;17 - 18 - 20 - 27 - 35 - 36 - 54 - 65 - 73 - 77;;;;
34790;DISPONIBLE;03 - 10 - 22 - 42 - 50 - 55 - 63 - 73 - 76 - 90;02 - 07 - 13 - 36 - 45 - 51 - 54 - 74 - 83 - 90;;;;
34791;DISPONIBLE;02 - 21 - 30 - 35 - 54 - 58 - 63 - 75 - 82 - 87;11 - 21 - 33 - 36 - 42 - 48 - 77 - 81 - 83 - 90;;;;
34792;DISPONIBLE;02 - 03 - 15 - 33 - 37 - 48 - 65 - 69 - 74 - 83;05 - 07 - 09 - 21 - 22 - 38 - 52 - 58 - 68 - 76;;;;
34793;DISPONIBLE;05 - 16 - 20 - 23 - 30 - 35 - 36 - 50 - 64 - 80;06 - 07 - 14 - 22 - 33 - 37 - 39 - 53 - 74 - 86;;;;
34794;DISPONIBLE;06 - 12 - 17 - 23 - 50 - 52 - 53 - 56 - 67 - 87;05 - 07 - 21 - 22 - 24 - 43 - 57 - 66 - 75 - 90;;;;
34795;DISPONIBLE;14 - 28 - 30 - 39 - 41 - 42 - 49 - 53 - 60 - 81;07 - 11 - 15 - 34 - 54 - 56 - 73 - 74 - 75 - 78;;;;
34796;DISPONIBLE;18 - 25 - 27 - 49 - 51 - 55 - 60 - 70 - 71 - 75;12 - 23 - 32 - 36 - 38 - 47 - 51 - 62 - 67 - 69;;;;
34797;DISPONIBLE;02 - 09 - 14 - 25 - 45 - 47 - 48 - 72 - 85 - 90;17 - 35 - 41 - 42 - 51 - 67 - 80 - 85 - 88 - 90;;;;
34798;DISPONIBLE;10 - 16 - 22 - 35 - 50 - 52 - 60 - 63 - 65 - 88;04 - 09 - 10 - 21 - 22 - 63 - 64 - 68 - 82 - 85;;;;
34799;DISPONIBLE;04 - 08 - 12 - 23 - 25 - 32 - 49 - 51 - 59 - 79;20 - 21 - 31 - 34 - 35 - 48 - 56 - 58 - 79 - 81;;;;
34800;DISPONIBLE;09 - 16 - 17 - 19 - 29 - 31 - 52 - 75 - 82 - 85;09 - 17 - 27 - 30 - 32 - 55 - 61 - 69 - 83 - 85;;;;
34801;DISPONIBLE;01 - 21 - 27 - 32 - 36 - 37 - 59 - 62 - 68 - 88;04 - 11 - 13 - 24 - 38 - 44 - 46 - 59 - 60 - 78;;;;
34802;DISPONIBLE;21 - 25 - 30 - 38 - 39 - 40 - 42 - 59 - 66 - 75;13 - 32 - 33 - 45 - 52 - 67 - 79 - 83 - 88 - 90;;;;
34803;DISPONIBLE;05 - 38 - 48 - 50 - 54 - 55 - 71 - 72 - 77 - 86;02 - 04 - 19 - 25 - 31 - 35 - 38 - 70 - 79 - 88;;;;
34804;DISPONIBLE;03 - 26 - 45 - 46 - 50 - 53 - 55 - 64 - 83 - 89;03 - 13 - 18 - 20 - 23 - 29 - 37 - 76 - 82 - 90;;;;
34805;DISPONIBLE;06 - 08 - 09 - 38 - 43 - 44 - 59 - 68 - 71 - 86;08 - 10 - 22 - 30 - 42 - 45 - 52 - 55 - 81 - 86;;;;
34806;DISPONIBLE;02 - 05 - 12 - 22 - 31 - 35 - 50 - 53 - 64 - 71;11 - 13 - 20 - 48 - 54 - 58 - 64 - 69 - 75 - 82;;;;
34807;DISPONIBLE;11 - 15 - 25 - 26 - 28 - 33 - 34 - 51 - 52 - 75;09 - 19 - 22 - 29 - 49 - 51 - 57 - 65 - 82 - 83;;;;
34808;DISPONIBLE;01 - 03 - 11 - 29 - 34 - 38 - 56 - 60 - 74 - 90;25 - 38 - 40 - 62 - 63 - 69 - 72 - 77 - 79 - 83;;;;
34809;DISPONIBLE;01 - 02 - 13 - 22 - 34 - 49 - 50 - 63 - 67 - 75;05 - 18 - 43 - 51 - 59 - 62 - 80 - 81 - 85 - 89;;;;
34810;DISPONIBLE;04 - 10 - 25 - 29 - 39 - 59 - 70 - 76 - 82 - 89;01 - 06 - 21 - 28 - 37 - 41 - 51 - 60 - 86 - 87;;;;
34811;DISPONIBLE;05 - 08 - 28 - 29 - 38 - 50 - 59 - 76 - 77 - 89;22 - 35 - 43 - 54 - 67 - 70 - 71 - 77 - 80 - 86;;;;
34812;DISPONIBLE;07 - 09 - 11 - 20 - 28 - 34 - 41 - 69 - 83 - 85;12 - 33 - 51 - 58 - 59 - 61 - 69 - 70 - 77 - 85;;;;
34813;DISPONIBLE;05 - 13 - 14 - 26 - 30 - 38 - 47 - 51 - 69 - 74;06 - 14 - 17 - 20 - 40 - 42 - 47 - 59 - 64 - 81;;;;
34814;DISPONIBLE;02 - 06 - 09 - 10 - 14 - 30 - 40 - 41 - 70 - 73;06 - 08 - 14 - 17 - 38 - 49 - 70 - 71 - 79 - 89;;;;
34815;DISPONIBLE;03 - 05 - 42 - 51 - 53 - 68 - 78 - 80 - 83 - 90;13 - 18 - 21 - 29 - 33 - 56 - 61 - 62 - 67 - 68;;;;
34816;DISPONIBLE;03 - 36 - 39 - 54 - 55 - 64 - 69 - 79 - 80 - 87;03 - 39 - 46 - 59 - 62 - 69 - 73 - 75 - 86 - 87;;;;
34817;DISPONIBLE;04 - 11 - 12 - 13 - 28 - 38 - 43 - 65 - 72 - 87;09 - 10 - 23 - 26 - 28 - 47 - 53 - 59 - 68 - 71;;;;
34818;DISPONIBLE;07 - 17 - 27 - 28 - 43 - 46 - 51 - 71 - 86 - 88;05 - 15 - 34 - 35 - 38 - 42 - 48 - 53 - 68 - 69;;;;
34819;DISPONIBLE;14 - 22 - 29 - 36 - 43 - 48 - 51 - 54 - 64 - 68;03 - 10 - 16 - 17 - 46 - 53 - 63 - 72 - 88 - 89;;;;
34820;DISPONIBLE;05 - 08 - 11 - 39 - 41 - 48 - 50 - 61 - 66 - 78;09 - 16 - 20 - 25 - 30 - 33 - 37 - 57 - 64 - 71;;;;
34821;DISPONIBLE;03 - 18 - 21 - 27 - 39 - 45 - 53 - 55 - 76 - 83;02 - 07 - 12 - 24 - 40 - 45 - 56 - 61 - 63 - 65;;;;
34822;DISPONIBLE;03 - 07 - 08 - 39 - 48 - 67 - 69 - 70 - 73 - 81;09 - 15 - 30 - 38 - 47 - 51 - 55 - 68 - 88 - 89;;;;
34823;DISPONIBLE;07 - 12 - 20 - 25 - 41 - 47 - 65 - 66 - 82 - 83;30 - 31 - 36 - 49 - 54 - 68 - 70 - 76 - 81 - 90;;;;
34824;DISPONIBLE;16 - 25 - 33 - 35 - 50 - 61 - 64 - 72 - 75 - 88;10 - 29 - 32 - 34 - 80 - 84 - 85 - 86 - 89 - 90;;;;
34825;DISPONIBLE;04 - 11 - 13 - 15 - 33 - 49 - 68 - 73 - 85 - 89;02 - 09 - 10 - 30 - 33 - 35 - 58 - 59 - 60 - 85;;;;
34826;DISPONIBLE;06 - 40 - 43 - 47 - 64 - 69 - 81 - 83 - 88 - 90;03 - 06 - 07 - 32 - 55 - 62 - 71 - 72 - 78 - 81;;;;
34827;DISPONIBLE;02 - 03 - 04 - 08 - 16 - 31 - 41 - 60 - 68 - 76;03 - 18 - 20 - 26 - 46 - 52 - 58 - 70 - 76 - 84;;;;
34828;DISPONIBLE;04 - 10 - 13 - 41 - 42 - 51 - 55 - 70 - 74 - 85;16 - 20 - 27 - 33 - 39 - 46 - 49 - 68 - 77 - 87;;;;
34829;DISPONIBLE;13 - 16 - 23 - 24 - 35 - 37 - 43 - 57 - 79 - 84;12 - 16 - 38 - 45 - 49 - 51 - 69 - 71 - 77 - 88;;;;
34830;DISPONIBLE;01 - 04 - 07 - 13 - 36 - 49 - 57 - 67 - 68 - 88;08 - 13 - 17 - 32 - 33 - 44 - 54 - 63 - 75 - 83;;;;
34831;DISPONIBLE;01 - 11 - 12 - 43 - 58 - 60 - 63 - 66 - 71 - 76;20 - 25 - 32 - 37 - 39 - 48 - 49 - 50 - 64 - 71;;;;
34832;DISPONIBLE;10 - 16 - 22 - 24 - 37 - 38 - 52 - 54 - 69 - 88;02 - 19 - 23 - 26 - 37 - 41 - 42 - 55 - 66 - 70;;;;
34833;DISPONIBLE;04 - 10 - 22 - 40 - 46 - 61 - 66 - 67 - 70 - 82;15 - 20 - 28 - 43 - 54 - 57 - 63 - 82 - 88 - 89;;;;
34834;DISPONIBLE;01 - 06 - 20 - 27 - 48 - 50 - 82 - 83 - 84 - 89;01 - 02 - 07 - 13 - 18 - 43 - 54 - 77 - 78 - 90;;;;
34835;DISPONIBLE;14 - 21 - 22 - 24 - 28 - 31 - 39 - 73 - 77 - 88;02 - 12 - 15 - 20 - 25 - 47 - 48 - 54 - 57 - 65;;;;
34836;DISPONIBLE;03 - 23 - 38 - 41 - 43 - 46 - 50 - 54 - 68 - 89;27 - 29 - 31 - 34 - 54 - 56 - 62 - 63 - 70 - 74;;;;
34837;DISPONIBLE;05 - 10 - 16 - 22 - 26 - 44 - 62 - 74 - 77 - 80;01 - 02 - 06 - 10 - 22 - 43 - 66 - 75 - 77 - 88;;;;
34838;DISPONIBLE;10 - 16 - 26 - 48 - 54 - 61 - 64 - 65 - 66 - 81;01 - 13 - 16 - 17 - 23 - 32 - 48 - 64 - 76 - 77;;;;
34839;DISPONIBLE;02 - 17 - 20 - 24 - 25 - 49 - 58 - 62 - 72 - 74;05 - 18 - 22 - 32 - 35 - 39 - 50 - 53 - 70 - 79;;;;
34840;DISPONIBLE;13 - 30 - 45 - 50 - 60 - 65 - 66 - 68 - 73 - 75;11 - 15 - 24 - 29 - 49 - 63 - 66 - 68 - 70 - 75;;;;
34841;DISPONIBLE;02 - 07 - 08 - 23 - 45 - 47 - 50 - 52 - 76 - 84;11 - 12 - 19 - 23 - 25 - 39 - 55 - 65 - 68 - 75;;;;
34842;DISPONIBLE;11 - 12 - 16 - 19 - 24 - 32 - 51 - 65 - 75 - 81;06 - 08 - 13 - 24 - 29 - 38 - 57 - 66 - 72 - 84;;;;
34843;DISPONIBLE;02 - 10 - 11 - 16 - 20 - 45 - 57 - 66 - 75 - 84;04 - 08 - 16 - 17 - 30 - 31 - 46 - 48 - 69 - 85;;;;
34844;DISPONIBLE;04 - 14 - 17 - 25 - 39 - 40 - 42 - 52 - 56 - 83;12 - 34 - 35 - 41 - 42 - 58 - 64 - 65 - 81 - 90;;;;
34845;DISPONIBLE;32 - 36 - 39 - 47 - 51 - 65 - 71 - 77 - 78 - 90;05 - 08 - 09 - 19 - 28 - 29 - 41 - 47 - 70 - 82;;;;
34846;DISPONIBLE;02 - 12 - 14 - 23 - 36 - 39 - 44 - 66 - 76 - 81;05 - 07 - 16 - 19 - 21 - 54 - 61 - 64 - 80 - 86;;;;
34847;DISPONIBLE;18 - 27 - 28 - 32 - 36 - 47 - 58 - 60 - 65 - 71;02 - 05 - 17 - 21 - 40 - 46 - 50 - 62 - 70 - 74;;;;
34848;DISPONIBLE;26 - 30 - 42 - 45 - 46 - 65 - 74 - 80 - 84 - 89;08 - 15 - 20 - 34 - 37 - 38 - 58 - 67 - 79 - 82;;;;
34849;DISPONIBLE;13 - 28 - 34 - 48 - 52 - 60 - 65 - 69 - 71 - 77;01 - 06 - 13 - 22 - 34 - 41 - 60 - 76 - 78 - 83;;;;
34850;DISPONIBLE;19 - 38 - 44 - 48 - 50 - 51 - 63 - 65 - 75 - 87;06 - 13 - 36 - 45 - 46 - 48 - 57 - 59 - 66 - 73;;;;
34851;DISPONIBLE;02 - 08 - 25 - 26 - 38 - 46 - 49 - 60 - 62 - 82;03 - 07 - 12 - 14 - 16 - 23 - 27 - 31 - 57 - 58;;;;
34852;DISPONIBLE;23 - 25 - 45 - 47 - 48 - 51 - 61 - 67 - 82 - 83;04 - 10 - 12 - 18 - 25 - 30 - 47 - 50 - 77 - 81;;;;
34853;DISPONIBLE;02 - 37 - 41 - 45 - 46 - 56 - 66 - 75 - 83 - 84;09 - 32 - 33 - 42 - 47 - 55 - 58 - 72 - 75 - 90;;;;
34854;DISPONIBLE;01 - 27 - 28 - 32 - 36 - 41 - 51 - 84 - 86 - 89;05 - 16 - 35 - 39 - 40 - 42 - 51 - 58 - 65 - 80;;;;
34855;DISPONIBLE;08 - 35 - 51 - 52 - 61 - 69 - 75 - 77 - 80 - 90;01 - 08 - 13 - 14 - 34 - 36 - 43 - 44 - 60 - 81;;;;
34856;DISPONIBLE;04 - 05 - 13 - 15 - 34 - 43 - 53 - 57 - 81 - 82;33 - 37 - 40 - 44 - 49 - 51 - 54 - 64 - 74 - 90;;;;
34857;DISPONIBLE;06 - 15 - 19 - 25 - 36 - 39 - 54 - 55 - 68 - 90;09 - 16 - 38 - 50 - 60 - 69 - 73 - 74 - 76 - 82;;;;
34858;DISPONIBLE;02 - 12 - 32 - 34 - 36 - 43 - 51 - 61 - 68 - 74;11 - 34 - 42 - 43 - 54 - 57 - 62 - 78 - 79 - 82;;;;
34859;DISPONIBLE;05 - 08 - 18 - 20 - 33 - 53 - 64 - 65 - 77 - 88;09 - 13 - 18 - 21 - 28 - 41 - 42 - 44 - 46 - 58;;;;
34860;DISPONIBLE;04 - 09 - 14 - 17 - 27 - 33 - 42 - 62 - 65 - 89;15 - 25 - 38 - 55 - 62 - 70 - 76 - 80 - 87 - 89;;;;
34861;DISPONIBLE;03 - 10 - 29 - 37 - 43 - 47 - 60 - 73 - 84 - 85;09 - 21 - 28 - 44 - 56 - 59 - 67 - 82 - 84 - 88;;;;
34862;DISPONIBLE;13 - 33 - 48 - 52 - 68 - 69 - 71 - 77 - 82 - 84;09 - 12 - 16 - 24 - 50 - 61 - 67 - 79 - 80 - 86;;;;
34863;DISPONIBLE;10 - 23 - 35 - 46 - 47 - 52 - 63 - 74 - 80 - 90;19 - 20 - 44 - 50 - 52 - 53 - 63 - 71 - 73 - 76;;;;
34864;DISPONIBLE;02 - 08 - 21 - 23 - 41 - 45 - 50 - 69 - 75 - 78;04 - 18 - 32 - 50 - 54 - 56 - 70 - 74 - 88 - 89;;;;
34865;DISPONIBLE;05 - 12 - 20 - 38 - 46 - 54 - 55 - 74 - 82 - 84;09 - 20 - 26 - 29 - 43 - 46 - 57 - 60 - 65 - 78;;;;
34866;DISPONIBLE;02 - 03 - 06 - 22 - 37 - 40 - 62 - 70 - 71 - 77;07 - 16 - 19 - 35 - 39 - 40 - 49 - 58 - 86 - 90;;;;
34867;DISPONIBLE;03 - 10 - 12 - 14 - 29 - 40 - 46 - 66 - 76 - 88;02 - 13 - 14 - 17 - 19 - 20 - 23 - 48 - 50 - 53;;;;
34868;DISPONIBLE;01 - 07 - 12 - 27 - 31 - 35 - 52 - 54 - 64 - 65;03 - 10 - 23 - 45 - 50 - 52 - 57 - 63 - 64 - 69;;;;
34869;DISPONIBLE;09 - 32 - 34 - 35 - 52 - 57 - 62 - 64 - 81 - 84;11 - 16 - 36 - 41 - 46 - 49 - 52 - 62 - 70 - 85;;;;
34870;DISPONIBLE;03 - 06 - 07 - 22 - 23 - 42 - 63 - 64 - 82 - 86;01 - 07 - 13 - 15 - 45 - 61 - 75 - 81 - 87 - 88;;;;
34871;DISPONIBLE;09 - 15 - 20 - 32 - 39 - 50 - 54 - 60 - 64 - 77;10 - 29 - 35 - 39 - 54 - 56 - 68 - 74 - 76 - 89;;;;
34872;DISPONIBLE;14 - 17 - 18 - 26 - 32 - 47 - 51 - 59 - 69 - 85;02 - 15 - 24 - 35 - 44 - 47 - 48 - 78 - 79 - 86;;;;
34873;DISPONIBLE;02 - 18 - 19 - 21 - 25 - 32 - 43 - 68 - 72 - 79;13 - 14 - 26 - 36 - 48 - 52 - 62 - 63 - 67 - 72;;;;
34874;DISPONIBLE;09 - 17 - 19 - 23 - 24 - 28 - 33 - 50 - 77 - 89;04 - 10 - 14 - 27 - 36 - 38 - 46 - 54 - 78 - 84;;;;
34875;DISPONIBLE;01 - 02 - 05 - 28 - 35 - 55 - 56 - 57 - 65 - 70;22 - 23 - 26 - 28 - 31 - 39 - 46 - 47 - 76 - 77;;;;
34876;DISPONIBLE;01 - 07 - 12 - 20 - 59 - 60 - 72 - 77 - 84 - 87;14 - 37 - 44 - 52 - 56 - 58 - 63 - 68 - 80 - 87;;;;
34877;DISPONIBLE;06 - 08 - 15 - 20 - 21 - 23 - 29 - 31 - 32 - 35;35 - 49 - 53 - 56 - 58 - 60 - 63 - 65 - 83 - 86;;;;
34878;DISPONIBLE;04 - 05 - 17 - 18 - 20 - 27 - 38 - 39 - 45 - 72;15 - 49 - 52 - 58 - 62 - 63 - 68 - 69 - 79 - 88;;;;
34879;DISPONIBLE;08 - 17 - 19 - 35 - 38 - 41 - 53 - 58 - 78 - 85;04 - 05 - 06 - 08 - 17 - 43 - 56 - 61 - 65 - 82;;;;
34880;DISPONIBLE;03 - 04 - 10 - 16 - 24 - 33 - 49 - 66 - 67 - 71;03 - 11 - 12 - 32 - 38 - 41 - 52 - 59 - 64 - 82;;;;
34881;DISPONIBLE;11 - 12 - 22 - 24 - 48 - 63 - 71 - 73 - 81 - 86;01 - 02 - 10 - 11 - 21 - 28 - 42 - 61 - 82 - 83;;;;
34882;DISPONIBLE;01 - 08 - 13 - 25 - 28 - 32 - 45 - 48 - 69 - 76;05 - 22 - 42 - 45 - 46 - 47 - 49 - 59 - 77 - 78;;;;
34883;DISPONIBLE;07 - 09 - 10 - 23 - 33 - 49 - 52 - 59 - 61 - 62;18 - 23 - 28 - 32 - 40 - 43 - 44 - 46 - 73 - 78;;;;
34884;DISPONIBLE;04 - 05 - 06 - 12 - 14 - 25 - 39 - 49 - 72 - 73;04 - 19 - 23 - 24 - 30 - 39 - 40 - 46 - 56 - 81;;;;
34885;DISPONIBLE;07 - 12 - 16 - 34 - 35 - 36 - 40 - 53 - 65 - 82;19 - 25 - 26 - 40 - 43 - 53 - 58 - 64 - 74 - 80;;;;
34886;DISPONIBLE;26 - 27 - 35 - 37 - 44 - 49 - 66 - 74 - 81 - 86;03 - 25 - 32 - 35 - 49 - 65 - 68 - 73 - 89 - 90;;;;
34887;DISPONIBLE;10 - 15 - 16 - 17 - 34 - 35 - 53 - 68 - 70 - 87;39 - 42 - 50 - 51 - 54 - 56 - 72 - 73 - 83 - 90;;;;
34888;DISPONIBLE;09 - 29 - 31 - 46 - 47 - 63 - 64 - 69 - 70 - 85;13 - 39 - 42 - 53 - 56 - 67 - 73 - 75 - 81 - 88;;;;
34889;DISPONIBLE;02 - 10 - 20 - 23 - 34 - 51 - 70 - 73 - 79 - 86;30 - 31 - 33 - 34 - 35 - 55 - 56 - 61 - 71 - 72;;;;
34890;DISPONIBLE;12 - 23 - 31 - 35 - 54 - 56 - 59 - 85 - 87 - 89;08 - 11 - 15 - 21 - 28 - 31 - 40 - 53 - 57 - 60;;;;
34891;DISPONIBLE;05 - 07 - 12 - 23 - 29 - 31 - 36 - 40 - 51 - 90;26 - 27 - 33 - 38 - 50 - 52 - 59 - 64 - 83 - 87;;;;
34892;DISPONIBLE;03 - 05 - 06 - 18 - 31 - 46 - 61 - 64 - 86 - 88;06 - 08 - 31 - 63 - 68 - 69 - 73 - 74 - 76 - 81;;;;
34893;DISPONIBLE;13 - 19 - 39 - 40 - 58 - 74 - 76 - 88 - 89 - 90;09 - 19 - 21 - 26 - 30 - 45 - 52 - 64 - 66 - 84;;;;
34894;DISPONIBLE;05 - 07 - 09 - 21 - 47 - 53 - 75 - 76 - 85 - 89;01 - 03 - 16 - 45 - 57 - 58 - 69 - 80 - 82 - 89;;;;
34895;DISPONIBLE;01 - 05 - 09 - 12 - 21 - 40 - 56 - 65 - 67 - 84;03 - 34 - 40 - 45 - 48 - 57 - 62 - 77 - 81 - 84;;;;
34896;DISPONIBLE;20 - 22 - 25 - 28 - 36 - 54 - 58 - 77 - 79 - 82;05 - 11 - 20 - 46 - 47 - 63 - 66 - 68 - 76 - 88;;;;
34897;DISPONIBLE;05 - 11 - 20 - 21 - 25 - 34 - 46 - 61 - 69 - 71;22 - 31 - 40 - 49 - 50 - 56 - 62 - 73 - 87 - 90;;;;
34898;DISPONIBLE;09 - 10 - 20 - 44 - 51 - 59 - 65 - 73 - 75 - 77;11 - 12 - 32 - 34 - 39 - 56 - 58 - 73 - 85 - 89;;;;
34899;DISPONIBLE;11 - 20 - 27 - 34 - 45 - 47 - 59 - 66 - 68 - 85;08 - 11 - 23 - 36 - 55 - 71 - 75 - 78 - 83 - 87;;;;
34900;DISPONIBLE;02 - 07 - 27 - 41 - 57 - 65 - 69 - 70 - 74 - 80;03 - 06 - 07 - 13 - 15 - 43 - 55 - 67 - 84 - 87;;;;
34901;DISPONIBLE;02 - 08 - 19 - 20 - 21 - 41 - 45 - 52 - 70 - 84;01 - 14 - 30 - 32 - 42 - 58 - 66 - 71 - 78 - 90;;;;
34902;DISPONIBLE;01 - 25 - 31 - 33 - 36 - 41 - 43 - 67 - 77 - 81;11 - 23 - 34 - 64 - 66 - 69 - 70 - 78 - 85 - 86;;;;
34903;DISPONIBLE;03 - 05 - 17 - 24 - 35 - 44 - 51 - 66 - 71 - 84;12 - 31 - 37 - 40 - 52 - 59 - 64 - 73 - 76 - 82;;;;
34904;DISPONIBLE;09 - 11 - 12 - 18 - 21 - 50 - 55 - 56 - 60 - 87;20 - 33 - 37 - 43 - 74 - 76 - 79 - 80 - 84 - 89;;;;
34905;DISPONIBLE;05 - 20 - 35 - 38 - 39 - 40 - 49 - 64 - 81 - 86;11 - 22 - 25 - 35 - 39 - 46 - 57 - 62 - 68 - 90;;;;
34906;DISPONIBLE;04 - 47 - 57 - 64 - 70 - 72 - 76 - 79 - 81 - 83;07 - 20 - 21 - 33 - 35 - 56 - 76 - 85 - 88 - 90;;;;
34907;DISPONIBLE;01 - 07 - 08 - 18 - 24 - 41 - 50 - 60 - 70 - 81;26 - 33 - 39 - 43 - 45 - 50 - 51 - 53 - 75 - 76;;;;
34908;DISPONIBLE;14 - 26 - 42 - 43 - 49 - 62 - 75 - 80 - 84 - 87;12 - 19 - 23 - 24 - 67 - 70 - 73 - 77 - 79 - 84;;;;
34909;DISPONIBLE;02 - 17 - 23 - 28 - 29 - 41 - 55 - 58 - 63 - 86;10 - 27 - 31 - 33 - 50 - 53 - 56 - 62 - 69 - 73;;;;
34910;DISPONIBLE;02 - 03 - 12 - 27 - 39 - 48 - 58 - 77 - 81 - 84;05 - 13 - 21 - 26 - 47 - 55 - 60 - 70 - 73 - 84;;;;
34911;DISPONIBLE;13 - 14 - 20 - 24 - 25 - 34 - 40 - 67 - 83 - 88;07 - 12 - 24 - 35 - 48 - 52 - 57 - 59 - 66 - 74;;;;
34912;DISPONIBLE;09 - 29 - 41 - 49 - 56 - 57 - 68 - 71 - 72 - 74;12 - 18 - 31 - 37 - 42 - 45 - 46 - 71 - 72 - 83;;;;
34913;DISPONIBLE;07 - 11 - 12 - 20 - 22 - 24 - 52 - 69 - 76 - 82;12 - 16 - 36 - 45 - 48 - 50 - 51 - 60 - 66 - 85;;;;
34914;DISPONIBLE;02 - 03 - 04 - 11 - 29 - 45 - 61 - 70 - 74 - 76;11 - 13 - 15 - 36 - 43 - 48 - 50 - 64 - 78 - 81;;;;
34915;DISPONIBLE;03 - 04 - 05 - 13 - 21 - 22 - 41 - 51 - 59 - 71;05 - 20 - 25 - 33 - 44 - 47 - 53 - 69 - 79 - 87;;;;
34916;DISPONIBLE;11 - 25 - 29 - 32 - 36 - 42 - 48 - 77 - 78 - 88;01 - 15 - 22 - 43 - 47 - 48 - 54 - 63 - 73 - 77;;;;
34917;DISPONIBLE;01 - 11 - 16 - 29 - 41 - 45 - 57 - 59 - 64 - 80;01 - 22 - 26 - 28 - 38 - 45 - 61 - 72 - 86 - 88;;;;
34918;DISPONIBLE;12 - 13 - 17 - 24 - 43 - 60 - 61 - 66 - 72 - 73;04 - 25 - 27 - 28 - 41 - 42 - 54 - 71 - 78 - 87;;;;
34919;DISPONIBLE;03 - 34 - 36 - 39 - 65 - 66 - 79 - 82 - 83 - 89;05 - 12 - 26 - 44 - 48 - 53 - 57 - 61 - 71 - 78;;;;
34920;DISPONIBLE;03 - 12 - 34 - 50 - 53 - 54 - 59 - 82 - 83 - 87;01 - 03 - 09 - 32 - 39 - 45 - 47 - 57 - 71 - 73;;;;
34921;DISPONIBLE;02 - 20 - 44 - 45 - 62 - 65 - 66 - 75 - 82 - 83;17 - 18 - 23 - 40 - 55 - 59 - 62 - 77 - 81 - 83;;;;
34922;DISPONIBLE;02 - 18 - 23 - 31 - 39 - 54 - 61 - 63 - 76 - 90;03 - 05 - 11 - 16 - 27 - 37 - 41 - 47 - 49 - 57;;;;
34923;DISPONIBLE;09 - 15 - 17 - 33 - 53 - 68 - 70 - 73 - 84 - 85;15 - 25 - 31 - 42 - 49 - 67 - 74 - 76 - 85 - 90;;;;
34924;DISPONIBLE;12 - 27 - 29 - 35 - 40 - 41 - 44 - 55 - 66 - 79;02 - 11 - 18 - 33 - 40 - 54 - 57 - 70 - 73 - 86;;;;
34925;DISPONIBLE;05 - 19 - 29 - 38 - 42 - 54 - 55 - 71 - 83 - 87;07 - 10 - 13 - 15 - 36 - 38 - 50 - 55 - 61 - 69;;;;
34926;DISPONIBLE;05 - 11 - 23 - 53 - 71 - 80 - 81 - 83 - 86 - 87;10 - 11 - 28 - 34 - 46 - 47 - 50 - 57 - 71 - 77;;;;
34927;DISPONIBLE;01 - 02 - 29 - 35 - 40 - 52 - 57 - 65 - 66 - 70;10 - 17 - 18 - 19 - 34 - 36 - 54 - 58 - 64 - 69;;;;
34928;DISPONIBLE;03 - 04 - 06 - 15 - 19 - 32 - 52 - 72 - 74 - 86;13 - 20 - 23 - 28 - 48 - 49 - 52 - 59 - 70 - 82;;;;
34929;DISPONIBLE;10 - 11 - 14 - 17 - 18 - 22 - 25 - 29 - 71 - 87;04 - 16 - 32 - 34 - 53 - 61 - 63 - 77 - 85 - 88;;;;
34930;DISPONIBLE;12 - 15 - 17 - 20 - 27 - 41 - 48 - 54 - 73 - 83;38 - 39 - 40 - 45 - 54 - 60 - 64 - 76 - 79 - 80;;;;
34931;DISPONIBLE;01 - 22 - 44 - 45 - 49 - 56 - 76 - 78 - 85 - 90;08 - 14 - 15 - 16 - 23 - 29 - 44 - 45 - 71 - 86;;;;
34932;DISPONIBLE;13 - 19 - 26 - 27 - 32 - 46 - 52 - 54 - 58 - 66;08 - 16 - 23 - 24 - 40 - 46 - 65 - 68 - 69 - 76;;;;
34933;DISPONIBLE;07 - 14 - 23 - 36 - 39 - 49 - 51 - 58 - 70 - 87;09 - 12 - 19 - 46 - 66 - 67 - 72 - 74 - 83 - 88;;;;
34934;DISPONIBLE;18 - 30 - 35 - 39 - 49 - 53 - 54 - 65 - 84 - 90;05 - 07 - 17 - 30 - 35 - 51 - 57 - 63 - 69 - 87;;;;
34935;DISPONIBLE;03 - 51 - 58 - 60 - 67 - 69 - 70 - 82 - 88 - 90;11 - 16 - 18 - 36 - 43 - 46 - 61 - 62 - 81 - 86;;;;
34936;DISPONIBLE;01 - 03 - 10 - 25 - 33 - 41 - 43 - 48 - 64 - 72;06 - 28 - 31 - 44 - 49 - 67 - 70 - 79 - 80 - 90;;;;
34937;DISPONIBLE;14 - 17 - 38 - 46 - 48 - 54 - 61 - 65 - 68 - 80;14 - 19 - 39 - 48 - 52 - 58 - 66 - 70 - 84 - 86;;;;
34938;DISPONIBLE;11 - 12 - 17 - 30 - 45 - 51 - 55 - 60 - 64 - 90;07 - 08 - 09 - 22 - 32 - 33 - 37 - 46 - 56 - 62;;;;
34939;DISPONIBLE;05 - 26 - 54 - 56 - 61 - 64 - 70 - 77 - 82 - 89;06 - 08 - 21 - 34 - 36 - 42 - 53 - 65 - 69 - 70;;;;
34940;DISPONIBLE;02 - 08 - 36 - 38 - 43 - 62 - 71 - 76 - 79 - 88;23 - 25 - 31 - 42 - 43 - 51 - 62 - 66 - 76 - 83;;;;
34941;DISPONIBLE;02 - 15 - 36 - 42 - 46 - 59 - 63 - 74 - 75 - 84;06 - 07 - 08 - 26 - 28 - 42 - 46 - 83 - 86 - 89;;;;
34942;DISPONIBLE;01 - 18 - 31 - 38 - 39 - 40 - 42 - 56 - 61 - 76;19 - 22 - 26 - 37 - 41 - 60 - 67 - 76 - 77 - 84;;;;
34943;DISPONIBLE;03 - 15 - 21 - 29 - 34 - 43 - 53 - 62 - 68 - 76;02 - 32 - 33 - 37 - 45 - 46 - 52 - 64 - 66 - 89;;;;
34944;DISPONIBLE;01 - 03 - 20 - 33 - 36 - 55 - 60 - 62 - 71 - 85;08 - 17 - 32 - 50 - 58 - 63 - 71 - 75 - 77 - 79;;;;
34945;DISPONIBLE;01 - 17 - 18 - 23 - 32 - 43 - 70 - 79 - 81 - 88;07 - 13 - 14 - 15 - 33 - 34 - 59 - 63 - 76 - 85;;;;
34946;DISPONIBLE;11 - 18 - 20 - 42 - 50 - 55 - 66 - 68 - 79 - 84;02 - 10 - 15 - 24 - 27 - 33 - 37 - 56 - 57 - 70;;;;
34947;DISPONIBLE;06 - 11 - 19 - 23 - 37 - 38 - 39 - 59 - 73 - 79;09 - 13 - 16 - 24 - 37 - 65 - 71 - 79 - 82 - 85;;;;
34948;DISPONIBLE;15 - 20 - 35 - 62 - 63 - 69 - 74 - 78 - 83 - 84;26 - 31 - 36 - 40 - 46 - 63 - 75 - 81 - 84 - 85;;;;
34949;DISPONIBLE;08 - 37 - 38 - 39 - 54 - 64 - 69 - 72 - 85 - 87;01 - 04 - 10 - 57 - 62 - 66 - 71 - 73 - 78 - 88;;;;
34950;DISPONIBLE;05 - 08 - 12 - 23 - 26 - 28 - 45 - 67 - 80 - 81;10 - 23 - 50 - 61 - 67 - 72 - 76 - 79 - 82 - 90;;;;
34951;DISPONIBLE;02 - 13 - 22 - 23 - 32 - 35 - 36 - 37 - 42 - 70;03 - 04 - 11 - 19 - 23 - 26 - 38 - 43 - 46 - 86;;;;
34952;DISPONIBLE;01 - 05 - 12 - 25 - 35 - 56 - 59 - 62 - 80 - 85;24 - 30 - 35 - 39 - 40 - 57 - 58 - 61 - 64 - 72;;;;
34953;DISPONIBLE;02 - 07 - 09 - 15 - 52 - 59 - 62 - 72 - 86 - 88;05 - 12 - 23 - 26 - 42 - 43 - 55 - 68 - 71 - 80;;;;
34954;DISPONIBLE;24 - 26 - 32 - 51 - 63 - 72 - 82 - 86 - 87 - 88;14 - 20 - 21 - 26 - 42 - 48 - 56 - 64 - 68 - 78;;;;
34955;DISPONIBLE;05 - 20 - 24 - 44 - 46 - 48 - 51 - 60 - 75 - 83;12 - 24 - 28 - 31 - 57 - 61 - 66 - 77 - 80 - 89;;;;
34956;DISPONIBLE;24 - 28 - 52 - 56 - 61 - 68 - 69 - 70 - 83 - 85;02 - 46 - 47 - 61 - 68 - 70 - 73 - 74 - 77 - 79;;;;
34957;DISPONIBLE;06 - 13 - 16 - 30 - 37 - 39 - 40 - 76 - 81 - 85;01 - 08 - 13 - 28 - 32 - 36 - 57 - 79 - 80 - 81;;;;
34958;DISPONIBLE;02 - 12 - 19 - 23 - 34 - 36 - 41 - 65 - 88 - 89;05 - 18 - 19 - 21 - 38 - 41 - 42 - 53 - 77 - 78;;;;
34959;DISPONIBLE;06 - 12 - 14 - 21 - 26 - 34 - 37 - 39 - 48 - 74;06 - 13 - 19 - 27 - 41 - 50 - 53 - 57 - 80 - 81;;;;
34960;DISPONIBLE;01 - 06 - 22 - 25 - 30 - 48 - 51 - 52 - 55 - 61;05 - 29 - 45 - 54 - 56 - 59 - 63 - 71 - 80 - 85;;;;
34961;DISPONIBLE;12 - 19 - 35 - 41 - 42 - 44 - 46 - 53 - 54 - 65;05 - 30 - 38 - 44 - 51 - 60 - 64 - 70 - 78 - 87;;;;
34962;DISPONIBLE;04 - 18 - 32 - 36 - 45 - 55 - 59 - 67 - 83 - 86;10 - 16 - 27 - 31 - 35 - 41 - 68 - 74 - 75 - 86;;;;
34963;DISPONIBLE;18 - 27 - 31 - 41 - 54 - 55 - 58 - 60 - 73 - 79;01 - 13 - 17 - 19 - 20 - 23 - 35 - 43 - 59 - 77;;;;
34964;DISPONIBLE;21 - 25 - 31 - 32 - 47 - 53 - 55 - 59 - 68 - 88;06 - 08 - 30 - 33 - 37 - 54 - 63 - 70 - 71 - 72;;;;
34965;DISPONIBLE;03 - 04 - 07 - 20 - 37 - 38 - 61 - 69 - 71 - 74;06 - 09 - 35 - 39 - 41 - 42 - 57 - 59 - 65 - 75;;;;
34966;DISPONIBLE;22 - 30 - 38 - 58 - 62 - 71 - 73 - 76 - 87 - 89;06 - 10 - 19 - 25 - 32 - 41 - 52 - 61 - 72 - 75;;;;
34967;DISPONIBLE;04 - 07 - 11 - 23 - 39 - 44 - 48 - 60 - 61 - 73;06 - 16 - 21 - 22 - 43 - 54 - 55 - 78 - 82 - 89;;;;
34968;DISPONIBLE;09 - 16 - 17 - 34 - 39 - 46 - 58 - 65 - 72 - 78;01 - 03 - 08 - 32 - 41 - 56 - 57 - 65 - 72 - 76;;;;
34969;DISPONIBLE;03 - 18 - 36 - 37 - 38 - 40 - 66 - 67 - 75 - 76;03 - 08 - 22 - 25 - 38 - 56 - 59 - 62 - 74 - 78;;;;
34970;DISPONIBLE;02 - 08 - 17 - 30 - 54 - 57 - 60 - 70 - 86 - 88;01 - 05 - 09 - 11 - 17 - 25 - 39 - 43 - 81 - 85;;;;
34971;DISPONIBLE;10 - 11 - 15 - 24 - 38 - 51 - 56 - 57 - 60 - 86;24 - 35 - 49 - 54 - 63 - 67 - 69 - 76 - 83 - 87;;;;
34972;DISPONIBLE;16 - 29 - 34 - 51 - 54 - 57 - 59 - 73 - 81 - 88;01 - 07 - 08 - 10 - 25 - 33 - 38 - 51 - 63 - 66;;;;
34973;DISPONIBLE;04 - 08 - 17 - 28 - 30 - 36 - 38 - 50 - 75 - 78;17 - 18 - 44 - 45 - 46 - 57 - 58 - 60 - 79 - 87;;;;
34974;DISPONIBLE;08 - 13 - 21 - 26 - 46 - 47 - 63 - 77 - 82 - 83;17 - 19 - 31 - 43 - 51 - 60 - 63 - 78 - 84 - 87;;;;
34975;DISPONIBLE;15 - 20 - 22 - 48 - 49 - 54 - 58 - 68 - 76 - 88;10 - 15 - 17 - 18 - 43 - 48 - 51 - 74 - 81 - 88;;;;
34976;DISPONIBLE;01 - 07 - 19 - 22 - 33 - 37 - 46 - 56 - 83 - 87;07 - 08 - 10 - 20 - 22 - 39 - 59 - 60 - 78 - 86;;;;
34977;DISPONIBLE;10 - 15 - 40 - 54 - 63 - 67 - 70 - 76 - 79 - 86;02 - 04 - 09 - 17 - 29 - 37 - 53 - 54 - 55 - 79;;;;
34978;DISPONIBLE;03 - 08 - 12 - 29 - 57 - 58 - 60 - 65 - 84 - 90;25 - 44 - 61 - 62 - 75 - 80 - 85 - 86 - 88 - 90;;;;
34979;DISPONIBLE;09 - 13 - 19 - 41 - 43 - 46 - 48 - 59 - 65 - 87;07 - 12 - 16 - 34 - 43 - 46 - 54 - 62 - 77 - 90;;;;
34980;DISPONIBLE;05 - 12 - 19 - 30 - 36 - 39 - 46 - 57 - 59 - 87;03 - 15 - 21 - 24 - 25 - 32 - 36 - 42 - 49 - 87;;;;
34981;DISPONIBLE;05 - 16 - 51 - 54 - 56 - 62 - 70 - 73 - 86 - 87;20 - 28 - 34 - 35 - 58 - 62 - 69 - 73 - 81 - 89;;;;
34982;DISPONIBLE;02 - 16 - 20 - 29 - 42 - 52 - 55 - 72 - 76 - 77;20 - 25 - 30 - 38 - 57 - 62 - 64 - 65 - 72 - 78;;;;
34983;DISPONIBLE;02 - 21 - 42 - 47 - 54 - 62 - 66 - 67 - 71 - 88;03 - 23 - 47 - 48 - 56 - 61 - 71 - 74 - 75 - 86;;;;
34984;DISPONIBLE;07 - 10 - 11 - 26 - 27 - 33 - 52 - 53 - 67 - 80;04 - 09 - 10 - 33 - 37 - 40 - 52 - 66 - 80 - 87;;;;
34985;DISPONIBLE;02 - 06 - 10 - 20 - 21 - 38 - 49 - 50 - 58 - 75;02 - 28 - 48 - 58 - 59 - 62 - 63 - 69 - 75 - 81;;;;
34986;DISPONIBLE;02 - 06 - 11 - 16 - 21 - 25 - 32 - 53 - 61 - 87;04 - 16 - 17 - 30 - 34 - 45 - 54 - 57 - 69 - 89;;;;
34987;DISPONIBLE;06 - 18 - 19 - 24 - 26 - 34 - 39 - 60 - 65 - 90;10 - 14 - 17 - 39 - 45 - 46 - 49 - 51 - 75 - 78;;;;
34988;DISPONIBLE;02 - 21 - 24 - 36 - 54 - 59 - 61 - 78 - 80 - 81;42 - 47 - 59 - 60 - 62 - 69 - 72 - 76 - 81 - 83;;;;
34989;DISPONIBLE;03 - 08 - 25 - 30 - 41 - 64 - 65 - 73 - 74 - 78;17 - 19 - 20 - 32 - 50 - 52 - 56 - 76 - 82 - 89;;;;
34990;DISPONIBLE;19 - 31 - 34 - 38 - 39 - 62 - 70 - 75 - 78 - 86;05 - 10 - 13 - 24 - 37 - 48 - 75 - 77 - 85 - 90;;;;
34991;DISPONIBLE;06 - 14 - 15 - 31 - 32 - 45 - 63 - 76 - 81 - 82;20 - 23 - 28 - 41 - 60 - 64 - 77 - 78 - 80 - 88;;;;
34992;DISPONIBLE;04 - 22 - 25 - 35 - 36 - 39 - 54 - 59 - 76 - 89;06 - 12 - 21 - 33 - 43 - 44 - 52 - 55 - 61 - 75;;;;
34993;DISPONIBLE;05 - 15 - 30 - 31 - 36 - 39 - 48 - 63 - 64 - 90;01 - 06 - 15 - 16 - 45 - 49 - 54 - 55 - 73 - 90;;;;
34994;DISPONIBLE;05 - 08 - 11 - 17 - 33 - 34 - 47 - 73 - 77 - 84;11 - 23 - 42 - 58 - 62 - 67 - 69 - 73 - 81 - 90;;;;
34995;DISPONIBLE;06 - 12 - 32 - 43 - 58 - 61 - 63 - 68 - 77 - 89;08 - 10 - 19 - 29 - 35 - 47 - 64 - 80 - 81 - 83;;;;
34996;DISPONIBLE;07 - 10 - 23 - 26 - 27 - 44 - 51 - 73 - 78 - 82;14 - 24 - 31 - 35 - 39 - 44 - 51 - 67 - 88 - 89;;;;
34997;DISPONIBLE;09 - 13 - 16 - 17 - 28 - 29 - 37 - 45 - 66 - 90;04 - 09 - 11 - 12 - 16 - 58 - 62 - 68 - 83 - 87;;;;
34998;DISPONIBLE;16 - 19 - 26 - 35 - 43 - 46 - 48 - 49 - 59 - 85;01 - 21 - 38 - 43 - 47 - 51 - 61 - 69 - 70 - 82;;;;
34999;DISPONIBLE;13 - 36 - 43 - 54 - 55 - 59 - 61 - 69 - 79 - 85;01 - 12 - 22 - 29 - 33 - 38 - 46 - 53 - 69 - 74;;;;
35000;DISPONIBLE;14 - 16 - 26 - 29 - 33 - 53 - 64 - 70 - 82 - 84;02 - 11 - 29 - 30 - 38 - 40 - 69 - 77 - 81 - 86;;;;
