Carton;Estado;Bingo;Fecha;Organizador
0001;NO ACTIVO;SUEÑOS DORADOS;31/08/2026;COMISION CLUB RIO DORADO
0002;NO ACTIVO;SUEÑOS DORADOS;31/08/2026;COMISION CLUB RIO DORADO
0003;NO ACTIVO;SUEÑOS DORADOS;31/08/2026;COMISION CLUB RIO DORADO
0004;NO ACTIVO;SUEÑOS DORADOS;31/08/2026;COMISION CLUB RIO DORADO
0005;NO ACTIVO;SUEÑOS DORADOS;31/08/2026;COMISION CLUB RIO DORADO
0006;NO ACTIVO;SUEÑOS DORADOS;31/08/2026;COMISION CLUB RIO DORADO
0007;NO ACTIVO;SUEÑOS DORADOS;31/08/2026;COMISION CLUB RIO DORADO
0008;NO ACTIVO;SUEÑOS DORADOS;31/08/2026;COMISION CLUB RIO DORADO
0009;NO ACTIVO;SUEÑOS DORADOS;31/08/2026;COMISION CLUB RIO DORADO
0010;NO ACTIVO;SUEÑOS DORADOS;31/08/2026;COMISION CLUB RIO DORADO
0011;NO ACTIVO;SUEÑOS DORADOS;31/08/2026;COMISION CLUB RIO DORADO
0012;NO ACTIVO;SUEÑOS DORADOS;31/08/2026;COMISION CLUB RIO DORADO
0013;NO ACTIVO;SUEÑOS DORADOS;31/08/2026;COMISION CLUB RIO DORADO
0014;NO ACTIVO;SUEÑOS DORADOS;31/08/2026;COMISION CLUB RIO DORADO
0015;NO ACTIVO;SUEÑOS DORADOS;31/08/2026;COMISION CLUB RIO DORADO
0016;NO ACTIVO;SUEÑOS DORADOS;31/08/2026;COMISION CLUB RIO DORADO
0017;NO ACTIVO;SUEÑOS DORADOS;31/08/2026;COMISION CLUB RIO DORADO
0018;NO ACTIVO;SUEÑOS DORADOS;31/08/2026;COMISION CLUB RIO DORADO
0019;NO ACTIVO;SUEÑOS DORADOS;31/08/2026;COMISION CLUB RIO DORADO
0020;NO ACTIVO;SUEÑOS DORADOS;31/08/2026;COMISION CLUB RIO DORADO
0021;NO ACTIVO;SUEÑOS DORADOS;31/08/2026;COMISION CLUB RIO DORADO
0022;NO ACTIVO;SUEÑOS DORADOS;31/08/2026;COMISION CLUB RIO DORADO
0023;NO ACTIVO;SUEÑOS DORADOS;31/08/2026;COMISION CLUB RIO DORADO
0024;NO ACTIVO;SUEÑOS DORADOS;31/08/2026;COMISION CLUB RIO DORADO
0025;NO ACTIVO;SUEÑOS DORADOS;31/08/2026;COMISION CLUB RIO DORADO
0026;NO ACTIVO;SUEÑOS DORADOS;31/08/2026;COMISION CLUB RIO DORADO
0027;NO ACTIVO;SUEÑOS DORADOS;31/08/2026;COMISION CLUB RIO DORADO
0028;NO ACTIVO;SUEÑOS DORADOS;31/08/2026;COMISION CLUB RIO DORADO
0029;NO ACTIVO;SUEÑOS DORADOS;31/08/2026;COMISION CLUB RIO DORADO
0030;NO ACTIVO;SUEÑOS DORADOS;31/08/2026;COMISION CLUB RIO DORADO
0031;NO ACTIVO;SUEÑOS DORADOS;31/08/2026;COMISION CLUB RIO DORADO
0032;NO ACTIVO;SUEÑOS DORADOS;31/08/2026;COMISION CLUB RIO DORADO
0033;NO ACTIVO;SUEÑOS DORADOS;31/08/2026;COMISION CLUB RIO DORADO
0034;NO ACTIVO;SUEÑOS DORADOS;31/08/2026;COMISION CLUB RIO DORADO
0035;NO ACTIVO;SUEÑOS DORADOS;31/08/2026;COMISION CLUB RIO DORADO
0036;NO ACTIVO;SUEÑOS DORADOS;31/08/2026;COMISION CLUB RIO DORADO
0037;NO ACTIVO;SUEÑOS DORADOS;31/08/2026;COMISION CLUB RIO DORADO
0038;NO ACTIVO;SUEÑOS DORADOS;31/08/2026;COMISION CLUB RIO DORADO
0039;NO ACTIVO;SUEÑOS DORADOS;31/08/2026;COMISION CLUB RIO DORADO
0040;NO ACTIVO;SUEÑOS DORADOS;31/08/2026;COMISION CLUB RIO DORADO
0041;NO ACTIVO;SUEÑOS DORADOS;31/08/2026;COMISION CLUB RIO DORADO
0042;NO ACTIVO;SUEÑOS DORADOS;31/08/2026;COMISION CLUB RIO DORADO
0043;NO ACTIVO;SUEÑOS DORADOS;31/08/2026;COMISION CLUB RIO DORADO
0044;NO ACTIVO;SUEÑOS DORADOS;31/08/2026;COMISION CLUB RIO DORADO
0045;NO ACTIVO;SUEÑOS DORADOS;31/08/2026;COMISION CLUB RIO DORADO
0046;NO ACTIVO;SUEÑOS DORADOS;31/08/2026;COMISION CLUB RIO DORADO
0047;NO ACTIVO;SUEÑOS DORADOS;31/08/2026;COMISION CLUB RIO DORADO
0048;NO ACTIVO;SUEÑOS DORADOS;31/08/2026;COMISION CLUB RIO DORADO
0049;NO ACTIVO;SUEÑOS DORADOS;31/08/2026;COMISION CLUB RIO DORADO
0050;NO ACTIVO;SUEÑOS DORADOS;31/08/2026;COMISION CLUB RIO DORADO
0051;NO ACTIVO;SUEÑOS DORADOS;31/08/2026;COMISION CLUB RIO DORADO
0052;NO ACTIVO;SUEÑOS DORADOS;31/08/2026;COMISION CLUB RIO DORADO
0053;NO ACTIVO;SUEÑOS DORADOS;31/08/2026;COMISION CLUB RIO DORADO
0054;NO ACTIVO;SUEÑOS DORADOS;31/08/2026;COMISION CLUB RIO DORADO
0055;NO ACTIVO;SUEÑOS DORADOS;31/08/2026;COMISION CLUB RIO DORADO
0056;NO ACTIVO;SUEÑOS DORADOS;31/08/2026;COMISION CLUB RIO DORADO
0057;NO ACTIVO;SUEÑOS DORADOS;31/08/2026;COMISION CLUB RIO DORADO
0058;NO ACTIVO;SUEÑOS DORADOS;31/08/2026;COMISION CLUB RIO DORADO
0059;NO ACTIVO;SUEÑOS DORADOS;31/08/2026;COMISION CLUB RIO DORADO
0060;NO ACTIVO;SUEÑOS DORADOS;31/08/2026;COMISION CLUB RIO DORADO
0061;NO ACTIVO;SUEÑOS DORADOS;31/08/2026;COMISION CLUB RIO DORADO
0062;NO ACTIVO;SUEÑOS DORADOS;31/08/2026;COMISION CLUB RIO DORADO
0063;NO ACTIVO;SUEÑOS DORADOS;31/08/2026;COMISION CLUB RIO DORADO
0064;NO ACTIVO;SUEÑOS DORADOS;31/08/2026;COMISION CLUB RIO DORADO
0065;NO ACTIVO;SUEÑOS DORADOS;31/08/2026;COMISION CLUB RIO DORADO
0066;NO ACTIVO;SUEÑOS DORADOS;31/08/2026;COMISION CLUB RIO DORADO
0067;NO ACTIVO;SUEÑOS DORADOS;31/08/2026;COMISION CLUB RIO DORADO
0068;NO ACTIVO;SUEÑOS DORADOS;31/08/2026;COMISION CLUB RIO DORADO
0069;NO ACTIVO;SUEÑOS DORADOS;31/08/2026;COMISION CLUB RIO DORADO
0070;NO ACTIVO;SUEÑOS DORADOS;31/08/2026;COMISION CLUB RIO DORADO
0071;NO ACTIVO;SUEÑOS DORADOS;31/08/2026;COMISION CLUB RIO DORADO
0072;NO ACTIVO;SUEÑOS DORADOS;31/08/2026;COMISION CLUB RIO DORADO
0073;NO ACTIVO;SUEÑOS DORADOS;31/08/2026;COMISION CLUB RIO DORADO
0074;NO ACTIVO;SUEÑOS DORADOS;31/08/2026;COMISION CLUB RIO DORADO
0075;NO ACTIVO;SUEÑOS DORADOS;31/08/2026;COMISION CLUB RIO DORADO
0076;NO ACTIVO;SUEÑOS DORADOS;31/08/2026;COMISION CLUB RIO DORADO
0077;NO ACTIVO;SUEÑOS DORADOS;31/08/2026;COMISION CLUB RIO DORADO
0078;NO ACTIVO;SUEÑOS DORADOS;31/08/2026;COMISION CLUB RIO DORADO
0079;NO ACTIVO;SUEÑOS DORADOS;31/08/2026;COMISION CLUB RIO DORADO
0080;NO ACTIVO;SUEÑOS DORADOS;31/08/2026;COMISION CLUB RIO DORADO
0081;NO ACTIVO;SUEÑOS DORADOS;31/08/2026;COMISION CLUB RIO DORADO
0082;NO ACTIVO;SUEÑOS DORADOS;31/08/2026;COMISION CLUB RIO DORADO
0083;NO ACTIVO;SUEÑOS DORADOS;31/08/2026;COMISION CLUB RIO DORADO
0084;NO ACTIVO;SUEÑOS DORADOS;31/08/2026;COMISION CLUB RIO DORADO
0085;NO ACTIVO;SUEÑOS DORADOS;31/08/2026;COMISION CLUB RIO DORADO
0086;NO ACTIVO;SUEÑOS DORADOS;31/08/2026;COMISION CLUB RIO DORADO
0087;NO ACTIVO;SUEÑOS DORADOS;31/08/2026;COMISION CLUB RIO DORADO
0088;NO ACTIVO;SUEÑOS DORADOS;31/08/2026;COMISION CLUB RIO DORADO
0089;NO ACTIVO;SUEÑOS DORADOS;31/08/2026;COMISION CLUB RIO DORADO
0090;NO ACTIVO;SUEÑOS DORADOS;31/08/2026;COMISION CLUB RIO DORADO
0091;NO ACTIVO;SUEÑOS DORADOS;31/08/2026;COMISION CLUB RIO DORADO
0092;NO ACTIVO;SUEÑOS DORADOS;31/08/2026;COMISION CLUB RIO DORADO
0093;NO ACTIVO;SUEÑOS DORADOS;31/08/2026;COMISION CLUB RIO DORADO
0094;NO ACTIVO;SUEÑOS DORADOS;31/08/2026;COMISION CLUB RIO DORADO
0095;NO ACTIVO;SUEÑOS DORADOS;31/08/2026;COMISION CLUB RIO DORADO
0096;NO ACTIVO;SUEÑOS DORADOS;31/08/2026;COMISION CLUB RIO DORADO
0097;NO ACTIVO;SUEÑOS DORADOS;31/08/2026;COMISION CLUB RIO DORADO
0098;NO ACTIVO;SUEÑOS DORADOS;31/08/2026;COMISION CLUB RIO DORADO
0099;NO ACTIVO;SUEÑOS DORADOS;31/08/2026;COMISION CLUB RIO DORADO
0100;NO ACTIVO;SUEÑOS DORADOS;31/08/2026;COMISION CLUB RIO DORADO
0101;NO ACTIVO;SUEÑOS DORADOS;31/08/2026;COMISION CLUB RIO DORADO
0102;NO ACTIVO;SUEÑOS DORADOS;31/08/2026;COMISION CLUB RIO DORADO
0103;NO ACTIVO;SUEÑOS DORADOS;31/08/2026;COMISION CLUB RIO DORADO
0104;NO ACTIVO;SUEÑOS DORADOS;31/08/2026;COMISION CLUB RIO DORADO
0105;NO ACTIVO;SUEÑOS DORADOS;31/08/2026;COMISION CLUB RIO DORADO
0106;NO ACTIVO;SUEÑOS DORADOS;31/08/2026;COMISION CLUB RIO DORADO
0107;NO ACTIVO;SUEÑOS DORADOS;31/08/2026;COMISION CLUB RIO DORADO
0108;NO ACTIVO;SUEÑOS DORADOS;31/08/2026;COMISION CLUB RIO DORADO
0109;NO ACTIVO;SUEÑOS DORADOS;31/08/2026;COMISION CLUB RIO DORADO
0110;NO ACTIVO;SUEÑOS DORADOS;31/08/2026;COMISION CLUB RIO DORADO
0111;NO ACTIVO;SUEÑOS DORADOS;31/08/2026;COMISION CLUB RIO DORADO
0112;NO ACTIVO;SUEÑOS DORADOS;31/08/2026;COMISION CLUB RIO DORADO
0113;NO ACTIVO;SUEÑOS DORADOS;31/08/2026;COMISION CLUB RIO DORADO
0114;NO ACTIVO;SUEÑOS DORADOS;31/08/2026;COMISION CLUB RIO DORADO
0115;NO ACTIVO;SUEÑOS DORADOS;31/08/2026;COMISION CLUB RIO DORADO
0116;NO ACTIVO;SUEÑOS DORADOS;31/08/2026;COMISION CLUB RIO DORADO
0117;NO ACTIVO;SUEÑOS DORADOS;31/08/2026;COMISION CLUB RIO DORADO
0118;NO ACTIVO;SUEÑOS DORADOS;31/08/2026;COMISION CLUB RIO DORADO
0119;NO ACTIVO;SUEÑOS DORADOS;31/08/2026;COMISION CLUB RIO DORADO
0120;NO ACTIVO;SUEÑOS DORADOS;31/08/2026;COMISION CLUB RIO DORADO
0121;NO ACTIVO;SUEÑOS DORADOS;31/08/2026;COMISION CLUB RIO DORADO
0122;NO ACTIVO;SUEÑOS DORADOS;31/08/2026;COMISION CLUB RIO DORADO
0123;NO ACTIVO;SUEÑOS DORADOS;31/08/2026;COMISION CLUB RIO DORADO
0124;NO ACTIVO;SUEÑOS DORADOS;31/08/2026;COMISION CLUB RIO DORADO
0125;NO ACTIVO;SUEÑOS DORADOS;31/08/2026;COMISION CLUB RIO DORADO
0126;NO ACTIVO;SUEÑOS DORADOS;31/08/2026;COMISION CLUB RIO DORADO
0127;NO ACTIVO;SUEÑOS DORADOS;31/08/2026;COMISION CLUB RIO DORADO
0128;NO ACTIVO;SUEÑOS DORADOS;31/08/2026;COMISION CLUB RIO DORADO
0129;NO ACTIVO;SUEÑOS DORADOS;31/08/2026;COMISION CLUB RIO DORADO
0130;NO ACTIVO;SUEÑOS DORADOS;31/08/2026;COMISION CLUB RIO DORADO
0131;NO ACTIVO;SUEÑOS DORADOS;31/08/2026;COMISION CLUB RIO DORADO
0132;NO ACTIVO;SUEÑOS DORADOS;31/08/2026;COMISION CLUB RIO DORADO
0133;NO ACTIVO;SUEÑOS DORADOS;31/08/2026;COMISION CLUB RIO DORADO
0134;NO ACTIVO;SUEÑOS DORADOS;31/08/2026;COMISION CLUB RIO DORADO
0135;NO ACTIVO;SUEÑOS DORADOS;31/08/2026;COMISION CLUB RIO DORADO
0136;NO ACTIVO;SUEÑOS DORADOS;31/08/2026;COMISION CLUB RIO DORADO
0137;NO ACTIVO;SUEÑOS DORADOS;31/08/2026;COMISION CLUB RIO DORADO
0138;NO ACTIVO;SUEÑOS DORADOS;31/08/2026;COMISION CLUB RIO DORADO
0139;NO ACTIVO;SUEÑOS DORADOS;31/08/2026;COMISION CLUB RIO DORADO
0140;NO ACTIVO;SUEÑOS DORADOS;31/08/2026;COMISION CLUB RIO DORADO
0141;NO ACTIVO;SUEÑOS DORADOS;31/08/2026;COMISION CLUB RIO DORADO
0142;NO ACTIVO;SUEÑOS DORADOS;31/08/2026;COMISION CLUB RIO DORADO
0143;NO ACTIVO;SUEÑOS DORADOS;31/08/2026;COMISION CLUB RIO DORADO
0144;NO ACTIVO;SUEÑOS DORADOS;31/08/2026;COMISION CLUB RIO DORADO
0145;NO ACTIVO;SUEÑOS DORADOS;31/08/2026;COMISION CLUB RIO DORADO
0146;NO ACTIVO;SUEÑOS DORADOS;31/08/2026;COMISION CLUB RIO DORADO
0147;NO ACTIVO;SUEÑOS DORADOS;31/08/2026;COMISION CLUB RIO DORADO
0148;NO ACTIVO;SUEÑOS DORADOS;31/08/2026;COMISION CLUB RIO DORADO
0149;NO ACTIVO;SUEÑOS DORADOS;31/08/2026;COMISION CLUB RIO DORADO
0150;NO ACTIVO;SUEÑOS DORADOS;31/08/2026;COMISION CLUB RIO DORADO
0151;NO ACTIVO;SUEÑOS DORADOS;31/08/2026;COMISION CLUB RIO DORADO
0152;NO ACTIVO;SUEÑOS DORADOS;31/08/2026;COMISION CLUB RIO DORADO
0153;NO ACTIVO;SUEÑOS DORADOS;31/08/2026;COMISION CLUB RIO DORADO
0154;NO ACTIVO;SUEÑOS DORADOS;31/08/2026;COMISION CLUB RIO DORADO
0155;NO ACTIVO;SUEÑOS DORADOS;31/08/2026;COMISION CLUB RIO DORADO
0156;NO ACTIVO;SUEÑOS DORADOS;31/08/2026;COMISION CLUB RIO DORADO
0157;NO ACTIVO;SUEÑOS DORADOS;31/08/2026;COMISION CLUB RIO DORADO
0158;NO ACTIVO;SUEÑOS DORADOS;31/08/2026;COMISION CLUB RIO DORADO
0159;NO ACTIVO;SUEÑOS DORADOS;31/08/2026;COMISION CLUB RIO DORADO
0160;NO ACTIVO;SUEÑOS DORADOS;31/08/2026;COMISION CLUB RIO DORADO
0161;NO ACTIVO;SUEÑOS DORADOS;31/08/2026;COMISION CLUB RIO DORADO
0162;NO ACTIVO;SUEÑOS DORADOS;31/08/2026;COMISION CLUB RIO DORADO
0163;NO ACTIVO;SUEÑOS DORADOS;31/08/2026;COMISION CLUB RIO DORADO
0164;NO ACTIVO;SUEÑOS DORADOS;31/08/2026;COMISION CLUB RIO DORADO
0165;NO ACTIVO;SUEÑOS DORADOS;31/08/2026;COMISION CLUB RIO DORADO
0166;NO ACTIVO;SUEÑOS DORADOS;31/08/2026;COMISION CLUB RIO DORADO
0167;NO ACTIVO;SUEÑOS DORADOS;31/08/2026;COMISION CLUB RIO DORADO
0168;NO ACTIVO;SUEÑOS DORADOS;31/08/2026;COMISION CLUB RIO DORADO
0169;NO ACTIVO;SUEÑOS DORADOS;31/08/2026;COMISION CLUB RIO DORADO
0170;NO ACTIVO;SUEÑOS DORADOS;31/08/2026;COMISION CLUB RIO DORADO
0171;NO ACTIVO;SUEÑOS DORADOS;31/08/2026;COMISION CLUB RIO DORADO
0172;NO ACTIVO;SUEÑOS DORADOS;31/08/2026;COMISION CLUB RIO DORADO
0173;NO ACTIVO;SUEÑOS DORADOS;31/08/2026;COMISION CLUB RIO DORADO
0174;NO ACTIVO;SUEÑOS DORADOS;31/08/2026;COMISION CLUB RIO DORADO
0175;NO ACTIVO;SUEÑOS DORADOS;31/08/2026;COMISION CLUB RIO DORADO
0176;NO ACTIVO;SUEÑOS DORADOS;31/08/2026;COMISION CLUB RIO DORADO
0177;NO ACTIVO;SUEÑOS DORADOS;31/08/2026;COMISION CLUB RIO DORADO
0178;NO ACTIVO;SUEÑOS DORADOS;31/08/2026;COMISION CLUB RIO DORADO
0179;NO ACTIVO;SUEÑOS DORADOS;31/08/2026;COMISION CLUB RIO DORADO
0180;NO ACTIVO;SUEÑOS DORADOS;31/08/2026;COMISION CLUB RIO DORADO
0181;NO ACTIVO;SUEÑOS DORADOS;31/08/2026;COMISION CLUB RIO DORADO
0182;NO ACTIVO;SUEÑOS DORADOS;31/08/2026;COMISION CLUB RIO DORADO
0183;NO ACTIVO;SUEÑOS DORADOS;31/08/2026;COMISION CLUB RIO DORADO
0184;NO ACTIVO;SUEÑOS DORADOS;31/08/2026;COMISION CLUB RIO DORADO
0185;NO ACTIVO;SUEÑOS DORADOS;31/08/2026;COMISION CLUB RIO DORADO
0186;NO ACTIVO;SUEÑOS DORADOS;31/08/2026;COMISION CLUB RIO DORADO
0187;NO ACTIVO;SUEÑOS DORADOS;31/08/2026;COMISION CLUB RIO DORADO
0188;NO ACTIVO;SUEÑOS DORADOS;31/08/2026;COMISION CLUB RIO DORADO
0189;NO ACTIVO;SUEÑOS DORADOS;31/08/2026;COMISION CLUB RIO DORADO
0190;NO ACTIVO;SUEÑOS DORADOS;31/08/2026;COMISION CLUB RIO DORADO
0191;NO ACTIVO;SUEÑOS DORADOS;31/08/2026;COMISION CLUB RIO DORADO
0192;NO ACTIVO;SUEÑOS DORADOS;31/08/2026;COMISION CLUB RIO DORADO
0193;NO ACTIVO;SUEÑOS DORADOS;31/08/2026;COMISION CLUB RIO DORADO
0194;NO ACTIVO;SUEÑOS DORADOS;31/08/2026;COMISION CLUB RIO DORADO
0195;NO ACTIVO;SUEÑOS DORADOS;31/08/2026;COMISION CLUB RIO DORADO
0196;NO ACTIVO;SUEÑOS DORADOS;31/08/2026;COMISION CLUB RIO DORADO
0197;NO ACTIVO;SUEÑOS DORADOS;31/08/2026;COMISION CLUB RIO DORADO
0198;NO ACTIVO;SUEÑOS DORADOS;31/08/2026;COMISION CLUB RIO DORADO
0199;NO ACTIVO;SUEÑOS DORADOS;31/08/2026;COMISION CLUB RIO DORADO
0200;NO ACTIVO;SUEÑOS DORADOS;31/08/2026;COMISION CLUB RIO DORADO
0201;NO ACTIVO;SUEÑOS DORADOS;31/08/2026;COMISION CLUB RIO DORADO
0202;NO ACTIVO;SUEÑOS DORADOS;31/08/2026;COMISION CLUB RIO DORADO
0203;NO ACTIVO;SUEÑOS DORADOS;31/08/2026;COMISION CLUB RIO DORADO
0204;NO ACTIVO;SUEÑOS DORADOS;31/08/2026;COMISION CLUB RIO DORADO
0205;NO ACTIVO;SUEÑOS DORADOS;31/08/2026;COMISION CLUB RIO DORADO
0206;NO ACTIVO;SUEÑOS DORADOS;31/08/2026;COMISION CLUB RIO DORADO
0207;NO ACTIVO;SUEÑOS DORADOS;31/08/2026;COMISION CLUB RIO DORADO
0208;NO ACTIVO;SUEÑOS DORADOS;31/08/2026;COMISION CLUB RIO DORADO
0209;NO ACTIVO;SUEÑOS DORADOS;31/08/2026;COMISION CLUB RIO DORADO
0210;NO ACTIVO;SUEÑOS DORADOS;31/08/2026;COMISION CLUB RIO DORADO
0211;NO ACTIVO;SUEÑOS DORADOS;31/08/2026;COMISION CLUB RIO DORADO
0212;NO ACTIVO;SUEÑOS DORADOS;31/08/2026;COMISION CLUB RIO DORADO
0213;NO ACTIVO;SUEÑOS DORADOS;31/08/2026;COMISION CLUB RIO DORADO
0214;NO ACTIVO;SUEÑOS DORADOS;31/08/2026;COMISION CLUB RIO DORADO
0215;NO ACTIVO;SUEÑOS DORADOS;31/08/2026;COMISION CLUB RIO DORADO
0216;NO ACTIVO;SUEÑOS DORADOS;31/08/2026;COMISION CLUB RIO DORADO
0217;NO ACTIVO;SUEÑOS DORADOS;31/08/2026;COMISION CLUB RIO DORADO
0218;NO ACTIVO;SUEÑOS DORADOS;31/08/2026;COMISION CLUB RIO DORADO
0219;NO ACTIVO;SUEÑOS DORADOS;31/08/2026;COMISION CLUB RIO DORADO
0220;NO ACTIVO;SUEÑOS DORADOS;31/08/2026;COMISION CLUB RIO DORADO
0221;NO ACTIVO;SUEÑOS DORADOS;31/08/2026;COMISION CLUB RIO DORADO
0222;NO ACTIVO;SUEÑOS DORADOS;31/08/2026;COMISION CLUB RIO DORADO
0223;NO ACTIVO;SUEÑOS DORADOS;31/08/2026;COMISION CLUB RIO DORADO
0224;NO ACTIVO;SUEÑOS DORADOS;31/08/2026;COMISION CLUB RIO DORADO
0225;NO ACTIVO;SUEÑOS DORADOS;31/08/2026;COMISION CLUB RIO DORADO
0226;NO ACTIVO;SUEÑOS DORADOS;31/08/2026;COMISION CLUB RIO DORADO
0227;NO ACTIVO;SUEÑOS DORADOS;31/08/2026;COMISION CLUB RIO DORADO
0228;NO ACTIVO;SUEÑOS DORADOS;31/08/2026;COMISION CLUB RIO DORADO
0229;NO ACTIVO;SUEÑOS DORADOS;31/08/2026;COMISION CLUB RIO DORADO
0230;NO ACTIVO;SUEÑOS DORADOS;31/08/2026;COMISION CLUB RIO DORADO
0231;NO ACTIVO;SUEÑOS DORADOS;31/08/2026;COMISION CLUB RIO DORADO
0232;NO ACTIVO;SUEÑOS DORADOS;31/08/2026;COMISION CLUB RIO DORADO
0233;NO ACTIVO;SUEÑOS DORADOS;31/08/2026;COMISION CLUB RIO DORADO
0234;NO ACTIVO;SUEÑOS DORADOS;31/08/2026;COMISION CLUB RIO DORADO
0235;NO ACTIVO;SUEÑOS DORADOS;31/08/2026;COMISION CLUB RIO DORADO
0236;NO ACTIVO;SUEÑOS DORADOS;31/08/2026;COMISION CLUB RIO DORADO
0237;NO ACTIVO;SUEÑOS DORADOS;31/08/2026;COMISION CLUB RIO DORADO
0238;NO ACTIVO;SUEÑOS DORADOS;31/08/2026;COMISION CLUB RIO DORADO
0239;NO ACTIVO;SUEÑOS DORADOS;31/08/2026;COMISION CLUB RIO DORADO
0240;NO ACTIVO;SUEÑOS DORADOS;31/08/2026;COMISION CLUB RIO DORADO
0241;NO ACTIVO;SUEÑOS DORADOS;31/08/2026;COMISION CLUB RIO DORADO
0242;NO ACTIVO;SUEÑOS DORADOS;31/08/2026;COMISION CLUB RIO DORADO
0243;NO ACTIVO;SUEÑOS DORADOS;31/08/2026;COMISION CLUB RIO DORADO
0244;NO ACTIVO;SUEÑOS DORADOS;31/08/2026;COMISION CLUB RIO DORADO
0245;NO ACTIVO;SUEÑOS DORADOS;31/08/2026;COMISION CLUB RIO DORADO
0246;NO ACTIVO;SUEÑOS DORADOS;31/08/2026;COMISION CLUB RIO DORADO
0247;NO ACTIVO;SUEÑOS DORADOS;31/08/2026;COMISION CLUB RIO DORADO
0248;NO ACTIVO;SUEÑOS DORADOS;31/08/2026;COMISION CLUB RIO DORADO
0249;NO ACTIVO;SUEÑOS DORADOS;31/08/2026;COMISION CLUB RIO DORADO
0250;NO ACTIVO;SUEÑOS DORADOS;31/08/2026;COMISION CLUB RIO DORADO
0251;NO ACTIVO;SUEÑOS DORADOS;31/08/2026;COMISION CLUB RIO DORADO
0252;NO ACTIVO;SUEÑOS DORADOS;31/08/2026;COMISION CLUB RIO DORADO
0253;NO ACTIVO;SUEÑOS DORADOS;31/08/2026;COMISION CLUB RIO DORADO
0254;NO ACTIVO;SUEÑOS DORADOS;31/08/2026;COMISION CLUB RIO DORADO
0255;NO ACTIVO;SUEÑOS DORADOS;31/08/2026;COMISION CLUB RIO DORADO
0256;NO ACTIVO;SUEÑOS DORADOS;31/08/2026;COMISION CLUB RIO DORADO
0257;NO ACTIVO;SUEÑOS DORADOS;31/08/2026;COMISION CLUB RIO DORADO
0258;NO ACTIVO;SUEÑOS DORADOS;31/08/2026;COMISION CLUB RIO DORADO
0259;NO ACTIVO;SUEÑOS DORADOS;31/08/2026;COMISION CLUB RIO DORADO
0260;NO ACTIVO;SUEÑOS DORADOS;31/08/2026;COMISION CLUB RIO DORADO
0261;NO ACTIVO;SUEÑOS DORADOS;31/08/2026;COMISION CLUB RIO DORADO
0262;NO ACTIVO;SUEÑOS DORADOS;31/08/2026;COMISION CLUB RIO DORADO
0263;NO ACTIVO;SUEÑOS DORADOS;31/08/2026;COMISION CLUB RIO DORADO
0264;NO ACTIVO;SUEÑOS DORADOS;31/08/2026;COMISION CLUB RIO DORADO
0265;NO ACTIVO;SUEÑOS DORADOS;31/08/2026;COMISION CLUB RIO DORADO
0266;NO ACTIVO;SUEÑOS DORADOS;31/08/2026;COMISION CLUB RIO DORADO
0267;NO ACTIVO;SUEÑOS DORADOS;31/08/2026;COMISION CLUB RIO DORADO
0268;NO ACTIVO;SUEÑOS DORADOS;31/08/2026;COMISION CLUB RIO DORADO
0269;NO ACTIVO;SUEÑOS DORADOS;31/08/2026;COMISION CLUB RIO DORADO
0270;NO ACTIVO;SUEÑOS DORADOS;31/08/2026;COMISION CLUB RIO DORADO
0271;NO ACTIVO;SUEÑOS DORADOS;31/08/2026;COMISION CLUB RIO DORADO
0272;NO ACTIVO;SUEÑOS DORADOS;31/08/2026;COMISION CLUB RIO DORADO
0273;NO ACTIVO;SUEÑOS DORADOS;31/08/2026;COMISION CLUB RIO DORADO
0274;NO ACTIVO;SUEÑOS DORADOS;31/08/2026;COMISION CLUB RIO DORADO
0275;NO ACTIVO;SUEÑOS DORADOS;31/08/2026;COMISION CLUB RIO DORADO
0276;NO ACTIVO;SUEÑOS DORADOS;31/08/2026;COMISION CLUB RIO DORADO
0277;NO ACTIVO;SUEÑOS DORADOS;31/08/2026;COMISION CLUB RIO DORADO
0278;NO ACTIVO;SUEÑOS DORADOS;31/08/2026;COMISION CLUB RIO DORADO
0279;NO ACTIVO;SUEÑOS DORADOS;31/08/2026;COMISION CLUB RIO DORADO
0280;NO ACTIVO;SUEÑOS DORADOS;31/08/2026;COMISION CLUB RIO DORADO
0281;NO ACTIVO;SUEÑOS DORADOS;31/08/2026;COMISION CLUB RIO DORADO
0282;NO ACTIVO;SUEÑOS DORADOS;31/08/2026;COMISION CLUB RIO DORADO
0283;NO ACTIVO;SUEÑOS DORADOS;31/08/2026;COMISION CLUB RIO DORADO
0284;NO ACTIVO;SUEÑOS DORADOS;31/08/2026;COMISION CLUB RIO DORADO
0285;NO ACTIVO;SUEÑOS DORADOS;31/08/2026;COMISION CLUB RIO DORADO
0286;NO ACTIVO;SUEÑOS DORADOS;31/08/2026;COMISION CLUB RIO DORADO
0287;NO ACTIVO;SUEÑOS DORADOS;31/08/2026;COMISION CLUB RIO DORADO
0288;NO ACTIVO;SUEÑOS DORADOS;31/08/2026;COMISION CLUB RIO DORADO
0289;NO ACTIVO;SUEÑOS DORADOS;31/08/2026;COMISION CLUB RIO DORADO
0290;NO ACTIVO;SUEÑOS DORADOS;31/08/2026;COMISION CLUB RIO DORADO
0291;NO ACTIVO;SUEÑOS DORADOS;31/08/2026;COMISION CLUB RIO DORADO
0292;NO ACTIVO;SUEÑOS DORADOS;31/08/2026;COMISION CLUB RIO DORADO
0293;NO ACTIVO;SUEÑOS DORADOS;31/08/2026;COMISION CLUB RIO DORADO
0294;NO ACTIVO;SUEÑOS DORADOS;31/08/2026;COMISION CLUB RIO DORADO
0295;NO ACTIVO;SUEÑOS DORADOS;31/08/2026;COMISION CLUB RIO DORADO
0296;NO ACTIVO;SUEÑOS DORADOS;31/08/2026;COMISION CLUB RIO DORADO
0297;NO ACTIVO;SUEÑOS DORADOS;31/08/2026;COMISION CLUB RIO DORADO
0298;NO ACTIVO;SUEÑOS DORADOS;31/08/2026;COMISION CLUB RIO DORADO
0299;NO ACTIVO;SUEÑOS DORADOS;31/08/2026;COMISION CLUB RIO DORADO
0300;NO ACTIVO;SUEÑOS DORADOS;31/08/2026;COMISION CLUB RIO DORADO
0301;NO ACTIVO;SUEÑOS DORADOS;31/08/2026;COMISION CLUB RIO DORADO
0302;NO ACTIVO;SUEÑOS DORADOS;31/08/2026;COMISION CLUB RIO DORADO
0303;NO ACTIVO;SUEÑOS DORADOS;31/08/2026;COMISION CLUB RIO DORADO
0304;NO ACTIVO;SUEÑOS DORADOS;31/08/2026;COMISION CLUB RIO DORADO
0305;NO ACTIVO;SUEÑOS DORADOS;31/08/2026;COMISION CLUB RIO DORADO
0306;NO ACTIVO;SUEÑOS DORADOS;31/08/2026;COMISION CLUB RIO DORADO
0307;NO ACTIVO;SUEÑOS DORADOS;31/08/2026;COMISION CLUB RIO DORADO
0308;NO ACTIVO;SUEÑOS DORADOS;31/08/2026;COMISION CLUB RIO DORADO
0309;NO ACTIVO;SUEÑOS DORADOS;31/08/2026;COMISION CLUB RIO DORADO
0310;NO ACTIVO;SUEÑOS DORADOS;31/08/2026;COMISION CLUB RIO DORADO
0311;NO ACTIVO;SUEÑOS DORADOS;31/08/2026;COMISION CLUB RIO DORADO
0312;NO ACTIVO;SUEÑOS DORADOS;31/08/2026;COMISION CLUB RIO DORADO
0313;NO ACTIVO;SUEÑOS DORADOS;31/08/2026;COMISION CLUB RIO DORADO
0314;NO ACTIVO;SUEÑOS DORADOS;31/08/2026;COMISION CLUB RIO DORADO
0315;NO ACTIVO;SUEÑOS DORADOS;31/08/2026;COMISION CLUB RIO DORADO
0316;NO ACTIVO;SUEÑOS DORADOS;31/08/2026;COMISION CLUB RIO DORADO
0317;NO ACTIVO;SUEÑOS DORADOS;31/08/2026;COMISION CLUB RIO DORADO
0318;NO ACTIVO;SUEÑOS DORADOS;31/08/2026;COMISION CLUB RIO DORADO
0319;NO ACTIVO;SUEÑOS DORADOS;31/08/2026;COMISION CLUB RIO DORADO
0320;NO ACTIVO;SUEÑOS DORADOS;31/08/2026;COMISION CLUB RIO DORADO
0321;NO ACTIVO;SUEÑOS DORADOS;31/08/2026;COMISION CLUB RIO DORADO
0322;NO ACTIVO;SUEÑOS DORADOS;31/08/2026;COMISION CLUB RIO DORADO
0323;NO ACTIVO;SUEÑOS DORADOS;31/08/2026;COMISION CLUB RIO DORADO
0324;NO ACTIVO;SUEÑOS DORADOS;31/08/2026;COMISION CLUB RIO DORADO
0325;NO ACTIVO;SUEÑOS DORADOS;31/08/2026;COMISION CLUB RIO DORADO
0326;NO ACTIVO;SUEÑOS DORADOS;31/08/2026;COMISION CLUB RIO DORADO
0327;NO ACTIVO;SUEÑOS DORADOS;31/08/2026;COMISION CLUB RIO DORADO
0328;NO ACTIVO;SUEÑOS DORADOS;31/08/2026;COMISION CLUB RIO DORADO
0329;NO ACTIVO;SUEÑOS DORADOS;31/08/2026;COMISION CLUB RIO DORADO
0330;NO ACTIVO;SUEÑOS DORADOS;31/08/2026;COMISION CLUB RIO DORADO
0331;NO ACTIVO;SUEÑOS DORADOS;31/08/2026;COMISION CLUB RIO DORADO
0332;NO ACTIVO;SUEÑOS DORADOS;31/08/2026;COMISION CLUB RIO DORADO
0333;NO ACTIVO;SUEÑOS DORADOS;31/08/2026;COMISION CLUB RIO DORADO
0334;NO ACTIVO;SUEÑOS DORADOS;31/08/2026;COMISION CLUB RIO DORADO
0335;NO ACTIVO;SUEÑOS DORADOS;31/08/2026;COMISION CLUB RIO DORADO
0336;NO ACTIVO;SUEÑOS DORADOS;31/08/2026;COMISION CLUB RIO DORADO
0337;NO ACTIVO;SUEÑOS DORADOS;31/08/2026;COMISION CLUB RIO DORADO
0338;NO ACTIVO;SUEÑOS DORADOS;31/08/2026;COMISION CLUB RIO DORADO
0339;NO ACTIVO;SUEÑOS DORADOS;31/08/2026;COMISION CLUB RIO DORADO
0340;NO ACTIVO;SUEÑOS DORADOS;31/08/2026;COMISION CLUB RIO DORADO
0341;NO ACTIVO;SUEÑOS DORADOS;31/08/2026;COMISION CLUB RIO DORADO
0342;NO ACTIVO;SUEÑOS DORADOS;31/08/2026;COMISION CLUB RIO DORADO
0343;NO ACTIVO;SUEÑOS DORADOS;31/08/2026;COMISION CLUB RIO DORADO
0344;NO ACTIVO;SUEÑOS DORADOS;31/08/2026;COMISION CLUB RIO DORADO
0345;NO ACTIVO;SUEÑOS DORADOS;31/08/2026;COMISION CLUB RIO DORADO
0346;NO ACTIVO;SUEÑOS DORADOS;31/08/2026;COMISION CLUB RIO DORADO
0347;NO ACTIVO;SUEÑOS DORADOS;31/08/2026;COMISION CLUB RIO DORADO
0348;NO ACTIVO;SUEÑOS DORADOS;31/08/2026;COMISION CLUB RIO DORADO
0349;NO ACTIVO;SUEÑOS DORADOS;31/08/2026;COMISION CLUB RIO DORADO
0350;NO ACTIVO;SUEÑOS DORADOS;31/08/2026;COMISION CLUB RIO DORADO
0351;NO ACTIVO;SUEÑOS DORADOS;31/08/2026;COMISION CLUB RIO DORADO
0352;NO ACTIVO;SUEÑOS DORADOS;31/08/2026;COMISION CLUB RIO DORADO
0353;NO ACTIVO;SUEÑOS DORADOS;31/08/2026;COMISION CLUB RIO DORADO
0354;NO ACTIVO;SUEÑOS DORADOS;31/08/2026;COMISION CLUB RIO DORADO
0355;NO ACTIVO;SUEÑOS DORADOS;31/08/2026;COMISION CLUB RIO DORADO
0356;NO ACTIVO;SUEÑOS DORADOS;31/08/2026;COMISION CLUB RIO DORADO
0357;NO ACTIVO;SUEÑOS DORADOS;31/08/2026;COMISION CLUB RIO DORADO
0358;NO ACTIVO;SUEÑOS DORADOS;31/08/2026;COMISION CLUB RIO DORADO
0359;NO ACTIVO;SUEÑOS DORADOS;31/08/2026;COMISION CLUB RIO DORADO
0360;NO ACTIVO;SUEÑOS DORADOS;31/08/2026;COMISION CLUB RIO DORADO
0361;NO ACTIVO;SUEÑOS DORADOS;31/08/2026;COMISION CLUB RIO DORADO
0362;NO ACTIVO;SUEÑOS DORADOS;31/08/2026;COMISION CLUB RIO DORADO
0363;NO ACTIVO;SUEÑOS DORADOS;31/08/2026;COMISION CLUB RIO DORADO
0364;NO ACTIVO;SUEÑOS DORADOS;31/08/2026;COMISION CLUB RIO DORADO
0365;NO ACTIVO;SUEÑOS DORADOS;31/08/2026;COMISION CLUB RIO DORADO
0366;NO ACTIVO;SUEÑOS DORADOS;31/08/2026;COMISION CLUB RIO DORADO
0367;NO ACTIVO;SUEÑOS DORADOS;31/08/2026;COMISION CLUB RIO DORADO
0368;NO ACTIVO;SUEÑOS DORADOS;31/08/2026;COMISION CLUB RIO DORADO
0369;NO ACTIVO;SUEÑOS DORADOS;31/08/2026;COMISION CLUB RIO DORADO
0370;NO ACTIVO;SUEÑOS DORADOS;31/08/2026;COMISION CLUB RIO DORADO
0371;NO ACTIVO;SUEÑOS DORADOS;31/08/2026;COMISION CLUB RIO DORADO
0372;NO ACTIVO;SUEÑOS DORADOS;31/08/2026;COMISION CLUB RIO DORADO
0373;NO ACTIVO;SUEÑOS DORADOS;31/08/2026;COMISION CLUB RIO DORADO
0374;NO ACTIVO;SUEÑOS DORADOS;31/08/2026;COMISION CLUB RIO DORADO
0375;NO ACTIVO;SUEÑOS DORADOS;31/08/2026;COMISION CLUB RIO DORADO
0376;NO ACTIVO;SUEÑOS DORADOS;31/08/2026;COMISION CLUB RIO DORADO
0377;NO ACTIVO;SUEÑOS DORADOS;31/08/2026;COMISION CLUB RIO DORADO
0378;NO ACTIVO;SUEÑOS DORADOS;31/08/2026;COMISION CLUB RIO DORADO
0379;NO ACTIVO;SUEÑOS DORADOS;31/08/2026;COMISION CLUB RIO DORADO
0380;NO ACTIVO;SUEÑOS DORADOS;31/08/2026;COMISION CLUB RIO DORADO
0381;NO ACTIVO;SUEÑOS DORADOS;31/08/2026;COMISION CLUB RIO DORADO
0382;NO ACTIVO;SUEÑOS DORADOS;31/08/2026;COMISION CLUB RIO DORADO
0383;NO ACTIVO;SUEÑOS DORADOS;31/08/2026;COMISION CLUB RIO DORADO
0384;NO ACTIVO;SUEÑOS DORADOS;31/08/2026;COMISION CLUB RIO DORADO
0385;NO ACTIVO;SUEÑOS DORADOS;31/08/2026;COMISION CLUB RIO DORADO
0386;NO ACTIVO;SUEÑOS DORADOS;31/08/2026;COMISION CLUB RIO DORADO
0387;NO ACTIVO;SUEÑOS DORADOS;31/08/2026;COMISION CLUB RIO DORADO
0388;NO ACTIVO;SUEÑOS DORADOS;31/08/2026;COMISION CLUB RIO DORADO
0389;NO ACTIVO;SUEÑOS DORADOS;31/08/2026;COMISION CLUB RIO DORADO
0390;NO ACTIVO;SUEÑOS DORADOS;31/08/2026;COMISION CLUB RIO DORADO
0391;NO ACTIVO;SUEÑOS DORADOS;31/08/2026;COMISION CLUB RIO DORADO
0392;NO ACTIVO;SUEÑOS DORADOS;31/08/2026;COMISION CLUB RIO DORADO
0393;NO ACTIVO;SUEÑOS DORADOS;31/08/2026;COMISION CLUB RIO DORADO
0394;NO ACTIVO;SUEÑOS DORADOS;31/08/2026;COMISION CLUB RIO DORADO
0395;NO ACTIVO;SUEÑOS DORADOS;31/08/2026;COMISION CLUB RIO DORADO
0396;NO ACTIVO;SUEÑOS DORADOS;31/08/2026;COMISION CLUB RIO DORADO
0397;NO ACTIVO;SUEÑOS DORADOS;31/08/2026;COMISION CLUB RIO DORADO
0398;NO ACTIVO;SUEÑOS DORADOS;31/08/2026;COMISION CLUB RIO DORADO
0399;NO ACTIVO;SUEÑOS DORADOS;31/08/2026;COMISION CLUB RIO DORADO
0400;NO ACTIVO;SUEÑOS DORADOS;31/08/2026;COMISION CLUB RIO DORADO
0401;NO ACTIVO;SUEÑOS DORADOS;31/08/2026;COMISION CLUB RIO DORADO
0402;NO ACTIVO;SUEÑOS DORADOS;31/08/2026;COMISION CLUB RIO DORADO
0403;NO ACTIVO;SUEÑOS DORADOS;31/08/2026;COMISION CLUB RIO DORADO
0404;NO ACTIVO;SUEÑOS DORADOS;31/08/2026;COMISION CLUB RIO DORADO
0405;NO ACTIVO;SUEÑOS DORADOS;31/08/2026;COMISION CLUB RIO DORADO
0406;NO ACTIVO;SUEÑOS DORADOS;31/08/2026;COMISION CLUB RIO DORADO
0407;NO ACTIVO;SUEÑOS DORADOS;31/08/2026;COMISION CLUB RIO DORADO
0408;NO ACTIVO;SUEÑOS DORADOS;31/08/2026;COMISION CLUB RIO DORADO
0409;NO ACTIVO;SUEÑOS DORADOS;31/08/2026;COMISION CLUB RIO DORADO
0410;NO ACTIVO;SUEÑOS DORADOS;31/08/2026;COMISION CLUB RIO DORADO
0411;NO ACTIVO;SUEÑOS DORADOS;31/08/2026;COMISION CLUB RIO DORADO
0412;NO ACTIVO;SUEÑOS DORADOS;31/08/2026;COMISION CLUB RIO DORADO
0413;NO ACTIVO;SUEÑOS DORADOS;31/08/2026;COMISION CLUB RIO DORADO
0414;NO ACTIVO;SUEÑOS DORADOS;31/08/2026;COMISION CLUB RIO DORADO
0415;NO ACTIVO;SUEÑOS DORADOS;31/08/2026;COMISION CLUB RIO DORADO
0416;NO ACTIVO;SUEÑOS DORADOS;31/08/2026;COMISION CLUB RIO DORADO
0417;NO ACTIVO;SUEÑOS DORADOS;31/08/2026;COMISION CLUB RIO DORADO
0418;NO ACTIVO;SUEÑOS DORADOS;31/08/2026;COMISION CLUB RIO DORADO
0419;NO ACTIVO;SUEÑOS DORADOS;31/08/2026;COMISION CLUB RIO DORADO
0420;NO ACTIVO;SUEÑOS DORADOS;31/08/2026;COMISION CLUB RIO DORADO
0421;NO ACTIVO;SUEÑOS DORADOS;31/08/2026;COMISION CLUB RIO DORADO
0422;NO ACTIVO;SUEÑOS DORADOS;31/08/2026;COMISION CLUB RIO DORADO
0423;NO ACTIVO;SUEÑOS DORADOS;31/08/2026;COMISION CLUB RIO DORADO
0424;NO ACTIVO;SUEÑOS DORADOS;31/08/2026;COMISION CLUB RIO DORADO
0425;NO ACTIVO;SUEÑOS DORADOS;31/08/2026;COMISION CLUB RIO DORADO
0426;NO ACTIVO;SUEÑOS DORADOS;31/08/2026;COMISION CLUB RIO DORADO
0427;NO ACTIVO;SUEÑOS DORADOS;31/08/2026;COMISION CLUB RIO DORADO
0428;NO ACTIVO;SUEÑOS DORADOS;31/08/2026;COMISION CLUB RIO DORADO
0429;NO ACTIVO;SUEÑOS DORADOS;31/08/2026;COMISION CLUB RIO DORADO
0430;NO ACTIVO;SUEÑOS DORADOS;31/08/2026;COMISION CLUB RIO DORADO
0431;NO ACTIVO;SUEÑOS DORADOS;31/08/2026;COMISION CLUB RIO DORADO
0432;NO ACTIVO;SUEÑOS DORADOS;31/08/2026;COMISION CLUB RIO DORADO
0433;NO ACTIVO;SUEÑOS DORADOS;31/08/2026;COMISION CLUB RIO DORADO
0434;NO ACTIVO;SUEÑOS DORADOS;31/08/2026;COMISION CLUB RIO DORADO
0435;NO ACTIVO;SUEÑOS DORADOS;31/08/2026;COMISION CLUB RIO DORADO
0436;NO ACTIVO;SUEÑOS DORADOS;31/08/2026;COMISION CLUB RIO DORADO
0437;NO ACTIVO;SUEÑOS DORADOS;31/08/2026;COMISION CLUB RIO DORADO
0438;NO ACTIVO;SUEÑOS DORADOS;31/08/2026;COMISION CLUB RIO DORADO
0439;NO ACTIVO;SUEÑOS DORADOS;31/08/2026;COMISION CLUB RIO DORADO
0440;NO ACTIVO;SUEÑOS DORADOS;31/08/2026;COMISION CLUB RIO DORADO
0441;NO ACTIVO;SUEÑOS DORADOS;31/08/2026;COMISION CLUB RIO DORADO
0442;NO ACTIVO;SUEÑOS DORADOS;31/08/2026;COMISION CLUB RIO DORADO
0443;NO ACTIVO;SUEÑOS DORADOS;31/08/2026;COMISION CLUB RIO DORADO
0444;NO ACTIVO;SUEÑOS DORADOS;31/08/2026;COMISION CLUB RIO DORADO
0445;NO ACTIVO;SUEÑOS DORADOS;31/08/2026;COMISION CLUB RIO DORADO
0446;NO ACTIVO;SUEÑOS DORADOS;31/08/2026;COMISION CLUB RIO DORADO
0447;NO ACTIVO;SUEÑOS DORADOS;31/08/2026;COMISION CLUB RIO DORADO
0448;NO ACTIVO;SUEÑOS DORADOS;31/08/2026;COMISION CLUB RIO DORADO
0449;NO ACTIVO;SUEÑOS DORADOS;31/08/2026;COMISION CLUB RIO DORADO
0450;NO ACTIVO;SUEÑOS DORADOS;31/08/2026;COMISION CLUB RIO DORADO
0451;NO ACTIVO;SUEÑOS DORADOS;31/08/2026;COMISION CLUB RIO DORADO
0452;NO ACTIVO;SUEÑOS DORADOS;31/08/2026;COMISION CLUB RIO DORADO
0453;NO ACTIVO;SUEÑOS DORADOS;31/08/2026;COMISION CLUB RIO DORADO
0454;NO ACTIVO;SUEÑOS DORADOS;31/08/2026;COMISION CLUB RIO DORADO
0455;NO ACTIVO;SUEÑOS DORADOS;31/08/2026;COMISION CLUB RIO DORADO
0456;NO ACTIVO;SUEÑOS DORADOS;31/08/2026;COMISION CLUB RIO DORADO
0457;NO ACTIVO;SUEÑOS DORADOS;31/08/2026;COMISION CLUB RIO DORADO
0458;NO ACTIVO;SUEÑOS DORADOS;31/08/2026;COMISION CLUB RIO DORADO
0459;NO ACTIVO;SUEÑOS DORADOS;31/08/2026;COMISION CLUB RIO DORADO
0460;NO ACTIVO;SUEÑOS DORADOS;31/08/2026;COMISION CLUB RIO DORADO
0461;NO ACTIVO;SUEÑOS DORADOS;31/08/2026;COMISION CLUB RIO DORADO
0462;NO ACTIVO;SUEÑOS DORADOS;31/08/2026;COMISION CLUB RIO DORADO
0463;NO ACTIVO;SUEÑOS DORADOS;31/08/2026;COMISION CLUB RIO DORADO
0464;NO ACTIVO;SUEÑOS DORADOS;31/08/2026;COMISION CLUB RIO DORADO
0465;NO ACTIVO;SUEÑOS DORADOS;31/08/2026;COMISION CLUB RIO DORADO
0466;NO ACTIVO;SUEÑOS DORADOS;31/08/2026;COMISION CLUB RIO DORADO
0467;NO ACTIVO;SUEÑOS DORADOS;31/08/2026;COMISION CLUB RIO DORADO
0468;NO ACTIVO;SUEÑOS DORADOS;31/08/2026;COMISION CLUB RIO DORADO
0469;NO ACTIVO;SUEÑOS DORADOS;31/08/2026;COMISION CLUB RIO DORADO
0470;NO ACTIVO;SUEÑOS DORADOS;31/08/2026;COMISION CLUB RIO DORADO
0471;NO ACTIVO;SUEÑOS DORADOS;31/08/2026;COMISION CLUB RIO DORADO
0472;NO ACTIVO;SUEÑOS DORADOS;31/08/2026;COMISION CLUB RIO DORADO
0473;NO ACTIVO;SUEÑOS DORADOS;31/08/2026;COMISION CLUB RIO DORADO
0474;NO ACTIVO;SUEÑOS DORADOS;31/08/2026;COMISION CLUB RIO DORADO
0475;NO ACTIVO;SUEÑOS DORADOS;31/08/2026;COMISION CLUB RIO DORADO
0476;NO ACTIVO;SUEÑOS DORADOS;31/08/2026;COMISION CLUB RIO DORADO
0477;NO ACTIVO;SUEÑOS DORADOS;31/08/2026;COMISION CLUB RIO DORADO
0478;NO ACTIVO;SUEÑOS DORADOS;31/08/2026;COMISION CLUB RIO DORADO
0479;NO ACTIVO;SUEÑOS DORADOS;31/08/2026;COMISION CLUB RIO DORADO
0480;NO ACTIVO;SUEÑOS DORADOS;31/08/2026;COMISION CLUB RIO DORADO
0481;NO ACTIVO;SUEÑOS DORADOS;31/08/2026;COMISION CLUB RIO DORADO
0482;NO ACTIVO;SUEÑOS DORADOS;31/08/2026;COMISION CLUB RIO DORADO
0483;NO ACTIVO;SUEÑOS DORADOS;31/08/2026;COMISION CLUB RIO DORADO
0484;NO ACTIVO;SUEÑOS DORADOS;31/08/2026;COMISION CLUB RIO DORADO
0485;NO ACTIVO;SUEÑOS DORADOS;31/08/2026;COMISION CLUB RIO DORADO
0486;NO ACTIVO;SUEÑOS DORADOS;31/08/2026;COMISION CLUB RIO DORADO
0487;NO ACTIVO;SUEÑOS DORADOS;31/08/2026;COMISION CLUB RIO DORADO
0488;NO ACTIVO;SUEÑOS DORADOS;31/08/2026;COMISION CLUB RIO DORADO
0489;NO ACTIVO;SUEÑOS DORADOS;31/08/2026;COMISION CLUB RIO DORADO
0490;NO ACTIVO;SUEÑOS DORADOS;31/08/2026;COMISION CLUB RIO DORADO
0491;NO ACTIVO;SUEÑOS DORADOS;31/08/2026;COMISION CLUB RIO DORADO
0492;NO ACTIVO;SUEÑOS DORADOS;31/08/2026;COMISION CLUB RIO DORADO
0493;NO ACTIVO;SUEÑOS DORADOS;31/08/2026;COMISION CLUB RIO DORADO
0494;NO ACTIVO;SUEÑOS DORADOS;31/08/2026;COMISION CLUB RIO DORADO
0495;NO ACTIVO;SUEÑOS DORADOS;31/08/2026;COMISION CLUB RIO DORADO
0496;NO ACTIVO;SUEÑOS DORADOS;31/08/2026;COMISION CLUB RIO DORADO
0497;NO ACTIVO;SUEÑOS DORADOS;31/08/2026;COMISION CLUB RIO DORADO
0498;NO ACTIVO;SUEÑOS DORADOS;31/08/2026;COMISION CLUB RIO DORADO
0499;NO ACTIVO;SUEÑOS DORADOS;31/08/2026;COMISION CLUB RIO DORADO
0500;NO ACTIVO;SUEÑOS DORADOS;31/08/2026;COMISION CLUB RIO DORADO
0501;NO ACTIVO;SUEÑOS DORADOS;31/08/2026;COMISION CLUB RIO DORADO
0502;NO ACTIVO;SUEÑOS DORADOS;31/08/2026;COMISION CLUB RIO DORADO
0503;NO ACTIVO;SUEÑOS DORADOS;31/08/2026;COMISION CLUB RIO DORADO
0504;NO ACTIVO;SUEÑOS DORADOS;31/08/2026;COMISION CLUB RIO DORADO
0505;NO ACTIVO;SUEÑOS DORADOS;31/08/2026;COMISION CLUB RIO DORADO
0506;NO ACTIVO;SUEÑOS DORADOS;31/08/2026;COMISION CLUB RIO DORADO
0507;NO ACTIVO;SUEÑOS DORADOS;31/08/2026;COMISION CLUB RIO DORADO
0508;NO ACTIVO;SUEÑOS DORADOS;31/08/2026;COMISION CLUB RIO DORADO
0509;NO ACTIVO;SUEÑOS DORADOS;31/08/2026;COMISION CLUB RIO DORADO
0510;NO ACTIVO;SUEÑOS DORADOS;31/08/2026;COMISION CLUB RIO DORADO
0511;NO ACTIVO;SUEÑOS DORADOS;31/08/2026;COMISION CLUB RIO DORADO
0512;NO ACTIVO;SUEÑOS DORADOS;31/08/2026;COMISION CLUB RIO DORADO
0513;NO ACTIVO;SUEÑOS DORADOS;31/08/2026;COMISION CLUB RIO DORADO
0514;NO ACTIVO;SUEÑOS DORADOS;31/08/2026;COMISION CLUB RIO DORADO
0515;NO ACTIVO;SUEÑOS DORADOS;31/08/2026;COMISION CLUB RIO DORADO
0516;NO ACTIVO;SUEÑOS DORADOS;31/08/2026;COMISION CLUB RIO DORADO
0517;NO ACTIVO;SUEÑOS DORADOS;31/08/2026;COMISION CLUB RIO DORADO
0518;NO ACTIVO;SUEÑOS DORADOS;31/08/2026;COMISION CLUB RIO DORADO
0519;NO ACTIVO;SUEÑOS DORADOS;31/08/2026;COMISION CLUB RIO DORADO
0520;NO ACTIVO;SUEÑOS DORADOS;31/08/2026;COMISION CLUB RIO DORADO
0521;NO ACTIVO;SUEÑOS DORADOS;31/08/2026;COMISION CLUB RIO DORADO
0522;NO ACTIVO;SUEÑOS DORADOS;31/08/2026;COMISION CLUB RIO DORADO
0523;NO ACTIVO;SUEÑOS DORADOS;31/08/2026;COMISION CLUB RIO DORADO
0524;NO ACTIVO;SUEÑOS DORADOS;31/08/2026;COMISION CLUB RIO DORADO
0525;NO ACTIVO;SUEÑOS DORADOS;31/08/2026;COMISION CLUB RIO DORADO
0526;NO ACTIVO;SUEÑOS DORADOS;31/08/2026;COMISION CLUB RIO DORADO
0527;NO ACTIVO;SUEÑOS DORADOS;31/08/2026;COMISION CLUB RIO DORADO
0528;NO ACTIVO;SUEÑOS DORADOS;31/08/2026;COMISION CLUB RIO DORADO
0529;NO ACTIVO;SUEÑOS DORADOS;31/08/2026;COMISION CLUB RIO DORADO
0530;NO ACTIVO;SUEÑOS DORADOS;31/08/2026;COMISION CLUB RIO DORADO
0531;NO ACTIVO;SUEÑOS DORADOS;31/08/2026;COMISION CLUB RIO DORADO
0532;NO ACTIVO;SUEÑOS DORADOS;31/08/2026;COMISION CLUB RIO DORADO
0533;NO ACTIVO;SUEÑOS DORADOS;31/08/2026;COMISION CLUB RIO DORADO
0534;NO ACTIVO;SUEÑOS DORADOS;31/08/2026;COMISION CLUB RIO DORADO
0535;NO ACTIVO;SUEÑOS DORADOS;31/08/2026;COMISION CLUB RIO DORADO
0536;NO ACTIVO;SUEÑOS DORADOS;31/08/2026;COMISION CLUB RIO DORADO
0537;NO ACTIVO;SUEÑOS DORADOS;31/08/2026;COMISION CLUB RIO DORADO
0538;NO ACTIVO;SUEÑOS DORADOS;31/08/2026;COMISION CLUB RIO DORADO
0539;NO ACTIVO;SUEÑOS DORADOS;31/08/2026;COMISION CLUB RIO DORADO
0540;NO ACTIVO;SUEÑOS DORADOS;31/08/2026;COMISION CLUB RIO DORADO
0541;NO ACTIVO;SUEÑOS DORADOS;31/08/2026;COMISION CLUB RIO DORADO
0542;NO ACTIVO;SUEÑOS DORADOS;31/08/2026;COMISION CLUB RIO DORADO
0543;NO ACTIVO;SUEÑOS DORADOS;31/08/2026;COMISION CLUB RIO DORADO
0544;NO ACTIVO;SUEÑOS DORADOS;31/08/2026;COMISION CLUB RIO DORADO
0545;NO ACTIVO;SUEÑOS DORADOS;31/08/2026;COMISION CLUB RIO DORADO
0546;NO ACTIVO;SUEÑOS DORADOS;31/08/2026;COMISION CLUB RIO DORADO
0547;NO ACTIVO;SUEÑOS DORADOS;31/08/2026;COMISION CLUB RIO DORADO
0548;NO ACTIVO;SUEÑOS DORADOS;31/08/2026;COMISION CLUB RIO DORADO
0549;NO ACTIVO;SUEÑOS DORADOS;31/08/2026;COMISION CLUB RIO DORADO
0550;NO ACTIVO;SUEÑOS DORADOS;31/08/2026;COMISION CLUB RIO DORADO
0551;NO ACTIVO;SUEÑOS DORADOS;31/08/2026;COMISION CLUB RIO DORADO
0552;NO ACTIVO;SUEÑOS DORADOS;31/08/2026;COMISION CLUB RIO DORADO
0553;NO ACTIVO;SUEÑOS DORADOS;31/08/2026;COMISION CLUB RIO DORADO
0554;NO ACTIVO;SUEÑOS DORADOS;31/08/2026;COMISION CLUB RIO DORADO
0555;NO ACTIVO;SUEÑOS DORADOS;31/08/2026;COMISION CLUB RIO DORADO
0556;NO ACTIVO;SUEÑOS DORADOS;31/08/2026;COMISION CLUB RIO DORADO
0557;NO ACTIVO;SUEÑOS DORADOS;31/08/2026;COMISION CLUB RIO DORADO
0558;NO ACTIVO;SUEÑOS DORADOS;31/08/2026;COMISION CLUB RIO DORADO
0559;NO ACTIVO;SUEÑOS DORADOS;31/08/2026;COMISION CLUB RIO DORADO
0560;NO ACTIVO;SUEÑOS DORADOS;31/08/2026;COMISION CLUB RIO DORADO
0561;NO ACTIVO;SUEÑOS DORADOS;31/08/2026;COMISION CLUB RIO DORADO
0562;NO ACTIVO;SUEÑOS DORADOS;31/08/2026;COMISION CLUB RIO DORADO
0563;NO ACTIVO;SUEÑOS DORADOS;31/08/2026;COMISION CLUB RIO DORADO
0564;NO ACTIVO;SUEÑOS DORADOS;31/08/2026;COMISION CLUB RIO DORADO
0565;NO ACTIVO;SUEÑOS DORADOS;31/08/2026;COMISION CLUB RIO DORADO
0566;NO ACTIVO;SUEÑOS DORADOS;31/08/2026;COMISION CLUB RIO DORADO
0567;NO ACTIVO;SUEÑOS DORADOS;31/08/2026;COMISION CLUB RIO DORADO
0568;NO ACTIVO;SUEÑOS DORADOS;31/08/2026;COMISION CLUB RIO DORADO
0569;NO ACTIVO;SUEÑOS DORADOS;31/08/2026;COMISION CLUB RIO DORADO
0570;NO ACTIVO;SUEÑOS DORADOS;31/08/2026;COMISION CLUB RIO DORADO
0571;NO ACTIVO;SUEÑOS DORADOS;31/08/2026;COMISION CLUB RIO DORADO
0572;NO ACTIVO;SUEÑOS DORADOS;31/08/2026;COMISION CLUB RIO DORADO
0573;NO ACTIVO;SUEÑOS DORADOS;31/08/2026;COMISION CLUB RIO DORADO
0574;NO ACTIVO;SUEÑOS DORADOS;31/08/2026;COMISION CLUB RIO DORADO
0575;NO ACTIVO;SUEÑOS DORADOS;31/08/2026;COMISION CLUB RIO DORADO
0576;NO ACTIVO;SUEÑOS DORADOS;31/08/2026;COMISION CLUB RIO DORADO
0577;NO ACTIVO;SUEÑOS DORADOS;31/08/2026;COMISION CLUB RIO DORADO
0578;NO ACTIVO;SUEÑOS DORADOS;31/08/2026;COMISION CLUB RIO DORADO
0579;NO ACTIVO;SUEÑOS DORADOS;31/08/2026;COMISION CLUB RIO DORADO
0580;NO ACTIVO;SUEÑOS DORADOS;31/08/2026;COMISION CLUB RIO DORADO
0581;NO ACTIVO;SUEÑOS DORADOS;31/08/2026;COMISION CLUB RIO DORADO
0582;NO ACTIVO;SUEÑOS DORADOS;31/08/2026;COMISION CLUB RIO DORADO
0583;NO ACTIVO;SUEÑOS DORADOS;31/08/2026;COMISION CLUB RIO DORADO
0584;NO ACTIVO;SUEÑOS DORADOS;31/08/2026;COMISION CLUB RIO DORADO
0585;NO ACTIVO;SUEÑOS DORADOS;31/08/2026;COMISION CLUB RIO DORADO
0586;NO ACTIVO;SUEÑOS DORADOS;31/08/2026;COMISION CLUB RIO DORADO
0587;NO ACTIVO;SUEÑOS DORADOS;31/08/2026;COMISION CLUB RIO DORADO
0588;NO ACTIVO;SUEÑOS DORADOS;31/08/2026;COMISION CLUB RIO DORADO
0589;NO ACTIVO;SUEÑOS DORADOS;31/08/2026;COMISION CLUB RIO DORADO
0590;NO ACTIVO;SUEÑOS DORADOS;31/08/2026;COMISION CLUB RIO DORADO
0591;NO ACTIVO;SUEÑOS DORADOS;31/08/2026;COMISION CLUB RIO DORADO
0592;NO ACTIVO;SUEÑOS DORADOS;31/08/2026;COMISION CLUB RIO DORADO
0593;NO ACTIVO;SUEÑOS DORADOS;31/08/2026;COMISION CLUB RIO DORADO
0594;NO ACTIVO;SUEÑOS DORADOS;31/08/2026;COMISION CLUB RIO DORADO
0595;NO ACTIVO;SUEÑOS DORADOS;31/08/2026;COMISION CLUB RIO DORADO
0596;NO ACTIVO;SUEÑOS DORADOS;31/08/2026;COMISION CLUB RIO DORADO
0597;NO ACTIVO;SUEÑOS DORADOS;31/08/2026;COMISION CLUB RIO DORADO
0598;NO ACTIVO;SUEÑOS DORADOS;31/08/2026;COMISION CLUB RIO DORADO
0599;NO ACTIVO;SUEÑOS DORADOS;31/08/2026;COMISION CLUB RIO DORADO
0600;NO ACTIVO;SUEÑOS DORADOS;31/08/2026;COMISION CLUB RIO DORADO
0601;NO ACTIVO;SUEÑOS DORADOS;31/08/2026;COMISION CLUB RIO DORADO
0602;NO ACTIVO;SUEÑOS DORADOS;31/08/2026;COMISION CLUB RIO DORADO
0603;NO ACTIVO;SUEÑOS DORADOS;31/08/2026;COMISION CLUB RIO DORADO
0604;NO ACTIVO;SUEÑOS DORADOS;31/08/2026;COMISION CLUB RIO DORADO
0605;NO ACTIVO;SUEÑOS DORADOS;31/08/2026;COMISION CLUB RIO DORADO
0606;NO ACTIVO;SUEÑOS DORADOS;31/08/2026;COMISION CLUB RIO DORADO
0607;NO ACTIVO;SUEÑOS DORADOS;31/08/2026;COMISION CLUB RIO DORADO
0608;NO ACTIVO;SUEÑOS DORADOS;31/08/2026;COMISION CLUB RIO DORADO
0609;NO ACTIVO;SUEÑOS DORADOS;31/08/2026;COMISION CLUB RIO DORADO
0610;NO ACTIVO;SUEÑOS DORADOS;31/08/2026;COMISION CLUB RIO DORADO
0611;NO ACTIVO;SUEÑOS DORADOS;31/08/2026;COMISION CLUB RIO DORADO
0612;NO ACTIVO;SUEÑOS DORADOS;31/08/2026;COMISION CLUB RIO DORADO
0613;NO ACTIVO;SUEÑOS DORADOS;31/08/2026;COMISION CLUB RIO DORADO
0614;NO ACTIVO;SUEÑOS DORADOS;31/08/2026;COMISION CLUB RIO DORADO
0615;NO ACTIVO;SUEÑOS DORADOS;31/08/2026;COMISION CLUB RIO DORADO
0616;NO ACTIVO;SUEÑOS DORADOS;31/08/2026;COMISION CLUB RIO DORADO
0617;NO ACTIVO;SUEÑOS DORADOS;31/08/2026;COMISION CLUB RIO DORADO
0618;NO ACTIVO;SUEÑOS DORADOS;31/08/2026;COMISION CLUB RIO DORADO
0619;NO ACTIVO;SUEÑOS DORADOS;31/08/2026;COMISION CLUB RIO DORADO
0620;NO ACTIVO;SUEÑOS DORADOS;31/08/2026;COMISION CLUB RIO DORADO
0621;NO ACTIVO;SUEÑOS DORADOS;31/08/2026;COMISION CLUB RIO DORADO
0622;NO ACTIVO;SUEÑOS DORADOS;31/08/2026;COMISION CLUB RIO DORADO
0623;NO ACTIVO;SUEÑOS DORADOS;31/08/2026;COMISION CLUB RIO DORADO
0624;NO ACTIVO;SUEÑOS DORADOS;31/08/2026;COMISION CLUB RIO DORADO
0625;NO ACTIVO;SUEÑOS DORADOS;31/08/2026;COMISION CLUB RIO DORADO
0626;NO ACTIVO;SUEÑOS DORADOS;31/08/2026;COMISION CLUB RIO DORADO
0627;NO ACTIVO;SUEÑOS DORADOS;31/08/2026;COMISION CLUB RIO DORADO
0628;NO ACTIVO;SUEÑOS DORADOS;31/08/2026;COMISION CLUB RIO DORADO
0629;NO ACTIVO;SUEÑOS DORADOS;31/08/2026;COMISION CLUB RIO DORADO
0630;NO ACTIVO;SUEÑOS DORADOS;31/08/2026;COMISION CLUB RIO DORADO
0631;NO ACTIVO;SUEÑOS DORADOS;31/08/2026;COMISION CLUB RIO DORADO
0632;NO ACTIVO;SUEÑOS DORADOS;31/08/2026;COMISION CLUB RIO DORADO
0633;NO ACTIVO;SUEÑOS DORADOS;31/08/2026;COMISION CLUB RIO DORADO
0634;NO ACTIVO;SUEÑOS DORADOS;31/08/2026;COMISION CLUB RIO DORADO
0635;NO ACTIVO;SUEÑOS DORADOS;31/08/2026;COMISION CLUB RIO DORADO
0636;NO ACTIVO;SUEÑOS DORADOS;31/08/2026;COMISION CLUB RIO DORADO
0637;NO ACTIVO;SUEÑOS DORADOS;31/08/2026;COMISION CLUB RIO DORADO
0638;NO ACTIVO;SUEÑOS DORADOS;31/08/2026;COMISION CLUB RIO DORADO
0639;NO ACTIVO;SUEÑOS DORADOS;31/08/2026;COMISION CLUB RIO DORADO
0640;NO ACTIVO;SUEÑOS DORADOS;31/08/2026;COMISION CLUB RIO DORADO
0641;NO ACTIVO;SUEÑOS DORADOS;31/08/2026;COMISION CLUB RIO DORADO
0642;NO ACTIVO;SUEÑOS DORADOS;31/08/2026;COMISION CLUB RIO DORADO
0643;NO ACTIVO;SUEÑOS DORADOS;31/08/2026;COMISION CLUB RIO DORADO
0644;NO ACTIVO;SUEÑOS DORADOS;31/08/2026;COMISION CLUB RIO DORADO
0645;NO ACTIVO;SUEÑOS DORADOS;31/08/2026;COMISION CLUB RIO DORADO
0646;NO ACTIVO;SUEÑOS DORADOS;31/08/2026;COMISION CLUB RIO DORADO
0647;NO ACTIVO;SUEÑOS DORADOS;31/08/2026;COMISION CLUB RIO DORADO
0648;NO ACTIVO;SUEÑOS DORADOS;31/08/2026;COMISION CLUB RIO DORADO
0649;NO ACTIVO;SUEÑOS DORADOS;31/08/2026;COMISION CLUB RIO DORADO
0650;NO ACTIVO;SUEÑOS DORADOS;31/08/2026;COMISION CLUB RIO DORADO
0651;NO ACTIVO;SUEÑOS DORADOS;31/08/2026;COMISION CLUB RIO DORADO
0652;NO ACTIVO;SUEÑOS DORADOS;31/08/2026;COMISION CLUB RIO DORADO
0653;NO ACTIVO;SUEÑOS DORADOS;31/08/2026;COMISION CLUB RIO DORADO
0654;NO ACTIVO;SUEÑOS DORADOS;31/08/2026;COMISION CLUB RIO DORADO
0655;NO ACTIVO;SUEÑOS DORADOS;31/08/2026;COMISION CLUB RIO DORADO
0656;NO ACTIVO;SUEÑOS DORADOS;31/08/2026;COMISION CLUB RIO DORADO
0657;NO ACTIVO;SUEÑOS DORADOS;31/08/2026;COMISION CLUB RIO DORADO
0658;NO ACTIVO;SUEÑOS DORADOS;31/08/2026;COMISION CLUB RIO DORADO
0659;NO ACTIVO;SUEÑOS DORADOS;31/08/2026;COMISION CLUB RIO DORADO
0660;NO ACTIVO;SUEÑOS DORADOS;31/08/2026;COMISION CLUB RIO DORADO
0661;NO ACTIVO;SUEÑOS DORADOS;31/08/2026;COMISION CLUB RIO DORADO
0662;NO ACTIVO;SUEÑOS DORADOS;31/08/2026;COMISION CLUB RIO DORADO
0663;NO ACTIVO;SUEÑOS DORADOS;31/08/2026;COMISION CLUB RIO DORADO
0664;NO ACTIVO;SUEÑOS DORADOS;31/08/2026;COMISION CLUB RIO DORADO
0665;NO ACTIVO;SUEÑOS DORADOS;31/08/2026;COMISION CLUB RIO DORADO
0666;NO ACTIVO;SUEÑOS DORADOS;31/08/2026;COMISION CLUB RIO DORADO
0667;NO ACTIVO;SUEÑOS DORADOS;31/08/2026;COMISION CLUB RIO DORADO
0668;NO ACTIVO;SUEÑOS DORADOS;31/08/2026;COMISION CLUB RIO DORADO
0669;NO ACTIVO;SUEÑOS DORADOS;31/08/2026;COMISION CLUB RIO DORADO
0670;NO ACTIVO;SUEÑOS DORADOS;31/08/2026;COMISION CLUB RIO DORADO
0671;NO ACTIVO;SUEÑOS DORADOS;31/08/2026;COMISION CLUB RIO DORADO
0672;NO ACTIVO;SUEÑOS DORADOS;31/08/2026;COMISION CLUB RIO DORADO
0673;NO ACTIVO;SUEÑOS DORADOS;31/08/2026;COMISION CLUB RIO DORADO
0674;NO ACTIVO;SUEÑOS DORADOS;31/08/2026;COMISION CLUB RIO DORADO
0675;NO ACTIVO;SUEÑOS DORADOS;31/08/2026;COMISION CLUB RIO DORADO
0676;NO ACTIVO;SUEÑOS DORADOS;31/08/2026;COMISION CLUB RIO DORADO
0677;NO ACTIVO;SUEÑOS DORADOS;31/08/2026;COMISION CLUB RIO DORADO
0678;NO ACTIVO;SUEÑOS DORADOS;31/08/2026;COMISION CLUB RIO DORADO
0679;NO ACTIVO;SUEÑOS DORADOS;31/08/2026;COMISION CLUB RIO DORADO
0680;NO ACTIVO;SUEÑOS DORADOS;31/08/2026;COMISION CLUB RIO DORADO
0681;NO ACTIVO;SUEÑOS DORADOS;31/08/2026;COMISION CLUB RIO DORADO
0682;NO ACTIVO;SUEÑOS DORADOS;31/08/2026;COMISION CLUB RIO DORADO
0683;NO ACTIVO;SUEÑOS DORADOS;31/08/2026;COMISION CLUB RIO DORADO
0684;NO ACTIVO;SUEÑOS DORADOS;31/08/2026;COMISION CLUB RIO DORADO
0685;NO ACTIVO;SUEÑOS DORADOS;31/08/2026;COMISION CLUB RIO DORADO
0686;NO ACTIVO;SUEÑOS DORADOS;31/08/2026;COMISION CLUB RIO DORADO
0687;NO ACTIVO;SUEÑOS DORADOS;31/08/2026;COMISION CLUB RIO DORADO
0688;NO ACTIVO;SUEÑOS DORADOS;31/08/2026;COMISION CLUB RIO DORADO
0689;NO ACTIVO;SUEÑOS DORADOS;31/08/2026;COMISION CLUB RIO DORADO
0690;NO ACTIVO;SUEÑOS DORADOS;31/08/2026;COMISION CLUB RIO DORADO
0691;NO ACTIVO;SUEÑOS DORADOS;31/08/2026;COMISION CLUB RIO DORADO
0692;NO ACTIVO;SUEÑOS DORADOS;31/08/2026;COMISION CLUB RIO DORADO
0693;NO ACTIVO;SUEÑOS DORADOS;31/08/2026;COMISION CLUB RIO DORADO
0694;NO ACTIVO;SUEÑOS DORADOS;31/08/2026;COMISION CLUB RIO DORADO
0695;NO ACTIVO;SUEÑOS DORADOS;31/08/2026;COMISION CLUB RIO DORADO
0696;NO ACTIVO;SUEÑOS DORADOS;31/08/2026;COMISION CLUB RIO DORADO
0697;NO ACTIVO;SUEÑOS DORADOS;31/08/2026;COMISION CLUB RIO DORADO
0698;NO ACTIVO;SUEÑOS DORADOS;31/08/2026;COMISION CLUB RIO DORADO
0699;NO ACTIVO;SUEÑOS DORADOS;31/08/2026;COMISION CLUB RIO DORADO
0700;NO ACTIVO;SUEÑOS DORADOS;31/08/2026;COMISION CLUB RIO DORADO
0701;NO ACTIVO;SUEÑOS DORADOS;31/08/2026;COMISION CLUB RIO DORADO
0702;NO ACTIVO;SUEÑOS DORADOS;31/08/2026;COMISION CLUB RIO DORADO
0703;NO ACTIVO;SUEÑOS DORADOS;31/08/2026;COMISION CLUB RIO DORADO
0704;NO ACTIVO;SUEÑOS DORADOS;31/08/2026;COMISION CLUB RIO DORADO
0705;NO ACTIVO;SUEÑOS DORADOS;31/08/2026;COMISION CLUB RIO DORADO
0706;NO ACTIVO;SUEÑOS DORADOS;31/08/2026;COMISION CLUB RIO DORADO
0707;NO ACTIVO;SUEÑOS DORADOS;31/08/2026;COMISION CLUB RIO DORADO
0708;NO ACTIVO;SUEÑOS DORADOS;31/08/2026;COMISION CLUB RIO DORADO
0709;NO ACTIVO;SUEÑOS DORADOS;31/08/2026;COMISION CLUB RIO DORADO
0710;NO ACTIVO;SUEÑOS DORADOS;31/08/2026;COMISION CLUB RIO DORADO
0711;NO ACTIVO;SUEÑOS DORADOS;31/08/2026;COMISION CLUB RIO DORADO
0712;NO ACTIVO;SUEÑOS DORADOS;31/08/2026;COMISION CLUB RIO DORADO
0713;NO ACTIVO;SUEÑOS DORADOS;31/08/2026;COMISION CLUB RIO DORADO
0714;NO ACTIVO;SUEÑOS DORADOS;31/08/2026;COMISION CLUB RIO DORADO
0715;NO ACTIVO;SUEÑOS DORADOS;31/08/2026;COMISION CLUB RIO DORADO
0716;NO ACTIVO;SUEÑOS DORADOS;31/08/2026;COMISION CLUB RIO DORADO
0717;NO ACTIVO;SUEÑOS DORADOS;31/08/2026;COMISION CLUB RIO DORADO
0718;NO ACTIVO;SUEÑOS DORADOS;31/08/2026;COMISION CLUB RIO DORADO
0719;NO ACTIVO;SUEÑOS DORADOS;31/08/2026;COMISION CLUB RIO DORADO
0720;NO ACTIVO;SUEÑOS DORADOS;31/08/2026;COMISION CLUB RIO DORADO
0721;NO ACTIVO;SUEÑOS DORADOS;31/08/2026;COMISION CLUB RIO DORADO
0722;NO ACTIVO;SUEÑOS DORADOS;31/08/2026;COMISION CLUB RIO DORADO
0723;NO ACTIVO;SUEÑOS DORADOS;31/08/2026;COMISION CLUB RIO DORADO
0724;NO ACTIVO;SUEÑOS DORADOS;31/08/2026;COMISION CLUB RIO DORADO
0725;NO ACTIVO;SUEÑOS DORADOS;31/08/2026;COMISION CLUB RIO DORADO
0726;NO ACTIVO;SUEÑOS DORADOS;31/08/2026;COMISION CLUB RIO DORADO
0727;NO ACTIVO;SUEÑOS DORADOS;31/08/2026;COMISION CLUB RIO DORADO
0728;NO ACTIVO;SUEÑOS DORADOS;31/08/2026;COMISION CLUB RIO DORADO
0729;NO ACTIVO;SUEÑOS DORADOS;31/08/2026;COMISION CLUB RIO DORADO
0730;NO ACTIVO;SUEÑOS DORADOS;31/08/2026;COMISION CLUB RIO DORADO
0731;NO ACTIVO;SUEÑOS DORADOS;31/08/2026;COMISION CLUB RIO DORADO
0732;NO ACTIVO;SUEÑOS DORADOS;31/08/2026;COMISION CLUB RIO DORADO
0733;NO ACTIVO;SUEÑOS DORADOS;31/08/2026;COMISION CLUB RIO DORADO
0734;NO ACTIVO;SUEÑOS DORADOS;31/08/2026;COMISION CLUB RIO DORADO
0735;NO ACTIVO;SUEÑOS DORADOS;31/08/2026;COMISION CLUB RIO DORADO
0736;NO ACTIVO;SUEÑOS DORADOS;31/08/2026;COMISION CLUB RIO DORADO
0737;NO ACTIVO;SUEÑOS DORADOS;31/08/2026;COMISION CLUB RIO DORADO
0738;NO ACTIVO;SUEÑOS DORADOS;31/08/2026;COMISION CLUB RIO DORADO
0739;NO ACTIVO;SUEÑOS DORADOS;31/08/2026;COMISION CLUB RIO DORADO
0740;NO ACTIVO;SUEÑOS DORADOS;31/08/2026;COMISION CLUB RIO DORADO
0741;NO ACTIVO;SUEÑOS DORADOS;31/08/2026;COMISION CLUB RIO DORADO
0742;NO ACTIVO;SUEÑOS DORADOS;31/08/2026;COMISION CLUB RIO DORADO
0743;NO ACTIVO;SUEÑOS DORADOS;31/08/2026;COMISION CLUB RIO DORADO
0744;NO ACTIVO;SUEÑOS DORADOS;31/08/2026;COMISION CLUB RIO DORADO
0745;NO ACTIVO;SUEÑOS DORADOS;31/08/2026;COMISION CLUB RIO DORADO
0746;NO ACTIVO;SUEÑOS DORADOS;31/08/2026;COMISION CLUB RIO DORADO
0747;NO ACTIVO;SUEÑOS DORADOS;31/08/2026;COMISION CLUB RIO DORADO
0748;NO ACTIVO;SUEÑOS DORADOS;31/08/2026;COMISION CLUB RIO DORADO
0749;NO ACTIVO;SUEÑOS DORADOS;31/08/2026;COMISION CLUB RIO DORADO
0750;NO ACTIVO;SUEÑOS DORADOS;31/08/2026;COMISION CLUB RIO DORADO
0751;NO ACTIVO;SUEÑOS DORADOS;31/08/2026;COMISION CLUB RIO DORADO
0752;NO ACTIVO;SUEÑOS DORADOS;31/08/2026;COMISION CLUB RIO DORADO
0753;NO ACTIVO;SUEÑOS DORADOS;31/08/2026;COMISION CLUB RIO DORADO
0754;NO ACTIVO;SUEÑOS DORADOS;31/08/2026;COMISION CLUB RIO DORADO
0755;NO ACTIVO;SUEÑOS DORADOS;31/08/2026;COMISION CLUB RIO DORADO
0756;NO ACTIVO;SUEÑOS DORADOS;31/08/2026;COMISION CLUB RIO DORADO
0757;NO ACTIVO;SUEÑOS DORADOS;31/08/2026;COMISION CLUB RIO DORADO
0758;NO ACTIVO;SUEÑOS DORADOS;31/08/2026;COMISION CLUB RIO DORADO
0759;NO ACTIVO;SUEÑOS DORADOS;31/08/2026;COMISION CLUB RIO DORADO
0760;NO ACTIVO;SUEÑOS DORADOS;31/08/2026;COMISION CLUB RIO DORADO
0761;NO ACTIVO;SUEÑOS DORADOS;31/08/2026;COMISION CLUB RIO DORADO
0762;NO ACTIVO;SUEÑOS DORADOS;31/08/2026;COMISION CLUB RIO DORADO
0763;NO ACTIVO;SUEÑOS DORADOS;31/08/2026;COMISION CLUB RIO DORADO
0764;NO ACTIVO;SUEÑOS DORADOS;31/08/2026;COMISION CLUB RIO DORADO
0765;NO ACTIVO;SUEÑOS DORADOS;31/08/2026;COMISION CLUB RIO DORADO
0766;NO ACTIVO;SUEÑOS DORADOS;31/08/2026;COMISION CLUB RIO DORADO
0767;NO ACTIVO;SUEÑOS DORADOS;31/08/2026;COMISION CLUB RIO DORADO
0768;NO ACTIVO;SUEÑOS DORADOS;31/08/2026;COMISION CLUB RIO DORADO
0769;NO ACTIVO;SUEÑOS DORADOS;31/08/2026;COMISION CLUB RIO DORADO
0770;NO ACTIVO;SUEÑOS DORADOS;31/08/2026;COMISION CLUB RIO DORADO
0771;NO ACTIVO;SUEÑOS DORADOS;31/08/2026;COMISION CLUB RIO DORADO
0772;NO ACTIVO;SUEÑOS DORADOS;31/08/2026;COMISION CLUB RIO DORADO
0773;NO ACTIVO;SUEÑOS DORADOS;31/08/2026;COMISION CLUB RIO DORADO
0774;NO ACTIVO;SUEÑOS DORADOS;31/08/2026;COMISION CLUB RIO DORADO
0775;NO ACTIVO;SUEÑOS DORADOS;31/08/2026;COMISION CLUB RIO DORADO
0776;NO ACTIVO;SUEÑOS DORADOS;31/08/2026;COMISION CLUB RIO DORADO
0777;NO ACTIVO;SUEÑOS DORADOS;31/08/2026;COMISION CLUB RIO DORADO
0778;NO ACTIVO;SUEÑOS DORADOS;31/08/2026;COMISION CLUB RIO DORADO
0779;NO ACTIVO;SUEÑOS DORADOS;31/08/2026;COMISION CLUB RIO DORADO
0780;NO ACTIVO;SUEÑOS DORADOS;31/08/2026;COMISION CLUB RIO DORADO
0781;NO ACTIVO;SUEÑOS DORADOS;31/08/2026;COMISION CLUB RIO DORADO
0782;NO ACTIVO;SUEÑOS DORADOS;31/08/2026;COMISION CLUB RIO DORADO
0783;NO ACTIVO;SUEÑOS DORADOS;31/08/2026;COMISION CLUB RIO DORADO
0784;NO ACTIVO;SUEÑOS DORADOS;31/08/2026;COMISION CLUB RIO DORADO
0785;NO ACTIVO;SUEÑOS DORADOS;31/08/2026;COMISION CLUB RIO DORADO
0786;NO ACTIVO;SUEÑOS DORADOS;31/08/2026;COMISION CLUB RIO DORADO
0787;NO ACTIVO;SUEÑOS DORADOS;31/08/2026;COMISION CLUB RIO DORADO
0788;NO ACTIVO;SUEÑOS DORADOS;31/08/2026;COMISION CLUB RIO DORADO
0789;NO ACTIVO;SUEÑOS DORADOS;31/08/2026;COMISION CLUB RIO DORADO
0790;NO ACTIVO;SUEÑOS DORADOS;31/08/2026;COMISION CLUB RIO DORADO
0791;NO ACTIVO;SUEÑOS DORADOS;31/08/2026;COMISION CLUB RIO DORADO
0792;NO ACTIVO;SUEÑOS DORADOS;31/08/2026;COMISION CLUB RIO DORADO
0793;NO ACTIVO;SUEÑOS DORADOS;31/08/2026;COMISION CLUB RIO DORADO
0794;NO ACTIVO;SUEÑOS DORADOS;31/08/2026;COMISION CLUB RIO DORADO
0795;NO ACTIVO;SUEÑOS DORADOS;31/08/2026;COMISION CLUB RIO DORADO
0796;NO ACTIVO;SUEÑOS DORADOS;31/08/2026;COMISION CLUB RIO DORADO
0797;NO ACTIVO;SUEÑOS DORADOS;31/08/2026;COMISION CLUB RIO DORADO
0798;NO ACTIVO;SUEÑOS DORADOS;31/08/2026;COMISION CLUB RIO DORADO
0799;NO ACTIVO;SUEÑOS DORADOS;31/08/2026;COMISION CLUB RIO DORADO
0800;NO ACTIVO;SUEÑOS DORADOS;31/08/2026;COMISION CLUB RIO DORADO
0801;NO ACTIVO;SUEÑOS DORADOS;31/08/2026;COMISION CLUB RIO DORADO
0802;NO ACTIVO;SUEÑOS DORADOS;31/08/2026;COMISION CLUB RIO DORADO
0803;NO ACTIVO;SUEÑOS DORADOS;31/08/2026;COMISION CLUB RIO DORADO
0804;NO ACTIVO;SUEÑOS DORADOS;31/08/2026;COMISION CLUB RIO DORADO
0805;NO ACTIVO;SUEÑOS DORADOS;31/08/2026;COMISION CLUB RIO DORADO
0806;NO ACTIVO;SUEÑOS DORADOS;31/08/2026;COMISION CLUB RIO DORADO
0807;NO ACTIVO;SUEÑOS DORADOS;31/08/2026;COMISION CLUB RIO DORADO
0808;NO ACTIVO;SUEÑOS DORADOS;31/08/2026;COMISION CLUB RIO DORADO
0809;NO ACTIVO;SUEÑOS DORADOS;31/08/2026;COMISION CLUB RIO DORADO
0810;NO ACTIVO;SUEÑOS DORADOS;31/08/2026;COMISION CLUB RIO DORADO
0811;NO ACTIVO;SUEÑOS DORADOS;31/08/2026;COMISION CLUB RIO DORADO
0812;NO ACTIVO;SUEÑOS DORADOS;31/08/2026;COMISION CLUB RIO DORADO
0813;NO ACTIVO;SUEÑOS DORADOS;31/08/2026;COMISION CLUB RIO DORADO
0814;NO ACTIVO;SUEÑOS DORADOS;31/08/2026;COMISION CLUB RIO DORADO
0815;NO ACTIVO;SUEÑOS DORADOS;31/08/2026;COMISION CLUB RIO DORADO
0816;NO ACTIVO;SUEÑOS DORADOS;31/08/2026;COMISION CLUB RIO DORADO
0817;NO ACTIVO;SUEÑOS DORADOS;31/08/2026;COMISION CLUB RIO DORADO
0818;NO ACTIVO;SUEÑOS DORADOS;31/08/2026;COMISION CLUB RIO DORADO
0819;NO ACTIVO;SUEÑOS DORADOS;31/08/2026;COMISION CLUB RIO DORADO
0820;NO ACTIVO;SUEÑOS DORADOS;31/08/2026;COMISION CLUB RIO DORADO
0821;NO ACTIVO;SUEÑOS DORADOS;31/08/2026;COMISION CLUB RIO DORADO
0822;NO ACTIVO;SUEÑOS DORADOS;31/08/2026;COMISION CLUB RIO DORADO
0823;NO ACTIVO;SUEÑOS DORADOS;31/08/2026;COMISION CLUB RIO DORADO
0824;NO ACTIVO;SUEÑOS DORADOS;31/08/2026;COMISION CLUB RIO DORADO
0825;NO ACTIVO;SUEÑOS DORADOS;31/08/2026;COMISION CLUB RIO DORADO
0826;NO ACTIVO;SUEÑOS DORADOS;31/08/2026;COMISION CLUB RIO DORADO
0827;NO ACTIVO;SUEÑOS DORADOS;31/08/2026;COMISION CLUB RIO DORADO
0828;NO ACTIVO;SUEÑOS DORADOS;31/08/2026;COMISION CLUB RIO DORADO
0829;NO ACTIVO;SUEÑOS DORADOS;31/08/2026;COMISION CLUB RIO DORADO
0830;NO ACTIVO;SUEÑOS DORADOS;31/08/2026;COMISION CLUB RIO DORADO
0831;NO ACTIVO;SUEÑOS DORADOS;31/08/2026;COMISION CLUB RIO DORADO
0832;NO ACTIVO;SUEÑOS DORADOS;31/08/2026;COMISION CLUB RIO DORADO
0833;NO ACTIVO;SUEÑOS DORADOS;31/08/2026;COMISION CLUB RIO DORADO
0834;NO ACTIVO;SUEÑOS DORADOS;31/08/2026;COMISION CLUB RIO DORADO
0835;NO ACTIVO;SUEÑOS DORADOS;31/08/2026;COMISION CLUB RIO DORADO
0836;NO ACTIVO;SUEÑOS DORADOS;31/08/2026;COMISION CLUB RIO DORADO
0837;NO ACTIVO;SUEÑOS DORADOS;31/08/2026;COMISION CLUB RIO DORADO
0838;NO ACTIVO;SUEÑOS DORADOS;31/08/2026;COMISION CLUB RIO DORADO
0839;NO ACTIVO;SUEÑOS DORADOS;31/08/2026;COMISION CLUB RIO DORADO
0840;NO ACTIVO;SUEÑOS DORADOS;31/08/2026;COMISION CLUB RIO DORADO
0841;NO ACTIVO;SUEÑOS DORADOS;31/08/2026;COMISION CLUB RIO DORADO
0842;NO ACTIVO;SUEÑOS DORADOS;31/08/2026;COMISION CLUB RIO DORADO
0843;NO ACTIVO;SUEÑOS DORADOS;31/08/2026;COMISION CLUB RIO DORADO
0844;NO ACTIVO;SUEÑOS DORADOS;31/08/2026;COMISION CLUB RIO DORADO
0845;NO ACTIVO;SUEÑOS DORADOS;31/08/2026;COMISION CLUB RIO DORADO
0846;NO ACTIVO;SUEÑOS DORADOS;31/08/2026;COMISION CLUB RIO DORADO
0847;NO ACTIVO;SUEÑOS DORADOS;31/08/2026;COMISION CLUB RIO DORADO
0848;NO ACTIVO;SUEÑOS DORADOS;31/08/2026;COMISION CLUB RIO DORADO
0849;NO ACTIVO;SUEÑOS DORADOS;31/08/2026;COMISION CLUB RIO DORADO
0850;NO ACTIVO;SUEÑOS DORADOS;31/08/2026;COMISION CLUB RIO DORADO
0851;NO ACTIVO;SUEÑOS DORADOS;31/08/2026;COMISION CLUB RIO DORADO
0852;NO ACTIVO;SUEÑOS DORADOS;31/08/2026;COMISION CLUB RIO DORADO
0853;NO ACTIVO;SUEÑOS DORADOS;31/08/2026;COMISION CLUB RIO DORADO
0854;NO ACTIVO;SUEÑOS DORADOS;31/08/2026;COMISION CLUB RIO DORADO
0855;NO ACTIVO;SUEÑOS DORADOS;31/08/2026;COMISION CLUB RIO DORADO
0856;NO ACTIVO;SUEÑOS DORADOS;31/08/2026;COMISION CLUB RIO DORADO
0857;NO ACTIVO;SUEÑOS DORADOS;31/08/2026;COMISION CLUB RIO DORADO
0858;NO ACTIVO;SUEÑOS DORADOS;31/08/2026;COMISION CLUB RIO DORADO
0859;NO ACTIVO;SUEÑOS DORADOS;31/08/2026;COMISION CLUB RIO DORADO
0860;NO ACTIVO;SUEÑOS DORADOS;31/08/2026;COMISION CLUB RIO DORADO
0861;NO ACTIVO;SUEÑOS DORADOS;31/08/2026;COMISION CLUB RIO DORADO
0862;NO ACTIVO;SUEÑOS DORADOS;31/08/2026;COMISION CLUB RIO DORADO
0863;NO ACTIVO;SUEÑOS DORADOS;31/08/2026;COMISION CLUB RIO DORADO
0864;NO ACTIVO;SUEÑOS DORADOS;31/08/2026;COMISION CLUB RIO DORADO
0865;NO ACTIVO;SUEÑOS DORADOS;31/08/2026;COMISION CLUB RIO DORADO
0866;NO ACTIVO;SUEÑOS DORADOS;31/08/2026;COMISION CLUB RIO DORADO
0867;NO ACTIVO;SUEÑOS DORADOS;31/08/2026;COMISION CLUB RIO DORADO
0868;NO ACTIVO;SUEÑOS DORADOS;31/08/2026;COMISION CLUB RIO DORADO
0869;NO ACTIVO;SUEÑOS DORADOS;31/08/2026;COMISION CLUB RIO DORADO
0870;NO ACTIVO;SUEÑOS DORADOS;31/08/2026;COMISION CLUB RIO DORADO
0871;NO ACTIVO;SUEÑOS DORADOS;31/08/2026;COMISION CLUB RIO DORADO
0872;NO ACTIVO;SUEÑOS DORADOS;31/08/2026;COMISION CLUB RIO DORADO
0873;NO ACTIVO;SUEÑOS DORADOS;31/08/2026;COMISION CLUB RIO DORADO
0874;NO ACTIVO;SUEÑOS DORADOS;31/08/2026;COMISION CLUB RIO DORADO
0875;NO ACTIVO;SUEÑOS DORADOS;31/08/2026;COMISION CLUB RIO DORADO
0876;NO ACTIVO;SUEÑOS DORADOS;31/08/2026;COMISION CLUB RIO DORADO
0877;NO ACTIVO;SUEÑOS DORADOS;31/08/2026;COMISION CLUB RIO DORADO
0878;NO ACTIVO;SUEÑOS DORADOS;31/08/2026;COMISION CLUB RIO DORADO
0879;NO ACTIVO;SUEÑOS DORADOS;31/08/2026;COMISION CLUB RIO DORADO
0880;NO ACTIVO;SUEÑOS DORADOS;31/08/2026;COMISION CLUB RIO DORADO
0881;NO ACTIVO;SUEÑOS DORADOS;31/08/2026;COMISION CLUB RIO DORADO
0882;NO ACTIVO;SUEÑOS DORADOS;31/08/2026;COMISION CLUB RIO DORADO
0883;NO ACTIVO;SUEÑOS DORADOS;31/08/2026;COMISION CLUB RIO DORADO
0884;NO ACTIVO;SUEÑOS DORADOS;31/08/2026;COMISION CLUB RIO DORADO
0885;NO ACTIVO;SUEÑOS DORADOS;31/08/2026;COMISION CLUB RIO DORADO
0886;NO ACTIVO;SUEÑOS DORADOS;31/08/2026;COMISION CLUB RIO DORADO
0887;NO ACTIVO;SUEÑOS DORADOS;31/08/2026;COMISION CLUB RIO DORADO
0888;NO ACTIVO;SUEÑOS DORADOS;31/08/2026;COMISION CLUB RIO DORADO
0889;NO ACTIVO;SUEÑOS DORADOS;31/08/2026;COMISION CLUB RIO DORADO
0890;NO ACTIVO;SUEÑOS DORADOS;31/08/2026;COMISION CLUB RIO DORADO
0891;NO ACTIVO;SUEÑOS DORADOS;31/08/2026;COMISION CLUB RIO DORADO
0892;NO ACTIVO;SUEÑOS DORADOS;31/08/2026;COMISION CLUB RIO DORADO
0893;NO ACTIVO;SUEÑOS DORADOS;31/08/2026;COMISION CLUB RIO DORADO
0894;NO ACTIVO;SUEÑOS DORADOS;31/08/2026;COMISION CLUB RIO DORADO
0895;NO ACTIVO;SUEÑOS DORADOS;31/08/2026;COMISION CLUB RIO DORADO
0896;NO ACTIVO;SUEÑOS DORADOS;31/08/2026;COMISION CLUB RIO DORADO
0897;NO ACTIVO;SUEÑOS DORADOS;31/08/2026;COMISION CLUB RIO DORADO
0898;NO ACTIVO;SUEÑOS DORADOS;31/08/2026;COMISION CLUB RIO DORADO
0899;NO ACTIVO;SUEÑOS DORADOS;31/08/2026;COMISION CLUB RIO DORADO
0900;NO ACTIVO;SUEÑOS DORADOS;31/08/2026;COMISION CLUB RIO DORADO
0901;NO ACTIVO;SUEÑOS DORADOS;31/08/2026;COMISION CLUB RIO DORADO
0902;NO ACTIVO;SUEÑOS DORADOS;31/08/2026;COMISION CLUB RIO DORADO
0903;NO ACTIVO;SUEÑOS DORADOS;31/08/2026;COMISION CLUB RIO DORADO
0904;NO ACTIVO;SUEÑOS DORADOS;31/08/2026;COMISION CLUB RIO DORADO
0905;NO ACTIVO;SUEÑOS DORADOS;31/08/2026;COMISION CLUB RIO DORADO
0906;NO ACTIVO;SUEÑOS DORADOS;31/08/2026;COMISION CLUB RIO DORADO
0907;NO ACTIVO;SUEÑOS DORADOS;31/08/2026;COMISION CLUB RIO DORADO
0908;NO ACTIVO;SUEÑOS DORADOS;31/08/2026;COMISION CLUB RIO DORADO
0909;NO ACTIVO;SUEÑOS DORADOS;31/08/2026;COMISION CLUB RIO DORADO
0910;NO ACTIVO;SUEÑOS DORADOS;31/08/2026;COMISION CLUB RIO DORADO
0911;NO ACTIVO;SUEÑOS DORADOS;31/08/2026;COMISION CLUB RIO DORADO
0912;NO ACTIVO;SUEÑOS DORADOS;31/08/2026;COMISION CLUB RIO DORADO
0913;NO ACTIVO;SUEÑOS DORADOS;31/08/2026;COMISION CLUB RIO DORADO
0914;NO ACTIVO;SUEÑOS DORADOS;31/08/2026;COMISION CLUB RIO DORADO
0915;NO ACTIVO;SUEÑOS DORADOS;31/08/2026;COMISION CLUB RIO DORADO
0916;NO ACTIVO;SUEÑOS DORADOS;31/08/2026;COMISION CLUB RIO DORADO
0917;NO ACTIVO;SUEÑOS DORADOS;31/08/2026;COMISION CLUB RIO DORADO
0918;NO ACTIVO;SUEÑOS DORADOS;31/08/2026;COMISION CLUB RIO DORADO
0919;NO ACTIVO;SUEÑOS DORADOS;31/08/2026;COMISION CLUB RIO DORADO
0920;NO ACTIVO;SUEÑOS DORADOS;31/08/2026;COMISION CLUB RIO DORADO
0921;NO ACTIVO;SUEÑOS DORADOS;31/08/2026;COMISION CLUB RIO DORADO
0922;NO ACTIVO;SUEÑOS DORADOS;31/08/2026;COMISION CLUB RIO DORADO
0923;NO ACTIVO;SUEÑOS DORADOS;31/08/2026;COMISION CLUB RIO DORADO
0924;NO ACTIVO;SUEÑOS DORADOS;31/08/2026;COMISION CLUB RIO DORADO
0925;NO ACTIVO;SUEÑOS DORADOS;31/08/2026;COMISION CLUB RIO DORADO
0926;NO ACTIVO;SUEÑOS DORADOS;31/08/2026;COMISION CLUB RIO DORADO
0927;NO ACTIVO;SUEÑOS DORADOS;31/08/2026;COMISION CLUB RIO DORADO
0928;NO ACTIVO;SUEÑOS DORADOS;31/08/2026;COMISION CLUB RIO DORADO
0929;NO ACTIVO;SUEÑOS DORADOS;31/08/2026;COMISION CLUB RIO DORADO
0930;NO ACTIVO;SUEÑOS DORADOS;31/08/2026;COMISION CLUB RIO DORADO
0931;NO ACTIVO;SUEÑOS DORADOS;31/08/2026;COMISION CLUB RIO DORADO
0932;NO ACTIVO;SUEÑOS DORADOS;31/08/2026;COMISION CLUB RIO DORADO
0933;NO ACTIVO;SUEÑOS DORADOS;31/08/2026;COMISION CLUB RIO DORADO
0934;NO ACTIVO;SUEÑOS DORADOS;31/08/2026;COMISION CLUB RIO DORADO
0935;NO ACTIVO;SUEÑOS DORADOS;31/08/2026;COMISION CLUB RIO DORADO
0936;NO ACTIVO;SUEÑOS DORADOS;31/08/2026;COMISION CLUB RIO DORADO
0937;NO ACTIVO;SUEÑOS DORADOS;31/08/2026;COMISION CLUB RIO DORADO
0938;NO ACTIVO;SUEÑOS DORADOS;31/08/2026;COMISION CLUB RIO DORADO
0939;NO ACTIVO;SUEÑOS DORADOS;31/08/2026;COMISION CLUB RIO DORADO
0940;NO ACTIVO;SUEÑOS DORADOS;31/08/2026;COMISION CLUB RIO DORADO
0941;NO ACTIVO;SUEÑOS DORADOS;31/08/2026;COMISION CLUB RIO DORADO
0942;NO ACTIVO;SUEÑOS DORADOS;31/08/2026;COMISION CLUB RIO DORADO
0943;NO ACTIVO;SUEÑOS DORADOS;31/08/2026;COMISION CLUB RIO DORADO
0944;NO ACTIVO;SUEÑOS DORADOS;31/08/2026;COMISION CLUB RIO DORADO
0945;NO ACTIVO;SUEÑOS DORADOS;31/08/2026;COMISION CLUB RIO DORADO
0946;NO ACTIVO;SUEÑOS DORADOS;31/08/2026;COMISION CLUB RIO DORADO
0947;NO ACTIVO;SUEÑOS DORADOS;31/08/2026;COMISION CLUB RIO DORADO
0948;NO ACTIVO;SUEÑOS DORADOS;31/08/2026;COMISION CLUB RIO DORADO
0949;NO ACTIVO;SUEÑOS DORADOS;31/08/2026;COMISION CLUB RIO DORADO
0950;NO ACTIVO;SUEÑOS DORADOS;31/08/2026;COMISION CLUB RIO DORADO
0951;NO ACTIVO;SUEÑOS DORADOS;31/08/2026;COMISION CLUB RIO DORADO
0952;NO ACTIVO;SUEÑOS DORADOS;31/08/2026;COMISION CLUB RIO DORADO
0953;NO ACTIVO;SUEÑOS DORADOS;31/08/2026;COMISION CLUB RIO DORADO
0954;NO ACTIVO;SUEÑOS DORADOS;31/08/2026;COMISION CLUB RIO DORADO
0955;NO ACTIVO;SUEÑOS DORADOS;31/08/2026;COMISION CLUB RIO DORADO
0956;NO ACTIVO;SUEÑOS DORADOS;31/08/2026;COMISION CLUB RIO DORADO
0957;NO ACTIVO;SUEÑOS DORADOS;31/08/2026;COMISION CLUB RIO DORADO
0958;NO ACTIVO;SUEÑOS DORADOS;31/08/2026;COMISION CLUB RIO DORADO
0959;NO ACTIVO;SUEÑOS DORADOS;31/08/2026;COMISION CLUB RIO DORADO
0960;NO ACTIVO;SUEÑOS DORADOS;31/08/2026;COMISION CLUB RIO DORADO
0961;NO ACTIVO;SUEÑOS DORADOS;31/08/2026;COMISION CLUB RIO DORADO
0962;NO ACTIVO;SUEÑOS DORADOS;31/08/2026;COMISION CLUB RIO DORADO
0963;NO ACTIVO;SUEÑOS DORADOS;31/08/2026;COMISION CLUB RIO DORADO
0964;NO ACTIVO;SUEÑOS DORADOS;31/08/2026;COMISION CLUB RIO DORADO
0965;NO ACTIVO;SUEÑOS DORADOS;31/08/2026;COMISION CLUB RIO DORADO
0966;NO ACTIVO;SUEÑOS DORADOS;31/08/2026;COMISION CLUB RIO DORADO
0967;NO ACTIVO;SUEÑOS DORADOS;31/08/2026;COMISION CLUB RIO DORADO
0968;NO ACTIVO;SUEÑOS DORADOS;31/08/2026;COMISION CLUB RIO DORADO
0969;NO ACTIVO;SUEÑOS DORADOS;31/08/2026;COMISION CLUB RIO DORADO
0970;NO ACTIVO;SUEÑOS DORADOS;31/08/2026;COMISION CLUB RIO DORADO
0971;NO ACTIVO;SUEÑOS DORADOS;31/08/2026;COMISION CLUB RIO DORADO
0972;NO ACTIVO;SUEÑOS DORADOS;31/08/2026;COMISION CLUB RIO DORADO
0973;NO ACTIVO;SUEÑOS DORADOS;31/08/2026;COMISION CLUB RIO DORADO
0974;NO ACTIVO;SUEÑOS DORADOS;31/08/2026;COMISION CLUB RIO DORADO
0975;NO ACTIVO;SUEÑOS DORADOS;31/08/2026;COMISION CLUB RIO DORADO
0976;NO ACTIVO;SUEÑOS DORADOS;31/08/2026;COMISION CLUB RIO DORADO
0977;NO ACTIVO;SUEÑOS DORADOS;31/08/2026;COMISION CLUB RIO DORADO
0978;NO ACTIVO;SUEÑOS DORADOS;31/08/2026;COMISION CLUB RIO DORADO
0979;NO ACTIVO;SUEÑOS DORADOS;31/08/2026;COMISION CLUB RIO DORADO
0980;NO ACTIVO;SUEÑOS DORADOS;31/08/2026;COMISION CLUB RIO DORADO
0981;NO ACTIVO;SUEÑOS DORADOS;31/08/2026;COMISION CLUB RIO DORADO
0982;NO ACTIVO;SUEÑOS DORADOS;31/08/2026;COMISION CLUB RIO DORADO
0983;NO ACTIVO;SUEÑOS DORADOS;31/08/2026;COMISION CLUB RIO DORADO
0984;NO ACTIVO;SUEÑOS DORADOS;31/08/2026;COMISION CLUB RIO DORADO
0985;NO ACTIVO;SUEÑOS DORADOS;31/08/2026;COMISION CLUB RIO DORADO
0986;NO ACTIVO;SUEÑOS DORADOS;31/08/2026;COMISION CLUB RIO DORADO
0987;NO ACTIVO;SUEÑOS DORADOS;31/08/2026;COMISION CLUB RIO DORADO
0988;NO ACTIVO;SUEÑOS DORADOS;31/08/2026;COMISION CLUB RIO DORADO
0989;NO ACTIVO;SUEÑOS DORADOS;31/08/2026;COMISION CLUB RIO DORADO
0990;NO ACTIVO;SUEÑOS DORADOS;31/08/2026;COMISION CLUB RIO DORADO
0991;NO ACTIVO;SUEÑOS DORADOS;31/08/2026;COMISION CLUB RIO DORADO
0992;NO ACTIVO;SUEÑOS DORADOS;31/08/2026;COMISION CLUB RIO DORADO
0993;NO ACTIVO;SUEÑOS DORADOS;31/08/2026;COMISION CLUB RIO DORADO
0994;NO ACTIVO;SUEÑOS DORADOS;31/08/2026;COMISION CLUB RIO DORADO
0995;NO ACTIVO;SUEÑOS DORADOS;31/08/2026;COMISION CLUB RIO DORADO
0996;NO ACTIVO;SUEÑOS DORADOS;31/08/2026;COMISION CLUB RIO DORADO
0997;NO ACTIVO;SUEÑOS DORADOS;31/08/2026;COMISION CLUB RIO DORADO
0998;NO ACTIVO;SUEÑOS DORADOS;31/08/2026;COMISION CLUB RIO DORADO
0999;NO ACTIVO;SUEÑOS DORADOS;31/08/2026;COMISION CLUB RIO DORADO
1000;NO ACTIVO;SUEÑOS DORADOS;31/08/2026;COMISION CLUB RIO DORADO
1001;NO ACTIVO;SUEÑOS DORADOS;31/08/2026;COMISION CLUB RIO DORADO
1002;NO ACTIVO;SUEÑOS DORADOS;31/08/2026;COMISION CLUB RIO DORADO
1003;NO ACTIVO;SUEÑOS DORADOS;31/08/2026;COMISION CLUB RIO DORADO
1004;NO ACTIVO;SUEÑOS DORADOS;31/08/2026;COMISION CLUB RIO DORADO
1005;NO ACTIVO;SUEÑOS DORADOS;31/08/2026;COMISION CLUB RIO DORADO
1006;NO ACTIVO;SUEÑOS DORADOS;31/08/2026;COMISION CLUB RIO DORADO
1007;NO ACTIVO;SUEÑOS DORADOS;31/08/2026;COMISION CLUB RIO DORADO
1008;NO ACTIVO;SUEÑOS DORADOS;31/08/2026;COMISION CLUB RIO DORADO
1009;NO ACTIVO;SUEÑOS DORADOS;31/08/2026;COMISION CLUB RIO DORADO
1010;NO ACTIVO;SUEÑOS DORADOS;31/08/2026;COMISION CLUB RIO DORADO
1011;NO ACTIVO;SUEÑOS DORADOS;31/08/2026;COMISION CLUB RIO DORADO
1012;NO ACTIVO;SUEÑOS DORADOS;31/08/2026;COMISION CLUB RIO DORADO
1013;NO ACTIVO;SUEÑOS DORADOS;31/08/2026;COMISION CLUB RIO DORADO
1014;NO ACTIVO;SUEÑOS DORADOS;31/08/2026;COMISION CLUB RIO DORADO
1015;NO ACTIVO;SUEÑOS DORADOS;31/08/2026;COMISION CLUB RIO DORADO
1016;NO ACTIVO;SUEÑOS DORADOS;31/08/2026;COMISION CLUB RIO DORADO
1017;NO ACTIVO;SUEÑOS DORADOS;31/08/2026;COMISION CLUB RIO DORADO
1018;NO ACTIVO;SUEÑOS DORADOS;31/08/2026;COMISION CLUB RIO DORADO
1019;NO ACTIVO;SUEÑOS DORADOS;31/08/2026;COMISION CLUB RIO DORADO
1020;NO ACTIVO;SUEÑOS DORADOS;31/08/2026;COMISION CLUB RIO DORADO
1021;NO ACTIVO;SUEÑOS DORADOS;31/08/2026;COMISION CLUB RIO DORADO
1022;NO ACTIVO;SUEÑOS DORADOS;31/08/2026;COMISION CLUB RIO DORADO
1023;NO ACTIVO;SUEÑOS DORADOS;31/08/2026;COMISION CLUB RIO DORADO
1024;NO ACTIVO;SUEÑOS DORADOS;31/08/2026;COMISION CLUB RIO DORADO
1025;NO ACTIVO;SUEÑOS DORADOS;31/08/2026;COMISION CLUB RIO DORADO
1026;NO ACTIVO;SUEÑOS DORADOS;31/08/2026;COMISION CLUB RIO DORADO
1027;NO ACTIVO;SUEÑOS DORADOS;31/08/2026;COMISION CLUB RIO DORADO
1028;NO ACTIVO;SUEÑOS DORADOS;31/08/2026;COMISION CLUB RIO DORADO
1029;NO ACTIVO;SUEÑOS DORADOS;31/08/2026;COMISION CLUB RIO DORADO
1030;NO ACTIVO;SUEÑOS DORADOS;31/08/2026;COMISION CLUB RIO DORADO
1031;NO ACTIVO;SUEÑOS DORADOS;31/08/2026;COMISION CLUB RIO DORADO
1032;NO ACTIVO;SUEÑOS DORADOS;31/08/2026;COMISION CLUB RIO DORADO
1033;NO ACTIVO;SUEÑOS DORADOS;31/08/2026;COMISION CLUB RIO DORADO
1034;NO ACTIVO;SUEÑOS DORADOS;31/08/2026;COMISION CLUB RIO DORADO
1035;NO ACTIVO;SUEÑOS DORADOS;31/08/2026;COMISION CLUB RIO DORADO
1036;NO ACTIVO;SUEÑOS DORADOS;31/08/2026;COMISION CLUB RIO DORADO
1037;NO ACTIVO;SUEÑOS DORADOS;31/08/2026;COMISION CLUB RIO DORADO
1038;NO ACTIVO;SUEÑOS DORADOS;31/08/2026;COMISION CLUB RIO DORADO
1039;NO ACTIVO;SUEÑOS DORADOS;31/08/2026;COMISION CLUB RIO DORADO
1040;NO ACTIVO;SUEÑOS DORADOS;31/08/2026;COMISION CLUB RIO DORADO
1041;NO ACTIVO;SUEÑOS DORADOS;31/08/2026;COMISION CLUB RIO DORADO
1042;NO ACTIVO;SUEÑOS DORADOS;31/08/2026;COMISION CLUB RIO DORADO
1043;NO ACTIVO;SUEÑOS DORADOS;31/08/2026;COMISION CLUB RIO DORADO
1044;NO ACTIVO;SUEÑOS DORADOS;31/08/2026;COMISION CLUB RIO DORADO
1045;NO ACTIVO;SUEÑOS DORADOS;31/08/2026;COMISION CLUB RIO DORADO
1046;NO ACTIVO;SUEÑOS DORADOS;31/08/2026;COMISION CLUB RIO DORADO
1047;NO ACTIVO;SUEÑOS DORADOS;31/08/2026;COMISION CLUB RIO DORADO
1048;NO ACTIVO;SUEÑOS DORADOS;31/08/2026;COMISION CLUB RIO DORADO
1049;NO ACTIVO;SUEÑOS DORADOS;31/08/2026;COMISION CLUB RIO DORADO
1050;NO ACTIVO;SUEÑOS DORADOS;31/08/2026;COMISION CLUB RIO DORADO
1051;NO ACTIVO;SUEÑOS DORADOS;31/08/2026;COMISION CLUB RIO DORADO
1052;NO ACTIVO;SUEÑOS DORADOS;31/08/2026;COMISION CLUB RIO DORADO
1053;NO ACTIVO;SUEÑOS DORADOS;31/08/2026;COMISION CLUB RIO DORADO
1054;NO ACTIVO;SUEÑOS DORADOS;31/08/2026;COMISION CLUB RIO DORADO
1055;NO ACTIVO;SUEÑOS DORADOS;31/08/2026;COMISION CLUB RIO DORADO
1056;NO ACTIVO;SUEÑOS DORADOS;31/08/2026;COMISION CLUB RIO DORADO
1057;NO ACTIVO;SUEÑOS DORADOS;31/08/2026;COMISION CLUB RIO DORADO
1058;NO ACTIVO;SUEÑOS DORADOS;31/08/2026;COMISION CLUB RIO DORADO
1059;NO ACTIVO;SUEÑOS DORADOS;31/08/2026;COMISION CLUB RIO DORADO
1060;NO ACTIVO;SUEÑOS DORADOS;31/08/2026;COMISION CLUB RIO DORADO
1061;NO ACTIVO;SUEÑOS DORADOS;31/08/2026;COMISION CLUB RIO DORADO
1062;NO ACTIVO;SUEÑOS DORADOS;31/08/2026;COMISION CLUB RIO DORADO
1063;NO ACTIVO;SUEÑOS DORADOS;31/08/2026;COMISION CLUB RIO DORADO
1064;NO ACTIVO;SUEÑOS DORADOS;31/08/2026;COMISION CLUB RIO DORADO
1065;NO ACTIVO;SUEÑOS DORADOS;31/08/2026;COMISION CLUB RIO DORADO
1066;NO ACTIVO;SUEÑOS DORADOS;31/08/2026;COMISION CLUB RIO DORADO
1067;NO ACTIVO;SUEÑOS DORADOS;31/08/2026;COMISION CLUB RIO DORADO
1068;NO ACTIVO;SUEÑOS DORADOS;31/08/2026;COMISION CLUB RIO DORADO
1069;NO ACTIVO;SUEÑOS DORADOS;31/08/2026;COMISION CLUB RIO DORADO
1070;NO ACTIVO;SUEÑOS DORADOS;31/08/2026;COMISION CLUB RIO DORADO
1071;NO ACTIVO;SUEÑOS DORADOS;31/08/2026;COMISION CLUB RIO DORADO
1072;NO ACTIVO;SUEÑOS DORADOS;31/08/2026;COMISION CLUB RIO DORADO
1073;NO ACTIVO;SUEÑOS DORADOS;31/08/2026;COMISION CLUB RIO DORADO
1074;NO ACTIVO;SUEÑOS DORADOS;31/08/2026;COMISION CLUB RIO DORADO
1075;NO ACTIVO;SUEÑOS DORADOS;31/08/2026;COMISION CLUB RIO DORADO
1076;NO ACTIVO;SUEÑOS DORADOS;31/08/2026;COMISION CLUB RIO DORADO
1077;NO ACTIVO;SUEÑOS DORADOS;31/08/2026;COMISION CLUB RIO DORADO
1078;NO ACTIVO;SUEÑOS DORADOS;31/08/2026;COMISION CLUB RIO DORADO
1079;NO ACTIVO;SUEÑOS DORADOS;31/08/2026;COMISION CLUB RIO DORADO
1080;NO ACTIVO;SUEÑOS DORADOS;31/08/2026;COMISION CLUB RIO DORADO
1081;NO ACTIVO;SUEÑOS DORADOS;31/08/2026;COMISION CLUB RIO DORADO
1082;NO ACTIVO;SUEÑOS DORADOS;31/08/2026;COMISION CLUB RIO DORADO
1083;NO ACTIVO;SUEÑOS DORADOS;31/08/2026;COMISION CLUB RIO DORADO
1084;NO ACTIVO;SUEÑOS DORADOS;31/08/2026;COMISION CLUB RIO DORADO
1085;NO ACTIVO;SUEÑOS DORADOS;31/08/2026;COMISION CLUB RIO DORADO
1086;NO ACTIVO;SUEÑOS DORADOS;31/08/2026;COMISION CLUB RIO DORADO
1087;NO ACTIVO;SUEÑOS DORADOS;31/08/2026;COMISION CLUB RIO DORADO
1088;NO ACTIVO;SUEÑOS DORADOS;31/08/2026;COMISION CLUB RIO DORADO
1089;NO ACTIVO;SUEÑOS DORADOS;31/08/2026;COMISION CLUB RIO DORADO
1090;NO ACTIVO;SUEÑOS DORADOS;31/08/2026;COMISION CLUB RIO DORADO
1091;NO ACTIVO;SUEÑOS DORADOS;31/08/2026;COMISION CLUB RIO DORADO
1092;NO ACTIVO;SUEÑOS DORADOS;31/08/2026;COMISION CLUB RIO DORADO
1093;NO ACTIVO;SUEÑOS DORADOS;31/08/2026;COMISION CLUB RIO DORADO
1094;NO ACTIVO;SUEÑOS DORADOS;31/08/2026;COMISION CLUB RIO DORADO
1095;NO ACTIVO;SUEÑOS DORADOS;31/08/2026;COMISION CLUB RIO DORADO
1096;NO ACTIVO;SUEÑOS DORADOS;31/08/2026;COMISION CLUB RIO DORADO
1097;NO ACTIVO;SUEÑOS DORADOS;31/08/2026;COMISION CLUB RIO DORADO
1098;NO ACTIVO;SUEÑOS DORADOS;31/08/2026;COMISION CLUB RIO DORADO
1099;NO ACTIVO;SUEÑOS DORADOS;31/08/2026;COMISION CLUB RIO DORADO
1100;NO ACTIVO;SUEÑOS DORADOS;31/08/2026;COMISION CLUB RIO DORADO
1101;NO ACTIVO;SUEÑOS DORADOS;31/08/2026;COMISION CLUB RIO DORADO
1102;NO ACTIVO;SUEÑOS DORADOS;31/08/2026;COMISION CLUB RIO DORADO
1103;NO ACTIVO;SUEÑOS DORADOS;31/08/2026;COMISION CLUB RIO DORADO
1104;NO ACTIVO;SUEÑOS DORADOS;31/08/2026;COMISION CLUB RIO DORADO
1105;NO ACTIVO;SUEÑOS DORADOS;31/08/2026;COMISION CLUB RIO DORADO
1106;NO ACTIVO;SUEÑOS DORADOS;31/08/2026;COMISION CLUB RIO DORADO
1107;NO ACTIVO;SUEÑOS DORADOS;31/08/2026;COMISION CLUB RIO DORADO
1108;NO ACTIVO;SUEÑOS DORADOS;31/08/2026;COMISION CLUB RIO DORADO
1109;NO ACTIVO;SUEÑOS DORADOS;31/08/2026;COMISION CLUB RIO DORADO
1110;NO ACTIVO;SUEÑOS DORADOS;31/08/2026;COMISION CLUB RIO DORADO
1111;NO ACTIVO;SUEÑOS DORADOS;31/08/2026;COMISION CLUB RIO DORADO
1112;NO ACTIVO;SUEÑOS DORADOS;31/08/2026;COMISION CLUB RIO DORADO
1113;NO ACTIVO;SUEÑOS DORADOS;31/08/2026;COMISION CLUB RIO DORADO
1114;NO ACTIVO;SUEÑOS DORADOS;31/08/2026;COMISION CLUB RIO DORADO
1115;NO ACTIVO;SUEÑOS DORADOS;31/08/2026;COMISION CLUB RIO DORADO
1116;NO ACTIVO;SUEÑOS DORADOS;31/08/2026;COMISION CLUB RIO DORADO
1117;NO ACTIVO;SUEÑOS DORADOS;31/08/2026;COMISION CLUB RIO DORADO
1118;NO ACTIVO;SUEÑOS DORADOS;31/08/2026;COMISION CLUB RIO DORADO
1119;NO ACTIVO;SUEÑOS DORADOS;31/08/2026;COMISION CLUB RIO DORADO
1120;NO ACTIVO;SUEÑOS DORADOS;31/08/2026;COMISION CLUB RIO DORADO
1121;NO ACTIVO;SUEÑOS DORADOS;31/08/2026;COMISION CLUB RIO DORADO
1122;NO ACTIVO;SUEÑOS DORADOS;31/08/2026;COMISION CLUB RIO DORADO
1123;NO ACTIVO;SUEÑOS DORADOS;31/08/2026;COMISION CLUB RIO DORADO
1124;NO ACTIVO;SUEÑOS DORADOS;31/08/2026;COMISION CLUB RIO DORADO
1125;NO ACTIVO;SUEÑOS DORADOS;31/08/2026;COMISION CLUB RIO DORADO
1126;NO ACTIVO;SUEÑOS DORADOS;31/08/2026;COMISION CLUB RIO DORADO
1127;NO ACTIVO;SUEÑOS DORADOS;31/08/2026;COMISION CLUB RIO DORADO
1128;NO ACTIVO;SUEÑOS DORADOS;31/08/2026;COMISION CLUB RIO DORADO
1129;NO ACTIVO;SUEÑOS DORADOS;31/08/2026;COMISION CLUB RIO DORADO
1130;NO ACTIVO;SUEÑOS DORADOS;31/08/2026;COMISION CLUB RIO DORADO
1131;NO ACTIVO;SUEÑOS DORADOS;31/08/2026;COMISION CLUB RIO DORADO
1132;NO ACTIVO;SUEÑOS DORADOS;31/08/2026;COMISION CLUB RIO DORADO
1133;NO ACTIVO;SUEÑOS DORADOS;31/08/2026;COMISION CLUB RIO DORADO
1134;NO ACTIVO;SUEÑOS DORADOS;31/08/2026;COMISION CLUB RIO DORADO
1135;NO ACTIVO;SUEÑOS DORADOS;31/08/2026;COMISION CLUB RIO DORADO
1136;NO ACTIVO;SUEÑOS DORADOS;31/08/2026;COMISION CLUB RIO DORADO
1137;NO ACTIVO;SUEÑOS DORADOS;31/08/2026;COMISION CLUB RIO DORADO
1138;NO ACTIVO;SUEÑOS DORADOS;31/08/2026;COMISION CLUB RIO DORADO
1139;NO ACTIVO;SUEÑOS DORADOS;31/08/2026;COMISION CLUB RIO DORADO
1140;NO ACTIVO;SUEÑOS DORADOS;31/08/2026;COMISION CLUB RIO DORADO
1141;NO ACTIVO;SUEÑOS DORADOS;31/08/2026;COMISION CLUB RIO DORADO
1142;NO ACTIVO;SUEÑOS DORADOS;31/08/2026;COMISION CLUB RIO DORADO
1143;NO ACTIVO;SUEÑOS DORADOS;31/08/2026;COMISION CLUB RIO DORADO
1144;NO ACTIVO;SUEÑOS DORADOS;31/08/2026;COMISION CLUB RIO DORADO
1145;NO ACTIVO;SUEÑOS DORADOS;31/08/2026;COMISION CLUB RIO DORADO
1146;NO ACTIVO;SUEÑOS DORADOS;31/08/2026;COMISION CLUB RIO DORADO
1147;NO ACTIVO;SUEÑOS DORADOS;31/08/2026;COMISION CLUB RIO DORADO
1148;NO ACTIVO;SUEÑOS DORADOS;31/08/2026;COMISION CLUB RIO DORADO
1149;NO ACTIVO;SUEÑOS DORADOS;31/08/2026;COMISION CLUB RIO DORADO
1150;NO ACTIVO;SUEÑOS DORADOS;31/08/2026;COMISION CLUB RIO DORADO
1151;NO ACTIVO;SUEÑOS DORADOS;31/08/2026;COMISION CLUB RIO DORADO
1152;NO ACTIVO;SUEÑOS DORADOS;31/08/2026;COMISION CLUB RIO DORADO
1153;NO ACTIVO;SUEÑOS DORADOS;31/08/2026;COMISION CLUB RIO DORADO
1154;NO ACTIVO;SUEÑOS DORADOS;31/08/2026;COMISION CLUB RIO DORADO
1155;NO ACTIVO;SUEÑOS DORADOS;31/08/2026;COMISION CLUB RIO DORADO
1156;NO ACTIVO;SUEÑOS DORADOS;31/08/2026;COMISION CLUB RIO DORADO
1157;NO ACTIVO;SUEÑOS DORADOS;31/08/2026;COMISION CLUB RIO DORADO
1158;NO ACTIVO;SUEÑOS DORADOS;31/08/2026;COMISION CLUB RIO DORADO
1159;NO ACTIVO;SUEÑOS DORADOS;31/08/2026;COMISION CLUB RIO DORADO
1160;NO ACTIVO;SUEÑOS DORADOS;31/08/2026;COMISION CLUB RIO DORADO
1161;NO ACTIVO;SUEÑOS DORADOS;31/08/2026;COMISION CLUB RIO DORADO
1162;NO ACTIVO;SUEÑOS DORADOS;31/08/2026;COMISION CLUB RIO DORADO
1163;NO ACTIVO;SUEÑOS DORADOS;31/08/2026;COMISION CLUB RIO DORADO
1164;NO ACTIVO;SUEÑOS DORADOS;31/08/2026;COMISION CLUB RIO DORADO
1165;NO ACTIVO;SUEÑOS DORADOS;31/08/2026;COMISION CLUB RIO DORADO
1166;NO ACTIVO;SUEÑOS DORADOS;31/08/2026;COMISION CLUB RIO DORADO
1167;NO ACTIVO;SUEÑOS DORADOS;31/08/2026;COMISION CLUB RIO DORADO
1168;NO ACTIVO;SUEÑOS DORADOS;31/08/2026;COMISION CLUB RIO DORADO
1169;NO ACTIVO;SUEÑOS DORADOS;31/08/2026;COMISION CLUB RIO DORADO
1170;NO ACTIVO;SUEÑOS DORADOS;31/08/2026;COMISION CLUB RIO DORADO
1171;NO ACTIVO;SUEÑOS DORADOS;31/08/2026;COMISION CLUB RIO DORADO
1172;NO ACTIVO;SUEÑOS DORADOS;31/08/2026;COMISION CLUB RIO DORADO
1173;NO ACTIVO;SUEÑOS DORADOS;31/08/2026;COMISION CLUB RIO DORADO
1174;NO ACTIVO;SUEÑOS DORADOS;31/08/2026;COMISION CLUB RIO DORADO
1175;NO ACTIVO;SUEÑOS DORADOS;31/08/2026;COMISION CLUB RIO DORADO
1176;NO ACTIVO;SUEÑOS DORADOS;31/08/2026;COMISION CLUB RIO DORADO
1177;NO ACTIVO;SUEÑOS DORADOS;31/08/2026;COMISION CLUB RIO DORADO
1178;NO ACTIVO;SUEÑOS DORADOS;31/08/2026;COMISION CLUB RIO DORADO
1179;NO ACTIVO;SUEÑOS DORADOS;31/08/2026;COMISION CLUB RIO DORADO
1180;NO ACTIVO;SUEÑOS DORADOS;31/08/2026;COMISION CLUB RIO DORADO
1181;NO ACTIVO;SUEÑOS DORADOS;31/08/2026;COMISION CLUB RIO DORADO
1182;NO ACTIVO;SUEÑOS DORADOS;31/08/2026;COMISION CLUB RIO DORADO
1183;NO ACTIVO;SUEÑOS DORADOS;31/08/2026;COMISION CLUB RIO DORADO
1184;NO ACTIVO;SUEÑOS DORADOS;31/08/2026;COMISION CLUB RIO DORADO
1185;NO ACTIVO;SUEÑOS DORADOS;31/08/2026;COMISION CLUB RIO DORADO
1186;NO ACTIVO;SUEÑOS DORADOS;31/08/2026;COMISION CLUB RIO DORADO
1187;NO ACTIVO;SUEÑOS DORADOS;31/08/2026;COMISION CLUB RIO DORADO
1188;NO ACTIVO;SUEÑOS DORADOS;31/08/2026;COMISION CLUB RIO DORADO
1189;NO ACTIVO;SUEÑOS DORADOS;31/08/2026;COMISION CLUB RIO DORADO
1190;NO ACTIVO;SUEÑOS DORADOS;31/08/2026;COMISION CLUB RIO DORADO
1191;NO ACTIVO;SUEÑOS DORADOS;31/08/2026;COMISION CLUB RIO DORADO
1192;NO ACTIVO;SUEÑOS DORADOS;31/08/2026;COMISION CLUB RIO DORADO
1193;NO ACTIVO;SUEÑOS DORADOS;31/08/2026;COMISION CLUB RIO DORADO
1194;NO ACTIVO;SUEÑOS DORADOS;31/08/2026;COMISION CLUB RIO DORADO
1195;NO ACTIVO;SUEÑOS DORADOS;31/08/2026;COMISION CLUB RIO DORADO
1196;NO ACTIVO;SUEÑOS DORADOS;31/08/2026;COMISION CLUB RIO DORADO
1197;NO ACTIVO;SUEÑOS DORADOS;31/08/2026;COMISION CLUB RIO DORADO
1198;NO ACTIVO;SUEÑOS DORADOS;31/08/2026;COMISION CLUB RIO DORADO
1199;NO ACTIVO;SUEÑOS DORADOS;31/08/2026;COMISION CLUB RIO DORADO
1200;NO ACTIVO;SUEÑOS DORADOS;31/08/2026;COMISION CLUB RIO DORADO
1201;NO ACTIVO;SUEÑOS DORADOS;31/08/2026;COMISION CLUB RIO DORADO
1202;NO ACTIVO;SUEÑOS DORADOS;31/08/2026;COMISION CLUB RIO DORADO
1203;NO ACTIVO;SUEÑOS DORADOS;31/08/2026;COMISION CLUB RIO DORADO
1204;NO ACTIVO;SUEÑOS DORADOS;31/08/2026;COMISION CLUB RIO DORADO
1205;NO ACTIVO;SUEÑOS DORADOS;31/08/2026;COMISION CLUB RIO DORADO
1206;NO ACTIVO;SUEÑOS DORADOS;31/08/2026;COMISION CLUB RIO DORADO
1207;NO ACTIVO;SUEÑOS DORADOS;31/08/2026;COMISION CLUB RIO DORADO
1208;NO ACTIVO;SUEÑOS DORADOS;31/08/2026;COMISION CLUB RIO DORADO
1209;NO ACTIVO;SUEÑOS DORADOS;31/08/2026;COMISION CLUB RIO DORADO
1210;NO ACTIVO;SUEÑOS DORADOS;31/08/2026;COMISION CLUB RIO DORADO
1211;NO ACTIVO;SUEÑOS DORADOS;31/08/2026;COMISION CLUB RIO DORADO
1212;NO ACTIVO;SUEÑOS DORADOS;31/08/2026;COMISION CLUB RIO DORADO
1213;NO ACTIVO;SUEÑOS DORADOS;31/08/2026;COMISION CLUB RIO DORADO
1214;NO ACTIVO;SUEÑOS DORADOS;31/08/2026;COMISION CLUB RIO DORADO
1215;NO ACTIVO;SUEÑOS DORADOS;31/08/2026;COMISION CLUB RIO DORADO
1216;NO ACTIVO;SUEÑOS DORADOS;31/08/2026;COMISION CLUB RIO DORADO
1217;NO ACTIVO;SUEÑOS DORADOS;31/08/2026;COMISION CLUB RIO DORADO
1218;NO ACTIVO;SUEÑOS DORADOS;31/08/2026;COMISION CLUB RIO DORADO
1219;NO ACTIVO;SUEÑOS DORADOS;31/08/2026;COMISION CLUB RIO DORADO
1220;NO ACTIVO;SUEÑOS DORADOS;31/08/2026;COMISION CLUB RIO DORADO
1221;NO ACTIVO;SUEÑOS DORADOS;31/08/2026;COMISION CLUB RIO DORADO
1222;NO ACTIVO;SUEÑOS DORADOS;31/08/2026;COMISION CLUB RIO DORADO
1223;NO ACTIVO;SUEÑOS DORADOS;31/08/2026;COMISION CLUB RIO DORADO
1224;NO ACTIVO;SUEÑOS DORADOS;31/08/2026;COMISION CLUB RIO DORADO
1225;NO ACTIVO;SUEÑOS DORADOS;31/08/2026;COMISION CLUB RIO DORADO
1226;NO ACTIVO;SUEÑOS DORADOS;31/08/2026;COMISION CLUB RIO DORADO
1227;NO ACTIVO;SUEÑOS DORADOS;31/08/2026;COMISION CLUB RIO DORADO
1228;NO ACTIVO;SUEÑOS DORADOS;31/08/2026;COMISION CLUB RIO DORADO
1229;NO ACTIVO;SUEÑOS DORADOS;31/08/2026;COMISION CLUB RIO DORADO
1230;NO ACTIVO;SUEÑOS DORADOS;31/08/2026;COMISION CLUB RIO DORADO
1231;NO ACTIVO;SUEÑOS DORADOS;31/08/2026;COMISION CLUB RIO DORADO
1232;NO ACTIVO;SUEÑOS DORADOS;31/08/2026;COMISION CLUB RIO DORADO
1233;NO ACTIVO;SUEÑOS DORADOS;31/08/2026;COMISION CLUB RIO DORADO
1234;NO ACTIVO;SUEÑOS DORADOS;31/08/2026;COMISION CLUB RIO DORADO
1235;NO ACTIVO;SUEÑOS DORADOS;31/08/2026;COMISION CLUB RIO DORADO
1236;NO ACTIVO;SUEÑOS DORADOS;31/08/2026;COMISION CLUB RIO DORADO
1237;NO ACTIVO;SUEÑOS DORADOS;31/08/2026;COMISION CLUB RIO DORADO
1238;NO ACTIVO;SUEÑOS DORADOS;31/08/2026;COMISION CLUB RIO DORADO
1239;NO ACTIVO;SUEÑOS DORADOS;31/08/2026;COMISION CLUB RIO DORADO
1240;NO ACTIVO;SUEÑOS DORADOS;31/08/2026;COMISION CLUB RIO DORADO
1241;NO ACTIVO;SUEÑOS DORADOS;31/08/2026;COMISION CLUB RIO DORADO
1242;NO ACTIVO;SUEÑOS DORADOS;31/08/2026;COMISION CLUB RIO DORADO
1243;NO ACTIVO;SUEÑOS DORADOS;31/08/2026;COMISION CLUB RIO DORADO
1244;NO ACTIVO;SUEÑOS DORADOS;31/08/2026;COMISION CLUB RIO DORADO
1245;NO ACTIVO;SUEÑOS DORADOS;31/08/2026;COMISION CLUB RIO DORADO
1246;NO ACTIVO;SUEÑOS DORADOS;31/08/2026;COMISION CLUB RIO DORADO
1247;NO ACTIVO;SUEÑOS DORADOS;31/08/2026;COMISION CLUB RIO DORADO
1248;NO ACTIVO;SUEÑOS DORADOS;31/08/2026;COMISION CLUB RIO DORADO
1249;NO ACTIVO;SUEÑOS DORADOS;31/08/2026;COMISION CLUB RIO DORADO
1250;NO ACTIVO;SUEÑOS DORADOS;31/08/2026;COMISION CLUB RIO DORADO
1251;NO ACTIVO;SUEÑOS DORADOS;31/08/2026;COMISION CLUB RIO DORADO
1252;NO ACTIVO;SUEÑOS DORADOS;31/08/2026;COMISION CLUB RIO DORADO
1253;NO ACTIVO;SUEÑOS DORADOS;31/08/2026;COMISION CLUB RIO DORADO
1254;NO ACTIVO;SUEÑOS DORADOS;31/08/2026;COMISION CLUB RIO DORADO
1255;NO ACTIVO;SUEÑOS DORADOS;31/08/2026;COMISION CLUB RIO DORADO
1256;NO ACTIVO;SUEÑOS DORADOS;31/08/2026;COMISION CLUB RIO DORADO
1257;NO ACTIVO;SUEÑOS DORADOS;31/08/2026;COMISION CLUB RIO DORADO
1258;NO ACTIVO;SUEÑOS DORADOS;31/08/2026;COMISION CLUB RIO DORADO
1259;NO ACTIVO;SUEÑOS DORADOS;31/08/2026;COMISION CLUB RIO DORADO
1260;NO ACTIVO;SUEÑOS DORADOS;31/08/2026;COMISION CLUB RIO DORADO
1261;NO ACTIVO;SUEÑOS DORADOS;31/08/2026;COMISION CLUB RIO DORADO
1262;NO ACTIVO;SUEÑOS DORADOS;31/08/2026;COMISION CLUB RIO DORADO
1263;NO ACTIVO;SUEÑOS DORADOS;31/08/2026;COMISION CLUB RIO DORADO
1264;NO ACTIVO;SUEÑOS DORADOS;31/08/2026;COMISION CLUB RIO DORADO
1265;NO ACTIVO;SUEÑOS DORADOS;31/08/2026;COMISION CLUB RIO DORADO
1266;NO ACTIVO;SUEÑOS DORADOS;31/08/2026;COMISION CLUB RIO DORADO
1267;NO ACTIVO;SUEÑOS DORADOS;31/08/2026;COMISION CLUB RIO DORADO
1268;NO ACTIVO;SUEÑOS DORADOS;31/08/2026;COMISION CLUB RIO DORADO
1269;NO ACTIVO;SUEÑOS DORADOS;31/08/2026;COMISION CLUB RIO DORADO
1270;NO ACTIVO;SUEÑOS DORADOS;31/08/2026;COMISION CLUB RIO DORADO
1271;NO ACTIVO;SUEÑOS DORADOS;31/08/2026;COMISION CLUB RIO DORADO
1272;NO ACTIVO;SUEÑOS DORADOS;31/08/2026;COMISION CLUB RIO DORADO
1273;NO ACTIVO;SUEÑOS DORADOS;31/08/2026;COMISION CLUB RIO DORADO
1274;NO ACTIVO;SUEÑOS DORADOS;31/08/2026;COMISION CLUB RIO DORADO
1275;NO ACTIVO;SUEÑOS DORADOS;31/08/2026;COMISION CLUB RIO DORADO
1276;NO ACTIVO;SUEÑOS DORADOS;31/08/2026;COMISION CLUB RIO DORADO
1277;NO ACTIVO;SUEÑOS DORADOS;31/08/2026;COMISION CLUB RIO DORADO
1278;NO ACTIVO;SUEÑOS DORADOS;31/08/2026;COMISION CLUB RIO DORADO
1279;NO ACTIVO;SUEÑOS DORADOS;31/08/2026;COMISION CLUB RIO DORADO
1280;NO ACTIVO;SUEÑOS DORADOS;31/08/2026;COMISION CLUB RIO DORADO
1281;NO ACTIVO;SUEÑOS DORADOS;31/08/2026;COMISION CLUB RIO DORADO
1282;NO ACTIVO;SUEÑOS DORADOS;31/08/2026;COMISION CLUB RIO DORADO
1283;NO ACTIVO;SUEÑOS DORADOS;31/08/2026;COMISION CLUB RIO DORADO
1284;NO ACTIVO;SUEÑOS DORADOS;31/08/2026;COMISION CLUB RIO DORADO
1285;NO ACTIVO;SUEÑOS DORADOS;31/08/2026;COMISION CLUB RIO DORADO
1286;NO ACTIVO;SUEÑOS DORADOS;31/08/2026;COMISION CLUB RIO DORADO
1287;NO ACTIVO;SUEÑOS DORADOS;31/08/2026;COMISION CLUB RIO DORADO
1288;NO ACTIVO;SUEÑOS DORADOS;31/08/2026;COMISION CLUB RIO DORADO
1289;NO ACTIVO;SUEÑOS DORADOS;31/08/2026;COMISION CLUB RIO DORADO
1290;NO ACTIVO;SUEÑOS DORADOS;31/08/2026;COMISION CLUB RIO DORADO
1291;NO ACTIVO;SUEÑOS DORADOS;31/08/2026;COMISION CLUB RIO DORADO
1292;NO ACTIVO;SUEÑOS DORADOS;31/08/2026;COMISION CLUB RIO DORADO
1293;NO ACTIVO;SUEÑOS DORADOS;31/08/2026;COMISION CLUB RIO DORADO
1294;NO ACTIVO;SUEÑOS DORADOS;31/08/2026;COMISION CLUB RIO DORADO
1295;NO ACTIVO;SUEÑOS DORADOS;31/08/2026;COMISION CLUB RIO DORADO
1296;NO ACTIVO;SUEÑOS DORADOS;31/08/2026;COMISION CLUB RIO DORADO
1297;NO ACTIVO;SUEÑOS DORADOS;31/08/2026;COMISION CLUB RIO DORADO
1298;NO ACTIVO;SUEÑOS DORADOS;31/08/2026;COMISION CLUB RIO DORADO
1299;NO ACTIVO;SUEÑOS DORADOS;31/08/2026;COMISION CLUB RIO DORADO
1300;NO ACTIVO;SUEÑOS DORADOS;31/08/2026;COMISION CLUB RIO DORADO
1301;NO ACTIVO;SUEÑOS DORADOS;31/08/2026;COMISION CLUB RIO DORADO
1302;NO ACTIVO;SUEÑOS DORADOS;31/08/2026;COMISION CLUB RIO DORADO
1303;NO ACTIVO;SUEÑOS DORADOS;31/08/2026;COMISION CLUB RIO DORADO
1304;NO ACTIVO;SUEÑOS DORADOS;31/08/2026;COMISION CLUB RIO DORADO
1305;NO ACTIVO;SUEÑOS DORADOS;31/08/2026;COMISION CLUB RIO DORADO
1306;NO ACTIVO;SUEÑOS DORADOS;31/08/2026;COMISION CLUB RIO DORADO
1307;NO ACTIVO;SUEÑOS DORADOS;31/08/2026;COMISION CLUB RIO DORADO
1308;NO ACTIVO;SUEÑOS DORADOS;31/08/2026;COMISION CLUB RIO DORADO
1309;NO ACTIVO;SUEÑOS DORADOS;31/08/2026;COMISION CLUB RIO DORADO
1310;NO ACTIVO;SUEÑOS DORADOS;31/08/2026;COMISION CLUB RIO DORADO
1311;NO ACTIVO;SUEÑOS DORADOS;31/08/2026;COMISION CLUB RIO DORADO
1312;NO ACTIVO;SUEÑOS DORADOS;31/08/2026;COMISION CLUB RIO DORADO
1313;NO ACTIVO;SUEÑOS DORADOS;31/08/2026;COMISION CLUB RIO DORADO
1314;NO ACTIVO;SUEÑOS DORADOS;31/08/2026;COMISION CLUB RIO DORADO
1315;NO ACTIVO;SUEÑOS DORADOS;31/08/2026;COMISION CLUB RIO DORADO
1316;NO ACTIVO;SUEÑOS DORADOS;31/08/2026;COMISION CLUB RIO DORADO
1317;NO ACTIVO;SUEÑOS DORADOS;31/08/2026;COMISION CLUB RIO DORADO
1318;NO ACTIVO;SUEÑOS DORADOS;31/08/2026;COMISION CLUB RIO DORADO
1319;NO ACTIVO;SUEÑOS DORADOS;31/08/2026;COMISION CLUB RIO DORADO
1320;NO ACTIVO;SUEÑOS DORADOS;31/08/2026;COMISION CLUB RIO DORADO
1321;NO ACTIVO;SUEÑOS DORADOS;31/08/2026;COMISION CLUB RIO DORADO
1322;NO ACTIVO;SUEÑOS DORADOS;31/08/2026;COMISION CLUB RIO DORADO
1323;NO ACTIVO;SUEÑOS DORADOS;31/08/2026;COMISION CLUB RIO DORADO
1324;NO ACTIVO;SUEÑOS DORADOS;31/08/2026;COMISION CLUB RIO DORADO
1325;NO ACTIVO;SUEÑOS DORADOS;31/08/2026;COMISION CLUB RIO DORADO
1326;NO ACTIVO;SUEÑOS DORADOS;31/08/2026;COMISION CLUB RIO DORADO
1327;NO ACTIVO;SUEÑOS DORADOS;31/08/2026;COMISION CLUB RIO DORADO
1328;NO ACTIVO;SUEÑOS DORADOS;31/08/2026;COMISION CLUB RIO DORADO
1329;NO ACTIVO;SUEÑOS DORADOS;31/08/2026;COMISION CLUB RIO DORADO
1330;NO ACTIVO;SUEÑOS DORADOS;31/08/2026;COMISION CLUB RIO DORADO
1331;NO ACTIVO;SUEÑOS DORADOS;31/08/2026;COMISION CLUB RIO DORADO
1332;NO ACTIVO;SUEÑOS DORADOS;31/08/2026;COMISION CLUB RIO DORADO
1333;NO ACTIVO;SUEÑOS DORADOS;31/08/2026;COMISION CLUB RIO DORADO
1334;NO ACTIVO;SUEÑOS DORADOS;31/08/2026;COMISION CLUB RIO DORADO
1335;NO ACTIVO;SUEÑOS DORADOS;31/08/2026;COMISION CLUB RIO DORADO
1336;NO ACTIVO;SUEÑOS DORADOS;31/08/2026;COMISION CLUB RIO DORADO
1337;NO ACTIVO;SUEÑOS DORADOS;31/08/2026;COMISION CLUB RIO DORADO
1338;NO ACTIVO;SUEÑOS DORADOS;31/08/2026;COMISION CLUB RIO DORADO
1339;NO ACTIVO;SUEÑOS DORADOS;31/08/2026;COMISION CLUB RIO DORADO
1340;NO ACTIVO;SUEÑOS DORADOS;31/08/2026;COMISION CLUB RIO DORADO
1341;NO ACTIVO;SUEÑOS DORADOS;31/08/2026;COMISION CLUB RIO DORADO
1342;NO ACTIVO;SUEÑOS DORADOS;31/08/2026;COMISION CLUB RIO DORADO
1343;NO ACTIVO;SUEÑOS DORADOS;31/08/2026;COMISION CLUB RIO DORADO
1344;NO ACTIVO;SUEÑOS DORADOS;31/08/2026;COMISION CLUB RIO DORADO
1345;NO ACTIVO;SUEÑOS DORADOS;31/08/2026;COMISION CLUB RIO DORADO
1346;NO ACTIVO;SUEÑOS DORADOS;31/08/2026;COMISION CLUB RIO DORADO
1347;NO ACTIVO;SUEÑOS DORADOS;31/08/2026;COMISION CLUB RIO DORADO
1348;NO ACTIVO;SUEÑOS DORADOS;31/08/2026;COMISION CLUB RIO DORADO
1349;NO ACTIVO;SUEÑOS DORADOS;31/08/2026;COMISION CLUB RIO DORADO
1350;NO ACTIVO;SUEÑOS DORADOS;31/08/2026;COMISION CLUB RIO DORADO
1351;NO ACTIVO;SUEÑOS DORADOS;31/08/2026;COMISION CLUB RIO DORADO
1352;NO ACTIVO;SUEÑOS DORADOS;31/08/2026;COMISION CLUB RIO DORADO
1353;NO ACTIVO;SUEÑOS DORADOS;31/08/2026;COMISION CLUB RIO DORADO
1354;NO ACTIVO;SUEÑOS DORADOS;31/08/2026;COMISION CLUB RIO DORADO
1355;NO ACTIVO;SUEÑOS DORADOS;31/08/2026;COMISION CLUB RIO DORADO
1356;NO ACTIVO;SUEÑOS DORADOS;31/08/2026;COMISION CLUB RIO DORADO
1357;NO ACTIVO;SUEÑOS DORADOS;31/08/2026;COMISION CLUB RIO DORADO
1358;NO ACTIVO;SUEÑOS DORADOS;31/08/2026;COMISION CLUB RIO DORADO
1359;NO ACTIVO;SUEÑOS DORADOS;31/08/2026;COMISION CLUB RIO DORADO
1360;NO ACTIVO;SUEÑOS DORADOS;31/08/2026;COMISION CLUB RIO DORADO
1361;NO ACTIVO;SUEÑOS DORADOS;31/08/2026;COMISION CLUB RIO DORADO
1362;NO ACTIVO;SUEÑOS DORADOS;31/08/2026;COMISION CLUB RIO DORADO
1363;NO ACTIVO;SUEÑOS DORADOS;31/08/2026;COMISION CLUB RIO DORADO
1364;NO ACTIVO;SUEÑOS DORADOS;31/08/2026;COMISION CLUB RIO DORADO
1365;NO ACTIVO;SUEÑOS DORADOS;31/08/2026;COMISION CLUB RIO DORADO
1366;NO ACTIVO;SUEÑOS DORADOS;31/08/2026;COMISION CLUB RIO DORADO
1367;NO ACTIVO;SUEÑOS DORADOS;31/08/2026;COMISION CLUB RIO DORADO
1368;NO ACTIVO;SUEÑOS DORADOS;31/08/2026;COMISION CLUB RIO DORADO
1369;NO ACTIVO;SUEÑOS DORADOS;31/08/2026;COMISION CLUB RIO DORADO
1370;NO ACTIVO;SUEÑOS DORADOS;31/08/2026;COMISION CLUB RIO DORADO
1371;NO ACTIVO;SUEÑOS DORADOS;31/08/2026;COMISION CLUB RIO DORADO
1372;NO ACTIVO;SUEÑOS DORADOS;31/08/2026;COMISION CLUB RIO DORADO
1373;NO ACTIVO;SUEÑOS DORADOS;31/08/2026;COMISION CLUB RIO DORADO
1374;NO ACTIVO;SUEÑOS DORADOS;31/08/2026;COMISION CLUB RIO DORADO
1375;NO ACTIVO;SUEÑOS DORADOS;31/08/2026;COMISION CLUB RIO DORADO
1376;NO ACTIVO;SUEÑOS DORADOS;31/08/2026;COMISION CLUB RIO DORADO
1377;NO ACTIVO;SUEÑOS DORADOS;31/08/2026;COMISION CLUB RIO DORADO
1378;NO ACTIVO;SUEÑOS DORADOS;31/08/2026;COMISION CLUB RIO DORADO
1379;NO ACTIVO;SUEÑOS DORADOS;31/08/2026;COMISION CLUB RIO DORADO
1380;NO ACTIVO;SUEÑOS DORADOS;31/08/2026;COMISION CLUB RIO DORADO
1381;NO ACTIVO;SUEÑOS DORADOS;31/08/2026;COMISION CLUB RIO DORADO
1382;NO ACTIVO;SUEÑOS DORADOS;31/08/2026;COMISION CLUB RIO DORADO
1383;NO ACTIVO;SUEÑOS DORADOS;31/08/2026;COMISION CLUB RIO DORADO
1384;NO ACTIVO;SUEÑOS DORADOS;31/08/2026;COMISION CLUB RIO DORADO
1385;NO ACTIVO;SUEÑOS DORADOS;31/08/2026;COMISION CLUB RIO DORADO
1386;NO ACTIVO;SUEÑOS DORADOS;31/08/2026;COMISION CLUB RIO DORADO
1387;NO ACTIVO;SUEÑOS DORADOS;31/08/2026;COMISION CLUB RIO DORADO
1388;NO ACTIVO;SUEÑOS DORADOS;31/08/2026;COMISION CLUB RIO DORADO
1389;NO ACTIVO;SUEÑOS DORADOS;31/08/2026;COMISION CLUB RIO DORADO
1390;NO ACTIVO;SUEÑOS DORADOS;31/08/2026;COMISION CLUB RIO DORADO
1391;NO ACTIVO;SUEÑOS DORADOS;31/08/2026;COMISION CLUB RIO DORADO
1392;NO ACTIVO;SUEÑOS DORADOS;31/08/2026;COMISION CLUB RIO DORADO
1393;NO ACTIVO;SUEÑOS DORADOS;31/08/2026;COMISION CLUB RIO DORADO
1394;NO ACTIVO;SUEÑOS DORADOS;31/08/2026;COMISION CLUB RIO DORADO
1395;NO ACTIVO;SUEÑOS DORADOS;31/08/2026;COMISION CLUB RIO DORADO
1396;NO ACTIVO;SUEÑOS DORADOS;31/08/2026;COMISION CLUB RIO DORADO
1397;NO ACTIVO;SUEÑOS DORADOS;31/08/2026;COMISION CLUB RIO DORADO
1398;NO ACTIVO;SUEÑOS DORADOS;31/08/2026;COMISION CLUB RIO DORADO
1399;NO ACTIVO;SUEÑOS DORADOS;31/08/2026;COMISION CLUB RIO DORADO
1400;NO ACTIVO;SUEÑOS DORADOS;31/08/2026;COMISION CLUB RIO DORADO
1401;NO ACTIVO;SUEÑOS DORADOS;31/08/2026;COMISION CLUB RIO DORADO
1402;NO ACTIVO;SUEÑOS DORADOS;31/08/2026;COMISION CLUB RIO DORADO
1403;NO ACTIVO;SUEÑOS DORADOS;31/08/2026;COMISION CLUB RIO DORADO
1404;NO ACTIVO;SUEÑOS DORADOS;31/08/2026;COMISION CLUB RIO DORADO
1405;NO ACTIVO;SUEÑOS DORADOS;31/08/2026;COMISION CLUB RIO DORADO
1406;NO ACTIVO;SUEÑOS DORADOS;31/08/2026;COMISION CLUB RIO DORADO
1407;NO ACTIVO;SUEÑOS DORADOS;31/08/2026;COMISION CLUB RIO DORADO
1408;NO ACTIVO;SUEÑOS DORADOS;31/08/2026;COMISION CLUB RIO DORADO
1409;NO ACTIVO;SUEÑOS DORADOS;31/08/2026;COMISION CLUB RIO DORADO
1410;NO ACTIVO;SUEÑOS DORADOS;31/08/2026;COMISION CLUB RIO DORADO
1411;NO ACTIVO;SUEÑOS DORADOS;31/08/2026;COMISION CLUB RIO DORADO
1412;NO ACTIVO;SUEÑOS DORADOS;31/08/2026;COMISION CLUB RIO DORADO
1413;NO ACTIVO;SUEÑOS DORADOS;31/08/2026;COMISION CLUB RIO DORADO
1414;NO ACTIVO;SUEÑOS DORADOS;31/08/2026;COMISION CLUB RIO DORADO
1415;NO ACTIVO;SUEÑOS DORADOS;31/08/2026;COMISION CLUB RIO DORADO
1416;NO ACTIVO;SUEÑOS DORADOS;31/08/2026;COMISION CLUB RIO DORADO
1417;NO ACTIVO;SUEÑOS DORADOS;31/08/2026;COMISION CLUB RIO DORADO
1418;NO ACTIVO;SUEÑOS DORADOS;31/08/2026;COMISION CLUB RIO DORADO
1419;NO ACTIVO;SUEÑOS DORADOS;31/08/2026;COMISION CLUB RIO DORADO
1420;NO ACTIVO;SUEÑOS DORADOS;31/08/2026;COMISION CLUB RIO DORADO
1421;NO ACTIVO;SUEÑOS DORADOS;31/08/2026;COMISION CLUB RIO DORADO
1422;NO ACTIVO;SUEÑOS DORADOS;31/08/2026;COMISION CLUB RIO DORADO
1423;NO ACTIVO;SUEÑOS DORADOS;31/08/2026;COMISION CLUB RIO DORADO
1424;NO ACTIVO;SUEÑOS DORADOS;31/08/2026;COMISION CLUB RIO DORADO
1425;NO ACTIVO;SUEÑOS DORADOS;31/08/2026;COMISION CLUB RIO DORADO
1426;NO ACTIVO;SUEÑOS DORADOS;31/08/2026;COMISION CLUB RIO DORADO
1427;NO ACTIVO;SUEÑOS DORADOS;31/08/2026;COMISION CLUB RIO DORADO
1428;NO ACTIVO;SUEÑOS DORADOS;31/08/2026;COMISION CLUB RIO DORADO
1429;NO ACTIVO;SUEÑOS DORADOS;31/08/2026;COMISION CLUB RIO DORADO
1430;NO ACTIVO;SUEÑOS DORADOS;31/08/2026;COMISION CLUB RIO DORADO
1431;NO ACTIVO;SUEÑOS DORADOS;31/08/2026;COMISION CLUB RIO DORADO
1432;NO ACTIVO;SUEÑOS DORADOS;31/08/2026;COMISION CLUB RIO DORADO
1433;NO ACTIVO;SUEÑOS DORADOS;31/08/2026;COMISION CLUB RIO DORADO
1434;NO ACTIVO;SUEÑOS DORADOS;31/08/2026;COMISION CLUB RIO DORADO
1435;NO ACTIVO;SUEÑOS DORADOS;31/08/2026;COMISION CLUB RIO DORADO
1436;NO ACTIVO;SUEÑOS DORADOS;31/08/2026;COMISION CLUB RIO DORADO
1437;NO ACTIVO;SUEÑOS DORADOS;31/08/2026;COMISION CLUB RIO DORADO
1438;NO ACTIVO;SUEÑOS DORADOS;31/08/2026;COMISION CLUB RIO DORADO
1439;NO ACTIVO;SUEÑOS DORADOS;31/08/2026;COMISION CLUB RIO DORADO
1440;NO ACTIVO;SUEÑOS DORADOS;31/08/2026;COMISION CLUB RIO DORADO
1441;NO ACTIVO;SUEÑOS DORADOS;31/08/2026;COMISION CLUB RIO DORADO
1442;NO ACTIVO;SUEÑOS DORADOS;31/08/2026;COMISION CLUB RIO DORADO
1443;NO ACTIVO;SUEÑOS DORADOS;31/08/2026;COMISION CLUB RIO DORADO
1444;NO ACTIVO;SUEÑOS DORADOS;31/08/2026;COMISION CLUB RIO DORADO
1445;NO ACTIVO;SUEÑOS DORADOS;31/08/2026;COMISION CLUB RIO DORADO
1446;NO ACTIVO;SUEÑOS DORADOS;31/08/2026;COMISION CLUB RIO DORADO
1447;NO ACTIVO;SUEÑOS DORADOS;31/08/2026;COMISION CLUB RIO DORADO
1448;NO ACTIVO;SUEÑOS DORADOS;31/08/2026;COMISION CLUB RIO DORADO
1449;NO ACTIVO;SUEÑOS DORADOS;31/08/2026;COMISION CLUB RIO DORADO
1450;NO ACTIVO;SUEÑOS DORADOS;31/08/2026;COMISION CLUB RIO DORADO
1451;NO ACTIVO;SUEÑOS DORADOS;31/08/2026;COMISION CLUB RIO DORADO
1452;NO ACTIVO;SUEÑOS DORADOS;31/08/2026;COMISION CLUB RIO DORADO
1453;NO ACTIVO;SUEÑOS DORADOS;31/08/2026;COMISION CLUB RIO DORADO
1454;NO ACTIVO;SUEÑOS DORADOS;31/08/2026;COMISION CLUB RIO DORADO
1455;NO ACTIVO;SUEÑOS DORADOS;31/08/2026;COMISION CLUB RIO DORADO
1456;NO ACTIVO;SUEÑOS DORADOS;31/08/2026;COMISION CLUB RIO DORADO
1457;NO ACTIVO;SUEÑOS DORADOS;31/08/2026;COMISION CLUB RIO DORADO
1458;NO ACTIVO;SUEÑOS DORADOS;31/08/2026;COMISION CLUB RIO DORADO
1459;NO ACTIVO;SUEÑOS DORADOS;31/08/2026;COMISION CLUB RIO DORADO
1460;NO ACTIVO;SUEÑOS DORADOS;31/08/2026;COMISION CLUB RIO DORADO
1461;NO ACTIVO;SUEÑOS DORADOS;31/08/2026;COMISION CLUB RIO DORADO
1462;NO ACTIVO;SUEÑOS DORADOS;31/08/2026;COMISION CLUB RIO DORADO
1463;NO ACTIVO;SUEÑOS DORADOS;31/08/2026;COMISION CLUB RIO DORADO
1464;NO ACTIVO;SUEÑOS DORADOS;31/08/2026;COMISION CLUB RIO DORADO
1465;NO ACTIVO;SUEÑOS DORADOS;31/08/2026;COMISION CLUB RIO DORADO
1466;NO ACTIVO;SUEÑOS DORADOS;31/08/2026;COMISION CLUB RIO DORADO
1467;NO ACTIVO;SUEÑOS DORADOS;31/08/2026;COMISION CLUB RIO DORADO
1468;NO ACTIVO;SUEÑOS DORADOS;31/08/2026;COMISION CLUB RIO DORADO
1469;NO ACTIVO;SUEÑOS DORADOS;31/08/2026;COMISION CLUB RIO DORADO
1470;NO ACTIVO;SUEÑOS DORADOS;31/08/2026;COMISION CLUB RIO DORADO
1471;NO ACTIVO;SUEÑOS DORADOS;31/08/2026;COMISION CLUB RIO DORADO
1472;NO ACTIVO;SUEÑOS DORADOS;31/08/2026;COMISION CLUB RIO DORADO
1473;NO ACTIVO;SUEÑOS DORADOS;31/08/2026;COMISION CLUB RIO DORADO
1474;NO ACTIVO;SUEÑOS DORADOS;31/08/2026;COMISION CLUB RIO DORADO
1475;NO ACTIVO;SUEÑOS DORADOS;31/08/2026;COMISION CLUB RIO DORADO
1476;NO ACTIVO;SUEÑOS DORADOS;31/08/2026;COMISION CLUB RIO DORADO
1477;NO ACTIVO;SUEÑOS DORADOS;31/08/2026;COMISION CLUB RIO DORADO
1478;NO ACTIVO;SUEÑOS DORADOS;31/08/2026;COMISION CLUB RIO DORADO
1479;NO ACTIVO;SUEÑOS DORADOS;31/08/2026;COMISION CLUB RIO DORADO
1480;NO ACTIVO;SUEÑOS DORADOS;31/08/2026;COMISION CLUB RIO DORADO
1481;NO ACTIVO;SUEÑOS DORADOS;31/08/2026;COMISION CLUB RIO DORADO
1482;NO ACTIVO;SUEÑOS DORADOS;31/08/2026;COMISION CLUB RIO DORADO
1483;NO ACTIVO;SUEÑOS DORADOS;31/08/2026;COMISION CLUB RIO DORADO
1484;NO ACTIVO;SUEÑOS DORADOS;31/08/2026;COMISION CLUB RIO DORADO
1485;NO ACTIVO;SUEÑOS DORADOS;31/08/2026;COMISION CLUB RIO DORADO
1486;NO ACTIVO;SUEÑOS DORADOS;31/08/2026;COMISION CLUB RIO DORADO
1487;NO ACTIVO;SUEÑOS DORADOS;31/08/2026;COMISION CLUB RIO DORADO
1488;NO ACTIVO;SUEÑOS DORADOS;31/08/2026;COMISION CLUB RIO DORADO
1489;NO ACTIVO;SUEÑOS DORADOS;31/08/2026;COMISION CLUB RIO DORADO
1490;NO ACTIVO;SUEÑOS DORADOS;31/08/2026;COMISION CLUB RIO DORADO
1491;NO ACTIVO;SUEÑOS DORADOS;31/08/2026;COMISION CLUB RIO DORADO
1492;NO ACTIVO;SUEÑOS DORADOS;31/08/2026;COMISION CLUB RIO DORADO
1493;NO ACTIVO;SUEÑOS DORADOS;31/08/2026;COMISION CLUB RIO DORADO
1494;NO ACTIVO;SUEÑOS DORADOS;31/08/2026;COMISION CLUB RIO DORADO
1495;NO ACTIVO;SUEÑOS DORADOS;31/08/2026;COMISION CLUB RIO DORADO
1496;NO ACTIVO;SUEÑOS DORADOS;31/08/2026;COMISION CLUB RIO DORADO
1497;NO ACTIVO;SUEÑOS DORADOS;31/08/2026;COMISION CLUB RIO DORADO
1498;NO ACTIVO;SUEÑOS DORADOS;31/08/2026;COMISION CLUB RIO DORADO
1499;NO ACTIVO;SUEÑOS DORADOS;31/08/2026;COMISION CLUB RIO DORADO
1500;NO ACTIVO;SUEÑOS DORADOS;31/08/2026;COMISION CLUB RIO DORADO
1501;NO ACTIVO;SUEÑOS DORADOS;31/08/2026;COMISION CLUB RIO DORADO
1502;NO ACTIVO;SUEÑOS DORADOS;31/08/2026;COMISION CLUB RIO DORADO
1503;NO ACTIVO;SUEÑOS DORADOS;31/08/2026;COMISION CLUB RIO DORADO
1504;NO ACTIVO;SUEÑOS DORADOS;31/08/2026;COMISION CLUB RIO DORADO
1505;NO ACTIVO;SUEÑOS DORADOS;31/08/2026;COMISION CLUB RIO DORADO
1506;NO ACTIVO;SUEÑOS DORADOS;31/08/2026;COMISION CLUB RIO DORADO
1507;NO ACTIVO;SUEÑOS DORADOS;31/08/2026;COMISION CLUB RIO DORADO
1508;NO ACTIVO;SUEÑOS DORADOS;31/08/2026;COMISION CLUB RIO DORADO
1509;NO ACTIVO;SUEÑOS DORADOS;31/08/2026;COMISION CLUB RIO DORADO
1510;NO ACTIVO;SUEÑOS DORADOS;31/08/2026;COMISION CLUB RIO DORADO
1511;NO ACTIVO;SUEÑOS DORADOS;31/08/2026;COMISION CLUB RIO DORADO
1512;NO ACTIVO;SUEÑOS DORADOS;31/08/2026;COMISION CLUB RIO DORADO
1513;NO ACTIVO;SUEÑOS DORADOS;31/08/2026;COMISION CLUB RIO DORADO
1514;NO ACTIVO;SUEÑOS DORADOS;31/08/2026;COMISION CLUB RIO DORADO
1515;NO ACTIVO;SUEÑOS DORADOS;31/08/2026;COMISION CLUB RIO DORADO
1516;NO ACTIVO;SUEÑOS DORADOS;31/08/2026;COMISION CLUB RIO DORADO
1517;NO ACTIVO;SUEÑOS DORADOS;31/08/2026;COMISION CLUB RIO DORADO
1518;NO ACTIVO;SUEÑOS DORADOS;31/08/2026;COMISION CLUB RIO DORADO
1519;NO ACTIVO;SUEÑOS DORADOS;31/08/2026;COMISION CLUB RIO DORADO
1520;NO ACTIVO;SUEÑOS DORADOS;31/08/2026;COMISION CLUB RIO DORADO
1521;NO ACTIVO;SUEÑOS DORADOS;31/08/2026;COMISION CLUB RIO DORADO
1522;NO ACTIVO;SUEÑOS DORADOS;31/08/2026;COMISION CLUB RIO DORADO
1523;NO ACTIVO;SUEÑOS DORADOS;31/08/2026;COMISION CLUB RIO DORADO
1524;NO ACTIVO;SUEÑOS DORADOS;31/08/2026;COMISION CLUB RIO DORADO
1525;NO ACTIVO;SUEÑOS DORADOS;31/08/2026;COMISION CLUB RIO DORADO
1526;NO ACTIVO;SUEÑOS DORADOS;31/08/2026;COMISION CLUB RIO DORADO
1527;NO ACTIVO;SUEÑOS DORADOS;31/08/2026;COMISION CLUB RIO DORADO
1528;NO ACTIVO;SUEÑOS DORADOS;31/08/2026;COMISION CLUB RIO DORADO
1529;NO ACTIVO;SUEÑOS DORADOS;31/08/2026;COMISION CLUB RIO DORADO
1530;NO ACTIVO;SUEÑOS DORADOS;31/08/2026;COMISION CLUB RIO DORADO
1531;NO ACTIVO;SUEÑOS DORADOS;31/08/2026;COMISION CLUB RIO DORADO
1532;NO ACTIVO;SUEÑOS DORADOS;31/08/2026;COMISION CLUB RIO DORADO
1533;NO ACTIVO;SUEÑOS DORADOS;31/08/2026;COMISION CLUB RIO DORADO
1534;NO ACTIVO;SUEÑOS DORADOS;31/08/2026;COMISION CLUB RIO DORADO
1535;NO ACTIVO;SUEÑOS DORADOS;31/08/2026;COMISION CLUB RIO DORADO
1536;NO ACTIVO;SUEÑOS DORADOS;31/08/2026;COMISION CLUB RIO DORADO
1537;NO ACTIVO;SUEÑOS DORADOS;31/08/2026;COMISION CLUB RIO DORADO
1538;NO ACTIVO;SUEÑOS DORADOS;31/08/2026;COMISION CLUB RIO DORADO
1539;NO ACTIVO;SUEÑOS DORADOS;31/08/2026;COMISION CLUB RIO DORADO
1540;NO ACTIVO;SUEÑOS DORADOS;31/08/2026;COMISION CLUB RIO DORADO
1541;NO ACTIVO;SUEÑOS DORADOS;31/08/2026;COMISION CLUB RIO DORADO
1542;NO ACTIVO;SUEÑOS DORADOS;31/08/2026;COMISION CLUB RIO DORADO
1543;NO ACTIVO;SUEÑOS DORADOS;31/08/2026;COMISION CLUB RIO DORADO
1544;NO ACTIVO;SUEÑOS DORADOS;31/08/2026;COMISION CLUB RIO DORADO
1545;NO ACTIVO;SUEÑOS DORADOS;31/08/2026;COMISION CLUB RIO DORADO
1546;NO ACTIVO;SUEÑOS DORADOS;31/08/2026;COMISION CLUB RIO DORADO
1547;NO ACTIVO;SUEÑOS DORADOS;31/08/2026;COMISION CLUB RIO DORADO
1548;NO ACTIVO;SUEÑOS DORADOS;31/08/2026;COMISION CLUB RIO DORADO
1549;NO ACTIVO;SUEÑOS DORADOS;31/08/2026;COMISION CLUB RIO DORADO
1550;NO ACTIVO;SUEÑOS DORADOS;31/08/2026;COMISION CLUB RIO DORADO
1551;NO ACTIVO;SUEÑOS DORADOS;31/08/2026;COMISION CLUB RIO DORADO
1552;NO ACTIVO;SUEÑOS DORADOS;31/08/2026;COMISION CLUB RIO DORADO
1553;NO ACTIVO;SUEÑOS DORADOS;31/08/2026;COMISION CLUB RIO DORADO
1554;NO ACTIVO;SUEÑOS DORADOS;31/08/2026;COMISION CLUB RIO DORADO
1555;NO ACTIVO;SUEÑOS DORADOS;31/08/2026;COMISION CLUB RIO DORADO
1556;NO ACTIVO;SUEÑOS DORADOS;31/08/2026;COMISION CLUB RIO DORADO
1557;NO ACTIVO;SUEÑOS DORADOS;31/08/2026;COMISION CLUB RIO DORADO
1558;NO ACTIVO;SUEÑOS DORADOS;31/08/2026;COMISION CLUB RIO DORADO
1559;NO ACTIVO;SUEÑOS DORADOS;31/08/2026;COMISION CLUB RIO DORADO
1560;NO ACTIVO;SUEÑOS DORADOS;31/08/2026;COMISION CLUB RIO DORADO
1561;NO ACTIVO;SUEÑOS DORADOS;31/08/2026;COMISION CLUB RIO DORADO
1562;NO ACTIVO;SUEÑOS DORADOS;31/08/2026;COMISION CLUB RIO DORADO
1563;NO ACTIVO;SUEÑOS DORADOS;31/08/2026;COMISION CLUB RIO DORADO
1564;NO ACTIVO;SUEÑOS DORADOS;31/08/2026;COMISION CLUB RIO DORADO
1565;NO ACTIVO;SUEÑOS DORADOS;31/08/2026;COMISION CLUB RIO DORADO
1566;NO ACTIVO;SUEÑOS DORADOS;31/08/2026;COMISION CLUB RIO DORADO
1567;NO ACTIVO;SUEÑOS DORADOS;31/08/2026;COMISION CLUB RIO DORADO
1568;NO ACTIVO;SUEÑOS DORADOS;31/08/2026;COMISION CLUB RIO DORADO
1569;NO ACTIVO;SUEÑOS DORADOS;31/08/2026;COMISION CLUB RIO DORADO
1570;NO ACTIVO;SUEÑOS DORADOS;31/08/2026;COMISION CLUB RIO DORADO
1571;NO ACTIVO;SUEÑOS DORADOS;31/08/2026;COMISION CLUB RIO DORADO
1572;NO ACTIVO;SUEÑOS DORADOS;31/08/2026;COMISION CLUB RIO DORADO
1573;NO ACTIVO;SUEÑOS DORADOS;31/08/2026;COMISION CLUB RIO DORADO
1574;NO ACTIVO;SUEÑOS DORADOS;31/08/2026;COMISION CLUB RIO DORADO
1575;NO ACTIVO;SUEÑOS DORADOS;31/08/2026;COMISION CLUB RIO DORADO
1576;NO ACTIVO;SUEÑOS DORADOS;31/08/2026;COMISION CLUB RIO DORADO
1577;NO ACTIVO;SUEÑOS DORADOS;31/08/2026;COMISION CLUB RIO DORADO
1578;NO ACTIVO;SUEÑOS DORADOS;31/08/2026;COMISION CLUB RIO DORADO
1579;NO ACTIVO;SUEÑOS DORADOS;31/08/2026;COMISION CLUB RIO DORADO
1580;NO ACTIVO;SUEÑOS DORADOS;31/08/2026;COMISION CLUB RIO DORADO
1581;NO ACTIVO;SUEÑOS DORADOS;31/08/2026;COMISION CLUB RIO DORADO
1582;NO ACTIVO;SUEÑOS DORADOS;31/08/2026;COMISION CLUB RIO DORADO
1583;NO ACTIVO;SUEÑOS DORADOS;31/08/2026;COMISION CLUB RIO DORADO
1584;NO ACTIVO;SUEÑOS DORADOS;31/08/2026;COMISION CLUB RIO DORADO
1585;NO ACTIVO;SUEÑOS DORADOS;31/08/2026;COMISION CLUB RIO DORADO
1586;NO ACTIVO;SUEÑOS DORADOS;31/08/2026;COMISION CLUB RIO DORADO
1587;NO ACTIVO;SUEÑOS DORADOS;31/08/2026;COMISION CLUB RIO DORADO
1588;NO ACTIVO;SUEÑOS DORADOS;31/08/2026;COMISION CLUB RIO DORADO
1589;NO ACTIVO;SUEÑOS DORADOS;31/08/2026;COMISION CLUB RIO DORADO
1590;NO ACTIVO;SUEÑOS DORADOS;31/08/2026;COMISION CLUB RIO DORADO
1591;NO ACTIVO;SUEÑOS DORADOS;31/08/2026;COMISION CLUB RIO DORADO
1592;NO ACTIVO;SUEÑOS DORADOS;31/08/2026;COMISION CLUB RIO DORADO
1593;NO ACTIVO;SUEÑOS DORADOS;31/08/2026;COMISION CLUB RIO DORADO
1594;NO ACTIVO;SUEÑOS DORADOS;31/08/2026;COMISION CLUB RIO DORADO
1595;NO ACTIVO;SUEÑOS DORADOS;31/08/2026;COMISION CLUB RIO DORADO
1596;NO ACTIVO;SUEÑOS DORADOS;31/08/2026;COMISION CLUB RIO DORADO
1597;NO ACTIVO;SUEÑOS DORADOS;31/08/2026;COMISION CLUB RIO DORADO
1598;NO ACTIVO;SUEÑOS DORADOS;31/08/2026;COMISION CLUB RIO DORADO
1599;NO ACTIVO;SUEÑOS DORADOS;31/08/2026;COMISION CLUB RIO DORADO
1600;NO ACTIVO;SUEÑOS DORADOS;31/08/2026;COMISION CLUB RIO DORADO
1601;NO ACTIVO;SUEÑOS DORADOS;31/08/2026;COMISION CLUB RIO DORADO
1602;NO ACTIVO;SUEÑOS DORADOS;31/08/2026;COMISION CLUB RIO DORADO
1603;NO ACTIVO;SUEÑOS DORADOS;31/08/2026;COMISION CLUB RIO DORADO
1604;NO ACTIVO;SUEÑOS DORADOS;31/08/2026;COMISION CLUB RIO DORADO
1605;NO ACTIVO;SUEÑOS DORADOS;31/08/2026;COMISION CLUB RIO DORADO
1606;NO ACTIVO;SUEÑOS DORADOS;31/08/2026;COMISION CLUB RIO DORADO
1607;NO ACTIVO;SUEÑOS DORADOS;31/08/2026;COMISION CLUB RIO DORADO
1608;NO ACTIVO;SUEÑOS DORADOS;31/08/2026;COMISION CLUB RIO DORADO
1609;NO ACTIVO;SUEÑOS DORADOS;31/08/2026;COMISION CLUB RIO DORADO
1610;NO ACTIVO;SUEÑOS DORADOS;31/08/2026;COMISION CLUB RIO DORADO
1611;NO ACTIVO;SUEÑOS DORADOS;31/08/2026;COMISION CLUB RIO DORADO
1612;NO ACTIVO;SUEÑOS DORADOS;31/08/2026;COMISION CLUB RIO DORADO
1613;NO ACTIVO;SUEÑOS DORADOS;31/08/2026;COMISION CLUB RIO DORADO
1614;NO ACTIVO;SUEÑOS DORADOS;31/08/2026;COMISION CLUB RIO DORADO
1615;NO ACTIVO;SUEÑOS DORADOS;31/08/2026;COMISION CLUB RIO DORADO
1616;NO ACTIVO;SUEÑOS DORADOS;31/08/2026;COMISION CLUB RIO DORADO
1617;NO ACTIVO;SUEÑOS DORADOS;31/08/2026;COMISION CLUB RIO DORADO
1618;NO ACTIVO;SUEÑOS DORADOS;31/08/2026;COMISION CLUB RIO DORADO
1619;NO ACTIVO;SUEÑOS DORADOS;31/08/2026;COMISION CLUB RIO DORADO
1620;NO ACTIVO;SUEÑOS DORADOS;31/08/2026;COMISION CLUB RIO DORADO
1621;NO ACTIVO;SUEÑOS DORADOS;31/08/2026;COMISION CLUB RIO DORADO
1622;NO ACTIVO;SUEÑOS DORADOS;31/08/2026;COMISION CLUB RIO DORADO
1623;NO ACTIVO;SUEÑOS DORADOS;31/08/2026;COMISION CLUB RIO DORADO
1624;NO ACTIVO;SUEÑOS DORADOS;31/08/2026;COMISION CLUB RIO DORADO
1625;NO ACTIVO;SUEÑOS DORADOS;31/08/2026;COMISION CLUB RIO DORADO
1626;NO ACTIVO;SUEÑOS DORADOS;31/08/2026;COMISION CLUB RIO DORADO
1627;NO ACTIVO;SUEÑOS DORADOS;31/08/2026;COMISION CLUB RIO DORADO
1628;NO ACTIVO;SUEÑOS DORADOS;31/08/2026;COMISION CLUB RIO DORADO
1629;NO ACTIVO;SUEÑOS DORADOS;31/08/2026;COMISION CLUB RIO DORADO
1630;NO ACTIVO;SUEÑOS DORADOS;31/08/2026;COMISION CLUB RIO DORADO
1631;NO ACTIVO;SUEÑOS DORADOS;31/08/2026;COMISION CLUB RIO DORADO
1632;NO ACTIVO;SUEÑOS DORADOS;31/08/2026;COMISION CLUB RIO DORADO
1633;NO ACTIVO;SUEÑOS DORADOS;31/08/2026;COMISION CLUB RIO DORADO
1634;NO ACTIVO;SUEÑOS DORADOS;31/08/2026;COMISION CLUB RIO DORADO
1635;NO ACTIVO;SUEÑOS DORADOS;31/08/2026;COMISION CLUB RIO DORADO
1636;NO ACTIVO;SUEÑOS DORADOS;31/08/2026;COMISION CLUB RIO DORADO
1637;NO ACTIVO;SUEÑOS DORADOS;31/08/2026;COMISION CLUB RIO DORADO
1638;NO ACTIVO;SUEÑOS DORADOS;31/08/2026;COMISION CLUB RIO DORADO
1639;NO ACTIVO;SUEÑOS DORADOS;31/08/2026;COMISION CLUB RIO DORADO
1640;NO ACTIVO;SUEÑOS DORADOS;31/08/2026;COMISION CLUB RIO DORADO
1641;NO ACTIVO;SUEÑOS DORADOS;31/08/2026;COMISION CLUB RIO DORADO
1642;NO ACTIVO;SUEÑOS DORADOS;31/08/2026;COMISION CLUB RIO DORADO
1643;NO ACTIVO;SUEÑOS DORADOS;31/08/2026;COMISION CLUB RIO DORADO
1644;NO ACTIVO;SUEÑOS DORADOS;31/08/2026;COMISION CLUB RIO DORADO
1645;NO ACTIVO;SUEÑOS DORADOS;31/08/2026;COMISION CLUB RIO DORADO
1646;NO ACTIVO;SUEÑOS DORADOS;31/08/2026;COMISION CLUB RIO DORADO
1647;NO ACTIVO;SUEÑOS DORADOS;31/08/2026;COMISION CLUB RIO DORADO
1648;NO ACTIVO;SUEÑOS DORADOS;31/08/2026;COMISION CLUB RIO DORADO
1649;NO ACTIVO;SUEÑOS DORADOS;31/08/2026;COMISION CLUB RIO DORADO
1650;NO ACTIVO;SUEÑOS DORADOS;31/08/2026;COMISION CLUB RIO DORADO
1651;NO ACTIVO;SUEÑOS DORADOS;31/08/2026;COMISION CLUB RIO DORADO
1652;NO ACTIVO;SUEÑOS DORADOS;31/08/2026;COMISION CLUB RIO DORADO
1653;NO ACTIVO;SUEÑOS DORADOS;31/08/2026;COMISION CLUB RIO DORADO
1654;NO ACTIVO;SUEÑOS DORADOS;31/08/2026;COMISION CLUB RIO DORADO
1655;NO ACTIVO;SUEÑOS DORADOS;31/08/2026;COMISION CLUB RIO DORADO
1656;NO ACTIVO;SUEÑOS DORADOS;31/08/2026;COMISION CLUB RIO DORADO
1657;NO ACTIVO;SUEÑOS DORADOS;31/08/2026;COMISION CLUB RIO DORADO
1658;NO ACTIVO;SUEÑOS DORADOS;31/08/2026;COMISION CLUB RIO DORADO
1659;NO ACTIVO;SUEÑOS DORADOS;31/08/2026;COMISION CLUB RIO DORADO
1660;NO ACTIVO;SUEÑOS DORADOS;31/08/2026;COMISION CLUB RIO DORADO
1661;NO ACTIVO;SUEÑOS DORADOS;31/08/2026;COMISION CLUB RIO DORADO
1662;NO ACTIVO;SUEÑOS DORADOS;31/08/2026;COMISION CLUB RIO DORADO
1663;NO ACTIVO;SUEÑOS DORADOS;31/08/2026;COMISION CLUB RIO DORADO
1664;NO ACTIVO;SUEÑOS DORADOS;31/08/2026;COMISION CLUB RIO DORADO
1665;NO ACTIVO;SUEÑOS DORADOS;31/08/2026;COMISION CLUB RIO DORADO
1666;NO ACTIVO;SUEÑOS DORADOS;31/08/2026;COMISION CLUB RIO DORADO
1667;NO ACTIVO;SUEÑOS DORADOS;31/08/2026;COMISION CLUB RIO DORADO
1668;NO ACTIVO;SUEÑOS DORADOS;31/08/2026;COMISION CLUB RIO DORADO
1669;NO ACTIVO;SUEÑOS DORADOS;31/08/2026;COMISION CLUB RIO DORADO
1670;NO ACTIVO;SUEÑOS DORADOS;31/08/2026;COMISION CLUB RIO DORADO
1671;NO ACTIVO;SUEÑOS DORADOS;31/08/2026;COMISION CLUB RIO DORADO
1672;NO ACTIVO;SUEÑOS DORADOS;31/08/2026;COMISION CLUB RIO DORADO
1673;NO ACTIVO;SUEÑOS DORADOS;31/08/2026;COMISION CLUB RIO DORADO
1674;NO ACTIVO;SUEÑOS DORADOS;31/08/2026;COMISION CLUB RIO DORADO
1675;NO ACTIVO;SUEÑOS DORADOS;31/08/2026;COMISION CLUB RIO DORADO
1676;NO ACTIVO;SUEÑOS DORADOS;31/08/2026;COMISION CLUB RIO DORADO
1677;NO ACTIVO;SUEÑOS DORADOS;31/08/2026;COMISION CLUB RIO DORADO
1678;NO ACTIVO;SUEÑOS DORADOS;31/08/2026;COMISION CLUB RIO DORADO
1679;NO ACTIVO;SUEÑOS DORADOS;31/08/2026;COMISION CLUB RIO DORADO
1680;NO ACTIVO;SUEÑOS DORADOS;31/08/2026;COMISION CLUB RIO DORADO
1681;NO ACTIVO;SUEÑOS DORADOS;31/08/2026;COMISION CLUB RIO DORADO
1682;NO ACTIVO;SUEÑOS DORADOS;31/08/2026;COMISION CLUB RIO DORADO
1683;NO ACTIVO;SUEÑOS DORADOS;31/08/2026;COMISION CLUB RIO DORADO
1684;NO ACTIVO;SUEÑOS DORADOS;31/08/2026;COMISION CLUB RIO DORADO
1685;NO ACTIVO;SUEÑOS DORADOS;31/08/2026;COMISION CLUB RIO DORADO
1686;NO ACTIVO;SUEÑOS DORADOS;31/08/2026;COMISION CLUB RIO DORADO
1687;NO ACTIVO;SUEÑOS DORADOS;31/08/2026;COMISION CLUB RIO DORADO
1688;NO ACTIVO;SUEÑOS DORADOS;31/08/2026;COMISION CLUB RIO DORADO
1689;NO ACTIVO;SUEÑOS DORADOS;31/08/2026;COMISION CLUB RIO DORADO
1690;NO ACTIVO;SUEÑOS DORADOS;31/08/2026;COMISION CLUB RIO DORADO
1691;NO ACTIVO;SUEÑOS DORADOS;31/08/2026;COMISION CLUB RIO DORADO
1692;NO ACTIVO;SUEÑOS DORADOS;31/08/2026;COMISION CLUB RIO DORADO
1693;NO ACTIVO;SUEÑOS DORADOS;31/08/2026;COMISION CLUB RIO DORADO
1694;NO ACTIVO;SUEÑOS DORADOS;31/08/2026;COMISION CLUB RIO DORADO
1695;NO ACTIVO;SUEÑOS DORADOS;31/08/2026;COMISION CLUB RIO DORADO
1696;NO ACTIVO;SUEÑOS DORADOS;31/08/2026;COMISION CLUB RIO DORADO
1697;NO ACTIVO;SUEÑOS DORADOS;31/08/2026;COMISION CLUB RIO DORADO
1698;NO ACTIVO;SUEÑOS DORADOS;31/08/2026;COMISION CLUB RIO DORADO
1699;NO ACTIVO;SUEÑOS DORADOS;31/08/2026;COMISION CLUB RIO DORADO
1700;NO ACTIVO;SUEÑOS DORADOS;31/08/2026;COMISION CLUB RIO DORADO
1701;NO ACTIVO;SUEÑOS DORADOS;31/08/2026;COMISION CLUB RIO DORADO
1702;NO ACTIVO;SUEÑOS DORADOS;31/08/2026;COMISION CLUB RIO DORADO
1703;NO ACTIVO;SUEÑOS DORADOS;31/08/2026;COMISION CLUB RIO DORADO
1704;NO ACTIVO;SUEÑOS DORADOS;31/08/2026;COMISION CLUB RIO DORADO
1705;NO ACTIVO;SUEÑOS DORADOS;31/08/2026;COMISION CLUB RIO DORADO
1706;NO ACTIVO;SUEÑOS DORADOS;31/08/2026;COMISION CLUB RIO DORADO
1707;NO ACTIVO;SUEÑOS DORADOS;31/08/2026;COMISION CLUB RIO DORADO
1708;NO ACTIVO;SUEÑOS DORADOS;31/08/2026;COMISION CLUB RIO DORADO
1709;NO ACTIVO;SUEÑOS DORADOS;31/08/2026;COMISION CLUB RIO DORADO
1710;NO ACTIVO;SUEÑOS DORADOS;31/08/2026;COMISION CLUB RIO DORADO
1711;NO ACTIVO;SUEÑOS DORADOS;31/08/2026;COMISION CLUB RIO DORADO
1712;NO ACTIVO;SUEÑOS DORADOS;31/08/2026;COMISION CLUB RIO DORADO
1713;NO ACTIVO;SUEÑOS DORADOS;31/08/2026;COMISION CLUB RIO DORADO
1714;NO ACTIVO;SUEÑOS DORADOS;31/08/2026;COMISION CLUB RIO DORADO
1715;NO ACTIVO;SUEÑOS DORADOS;31/08/2026;COMISION CLUB RIO DORADO
1716;NO ACTIVO;SUEÑOS DORADOS;31/08/2026;COMISION CLUB RIO DORADO
1717;NO ACTIVO;SUEÑOS DORADOS;31/08/2026;COMISION CLUB RIO DORADO
1718;NO ACTIVO;SUEÑOS DORADOS;31/08/2026;COMISION CLUB RIO DORADO
1719;NO ACTIVO;SUEÑOS DORADOS;31/08/2026;COMISION CLUB RIO DORADO
1720;NO ACTIVO;SUEÑOS DORADOS;31/08/2026;COMISION CLUB RIO DORADO
1721;NO ACTIVO;SUEÑOS DORADOS;31/08/2026;COMISION CLUB RIO DORADO
1722;NO ACTIVO;SUEÑOS DORADOS;31/08/2026;COMISION CLUB RIO DORADO
1723;NO ACTIVO;SUEÑOS DORADOS;31/08/2026;COMISION CLUB RIO DORADO
1724;NO ACTIVO;SUEÑOS DORADOS;31/08/2026;COMISION CLUB RIO DORADO
1725;NO ACTIVO;SUEÑOS DORADOS;31/08/2026;COMISION CLUB RIO DORADO
1726;NO ACTIVO;SUEÑOS DORADOS;31/08/2026;COMISION CLUB RIO DORADO
1727;NO ACTIVO;SUEÑOS DORADOS;31/08/2026;COMISION CLUB RIO DORADO
1728;NO ACTIVO;SUEÑOS DORADOS;31/08/2026;COMISION CLUB RIO DORADO
1729;NO ACTIVO;SUEÑOS DORADOS;31/08/2026;COMISION CLUB RIO DORADO
1730;NO ACTIVO;SUEÑOS DORADOS;31/08/2026;COMISION CLUB RIO DORADO
1731;NO ACTIVO;SUEÑOS DORADOS;31/08/2026;COMISION CLUB RIO DORADO
1732;NO ACTIVO;SUEÑOS DORADOS;31/08/2026;COMISION CLUB RIO DORADO
1733;NO ACTIVO;SUEÑOS DORADOS;31/08/2026;COMISION CLUB RIO DORADO
1734;NO ACTIVO;SUEÑOS DORADOS;31/08/2026;COMISION CLUB RIO DORADO
1735;NO ACTIVO;SUEÑOS DORADOS;31/08/2026;COMISION CLUB RIO DORADO
1736;NO ACTIVO;SUEÑOS DORADOS;31/08/2026;COMISION CLUB RIO DORADO
1737;NO ACTIVO;SUEÑOS DORADOS;31/08/2026;COMISION CLUB RIO DORADO
1738;NO ACTIVO;SUEÑOS DORADOS;31/08/2026;COMISION CLUB RIO DORADO
1739;NO ACTIVO;SUEÑOS DORADOS;31/08/2026;COMISION CLUB RIO DORADO
1740;NO ACTIVO;SUEÑOS DORADOS;31/08/2026;COMISION CLUB RIO DORADO
1741;NO ACTIVO;SUEÑOS DORADOS;31/08/2026;COMISION CLUB RIO DORADO
1742;NO ACTIVO;SUEÑOS DORADOS;31/08/2026;COMISION CLUB RIO DORADO
1743;NO ACTIVO;SUEÑOS DORADOS;31/08/2026;COMISION CLUB RIO DORADO
1744;NO ACTIVO;SUEÑOS DORADOS;31/08/2026;COMISION CLUB RIO DORADO
1745;NO ACTIVO;SUEÑOS DORADOS;31/08/2026;COMISION CLUB RIO DORADO
1746;NO ACTIVO;SUEÑOS DORADOS;31/08/2026;COMISION CLUB RIO DORADO
1747;NO ACTIVO;SUEÑOS DORADOS;31/08/2026;COMISION CLUB RIO DORADO
1748;NO ACTIVO;SUEÑOS DORADOS;31/08/2026;COMISION CLUB RIO DORADO
1749;NO ACTIVO;SUEÑOS DORADOS;31/08/2026;COMISION CLUB RIO DORADO
1750;NO ACTIVO;SUEÑOS DORADOS;31/08/2026;COMISION CLUB RIO DORADO
1751;NO ACTIVO;SUEÑOS DORADOS;31/08/2026;COMISION CLUB RIO DORADO
1752;NO ACTIVO;SUEÑOS DORADOS;31/08/2026;COMISION CLUB RIO DORADO
1753;NO ACTIVO;SUEÑOS DORADOS;31/08/2026;COMISION CLUB RIO DORADO
1754;NO ACTIVO;SUEÑOS DORADOS;31/08/2026;COMISION CLUB RIO DORADO
1755;NO ACTIVO;SUEÑOS DORADOS;31/08/2026;COMISION CLUB RIO DORADO
1756;NO ACTIVO;SUEÑOS DORADOS;31/08/2026;COMISION CLUB RIO DORADO
1757;NO ACTIVO;SUEÑOS DORADOS;31/08/2026;COMISION CLUB RIO DORADO
1758;NO ACTIVO;SUEÑOS DORADOS;31/08/2026;COMISION CLUB RIO DORADO
1759;NO ACTIVO;SUEÑOS DORADOS;31/08/2026;COMISION CLUB RIO DORADO
1760;NO ACTIVO;SUEÑOS DORADOS;31/08/2026;COMISION CLUB RIO DORADO
1761;NO ACTIVO;SUEÑOS DORADOS;31/08/2026;COMISION CLUB RIO DORADO
1762;NO ACTIVO;SUEÑOS DORADOS;31/08/2026;COMISION CLUB RIO DORADO
1763;NO ACTIVO;SUEÑOS DORADOS;31/08/2026;COMISION CLUB RIO DORADO
1764;NO ACTIVO;SUEÑOS DORADOS;31/08/2026;COMISION CLUB RIO DORADO
1765;NO ACTIVO;SUEÑOS DORADOS;31/08/2026;COMISION CLUB RIO DORADO
1766;NO ACTIVO;SUEÑOS DORADOS;31/08/2026;COMISION CLUB RIO DORADO
1767;NO ACTIVO;SUEÑOS DORADOS;31/08/2026;COMISION CLUB RIO DORADO
1768;NO ACTIVO;SUEÑOS DORADOS;31/08/2026;COMISION CLUB RIO DORADO
1769;NO ACTIVO;SUEÑOS DORADOS;31/08/2026;COMISION CLUB RIO DORADO
1770;NO ACTIVO;SUEÑOS DORADOS;31/08/2026;COMISION CLUB RIO DORADO
1771;NO ACTIVO;SUEÑOS DORADOS;31/08/2026;COMISION CLUB RIO DORADO
1772;NO ACTIVO;SUEÑOS DORADOS;31/08/2026;COMISION CLUB RIO DORADO
1773;NO ACTIVO;SUEÑOS DORADOS;31/08/2026;COMISION CLUB RIO DORADO
1774;NO ACTIVO;SUEÑOS DORADOS;31/08/2026;COMISION CLUB RIO DORADO
1775;NO ACTIVO;SUEÑOS DORADOS;31/08/2026;COMISION CLUB RIO DORADO
1776;NO ACTIVO;SUEÑOS DORADOS;31/08/2026;COMISION CLUB RIO DORADO
1777;NO ACTIVO;SUEÑOS DORADOS;31/08/2026;COMISION CLUB RIO DORADO
1778;NO ACTIVO;SUEÑOS DORADOS;31/08/2026;COMISION CLUB RIO DORADO
1779;NO ACTIVO;SUEÑOS DORADOS;31/08/2026;COMISION CLUB RIO DORADO
1780;NO ACTIVO;SUEÑOS DORADOS;31/08/2026;COMISION CLUB RIO DORADO
1781;NO ACTIVO;SUEÑOS DORADOS;31/08/2026;COMISION CLUB RIO DORADO
1782;NO ACTIVO;SUEÑOS DORADOS;31/08/2026;COMISION CLUB RIO DORADO
1783;NO ACTIVO;SUEÑOS DORADOS;31/08/2026;COMISION CLUB RIO DORADO
1784;NO ACTIVO;SUEÑOS DORADOS;31/08/2026;COMISION CLUB RIO DORADO
1785;NO ACTIVO;SUEÑOS DORADOS;31/08/2026;COMISION CLUB RIO DORADO
1786;NO ACTIVO;SUEÑOS DORADOS;31/08/2026;COMISION CLUB RIO DORADO
1787;NO ACTIVO;SUEÑOS DORADOS;31/08/2026;COMISION CLUB RIO DORADO
1788;NO ACTIVO;SUEÑOS DORADOS;31/08/2026;COMISION CLUB RIO DORADO
1789;NO ACTIVO;SUEÑOS DORADOS;31/08/2026;COMISION CLUB RIO DORADO
1790;NO ACTIVO;SUEÑOS DORADOS;31/08/2026;COMISION CLUB RIO DORADO
1791;NO ACTIVO;SUEÑOS DORADOS;31/08/2026;COMISION CLUB RIO DORADO
1792;NO ACTIVO;SUEÑOS DORADOS;31/08/2026;COMISION CLUB RIO DORADO
1793;NO ACTIVO;SUEÑOS DORADOS;31/08/2026;COMISION CLUB RIO DORADO
1794;NO ACTIVO;SUEÑOS DORADOS;31/08/2026;COMISION CLUB RIO DORADO
1795;NO ACTIVO;SUEÑOS DORADOS;31/08/2026;COMISION CLUB RIO DORADO
1796;NO ACTIVO;SUEÑOS DORADOS;31/08/2026;COMISION CLUB RIO DORADO
1797;NO ACTIVO;SUEÑOS DORADOS;31/08/2026;COMISION CLUB RIO DORADO
1798;NO ACTIVO;SUEÑOS DORADOS;31/08/2026;COMISION CLUB RIO DORADO
1799;NO ACTIVO;SUEÑOS DORADOS;31/08/2026;COMISION CLUB RIO DORADO
1800;NO ACTIVO;SUEÑOS DORADOS;31/08/2026;COMISION CLUB RIO DORADO
1801;NO ACTIVO;SUEÑOS DORADOS;31/08/2026;COMISION CLUB RIO DORADO
1802;NO ACTIVO;SUEÑOS DORADOS;31/08/2026;COMISION CLUB RIO DORADO
1803;NO ACTIVO;SUEÑOS DORADOS;31/08/2026;COMISION CLUB RIO DORADO
1804;NO ACTIVO;SUEÑOS DORADOS;31/08/2026;COMISION CLUB RIO DORADO
1805;NO ACTIVO;SUEÑOS DORADOS;31/08/2026;COMISION CLUB RIO DORADO
1806;NO ACTIVO;SUEÑOS DORADOS;31/08/2026;COMISION CLUB RIO DORADO
1807;NO ACTIVO;SUEÑOS DORADOS;31/08/2026;COMISION CLUB RIO DORADO
1808;NO ACTIVO;SUEÑOS DORADOS;31/08/2026;COMISION CLUB RIO DORADO
1809;NO ACTIVO;SUEÑOS DORADOS;31/08/2026;COMISION CLUB RIO DORADO
1810;NO ACTIVO;SUEÑOS DORADOS;31/08/2026;COMISION CLUB RIO DORADO
1811;NO ACTIVO;SUEÑOS DORADOS;31/08/2026;COMISION CLUB RIO DORADO
1812;NO ACTIVO;SUEÑOS DORADOS;31/08/2026;COMISION CLUB RIO DORADO
1813;NO ACTIVO;SUEÑOS DORADOS;31/08/2026;COMISION CLUB RIO DORADO
1814;NO ACTIVO;SUEÑOS DORADOS;31/08/2026;COMISION CLUB RIO DORADO
1815;NO ACTIVO;SUEÑOS DORADOS;31/08/2026;COMISION CLUB RIO DORADO
1816;NO ACTIVO;SUEÑOS DORADOS;31/08/2026;COMISION CLUB RIO DORADO
1817;NO ACTIVO;SUEÑOS DORADOS;31/08/2026;COMISION CLUB RIO DORADO
1818;NO ACTIVO;SUEÑOS DORADOS;31/08/2026;COMISION CLUB RIO DORADO
1819;NO ACTIVO;SUEÑOS DORADOS;31/08/2026;COMISION CLUB RIO DORADO
1820;NO ACTIVO;SUEÑOS DORADOS;31/08/2026;COMISION CLUB RIO DORADO
1821;NO ACTIVO;SUEÑOS DORADOS;31/08/2026;COMISION CLUB RIO DORADO
1822;NO ACTIVO;SUEÑOS DORADOS;31/08/2026;COMISION CLUB RIO DORADO
1823;NO ACTIVO;SUEÑOS DORADOS;31/08/2026;COMISION CLUB RIO DORADO
1824;NO ACTIVO;SUEÑOS DORADOS;31/08/2026;COMISION CLUB RIO DORADO
1825;NO ACTIVO;SUEÑOS DORADOS;31/08/2026;COMISION CLUB RIO DORADO
1826;NO ACTIVO;SUEÑOS DORADOS;31/08/2026;COMISION CLUB RIO DORADO
1827;NO ACTIVO;SUEÑOS DORADOS;31/08/2026;COMISION CLUB RIO DORADO
1828;NO ACTIVO;SUEÑOS DORADOS;31/08/2026;COMISION CLUB RIO DORADO
1829;NO ACTIVO;SUEÑOS DORADOS;31/08/2026;COMISION CLUB RIO DORADO
1830;NO ACTIVO;SUEÑOS DORADOS;31/08/2026;COMISION CLUB RIO DORADO
1831;NO ACTIVO;SUEÑOS DORADOS;31/08/2026;COMISION CLUB RIO DORADO
1832;NO ACTIVO;SUEÑOS DORADOS;31/08/2026;COMISION CLUB RIO DORADO
1833;NO ACTIVO;SUEÑOS DORADOS;31/08/2026;COMISION CLUB RIO DORADO
1834;NO ACTIVO;SUEÑOS DORADOS;31/08/2026;COMISION CLUB RIO DORADO
1835;NO ACTIVO;SUEÑOS DORADOS;31/08/2026;COMISION CLUB RIO DORADO
1836;NO ACTIVO;SUEÑOS DORADOS;31/08/2026;COMISION CLUB RIO DORADO
1837;NO ACTIVO;SUEÑOS DORADOS;31/08/2026;COMISION CLUB RIO DORADO
1838;NO ACTIVO;SUEÑOS DORADOS;31/08/2026;COMISION CLUB RIO DORADO
1839;NO ACTIVO;SUEÑOS DORADOS;31/08/2026;COMISION CLUB RIO DORADO
1840;NO ACTIVO;SUEÑOS DORADOS;31/08/2026;COMISION CLUB RIO DORADO
1841;NO ACTIVO;SUEÑOS DORADOS;31/08/2026;COMISION CLUB RIO DORADO
1842;NO ACTIVO;SUEÑOS DORADOS;31/08/2026;COMISION CLUB RIO DORADO
1843;NO ACTIVO;SUEÑOS DORADOS;31/08/2026;COMISION CLUB RIO DORADO
1844;NO ACTIVO;SUEÑOS DORADOS;31/08/2026;COMISION CLUB RIO DORADO
1845;NO ACTIVO;SUEÑOS DORADOS;31/08/2026;COMISION CLUB RIO DORADO
1846;NO ACTIVO;SUEÑOS DORADOS;31/08/2026;COMISION CLUB RIO DORADO
1847;NO ACTIVO;SUEÑOS DORADOS;31/08/2026;COMISION CLUB RIO DORADO
1848;NO ACTIVO;SUEÑOS DORADOS;31/08/2026;COMISION CLUB RIO DORADO
1849;NO ACTIVO;SUEÑOS DORADOS;31/08/2026;COMISION CLUB RIO DORADO
1850;NO ACTIVO;SUEÑOS DORADOS;31/08/2026;COMISION CLUB RIO DORADO
1851;NO ACTIVO;SUEÑOS DORADOS;31/08/2026;COMISION CLUB RIO DORADO
1852;NO ACTIVO;SUEÑOS DORADOS;31/08/2026;COMISION CLUB RIO DORADO
1853;NO ACTIVO;SUEÑOS DORADOS;31/08/2026;COMISION CLUB RIO DORADO
1854;NO ACTIVO;SUEÑOS DORADOS;31/08/2026;COMISION CLUB RIO DORADO
1855;NO ACTIVO;SUEÑOS DORADOS;31/08/2026;COMISION CLUB RIO DORADO
1856;NO ACTIVO;SUEÑOS DORADOS;31/08/2026;COMISION CLUB RIO DORADO
1857;NO ACTIVO;SUEÑOS DORADOS;31/08/2026;COMISION CLUB RIO DORADO
1858;NO ACTIVO;SUEÑOS DORADOS;31/08/2026;COMISION CLUB RIO DORADO
1859;NO ACTIVO;SUEÑOS DORADOS;31/08/2026;COMISION CLUB RIO DORADO
1860;NO ACTIVO;SUEÑOS DORADOS;31/08/2026;COMISION CLUB RIO DORADO
1861;NO ACTIVO;SUEÑOS DORADOS;31/08/2026;COMISION CLUB RIO DORADO
1862;NO ACTIVO;SUEÑOS DORADOS;31/08/2026;COMISION CLUB RIO DORADO
1863;NO ACTIVO;SUEÑOS DORADOS;31/08/2026;COMISION CLUB RIO DORADO
1864;NO ACTIVO;SUEÑOS DORADOS;31/08/2026;COMISION CLUB RIO DORADO
1865;NO ACTIVO;SUEÑOS DORADOS;31/08/2026;COMISION CLUB RIO DORADO
1866;NO ACTIVO;SUEÑOS DORADOS;31/08/2026;COMISION CLUB RIO DORADO
1867;NO ACTIVO;SUEÑOS DORADOS;31/08/2026;COMISION CLUB RIO DORADO
1868;NO ACTIVO;SUEÑOS DORADOS;31/08/2026;COMISION CLUB RIO DORADO
1869;NO ACTIVO;SUEÑOS DORADOS;31/08/2026;COMISION CLUB RIO DORADO
1870;NO ACTIVO;SUEÑOS DORADOS;31/08/2026;COMISION CLUB RIO DORADO
1871;NO ACTIVO;SUEÑOS DORADOS;31/08/2026;COMISION CLUB RIO DORADO
1872;NO ACTIVO;SUEÑOS DORADOS;31/08/2026;COMISION CLUB RIO DORADO
1873;NO ACTIVO;SUEÑOS DORADOS;31/08/2026;COMISION CLUB RIO DORADO
1874;NO ACTIVO;SUEÑOS DORADOS;31/08/2026;COMISION CLUB RIO DORADO
1875;NO ACTIVO;SUEÑOS DORADOS;31/08/2026;COMISION CLUB RIO DORADO
1876;NO ACTIVO;SUEÑOS DORADOS;31/08/2026;COMISION CLUB RIO DORADO
1877;NO ACTIVO;SUEÑOS DORADOS;31/08/2026;COMISION CLUB RIO DORADO
1878;NO ACTIVO;SUEÑOS DORADOS;31/08/2026;COMISION CLUB RIO DORADO
1879;NO ACTIVO;SUEÑOS DORADOS;31/08/2026;COMISION CLUB RIO DORADO
1880;NO ACTIVO;SUEÑOS DORADOS;31/08/2026;COMISION CLUB RIO DORADO
1881;NO ACTIVO;SUEÑOS DORADOS;31/08/2026;COMISION CLUB RIO DORADO
1882;NO ACTIVO;SUEÑOS DORADOS;31/08/2026;COMISION CLUB RIO DORADO
1883;NO ACTIVO;SUEÑOS DORADOS;31/08/2026;COMISION CLUB RIO DORADO
1884;NO ACTIVO;SUEÑOS DORADOS;31/08/2026;COMISION CLUB RIO DORADO
1885;NO ACTIVO;SUEÑOS DORADOS;31/08/2026;COMISION CLUB RIO DORADO
1886;NO ACTIVO;SUEÑOS DORADOS;31/08/2026;COMISION CLUB RIO DORADO
1887;NO ACTIVO;SUEÑOS DORADOS;31/08/2026;COMISION CLUB RIO DORADO
1888;NO ACTIVO;SUEÑOS DORADOS;31/08/2026;COMISION CLUB RIO DORADO
1889;NO ACTIVO;SUEÑOS DORADOS;31/08/2026;COMISION CLUB RIO DORADO
1890;NO ACTIVO;SUEÑOS DORADOS;31/08/2026;COMISION CLUB RIO DORADO
1891;NO ACTIVO;SUEÑOS DORADOS;31/08/2026;COMISION CLUB RIO DORADO
1892;NO ACTIVO;SUEÑOS DORADOS;31/08/2026;COMISION CLUB RIO DORADO
1893;NO ACTIVO;SUEÑOS DORADOS;31/08/2026;COMISION CLUB RIO DORADO
1894;NO ACTIVO;SUEÑOS DORADOS;31/08/2026;COMISION CLUB RIO DORADO
1895;NO ACTIVO;SUEÑOS DORADOS;31/08/2026;COMISION CLUB RIO DORADO
1896;NO ACTIVO;SUEÑOS DORADOS;31/08/2026;COMISION CLUB RIO DORADO
1897;NO ACTIVO;SUEÑOS DORADOS;31/08/2026;COMISION CLUB RIO DORADO
1898;NO ACTIVO;SUEÑOS DORADOS;31/08/2026;COMISION CLUB RIO DORADO
1899;NO ACTIVO;SUEÑOS DORADOS;31/08/2026;COMISION CLUB RIO DORADO
1900;NO ACTIVO;SUEÑOS DORADOS;31/08/2026;COMISION CLUB RIO DORADO
1901;NO ACTIVO;SUEÑOS DORADOS;31/08/2026;COMISION CLUB RIO DORADO
1902;NO ACTIVO;SUEÑOS DORADOS;31/08/2026;COMISION CLUB RIO DORADO
1903;NO ACTIVO;SUEÑOS DORADOS;31/08/2026;COMISION CLUB RIO DORADO
1904;NO ACTIVO;SUEÑOS DORADOS;31/08/2026;COMISION CLUB RIO DORADO
1905;NO ACTIVO;SUEÑOS DORADOS;31/08/2026;COMISION CLUB RIO DORADO
1906;NO ACTIVO;SUEÑOS DORADOS;31/08/2026;COMISION CLUB RIO DORADO
1907;NO ACTIVO;SUEÑOS DORADOS;31/08/2026;COMISION CLUB RIO DORADO
1908;NO ACTIVO;SUEÑOS DORADOS;31/08/2026;COMISION CLUB RIO DORADO
1909;NO ACTIVO;SUEÑOS DORADOS;31/08/2026;COMISION CLUB RIO DORADO
1910;NO ACTIVO;SUEÑOS DORADOS;31/08/2026;COMISION CLUB RIO DORADO
1911;NO ACTIVO;SUEÑOS DORADOS;31/08/2026;COMISION CLUB RIO DORADO
1912;NO ACTIVO;SUEÑOS DORADOS;31/08/2026;COMISION CLUB RIO DORADO
1913;NO ACTIVO;SUEÑOS DORADOS;31/08/2026;COMISION CLUB RIO DORADO
1914;NO ACTIVO;SUEÑOS DORADOS;31/08/2026;COMISION CLUB RIO DORADO
1915;NO ACTIVO;SUEÑOS DORADOS;31/08/2026;COMISION CLUB RIO DORADO
1916;NO ACTIVO;SUEÑOS DORADOS;31/08/2026;COMISION CLUB RIO DORADO
1917;NO ACTIVO;SUEÑOS DORADOS;31/08/2026;COMISION CLUB RIO DORADO
1918;NO ACTIVO;SUEÑOS DORADOS;31/08/2026;COMISION CLUB RIO DORADO
1919;NO ACTIVO;SUEÑOS DORADOS;31/08/2026;COMISION CLUB RIO DORADO
1920;NO ACTIVO;SUEÑOS DORADOS;31/08/2026;COMISION CLUB RIO DORADO
1921;NO ACTIVO;SUEÑOS DORADOS;31/08/2026;COMISION CLUB RIO DORADO
1922;NO ACTIVO;SUEÑOS DORADOS;31/08/2026;COMISION CLUB RIO DORADO
1923;NO ACTIVO;SUEÑOS DORADOS;31/08/2026;COMISION CLUB RIO DORADO
1924;NO ACTIVO;SUEÑOS DORADOS;31/08/2026;COMISION CLUB RIO DORADO
1925;NO ACTIVO;SUEÑOS DORADOS;31/08/2026;COMISION CLUB RIO DORADO
1926;NO ACTIVO;SUEÑOS DORADOS;31/08/2026;COMISION CLUB RIO DORADO
1927;NO ACTIVO;SUEÑOS DORADOS;31/08/2026;COMISION CLUB RIO DORADO
1928;NO ACTIVO;SUEÑOS DORADOS;31/08/2026;COMISION CLUB RIO DORADO
1929;NO ACTIVO;SUEÑOS DORADOS;31/08/2026;COMISION CLUB RIO DORADO
1930;NO ACTIVO;SUEÑOS DORADOS;31/08/2026;COMISION CLUB RIO DORADO
1931;NO ACTIVO;SUEÑOS DORADOS;31/08/2026;COMISION CLUB RIO DORADO
1932;NO ACTIVO;SUEÑOS DORADOS;31/08/2026;COMISION CLUB RIO DORADO
1933;NO ACTIVO;SUEÑOS DORADOS;31/08/2026;COMISION CLUB RIO DORADO
1934;NO ACTIVO;SUEÑOS DORADOS;31/08/2026;COMISION CLUB RIO DORADO
1935;NO ACTIVO;SUEÑOS DORADOS;31/08/2026;COMISION CLUB RIO DORADO
1936;NO ACTIVO;SUEÑOS DORADOS;31/08/2026;COMISION CLUB RIO DORADO
1937;NO ACTIVO;SUEÑOS DORADOS;31/08/2026;COMISION CLUB RIO DORADO
1938;NO ACTIVO;SUEÑOS DORADOS;31/08/2026;COMISION CLUB RIO DORADO
1939;NO ACTIVO;SUEÑOS DORADOS;31/08/2026;COMISION CLUB RIO DORADO
1940;NO ACTIVO;SUEÑOS DORADOS;31/08/2026;COMISION CLUB RIO DORADO
1941;NO ACTIVO;SUEÑOS DORADOS;31/08/2026;COMISION CLUB RIO DORADO
1942;NO ACTIVO;SUEÑOS DORADOS;31/08/2026;COMISION CLUB RIO DORADO
1943;NO ACTIVO;SUEÑOS DORADOS;31/08/2026;COMISION CLUB RIO DORADO
1944;NO ACTIVO;SUEÑOS DORADOS;31/08/2026;COMISION CLUB RIO DORADO
1945;NO ACTIVO;SUEÑOS DORADOS;31/08/2026;COMISION CLUB RIO DORADO
1946;NO ACTIVO;SUEÑOS DORADOS;31/08/2026;COMISION CLUB RIO DORADO
1947;NO ACTIVO;SUEÑOS DORADOS;31/08/2026;COMISION CLUB RIO DORADO
1948;NO ACTIVO;SUEÑOS DORADOS;31/08/2026;COMISION CLUB RIO DORADO
1949;NO ACTIVO;SUEÑOS DORADOS;31/08/2026;COMISION CLUB RIO DORADO
1950;NO ACTIVO;SUEÑOS DORADOS;31/08/2026;COMISION CLUB RIO DORADO
1951;NO ACTIVO;SUEÑOS DORADOS;31/08/2026;COMISION CLUB RIO DORADO
1952;NO ACTIVO;SUEÑOS DORADOS;31/08/2026;COMISION CLUB RIO DORADO
1953;NO ACTIVO;SUEÑOS DORADOS;31/08/2026;COMISION CLUB RIO DORADO
1954;NO ACTIVO;SUEÑOS DORADOS;31/08/2026;COMISION CLUB RIO DORADO
1955;NO ACTIVO;SUEÑOS DORADOS;31/08/2026;COMISION CLUB RIO DORADO
1956;NO ACTIVO;SUEÑOS DORADOS;31/08/2026;COMISION CLUB RIO DORADO
1957;NO ACTIVO;SUEÑOS DORADOS;31/08/2026;COMISION CLUB RIO DORADO
1958;NO ACTIVO;SUEÑOS DORADOS;31/08/2026;COMISION CLUB RIO DORADO
1959;NO ACTIVO;SUEÑOS DORADOS;31/08/2026;COMISION CLUB RIO DORADO
1960;NO ACTIVO;SUEÑOS DORADOS;31/08/2026;COMISION CLUB RIO DORADO
1961;NO ACTIVO;SUEÑOS DORADOS;31/08/2026;COMISION CLUB RIO DORADO
1962;NO ACTIVO;SUEÑOS DORADOS;31/08/2026;COMISION CLUB RIO DORADO
1963;NO ACTIVO;SUEÑOS DORADOS;31/08/2026;COMISION CLUB RIO DORADO
1964;NO ACTIVO;SUEÑOS DORADOS;31/08/2026;COMISION CLUB RIO DORADO
1965;NO ACTIVO;SUEÑOS DORADOS;31/08/2026;COMISION CLUB RIO DORADO
1966;NO ACTIVO;SUEÑOS DORADOS;31/08/2026;COMISION CLUB RIO DORADO
1967;NO ACTIVO;SUEÑOS DORADOS;31/08/2026;COMISION CLUB RIO DORADO
1968;NO ACTIVO;SUEÑOS DORADOS;31/08/2026;COMISION CLUB RIO DORADO
1969;NO ACTIVO;SUEÑOS DORADOS;31/08/2026;COMISION CLUB RIO DORADO
1970;NO ACTIVO;SUEÑOS DORADOS;31/08/2026;COMISION CLUB RIO DORADO
1971;NO ACTIVO;SUEÑOS DORADOS;31/08/2026;COMISION CLUB RIO DORADO
1972;NO ACTIVO;SUEÑOS DORADOS;31/08/2026;COMISION CLUB RIO DORADO
1973;NO ACTIVO;SUEÑOS DORADOS;31/08/2026;COMISION CLUB RIO DORADO
1974;NO ACTIVO;SUEÑOS DORADOS;31/08/2026;COMISION CLUB RIO DORADO
1975;NO ACTIVO;SUEÑOS DORADOS;31/08/2026;COMISION CLUB RIO DORADO
1976;NO ACTIVO;SUEÑOS DORADOS;31/08/2026;COMISION CLUB RIO DORADO
1977;NO ACTIVO;SUEÑOS DORADOS;31/08/2026;COMISION CLUB RIO DORADO
1978;NO ACTIVO;SUEÑOS DORADOS;31/08/2026;COMISION CLUB RIO DORADO
1979;NO ACTIVO;SUEÑOS DORADOS;31/08/2026;COMISION CLUB RIO DORADO
1980;NO ACTIVO;SUEÑOS DORADOS;31/08/2026;COMISION CLUB RIO DORADO
1981;NO ACTIVO;SUEÑOS DORADOS;31/08/2026;COMISION CLUB RIO DORADO
1982;NO ACTIVO;SUEÑOS DORADOS;31/08/2026;COMISION CLUB RIO DORADO
1983;NO ACTIVO;SUEÑOS DORADOS;31/08/2026;COMISION CLUB RIO DORADO
1984;NO ACTIVO;SUEÑOS DORADOS;31/08/2026;COMISION CLUB RIO DORADO
1985;NO ACTIVO;SUEÑOS DORADOS;31/08/2026;COMISION CLUB RIO DORADO
1986;NO ACTIVO;SUEÑOS DORADOS;31/08/2026;COMISION CLUB RIO DORADO
1987;NO ACTIVO;SUEÑOS DORADOS;31/08/2026;COMISION CLUB RIO DORADO
1988;NO ACTIVO;SUEÑOS DORADOS;31/08/2026;COMISION CLUB RIO DORADO
1989;NO ACTIVO;SUEÑOS DORADOS;31/08/2026;COMISION CLUB RIO DORADO
1990;NO ACTIVO;SUEÑOS DORADOS;31/08/2026;COMISION CLUB RIO DORADO
1991;NO ACTIVO;SUEÑOS DORADOS;31/08/2026;COMISION CLUB RIO DORADO
1992;NO ACTIVO;SUEÑOS DORADOS;31/08/2026;COMISION CLUB RIO DORADO
1993;NO ACTIVO;SUEÑOS DORADOS;31/08/2026;COMISION CLUB RIO DORADO
1994;NO ACTIVO;SUEÑOS DORADOS;31/08/2026;COMISION CLUB RIO DORADO
1995;NO ACTIVO;SUEÑOS DORADOS;31/08/2026;COMISION CLUB RIO DORADO
1996;NO ACTIVO;SUEÑOS DORADOS;31/08/2026;COMISION CLUB RIO DORADO
1997;NO ACTIVO;SUEÑOS DORADOS;31/08/2026;COMISION CLUB RIO DORADO
1998;NO ACTIVO;SUEÑOS DORADOS;31/08/2026;COMISION CLUB RIO DORADO
1999;NO ACTIVO;SUEÑOS DORADOS;31/08/2026;COMISION CLUB RIO DORADO
2000;NO ACTIVO;SUEÑOS DORADOS;31/08/2026;COMISION CLUB RIO DORADO
